Abb. Wylie,Abb. Unicode,Expan. Wylie,Expan. Unicode,Source
ka'i,ཀའི,ka ba'i,ཀ་བའི,rKTs (CC BY 4.0): Esukhia
kas+yegak+r+zer,ཀསྱེགཀྲྯེར,ka gseg ka 'dra zer,ཀ་གསེག་ཀ་འདྲ་ཟེར,rKTs (CC BY 4.0): Esukhia
kwartsa,ཀྭརྩ,ka rtswa,ཀ་རྩྭ,rKTs (CC BY 4.0): Esukhia
k+king,ཀྐིང༌,ki kang,ཀི་ཀང༌,rKTs (CC BY 4.0)
ki+i so+o,ཀིི་སོོ,ki ki swo swo,ཀི་ཀི་སྭོ་སྭོ,rKTs (CC BY 4.0): Tibetan Shorthand Contractions
ki+i swo+o,ཀིི་སྭོོ,ki ki swo swo,ཀི་ཀི་སྭོ་སྭོ,rKTs (CC BY 4.0): Tibetan Shorthand Contractions
k^uMl^a,ཀུཾ༹ལ༹,ku mud tshal,ཀུ་མུད་ཚལ,rKTs (CC BY 4.0): Dzongkha abbreviations
kuMd,ཀུཾད,ku mud,ཀུ་མུད,rKTs (CC BY 4.0): Dzongkha abbreviations
k^un,ཀུ༹ན,ku tsan dan,ཀུ་ཙན་དན,rKTs (CC BY 4.0): Dzongkha abbreviations
kun+yab,ཀུནྱབ,kun khyab,ཀུན་ཁྱབ,rKTs (CC BY 4.0): Dzongkha abbreviations
kuniT,ཀུནིཊ,kun gzigs,ཀུན་གཟིགས,rKTs (CC BY 4.0): Dzongkha abbreviations
ku+igs,ཀིུགས,kun gzigs,ཀུན་གཟིགས,rKTs (CC BY 4.0)
ku+iT,ཀིུཊ,kun gzigs,ཀུན་གཟིགས,rKTs (CC BY 4.0): Dzongkha abbreviations
kunal,ཀུནལ,kun gsal,ཀུན་གསལ,rKTs (CC BY 4.0): Dzongkha abbreviations
kuni,ཀུནི,kun gyi,ཀུན་གྱི,rKTs (CC BY 4.0): Dzongkha abbreviations
kun+yis,ཀུནྱིས,kun gyis,ཀུན་གྱིས,rKTs (CC BY 4.0): Dzongkha abbreviations
kunrub,ཀུནྲུབ,kun grub,ཀུན་གྲུབ,rKTs (CC BY 4.0): Dzongkha abbreviations
kunagre,ཀུནགྲེ,kun 'gre,ཀུན་འགྲེ,rKTs (CC BY 4.0): Esukhia
kun+rol,ཀུནྲོལ,kun grol,ཀུན་གྲོལ,rKTs (CC BY 4.0): Esukhia
kunu,ཀུནུ,kun tu,ཀུན་ཏུ,rKTs (CC BY 4.0): Esukhia
kunungo,ཀུནུངོ༌,kun tu bzang po,ཀུན་ཏུ་བཟང་པོ,rKTs (CC BY 4.0): Dzongkha abbreviations
ku+onung,ཀོུནུང,kun tu bzang po,ཀུན་ཏུ་བཟང་པོ,rKTs (CC BY 4.0): Bacot écriture cursive Tibétaine
kun+t^uM,ཀུནྟུཾ༹,kun tu bzang,ཀུན་ཏུ་བཟང,rKTs (CC BY 4.0): Dzongkha abbreviations
kun+tung,ཀུནྟུང༌,kun tung,ཀུན་ཏུང༌,rKTs (CC BY 4.0): Dzongkha abbreviations
ku+is,ཀིུས,kun dkris,ཀུན་དཀྲིས,rKTs (CC BY 4.0)
kuna',ཀུནའ,kun dga',ཀུན་དགའ,rKTs (CC BY 4.0)
kunas 'bab,ཀུནས་འབབ,kun nas 'bab,ཀུན་ནས་འབབ,rKTs (CC BY 4.0): Dzongkha abbreviations
kunas,ཀུནས,kun nas,ཀུན་ནས,rKTs (CC BY 4.0)
kun+sa,ཀུནྶ,kun nas,ཀུན་ནས,rKTs (CC BY 4.0)
kuno,ཀུནོ,kun po,ཀུན་པོ,rKTs (CC BY 4.0): Dzongkha abbreviations
kun+ced,ཀུནྕེད,kun bcad de,ཀུན་བཅད་དེ,rKTs (CC BY 4.0): Esukhia
kunang,ཀུནང༌,kun bzang,ཀུན་བཟང༌,rKTs (CC BY 4.0): Dzongkha abbreviations
kunazang,ཀུནཟང༌,kun bzang,ཀུན་བཟང༌,rKTs (CC BY 4.0): Dzongkha abbreviations
k^uMn,ཀུཾ༹ན,kun bzang,ཀུན་བཟང༌,rKTs (CC BY 4.0): Dzongkha abbreviations
kun+zang,ཀུནྯང,kun bzang,ཀུན་བཟང,rKTs (CC BY 4.0): Nima Hojer Lama The Genealogy of Ya-ngal Family of Dolpo
ku+onang,ཀོུནང༌,kun bzang po,ཀུན་བཟང་པོ,rKTs (CC BY 4.0): Dzongkha abbreviations
kun^ang,ཀུན༹ང,kun bzang,ཀུན་བཟང,rKTs (CC BY 4.0): Tibetan Shorthand Contractions
ng+kun,ངྐུན,kun bzang,ཀུན་བཟང,rKTs (CC BY 4.0): Bacot écriture cursive Tibétaine
kun+dung,ཀུནྡུང,kun brdungs,ཀུན་བརྡུངས,rKTs (CC BY 4.0): Tibetan Shorthand Contractions
kun+yaino,ཀུནྱཻནོ,kun mkhyen chen po,ཀུན་མཁྱེན་ཆེན་པོ,rKTs (CC BY 4.0): Dzongkha abbreviations
kun+yen,ཀུནྱེན,kun mkhyen,ཀུན་མཁྱེན,rKTs (CC BY 4.0): Dzongkha abbreviations
ku+en,ཀེུན,kun mkhyen,ཀུན་མཁྱེན,rKTs (CC BY 4.0)
kunoms,ཀུནོམས,kun 'joms,ཀུན་འཇོམས,rKTs (CC BY 4.0): Tibetan Shorthand Contractions
k^u+ob,ཀོུ༹བ,kun rdzob,ཀུན་རྫོབ,rKTs (CC BY 4.0): Dzongkha abbreviations
ku+ob,ཀོུབ,kun rdzob,ཀུན་རྫོབ,rKTs (CC BY 4.0): Bacot écriture cursive Tibétaine
ku+ova,ཀོུབ༹,kun rdzob,ཀུན་རྫོབ,rKTs (CC BY 4.0): Tibetan Shorthand Contractions
ku+es,ཀེུས,kun shes,ཀུན་ཤེས,rKTs (CC BY 4.0)
kun+yod,ཀུནྱོད,kun spyod,ཀུན་སྤྱོད,rKTs (CC BY 4.0): Dzongkha abbreviations
kun+logyang,ཀུནློགྱང,kun log kyang,ཀུན་ལོག་ཀྱང,rKTs (CC BY 4.0): Esukhia
kun tu,ཀུན་ཏུ,kunu,ཀུནུ,rKTs (CC BY 4.0): Dzongkha abbreviations
kuM kuM,ཀུཾ་ཀུཾ,kum kum,ཀུམ་ཀུམ,rKTs (CC BY 4.0): Dzongkha abbreviations
kaim,ཀཻམ,kem kem,ཀེམ་ཀེམ,rKTs (CC BY 4.0): Dzongkha abbreviations
k^eng,ཀེ༹ང,ke'u tshang,ཀེའུ་ཚང,rKTs (CC BY 4.0): Dzongkha abbreviations
k+hoM,ཀྷོཾ་,ko lham,ཀོ་ལྷམ་,rKTs (CC BY 4.0): Esukhia
kaung,ཀཽང,kong kong,ཀོང་ཀོང,rKTs (CC BY 4.0): Dzongkha abbreviations
kyago,ཀྱགོ,kyag kyog,ཀྱག་ཀྱོག,rKTs (CC BY 4.0): Dzongkha abbreviations
kyangang,ཀྱངང,kyang yang,ཀྱང་ཡང,rKTs (CC BY 4.0): Esukhia
kyaro,ཀྱརོ,kyar kyor,ཀྱར་ཀྱོར,rKTs (CC BY 4.0): Dzongkha abbreviations
kyalo,ཀྱལོ,kyal kyol,ཀྱལ་ཀྱོལ,rKTs (CC BY 4.0): Dzongkha abbreviations
kyizhi,ཀྱིཞི,kyi gzhi,ཀྱི་གཞི,rKTs (CC BY 4.0): Esukhia
kyilte,ཀྱིལྟེ་,kyi lte,ཀྱི་ལྟེ་,rKTs (CC BY 4.0): Esukhia
kyisazoslag,ཀྱིསཟོསླག,kyis bzos slag,ཀྱིས་བཟོས་སླག,rKTs (CC BY 4.0): Esukhia
kyin+lodig+zang,ཀྱིནློདིགྯང,kyin slod cig bzang,ཀྱིན་སློད་ཅིག་བཟང,rKTs (CC BY 4.0): Esukhia
kyuM,ཀྱུྃ,kyu ma,ཀྱུ་མ,rKTs (CC BY 4.0): Esukhia
kyai,ཀྱཻ,kye kye,ཀྱེ་ཀྱེ,rKTs (CC BY 4.0): Dzongkha abbreviations
klau,ཀླཽ,kla klo,ཀླ་ཀློ,rKTs (CC BY 4.0): Dzongkha abbreviations
klo,ཀློ,kla klo,ཀླ་ཀློ,rKTs (CC BY 4.0): Dzongkha abbreviations
klu+en,ཀླེུན,klu gnyen,ཀླུ་གཉེན,rKTs (CC BY 4.0)
klu+end,ཀླེུནད,klu chen brgyad,ཀླུ་ཆེན་བརྒྱད,rKTs (CC BY 4.0): Dzongkha abbreviations
klu+ebs,ཀླེུབས,klu thebs,ཀླུ་ཐེབས,rKTs (CC BY 4.0)
klud,ཀླུད,klu bdud,ཀླུ་བདུད,rKTs (CC BY 4.0)
klu+og,ཀློུག,klu zlog,ཀླུ་ཟློག,rKTs (CC BY 4.0)
klog,ཀློག,klu zlog,ཀླུ་ཟློག,rKTs (CC BY 4.0): Dzongkha abbreviations
klu sgrubyi,ཀླུ་སྒྲུབྱི,klu sgrub kyi,ཀླུ་སྒྲུབ་ཀྱི,rKTs (CC BY 4.0): Dzongkha abbreviations
klu sgrubyis^ada'i,ཀླུ་སྒྲུབྱིས༹དའི,klu sgrub kyis mdzad pa'i,ཀླུ་སྒྲུབ་ཀྱིས་མཛད་པའི,rKTs (CC BY 4.0): Dzongkha abbreviations
klu sgrubyis,ཀླུ་སྒྲུབྱིས,klu sgrub kyis,ཀླུ་སྒྲུབ་ཀྱིས,rKTs (CC BY 4.0): Dzongkha abbreviations
klu'ibong,ཀླུའིབོང,klu'i dbang bo,ཀླུའི་དབང་བོ,rKTs (CC BY 4.0): Esukhia
kh+gangaM,ཁྒངྃ་,kha gang ma,ཁ་གང་མ་,rKTs (CC BY 4.0): Esukhia
khas+yab,ཁསྱབ,kha gsab,ཁ་གསབ,rKTs (CC BY 4.0): Esukhia
khodag,ཁོདག,kha dog,ཁ་དོག,rKTs (CC BY 4.0): Dzongkha abbreviations
kh+dog,ཁྡོག,kha dog,ཁ་དོག,rKTs (CC BY 4.0)
kh+d+rang,ཁྡྲང,kha drang,ཁ་དྲང,rKTs (CC BY 4.0): Bacot écriture cursive Tibétaine
khrangs,ཁྲངས,kha drangs,ཁ་དྲངས,rKTs (CC BY 4.0): Dzongkha abbreviations
kha 'chaM gro+ig,ཁ་འཆཾ་གྲོིག,kha 'cham gros 'grig,ཁ་འཆམ་གྲོས་འགྲིག,rKTs (CC BY 4.0): Dzongkha abbreviations
kh+zheng,ཁྮེང,kha zheng,ཁ་ཞེང,rKTs (CC BY 4.0): Esukhia
kh+lagrong,ཁླགྲོང,kha lag sro dang,ཁ་ལག་སྲོ་དང,rKTs (CC BY 4.0): Esukhia
kh+lagrosig,ཁླགྲོསིག,kha lag sros shig,ཁ་ལག་སྲོས་ཤིག,rKTs (CC BY 4.0): Esukhia
kh+so,ཁྶོ,kha so,ཁ་སོ,rKTs (CC BY 4.0): Esukhia
kh+sos,ཁྶོས,kha sos,ཁ་སོས,rKTs (CC BY 4.0): Esukhia
khagi,ཁགི,khag gi,ཁག་གི,rKTs (CC BY 4.0): Dzongkha abbreviations
khaMny+yer,ཁཾཉྱེར,khang gnyer,ཁང་གཉེར,rKTs (CC BY 4.0): Esukhia
khanga'i,ཁངའི་,khang ba'i,ཁང་བའི་,rKTs (CC BY 4.0): Esukhia
khamu,ཁམུ,kham khum,ཁམ་ཁུམ,rKTs (CC BY 4.0): Dzongkha abbreviations
khaM,ཁཾ,kham,ཁམ,rKTs (CC BY 4.0)
khaMsi,ཁཾསི,khams kyi,ཁམས་ཀྱི,rKTs (CC BY 4.0): Dzongkha abbreviations
khaMsuM seMn,ཁཾསུཾ་སེཾན,khams gsum sems can,ཁམས་གསུམ་སེམས་ཅན,rKTs (CC BY 4.0): Dzongkha abbreviations
khamasuM,ཁམསུཾ,khams gsum,ཁམས་གསུམ,rKTs (CC BY 4.0): Tibetan Shorthand Contractions
khamsum,ཁམསུམ,khams gsum,ཁམས་གསུམ་,rKTs (CC BY 4.0): Bacot écriture cursive Tibétaine
khaMsuM,ཁཾསུཾ,khams gsum,ཁམས་གསུམ,rKTs (CC BY 4.0)
khamuM,ཁམུཾ,khams gsum,ཁམས་གསུམ,rKTs (CC BY 4.0): Dzongkha abbreviations
khamaseng,ཁམསེང༌,khams gseng,ཁམས་གསེང༌,rKTs (CC BY 4.0): Dzongkha abbreviations
khamasna,ཁམསྣ,khams na,ཁམས་ན,rKTs (CC BY 4.0): Dzongkha abbreviations
kh^aMn,ཁཾ༹ན,khams tshan,ཁམས་ཚན,rKTs (CC BY 4.0): Dzongkha abbreviations
khaMs+yungan+yas+zer,ཁཾསྱུངནྱསྯེར,khams 'byung gnas zer,ཁམས་འབྱུང་གནས་ཟེར,rKTs (CC BY 4.0): Esukhia
khamasu,ཁམསུ,khams su,ཁམས་སུ,rKTs (CC BY 4.0): Dzongkha abbreviations
khaMsu,ཁཾསུ,khams su,ཁམས་སུ,rKTs (CC BY 4.0)
khaMs,ཁཾས,khams,ཁམས,rKTs (CC BY 4.0)
khare,ཁརེ,khar kher,ཁར་ཁེར,rKTs (CC BY 4.0): Dzongkha abbreviations
khaslen,ཁསླེན,khas len,ཁས་ལེན,rKTs (CC BY 4.0): Esukhia
khu+e,ཁེུ,khu le,ཁུ་ལེ,rKTs (CC BY 4.0): Dzongkha abbreviations
khuganyid,ཁུགཉིད,khug gnyid,ཁུག་གཉིད,rKTs (CC BY 4.0): Esukhia
khurar+yed,ཁུརརྱེད,khur byed,ཁུར་བྱེད,rKTs (CC BY 4.0): Esukhia
kh^u+os,ཁོུ༹ས,khur tshos,ཁུར་ཚོས,rKTs (CC BY 4.0): Dzongkha abbreviations
khu+os^a,ཁོུས༹,khur tshos,ཁུར་ཚོས,rKTs (CC BY 4.0)
khu+en,ཁེུན,khur len,ཁུར་ལེན,rKTs (CC BY 4.0): Dzongkha abbreviations
khe+ol,ཁེོལ,khe khol,ཁེ་ཁོལ,rKTs (CC BY 4.0): Dzongkha abbreviations
khyu+engs,ཁྱེུངས,khengs bskyungs,ཁེངས་བསྐྱུངས,rKTs (CC BY 4.0): Dzongkha abbreviations
khebaste,ཁེབསྟེ,khebs te,ཁེབས་ཏེ,rKTs (CC BY 4.0): Dzongkha abbreviations
khere,ཁེརེ,kher re,ཁེར་རེ,rKTs (CC BY 4.0): Dzongkha abbreviations
khau,ཁཽ,kho bo,ཁོ་བོ,rKTs (CC BY 4.0): Dzongkha abbreviations
kh+bo,ཁྦོ་,kho bo,ཁོ་བོ་,rKTs (CC BY 4.0): Esukhia
khog+r+ten,ཁོགྲྟེན,khog rten,ཁོག་རྟེན,rKTs (CC BY 4.0): Esukhia
khog+s+tong,ཁོགྶྟོང,khog stong,ཁོག་སྟོང,rKTs (CC BY 4.0): Esukhia
khongoM,ཁོངོྃ,khong seng ma,ཁོང་སེང་མ,rKTs (CC BY 4.0): Esukhia
kh^oni,ཁོ༹ནི,khon 'dzin,ཁོན་འཛིན,rKTs (CC BY 4.0): Dzongkha abbreviations
khoM,ཁོཾ,khom,ཁོམ,rKTs (CC BY 4.0): Dzongkha abbreviations
khorug,ཁོརུག,khor yug,ཁོར་ཡུག,rKTs (CC BY 4.0): Dzongkha abbreviations
kholo,ཁོལོ,khol po,ཁོལ་པོ,rKTs (CC BY 4.0): Dzongkha abbreviations
kholu,ཁོལུ,khol bu,ཁོལ་བུ,rKTs (CC BY 4.0): Dzongkha abbreviations
kholoM,ཁོལོཾ,khol mo,ཁོལ་མོ,rKTs (CC BY 4.0): Dzongkha abbreviations
kholud,ཁོལུད,khol lud,ཁོལ་ལུད,rKTs (CC BY 4.0): Dzongkha abbreviations
khogasurnode,ཁོགསུརྣོདེ,khor gsur snod de,ཁོར་གསུར་སྣོད་དེ,rKTs (CC BY 4.0): Esukhia
khor+Yug,ཁོརྻུག,khor yug,ཁོར་ཡུག,rKTs (CC BY 4.0): Esukhia
khyadaraMng,ཁྱདརཾང,khyad par mang,ཁྱད་པར་མང,rKTs (CC BY 4.0): Esukhia
khyadar,ཁྱདར,khyad par,ཁྱད་པར,rKTs (CC BY 4.0)
khyabadal,ཁྱབདལ,khyab gdal,ཁྱབ་གདལ,rKTs (CC BY 4.0): Dzongkha abbreviations
khyabar,ཁྱབར,khyab par,ཁྱབ་པར,rKTs (CC BY 4.0): Dzongkha abbreviations
khyabadag,ཁྱབདག,khyab bdag,ཁྱབ་བདག,rKTs (CC BY 4.0)
khyabadagisung,ཁྱབདགིསུང༌,khyab bdag gis gsung,ཁྱབ་བདག་གིས་གསུང༌,rKTs (CC BY 4.0): Dzongkha abbreviations
khyabadagisungaso,ཁྱབདགིསུངསོ,khyab bdag gis gsungs so,ཁྱབ་བདག་གིས་གསུངས་སོ,rKTs (CC BY 4.0): Dzongkha abbreviations
khyabardal,ཁྱབརྡལ,khyab brdal,ཁྱབ་བརྡལ,rKTs (CC BY 4.0): Dzongkha abbreviations
khyabyed,ཁྱབྱེད,khyab byed,ཁྱབ་བྱེད,rKTs (CC BY 4.0): Dzongkha abbreviations
khyiM bdagis,ཁྱིཾ་བདགིས,khyim bdag gis,ཁྱིམ་བདག་གིས,rKTs (CC BY 4.0): Dzongkha abbreviations
khyimatshes,ཁྱིམཚེས,khyim mtshes,ཁྱིམ་མཚེས,rKTs (CC BY 4.0): Dzongkha abbreviations
khyiM,ཁྱིཾ,khyim,ཁྱིམ,rKTs (CC BY 4.0)
khyili,ཁྱིལི,khyil khyil,ཁྱིལ་ཁྱིལ,rKTs (CC BY 4.0): Dzongkha abbreviations
khyu+og,ཁྱོུག,khyu mchog,ཁྱུ་མཆོག,rKTs (CC BY 4.0)
khyugon,ཁྱུགོན,khyu mchog can,ཁྱུ་མཆོག་ཅན,rKTs (CC BY 4.0): Dzongkha abbreviations
khyug^on,ཁྱུགོ༹ན,khyu mchog mtshan,ཁྱུ་མཆོག་མཚན,rKTs (CC BY 4.0): Dzongkha abbreviations
khyu+engan,ཁྱེུངན,khyung chen,ཁྱུང་ཆེན,rKTs (CC BY 4.0): Dzongkha abbreviations
khyu+engn,ཁྱེུངན,khyung chen,ཁྱུང་ཆེན,rKTs (CC BY 4.0): Bacot écriture cursive Tibétaine
khyedag,ཁྱེདག,khyed cag,ཁྱེད་ཅག,rKTs (CC BY 4.0): Dzongkha abbreviations
khyedang,ཁྱེདང༌,khyed rang,ཁྱེད་རང༌,rKTs (CC BY 4.0): Dzongkha abbreviations
khyo shug,ཁྱོ་ཤུག,khyo dang chung ma,ཁྱོ་དང་ཆུང་མ,rKTs (CC BY 4.0): Bacot écriture cursive Tibétaine
khyugo,ཁྱུགོ,khyo shug,ཁྱོ་ཤུག,rKTs (CC BY 4.0): Dzongkha abbreviations
khyodang,ཁྱོདང༌,khyod rang,ཁྱོད་རང༌,rKTs (CC BY 4.0): Dzongkha abbreviations
khyonungasoM,ཁྱོནུངསོྃ་,khyon mtshugs pI,ཁྱོན་མཚུགས་པཱི་,rKTs (CC BY 4.0): Esukhia
khro,ཁྲོ་,khra bo,ཁྲ་བོ་,rKTs (CC BY 4.0): Esukhia
khrogyaMrtse'ang,ཁྲོགྱྃརྩེའང,khra bo grum rtse'ang,ཁྲ་བོ་གྲུམ་རྩེའང,rKTs (CC BY 4.0): Esukhia
khrago,ཁྲགོ,khrag khrog,ཁྲག་ཁྲོག,rKTs (CC BY 4.0): Dzongkha abbreviations
khragis,ཁྲགིས,khrag gis,ཁྲག་གིས,rKTs (CC BY 4.0): Nima Hojer Lama The Genealogy of Ya-ngal Family of Dolpo
khragung,ཁྲགུང༌,khrag 'thung,ཁྲག་འཐུང༌,rKTs (CC BY 4.0): Dzongkha abbreviations
khruMg,ཁྲུཾག,khrag 'thung,ཁྲག་འཐུང༌,rKTs (CC BY 4.0): Dzongkha abbreviations
khrugang,ཁྲུགང,khrag 'thung,ཁྲག་འཐུང,rKTs (CC BY 4.0): Bacot écriture cursive Tibétaine
khrab+can,ཁྲབྕན,khrab can,ཁྲབ་ཅན,rKTs (CC BY 4.0): Esukhia
khraM,ཁྲྃ,khram,ཁྲམ,rKTs (CC BY 4.0)
khroMg,ཁྲོཾག,khram thog,ཁྲམ་ཐོག,rKTs (CC BY 4.0): Dzongkha abbreviations
khromg,ཁྲོམག,khram thog,ཁྲམ་ཐོག,rKTs (CC BY 4.0): Bacot écriture cursive Tibétaine
khri2,ཁྲི༢,khri gnyis,ཁྲི་གཉིས,rKTs (CC BY 4.0): Esukhia
khrine,ཁྲིནེ,khri chen,ཁྲི་ཆེན,rKTs (CC BY 4.0): Dzongkha abbreviations
khritsan,ཁྲིཙན,khri btsan,ཁྲི་བཙན,rKTs (CC BY 4.0): Esukhia
khrizher,ཁྲིཞེར,khri bzher,ཁྲི་བཞེར,rKTs (CC BY 4.0): Esukhia
khrizang,ཁྲིཟང,khri bzang,ཁྲི་བཟང,rKTs (CC BY 4.0): Esukhia
khringo,ཁྲིངོ༌,khri srong,ཁྲི་སྲོང༌,rKTs (CC BY 4.0): Dzongkha abbreviations
kh+r+rig,ཁྲྲིག,khrig khrig,ཁྲིག་ཁྲིག,rKTs (CC BY 4.0): Dzongkha abbreviations
khridang,ཁྲིདང,khrid dang,ཁྲིད་དང,rKTs (CC BY 4.0): Nima Hojer Lama The Genealogy of Ya-ngal Family of Dolpo
khro+imd,ཁྲོིམད,khrim sdod,ཁྲིམ་སྡོད,rKTs (CC BY 4.0): Bacot écriture cursive Tibétaine
khriMs+shi+ing,ཁྲིཾསྴིིང,khrims shing,ཁྲིམས་ཤིང,rKTs (CC BY 4.0): Esukhia
khriMsrolnga,ཁྲིཾསྲོལྔ,khrims srol snga,ཁྲིམས་སྲོལ་སྔ,rKTs (CC BY 4.0): Esukhia
khriMs,ཁྲིཾས,khrims,ཁྲིམས,rKTs (CC BY 4.0)
'khru+od,འཁྲོུད,khrug cod,ཁྲུག་ཅོད,rKTs (CC BY 4.0): Bacot écriture cursive Tibétaine
kh+r+rung,ཁྲྲུང,khrung khrung,ཁྲུང་ཁྲུང,rKTs (CC BY 4.0): Dzongkha abbreviations
khru+ed,ཁྲེུད,khrun med,ཁྲུན་མེད,rKTs (CC BY 4.0)
khru+ing,ཁྲིུང༌,khrun ring,ཁྲུན་རིང༌,rKTs (CC BY 4.0)
khrudo,ཁྲུདོ,khrun stod,ཁྲུན་སྟོད,rKTs (CC BY 4.0): Dzongkha abbreviations
khrumado,ཁྲུམདོ,khrum stod,ཁྲུམ་སྟོད,rKTs (CC BY 4.0): Dzongkha abbreviations
khru+od,ཁྲོུད,khrum stod,ཁྲུམ་སྟོད,rKTs (CC BY 4.0)
khrumad,ཁྲུམད,khrum smad,ཁྲུམ་སྨད,rKTs (CC BY 4.0): Dzongkha abbreviations
khruMd,ཁྲུཾད,khrum smad,ཁྲུམ་སྨད,rKTs (CC BY 4.0)
khruMdo,ཁྲུཾདོ,khrums stod,ཁྲུམས་སྟོད,rKTs (CC BY 4.0): Dzongkha abbreviations
khrumastod,ཁྲུམསྟོད,khrums stod,ཁྲུམས་སྟོད,rKTs (CC BY 4.0): Dzongkha abbreviations
khrumasmad,ཁྲུམསྨད,khrums smad,ཁྲུམས་སྨད,rKTs (CC BY 4.0): Dzongkha abbreviations
khruMn,ཁྲུཾན,khrus mkhan,ཁྲུས་མཁན,rKTs (CC BY 4.0): Dzongkha abbreviations
khreled,ཁྲེལེད,khrel med,ཁྲེལ་མེད,rKTs (CC BY 4.0): Dzongkha abbreviations
khreledaM,ཁྲེལེདཾ,khrel med,ཁྲེལ་མེད,rKTs (CC BY 4.0): Dzongkha abbreviations
khrelod,ཁྲེལོད,khrel yod,ཁྲེལ་ཡོད,rKTs (CC BY 4.0): Dzongkha abbreviations
khrore,ཁྲོརེ,khro gnyer,ཁྲོ་གཉེར,rKTs (CC BY 4.0): Dzongkha abbreviations
khrone,ཁྲོནེ,khro chen,ཁྲོ་ཆེན,rKTs (CC BY 4.0): Dzongkha abbreviations
khro+en,ཁྲོེན,khro chen,ཁྲོ་ཆེན,rKTs (CC BY 4.0): Bacot écriture cursive Tibétaine
khro+er,ཁྲོེར,khro nyer,ཁྲོ་ཉེར,rKTs (CC BY 4.0): Bacot écriture cursive Tibétaine
khrau khrau,ཁྲཽ་ཁྲཽ,khro bo khro mo,ཁྲོ་བོ་ཁྲོ་མོ,rKTs (CC BY 4.0): Dzongkha abbreviations
khrau cheno,ཁྲཽ་ཆེནོ,khro bo chen po,ཁྲོ་བོ་ཆེན་པོ,rKTs (CC BY 4.0): Dzongkha abbreviations
khrau,ཁྲཽ,khro bo,ཁྲོ་བོ,rKTs (CC BY 4.0)
khro'oi,ཁྲོའོཨི,khro bo'i,ཁྲོ་བོའི,rKTs (CC BY 4.0): Nima Hojer Lama The Genealogy of Ya-ngal Family of Dolpo
mrau,མྲཽ,khro mo,ཁྲོ་མོ,rKTs (CC BY 4.0): Dzongkha abbreviations
khrol,ཁྲོལ,khro rgyal,ཁྲོ་རྒྱལ,rKTs (CC BY 4.0): Bacot écriture cursive Tibétaine
khroMne,ཁྲོཾནེ,khrom chen,ཁྲོམ་ཆེན,rKTs (CC BY 4.0): Dzongkha abbreviations
khroM,ཁྲོཾ,khrom,ཁྲོམ,rKTs (CC BY 4.0)
khrole,ཁྲོལེ,khrol le,ཁྲོལ་ལེ,rKTs (CC BY 4.0): Dzongkha abbreviations
gla,གླ་,ga zla,ག་ཟླ,rKTs (CC BY 4.0): Esukhia
gyu,གྱུ,ga rgyu,ག་རྒྱུ,rKTs (CC BY 4.0): Esukhia
gangu,གངུ,gang bu,གང་བུ,rKTs (CC BY 4.0): Dzongkha abbreviations
gang^ag,གང༹ག,gang zag,གང་ཟག,rKTs (CC BY 4.0): Dzongkha abbreviations
gangag,གངག,gang zag,གང་ཟག,rKTs (CC BY 4.0)
gangazag,གངཟག,gang zag,གང་ཟག,rKTs (CC BY 4.0): Esukhia
gangakhyol,གངཁྱོལ,gang 'khyol,གང་འཁྱོལ,rKTs (CC BY 4.0): Esukhia
gang+yang+rung,གངྱངྲུང,gang yang rung,གང་ཡང་རུང,rKTs (CC BY 4.0): Esukhia
gang+lad+ce,གངླདྕེ,gang slad ce,གང་སླད་ཅེ,rKTs (CC BY 4.0): Esukhia
gaM,གཾ,gang,གང,rKTs (CC BY 4.0): Esukhia
c+yag,ཅྱག,gcag,གཅག,rKTs (CC BY 4.0): Esukhia
c+yaDa,ཅྱཌ་,gcags,གཅགས་,rKTs (CC BY 4.0): Esukhia
c+yeng,ཅྱེང,gcang nge,གཅང་ངེ,rKTs (CC BY 4.0): Esukhia
c+yong,ཅྱོང,gcang bo,གཅང་བོ,rKTs (CC BY 4.0): Esukhia
c+yang,ཅྱང,gcang,གཅང,rKTs (CC BY 4.0): Esukhia
gangasbal,གངསྦལ,gangs sbal,གངས་སྦལ,rKTs (CC BY 4.0): Dzongkha abbreviations
gcan+za,གཅནྯ,gcan gzan,གཅན་གཟན,rKTs (CC BY 4.0): Dzongkha abbreviations
gac+zan,གཅྯན,gcan gzan,གཅན་གཟན,rKTs (CC BY 4.0)
gc+zan,གཅྯན,gcan gzan,གཅན་གཟན,rKTs (CC BY 4.0): Bacot écriture cursive Tibétaine
c+yanatsha,ཅྱནཚ,gcan tsha,གཅན་ཚ,rKTs (CC BY 4.0): Esukhia
c+yanaphrang,ཅྱནཕྲང,gcan 'phrang,གཅན་འཕྲང,rKTs (CC BY 4.0): Esukhia
gcan+ya?ng,གཅནྱ྄ང་,gcan spyang,གཅན་སྤྱང་,rKTs (CC BY 4.0): Esukhia
c+yaMs+yag,ཅྱྃསྱག,gcam gsag,གཅམ་གསག,rKTs (CC BY 4.0): Esukhia
c+yalu,ཅྱལུ,gcam du,གཅམ་དུ,rKTs (CC BY 4.0): Esukhia
c+yaM,ཅྱྃ,gcam,གཅམ,rKTs (CC BY 4.0): Esukhia
c+yar,ཅྱར,gcar,གཅར,rKTs (CC BY 4.0): Esukhia
gciganyisuM,གཅིགཉིསུྃ,gcig gnyis gsum,གཅིག་གཉིས་གསུམ,rKTs (CC BY 4.0): Esukhia
gciganas,གཅིགནས,gcig gnas,གཅིག་གནས,rKTs (CC BY 4.0)
gcigi,གཅིགི,gcig gi,གཅིག་གི,rKTs (CC BY 4.0): Dzongkha abbreviations
1+i,󲀇,gcig gi,གཅིག་གི,rKTs (CC BY 4.0): Dzongkha abbreviations
gcigis,གཅིགིས,gcig gis,གཅིག་གིས,rKTs (CC BY 4.0): Dzongkha abbreviations
1+is,󲀇ས,gcig gis,གཅིག་གིས,rKTs (CC BY 4.0): Dzongkha abbreviations
gcigaso,གཅིགསོ,gcig gso,གཅིག་གསོ,rKTs (CC BY 4.0): Esukhia
gcigasod,གཅིགསོད,gcig gsod,གཅིག་གསོད,rKTs (CC BY 4.0): Esukhia
gcigis,གཅིགིས,gcig gis,གཅིག་གིས,rKTs (CC BY 4.0): Esukhia
gcigonyis+chod,གཅིགོཉིསྖོད,gcig go gnyis chod,གཅིག་གོ་གཉིས་ཆོད,rKTs (CC BY 4.0): Esukhia
gcigyur,གཅིགྱུར,gcig gyur,གཅིག་གྱུར,rKTs (CC BY 4.0): Esukhia
gcigroDa,གཅིགྲོཌ་,gcig grogs,གཅིག་གྲོགས,rKTs (CC BY 4.0): Esukhia
gac+cho+i+ogo,གཅྖོིོགོ་,gcig chog go,གཅིག་ཆོག་གོ་,rKTs (CC BY 4.0): Esukhia
gcigid,གཅིགིད,gcig nyid,གཅིག་ཉིད,rKTs (CC BY 4.0): Esukhia
1tu,༡ཏུ,gcig tu,གཅིག་ཏུ,rKTs (CC BY 4.0): Dzongkha abbreviations
gcigu,གཅིགུ,gcig tu,གཅིག་ཏུ,rKTs (CC BY 4.0): Esukhia
gcig+tu,གཅིགྟུ,gcig tu,གཅིག་ཏུ,rKTs (CC BY 4.0): Esukhia
1na re,༡ན་རེ,gcig na re,གཅིག་ན་རེ,rKTs (CC BY 4.0): Dzongkha abbreviations
gcigs cuMr,གཅིགས་ཅུཾར,gcig nas bcu gsum bar,གཅིག་ནས་བཅུ་གསུམ་བར,rKTs (CC BY 4.0): Dzongkha abbreviations
gciguMtshungasazhin,གཅིགུྃཚུངསཞིན,gcig mtshungs bzhin,གཅིག་མཚུངས་བཞིན,rKTs (CC BY 4.0): Esukhia
gcigaMni,གཅིགྃནི,gcig min,གཅིག་མིན,rKTs (CC BY 4.0): Esukhia
gcitshig,གཅིཚིག,gcig tshig,གཅིག་ཚིག,rKTs (CC BY 4.0): Esukhia
gcigajaDa,གཅིགཇཌ་,gcig 'jags,གཅིག་འཇགས་,rKTs (CC BY 4.0): Esukhia
gcig+shes,གཅིགྴེས,gcig shes,གཅིག་ཤེས,rKTs (CC BY 4.0): Esukhia
gcig+dud,གཅིགྡུད,gcig sdud,གཅིག་སྡུད,rKTs (CC BY 4.0): Esukhia
gcig+doM,གཅིགྡོྃ་,gcig sdom,གཅིག་སྡོམ་,rKTs (CC BY 4.0): Esukhia
c+yinagaDa,ཅྱིནགཌ་,gcin 'gags,གཅིན་འགགས་,rKTs (CC BY 4.0): Esukhia
c+yin,ཅྱིན,gcin lam,གཅིན་ལམ,rKTs (CC BY 4.0): Esukhia
c+yin+s+nyi,ཅྱིནྶྙི,gcin snyi,གཅིན་སྙི,rKTs (CC BY 4.0): Esukhia
c+yin+tug,ཅྱིནྟུག,gcin stug,གཅིན་སྟུག,rKTs (CC BY 4.0): Esukhia
c+yin+s+ri,ཅྱིནྶྲི,gcin sri,གཅིན་སྲི,rKTs (CC BY 4.0): Esukhia
gcul,གཅུལ,gcu gal,གཅུ་གལ,rKTs (CC BY 4.0)
gco+u,གཅོུ་,gcu bo,གཅུ་བོ,rKTs (CC BY 4.0): Esukhia
gcutsheM,གཅུཚེྃ་,gcu tshem,གཅུ་ཚེམ་,rKTs (CC BY 4.0): Esukhia
gcuDa,གཅུཌ་,gcugs,གཅུགས་,rKTs (CC BY 4.0): Esukhia
gcuDaMkhan,གཅུཌྃཁན,gcugs mkhan,གཅུགས་མཁན,rKTs (CC BY 4.0): Esukhia
gcuMdan+Yodo,གཅུཾདནྻོདོ,gcung don yod,གཅུང་དོན་ཡོད,rKTs (CC BY 4.0): Esukhia
gco+ung,གཅོུང་,gcung bo,གཅུང་བོ་,rKTs (CC BY 4.0): Esukhia
gco+uMng,གཅོུྃང,gcung mo,གཅུང་མོ,rKTs (CC BY 4.0): Esukhia
gcu+eng,གཅེུང,gcen gcung,གཅེན་གཅུང,rKTs (CC BY 4.0): Dzongkha abbreviations
gac+yeM po,གཅྱེྃ་པོ,gcen po,གཅེན་པོ,rKTs (CC BY 4.0): Esukhia
c+yeno,ཅྱེནོ,gcen po,གཅེན་པོ,rKTs (CC BY 4.0): Esukhia
c+yenoM,ཅྱེནོྃ,gcen mo,གཅེན་མོ,rKTs (CC BY 4.0): Esukhia
ceruM,ཅེརུྃ་,gcer bu ma,གཅེར་བུ་མ་,rKTs (CC BY 4.0): Esukhia
c+yeru'i,ཅྱེརུའི,gcer bu'i,གཅེར་བུའི,rKTs (CC BY 4.0): Esukhia
c+yeroM,ཅྱེརོྃ་,gcer mo,གཅེར་མོ་,rKTs (CC BY 4.0): Esukhia
c+yer 'dzin,ཅྱེར་འཛིན,gcer 'dzin,གཅེར་འཛིན,rKTs (CC BY 4.0): Esukhia
c+yer,ཅྱེར,gcer,གཅེར,rKTs (CC BY 4.0): Esukhia
c+yeso,ཅྱེསོ་,gces po,གཅེས་པོ་,rKTs (CC BY 4.0): Esukhia
c+yesrugaM,ཅྱེསྲུགྃ་,gces phrug ma,གཅེས་ཕྲུག་མ་,rKTs (CC BY 4.0): Esukhia
c+yesdus,ཅྱེསྡུས,gces bsdus,གཅེས་བསྡུས,rKTs (CC BY 4.0): Esukhia
gcesdus,གཅེསྡུས,gces bsdus,གཅེས་བསྡུས,rKTs (CC BY 4.0): Dzongkha abbreviations
c+yesingaM,ཅྱེསིངྃ་,gces ming,གཅེས་མིང་,rKTs (CC BY 4.0): Esukhia
c+yesadzin,ཅྱེསཛིན,gces 'dzin,གཅེས་འཛིན,rKTs (CC BY 4.0): Esukhia
c+yeskyong,ཅྱེསྐྱོང,gces skyong,གཅེས་སྐྱོང,rKTs (CC BY 4.0): Esukhia
c+yesras,ཅྱེསྲ྄ས,gces spras,གཅེས་སྤྲས,rKTs (CC BY 4.0): Esukhia
gcespras,གཅེསྤྲས,gces spras,གཅེས་སྤྲས,rKTs (CC BY 4.0): Dzongkha abbreviations
c+yesrung,ཅྱེསྲུང,gces srung,གཅེས་སྲུང,rKTs (CC BY 4.0): Esukhia
gcesrung,གཅེསྲུང༌,gces srung,གཅེས་སྲུང༌,rKTs (CC BY 4.0): Dzongkha abbreviations
c+yogos,ཅྱོགོས,gcog dgos,གཅོག་དགོས,rKTs (CC BY 4.0): Esukhia
c+yogakhan,ཅྱོགཁན,gcog mkhan,གཅོག་མཁན,rKTs (CC BY 4.0): Esukhia
c+yogartsis,ཅྱོགརྩིས,gcog rtsis,གཅོག་རྩིས,rKTs (CC BY 4.0): Esukhia
c+yong,ཅྱོང་,gcong,གཅོང་,rKTs (CC BY 4.0): Esukhia
c+yonge,ཅྱོངེ་,gcong nge,གཅོང་ངེ་,rKTs (CC BY 4.0): Esukhia
c+yeng+chen,ཅྱེངྖེན,gcong chen,གཅོང་ཆེན,rKTs (CC BY 4.0): Esukhia
c+yong+Rong,ཅྱོངྼོང,gcong rong,གཅོང་རོང,rKTs (CC BY 4.0): Esukhia
c+yong,ཅྱོང,gcong,གཅོང,rKTs (CC BY 4.0): Esukhia
c+yod+yi,ཅྱོདྱི་,gcod kyi,གཅོད་ཀྱི་,rKTs (CC BY 4.0): Esukhia
c+yedared,ཅྱེདརེད,gcod par byed,གཅོད་པར་བྱེད,rKTs (CC BY 4.0): Esukhia
c+yo+ede,ཅྱོེདེ་,gcod byed de,གཅོད་བྱེད་དེ་,rKTs (CC BY 4.0): Esukhia
c+yodaMtshasaM,ཅྱོདྃཚསྃ,gcod mtshams,གཅོད་མཚམས,rKTs (CC BY 4.0): Esukhia
c+yod,ཅྱོད,gcod,གཅོད,rKTs (CC BY 4.0): Esukhia
c+yoM,ཅྱོྃ,gcom,གཅོམ,rKTs (CC BY 4.0): Esukhia
c+yor+cig,ཅྱོརྕིག,gcor cig,གཅོར་ཅིག,rKTs (CC BY 4.0): Esukhia
ny+yaDa,ཉྱཌ་,gnyags,གཉགས་,rKTs (CC BY 4.0): Esukhia
ny+yanas+yod,ཉྱནསྱོད,gnyan gsod,གཉན་གསོད,rKTs (CC BY 4.0): Esukhia
ny+y+chen,ཉྱྖེན,gnyan chen,གཉན་ཆེན,rKTs (CC BY 4.0): Esukhia
ny+yan+thub,ཉྱནྠུབ,gnyan thub,གཉན་ཐུབ,rKTs (CC BY 4.0): Esukhia
ny+yanadakhyoM,ཉྱནདཁྱོྃ་,gnyan nad 'khyam po,གཉན་ནད་འཁྱམ་པོ,rKTs (CC BY 4.0): Esukhia
ny+yana'in+yed,ཉྱནའིནྱེད,gnyan pa'i gnyad de,གཉན་པའི་གཉད་དེ,rKTs (CC BY 4.0): Esukhia
ny+yon,ཉྱོན,gnyan po,གཉན་པོ,rKTs (CC BY 4.0): Esukhia
ny+yano'i,ཉྱནོའི,gnyan po'i,གཉན་པོའི,rKTs (CC BY 4.0): Esukhia
ny+yanor,ཉྱནོར,gnyan por,གཉན་པོར,rKTs (CC BY 4.0): Esukhia
ny+yan+ran,ཉྱནྲན,gnyan phran,གཉན་ཕྲན,rKTs (CC BY 4.0): Esukhia
ny+yan+bu,ཉྱནྦུ,gnyan bu,གཉན་བུ,rKTs (CC BY 4.0): Esukhia
gnyanatshad,གཉནཚད,gnyan tshad,གཉན་ཚད,rKTs (CC BY 4.0): Esukhia
ny+yan+bur,ཉྱནྦུར,gnyan 'bur,གཉན་འབུར,rKTs (CC BY 4.0): Esukhia
gnyanabraso,གཉནབྲསོ,gnyan 'bras so,གཉན་འབྲས་སོ,rKTs (CC BY 4.0): Esukhia
ny+yan+rin,ཉྱནྲིན,gnyan srin,གཉན་སྲིན,rKTs (CC BY 4.0): Esukhia
nyyan,ཉྱན,gnyan,གཉན ,rKTs (CC BY 4.0): Nima Hojer Lama The Genealogy of Ya-ngal Family of Dolpo
ny+yan,ཉྱན,gnyan,གཉན,rKTs (CC BY 4.0): Esukhia
gnyaM,གཉཾ,gnyam,གཉམ,rKTs (CC BY 4.0): Nima Hojer Lama The Genealogy of Ya-ngal Family of Dolpo
ny+ya'an+yon,ཉྱའནྱོན,gnya' gnon,གཉའ་གནོན,rKTs (CC BY 4.0): Esukhia
ny+ya'+cag,ཉྱའྕག,gnya' bcag,གཉའ་བཅག,rKTs (CC BY 4.0): Esukhia
ny+ya'arateDa,ཉྱའརཏེཌ་,gnya' bar btegs,གཉའ་བར་བཏེགས་,rKTs (CC BY 4.0): Esukhia
ny+ya'+yed,ཉྱའྱེད,gnya' byed,གཉའ་བྱེད,rKTs (CC BY 4.0): Esukhia
ny+ya'itshiDa,ཉྱའིཚིཌ་,gnya' tshigs,གཉའ་ཚིགས་,rKTs (CC BY 4.0): Esukhia
ny+ya'+cibs,ཉྱའྕིབས,gnya' lcibs,གཉའ་ལྕིབས,rKTs (CC BY 4.0): Esukhia
ny+ya'+tag,ཉྱའྟག,gnya' ltag,གཉའ་ལྟག,rKTs (CC BY 4.0): Esukhia
ny+ya',ཉྱའ,gnya',གཉའ,rKTs (CC BY 4.0): Esukhia
ny+yidaganyid+che,ཉྱིདགཉིདྖེ,gnyid chag gnyid,གཉིད་ཆག་གཉིད,rKTs (CC BY 4.0): Esukhia
ny+yidakroginadu,ཉྱིདཀྲོགིནདུ,gnyid dkrog gin 'dug,གཉིད་དཀྲོག་གིན་འདུག,rKTs (CC BY 4.0): Esukhia
ny+yidang,ཉྱིདང་,gnyid dang,གཉིད་དང་,rKTs (CC BY 4.0): Esukhia
ny+yidus+yi,ཉྱིདུསྱི,gnyid dus kyi,གཉིད་དུས་ཀྱི,rKTs (CC BY 4.0): Esukhia
ny+yidathib,ཉྱིདཐིབ,gnyid 'thib,གཉིད་འཐིབ,rKTs (CC BY 4.0): Esukhia
ny+yid+loganyid,ཉྱིདློགཉིད,gnyid log gnyid,གཉིད་ལོག་གཉིད,rKTs (CC BY 4.0): Esukhia
gnyid+sangs,གཉིདྶངས,gnyid sangs,གཉིད་སངས,rKTs (CC BY 4.0): Esukhia
ny+yid,ཉྱིད,gnyid,གཉིད,rKTs (CC BY 4.0): Esukhia
ny+yil,ཉྱིལ,gnyil,གཉིལ,rKTs (CC BY 4.0): Esukhia
2+is,༢+ཨིས,gnyis kyi,གཉིས་ཀྱི,rKTs (CC BY 4.0): Bacot écriture cursive Tibétaine
2kyi,༢ཀྱི,gnyis kyi,གཉིས་ཀྱི,rKTs (CC BY 4.0): Dzongkha abbreviations
gnyikyi,གཉིཀྱི,gnyis kyi,གཉིས་ཀྱི,rKTs (CC BY 4.0): Dzongkha abbreviations
nyis+yi,ཉིསྱི,gnyis kyi,གཉིས་ཀྱི,rKTs (CC BY 4.0): Dzongkha abbreviations
ny+yis+yisdog,ཉྱིསྱིསྡོག,gnyis kyis ldog,གཉིས་ཀྱིས་ལྡོག,rKTs (CC BY 4.0): Esukhia
gnyIspyod,གཉཱིསྤྱོད,gnyis gnyis spyod,གཉིས་གཉིས་སྤྱོད,rKTs (CC BY 4.0): Dzongkha abbreviations
gnyisuM,གཉིསུཾ,gnyis gsum,གཉིས་གསུམ,rKTs (CC BY 4.0): Dzongkha abbreviations
gnyiste,གཉིསྟེ,gnyis te,གཉིས་ཏེ,rKTs (CC BY 4.0): Dzongkha abbreviations
gnyi+esad,གཉིེསད,gnyis te,གཉིས་ཏེ,rKTs (CC BY 4.0): Bacot écriture cursive Tibétaine
nyite,ཉིཏེ,gnyis te,གཉིས་ཏེ,rKTs (CC BY 4.0): Dzongkha abbreviations
gnyisa'i,གཉིསའི,gnyis pa'i,གཉིས་པའི,rKTs (CC BY 4.0): Dzongkha abbreviations
ny+yisanyaM,ཉྱིསཉྃ,gnyis mnyam,གཉིས་མཉམ,rKTs (CC BY 4.0): Esukhia
gnyisaMni,གཉིསྃནི,gnyis min,གཉིས་མིན,rKTs (CC BY 4.0): Esukhia
2^ed,༢ད,gnyis med,གཉིས་མེད,rKTs (CC BY 4.0): Dzongkha abbreviations
2ed,༢ེད,gnyis med,གཉིས་མེད,rKTs (CC BY 4.0): Dzongkha abbreviations
gnyide,གཉིདེ,gnyis med,གཉིས་མེད,rKTs (CC BY 4.0): Dzongkha abbreviations
gnyi+esad,གཉིེསད,gnyis med,གཉིས་མེད,rKTs (CC BY 4.0): Bacot écriture cursive Tibétaine
gnyisaMdesung,གཉིསྃདེསུང་,gnyis med gsung,གཉིས་མེད་གསུང་,rKTs (CC BY 4.0): Esukhia
gny^ini,གཉི༹ནི,gnyis 'dzin,གཉིས་འཛིན,rKTs (CC BY 4.0): Dzongkha abbreviations
gnyis^in,གཉིསི༹ན,gnyis 'dzin,གཉིས་འཛིན,rKTs (CC BY 4.0): Bacot écriture cursive Tibétaine
gnyisadzinakhri,གཉིསཛིནཁྲི,gnyis 'dzin 'khri,གཉིས་འཛིན་འཁྲི,rKTs (CC BY 4.0): Esukhia
gnyisuMder,གཉིསུྃདེར,gnyis su med par,གཉིས་སུ་མེད་པར,rKTs (CC BY 4.0): Esukhia
ny+yisuMde,ཉྱིསུྃདེ,gnyis su med,གཉིས་སུ་མེད,rKTs (CC BY 4.0): Esukhia
gnyisu+ed,གཉིསེུད,gnyis su med,གཉིས་སུ་མེད,rKTs (CC BY 4.0)
2su,༢སུ,gnyis su,གཉིས་སུ,rKTs (CC BY 4.0): Dzongkha abbreviations
gnyisu,གཉིསུ,gnyis su,གཉིས་སུ,rKTs (CC BY 4.0): Dzongkha abbreviations
gnyiso,གཉིསོ,gnyis so,གཉིས་སོ,rKTs (CC BY 4.0): Nima Hojer Lama The Genealogy of Ya-ngal Family of Dolpo
gnyiskyes,གཉིསྐྱེས,gnyis skyes,གཉིས་སྐྱེས,rKTs (CC BY 4.0): Dzongkha abbreviations
ny+yiskyes,ཉྱིསྐྱེས,gnyis skyes,གཉིས་སྐྱེས,rKTs (CC BY 4.0): Esukhia
ny+yistong,ཉྱིསྟོང་,gnyis stong,གཉིས་སྟོང་,rKTs (CC BY 4.0): Esukhia
ny+yisnang,ཉྱིསྣང,gnyis snang,གཉིས་སྣང,rKTs (CC BY 4.0): Esukhia
gnyugaM'i,གཉུགྃའི,gnyug ma'i,གཉུག་མའི,rKTs (CC BY 4.0): Esukhia
gnyugaMr,གཉུགྃར,gnyug mar,གཉུག་མར,rKTs (CC BY 4.0): Esukhia
gnyultertsa,གཉུལྟེརྩ,gnyul te rtswa,གཉུལ་ཏེ་རྩྭ,rKTs (CC BY 4.0): Esukhia
ny+ye,ཉྱེ,gnye,གཉེ,rKTs (CC BY 4.0): Esukhia
ny+yenash+yin,ཉྱེནཤྱིན,gnyen gshin,གཉེན་གཤིན,rKTs (CC BY 4.0): Esukhia
gnyain,གཉཻན,gnyen chen,གཉེན་ཆེན,rKTs (CC BY 4.0): Dzongkha abbreviations
gnyeno,གཉེནོ,gnyen po,གཉེན་པོ,rKTs (CC BY 4.0): Dzongkha abbreviations
ny+yeno,ཉྱེནོ,gnyen po,གཉེན་པོ,rKTs (CC BY 4.0): Esukhia
ny+yeno'i,ཉྱེནོའི་,gnyen po'i,གཉེན་པོའི་,rKTs (CC BY 4.0): Esukhia
ny+yen+rel,ཉྱེནྲེལ,gnyen 'brel,གཉེན་འབྲེལ,rKTs (CC BY 4.0): Esukhia
ny+yen,ཉྱེན,gnyen,གཉེན,rKTs (CC BY 4.0): Esukhia
ny+yerka,ཉྱེརྐ་,gnyer ka,གཉེར་ཀ,rKTs (CC BY 4.0): Esukhia
ny+yer+kha,ཉྱེརྑ་,gnyer kha,གཉེར་ཁ་,rKTs (CC BY 4.0): Esukhia
ny+yeradaMs,ཉྱེརདྃས,gnyer gdams,གཉེར་གདམས,rKTs (CC BY 4.0): Esukhia
nyeru,ཉེརུ,gnyer du,གཉེར་དུ,rKTs (CC BY 4.0): Esukhia
ny+yeraM'i,ཉྱེརྃའི,gnyer ma'i,གཉེར་མའི,rKTs (CC BY 4.0): Esukhia
ny+yeratshang,ཉྱེརཚང་,gnyer tshang,གཉེར་ཚང་,rKTs (CC BY 4.0): Esukhia
ny+yeradzin,ཉྱེརཛིན,gnyer 'dzin,གཉེར་འཛིན,rKTs (CC BY 4.0): Esukhia
ny+yer,ཉྱེར,gnyer,གཉེར,rKTs (CC BY 4.0): Esukhia
ny+yel,ཉྱེལ,gnyel,གཉེལ,rKTs (CC BY 4.0): Esukhia
ny+yogaM,ཉྱོགྃ,gnyog gam,གཉོག་གམ,rKTs (CC BY 4.0): Esukhia
ny+yoDig,ཉྱོཌིག,gnyogs shig,གཉོགས་ཤིག,rKTs (CC BY 4.0): Esukhia
ny+yong+chu,ཉྱོངྖུ་,gnyong chung,གཉོང་ཆུང་,rKTs (CC BY 4.0): Esukhia
ny+yed+ka,ཉྱེདྐ,gnyod ka,གཉོད་ཀ,rKTs (CC BY 4.0): Esukhia
ny+yed+kha,ཉྱེདྑ,gnyod kha,གཉོད་ཁ,rKTs (CC BY 4.0): Esukhia
n+yod,ནྱོད,gnyod,གཉོད,rKTs (CC BY 4.0): Esukhia
ny+yoMng+chu,ཉྱོྃངྖུ་,gnyom chung,གཉོམ་ཆུང་,rKTs (CC BY 4.0): Esukhia
ny+yos,ཉྱོས,gnyos,གཉོས,rKTs (CC BY 4.0): Esukhia
t+yadar,ཏྱདར,gtad par,གཏད་པར,rKTs (CC BY 4.0): Esukhia
gtado,གཏདོ,gtad so,གཏད་སོ,rKTs (CC BY 4.0): Dzongkha abbreviations
t+yad,ཏྱད,gtad,གཏད,rKTs (CC BY 4.0): Esukhia
t+yan+yi,ཏྱནྱི་,gtan gyi,གཏན་གྱི་,rKTs (CC BY 4.0): Esukhia
t+yan,ཏྱན,gtan,གཏན,rKTs (CC BY 4.0): Esukhia
t+yaMper,ཏྱཾཔེར,gtam dper,གཏམ་དཔེར,rKTs (CC BY 4.0): Esukhia
t+yamo,ཏྱམོ,gtam mo,གཏམ་མོ,rKTs (CC BY 4.0): Esukhia
t+yanatshiDa,ཏྱནཚིཌ་,gtam tshogs,གཏམ་ཚོགས་,rKTs (CC BY 4.0): Esukhia
t+yaM,ཏྱྃ,gtam,གཏམ,rKTs (CC BY 4.0): Esukhia
gtaM,གཏཾ,gtam,གཏམ,rKTs (CC BY 4.0): Dzongkha abbreviations
gta'aM,གཏའཾ,gta' ma,གཏའ་མ,rKTs (CC BY 4.0): Dzongkha abbreviations
gtu+ig,གཏིུག,gti mug,གཏི་མུག,rKTs (CC BY 4.0)
gtu+iMg,གཏིུཾག,gti mug,གཏི་མུག,rKTs (CC BY 4.0): Dzongkha abbreviations
gt^i+uT,གཏིུ༹ཊ,gting tshugs,གཏིང་ཚུགས,rKTs (CC BY 4.0): Dzongkha abbreviations
t+ying,ཏྱིང,gting,གཏིང,rKTs (CC BY 4.0): Esukhia
gtibas'i,གཏིབསའི,gtibs pa'i,གཏིབས་པའི,rKTs (CC BY 4.0): Nima Hojer Lama The Genealogy of Ya-ngal Family of Dolpo
gtunu,གཏུནུ,gtun bu,གཏུན་བུ,rKTs (CC BY 4.0): Dzongkha abbreviations
gtu+ing,གཏིུང༌,gtun shing,གཏུན་ཤིང༌,rKTs (CC BY 4.0)
gtuning,་གཏུནིང,gtun shing,གཏུན་ཤིང,rKTs (CC BY 4.0): Tibetan Shorthand Contractions
gtumo,གཏུམོ,gtum po,གཏུམ་པོ,rKTs (CC BY 4.0): Bacot écriture cursive Tibétaine
gtu+oM,གཏོུཾ,gtum po,གཏུམ་པོ,rKTs (CC BY 4.0): Dzongkha abbreviations
gtumo,གཏུམོ,gtum mo,གཏུམ་མོ,rKTs (CC BY 4.0): Tibetan Shorthand Contractions
gt^u+iMga,གཏིུ༹ཾག,gtum tshig,གཏུམ་ཚིག,rKTs (CC BY 4.0): Dzongkha abbreviations
gt^od,གཏོ༹ད,gter mdzod,གཏེར་མཛོད,rKTs (CC BY 4.0): Dzongkha abbreviations
t+yer,ཏྱེར,gter,གཏེར,rKTs (CC BY 4.0): Esukhia
t+yong,ཏྱོང,gtong,གཏོང,rKTs (CC BY 4.0): Esukhia
t+yodadzodang,ཏྱོདཛོདང,gtod mdzod dang,གཏོད་མཛོད་དང,rKTs (CC BY 4.0): Esukhia
gtoraM,གཏོརཾ,gtor ma,གཏོར་མ,rKTs (CC BY 4.0)
t+yoMr,ཏྱོཾར,gtor ma,གཏོར་མ,rKTs (CC BY 4.0): Dzongkha abbreviations
t+yor ma,ཏྱོར་མ,gtor ma,གཏོར་མ,rKTs (CC BY 4.0): Dzongkha abbreviations
gtoro,གཏོརོ,gtor ro,གཏོར་རོ,rKTs (CC BY 4.0): Dzongkha abbreviations
t+yor,ཏྱོར,gtor,གཏོར,rKTs (CC BY 4.0): Esukhia
t+yolaMde,ཏྱོལྃདེ་,gtol med,གཏོལ་མེད་,rKTs (CC BY 4.0): Esukhia
gda'i,གདའི,gad pa'i,གད་པའི,rKTs (CC BY 4.0): Esukhia
gdaDasrib,གདཌསྲིབ,gdags srib,གདགས་སྲིབ,rKTs (CC BY 4.0): Esukhia
gdabu,གདབུ,gdab bu,གདབ་བུ,rKTs (CC BY 4.0): Dzongkha abbreviations
gdabya,གདབྱ,gdab bya,གདབ་བྱ,rKTs (CC BY 4.0): Dzongkha abbreviations
gdaMg,གདཾག,gdam ngag,གདམ་ངག,rKTs (CC BY 4.0): Dzongkha abbreviations
gdamg,གདམག,gdam ngag,གདམ་ངག,rKTs (CC BY 4.0): Bacot écriture cursive Tibétaine
gdaMg,གདཾག,gdams ngag,གདམས་ངག,rKTs (CC BY 4.0): Esukhia
gdaMsapa,གདྃསཔ,gdams pa,གདམས་པ,rKTs (CC BY 4.0): Esukhia
gdaMs,གདཾས,gdams,གདམས,rKTs (CC BY 4.0): Dzongkha abbreviations
gd^ub,གདུ༹བ,gdug rtsub,གདུག་རྩུབ,rKTs (CC BY 4.0)
gduTar,གདུཊར,gdugs dkar,གདུགས་དཀར,rKTs (CC BY 4.0): Dzongkha abbreviations
gd^u+ob,གདོུ༹བ,gdung 'tshob,གདུང་འཚོབ,rKTs (CC BY 4.0): Dzongkha abbreviations
gd^u+in,གདིུ༹ན,gdung 'dzin,གདུང་འཛིན,rKTs (CC BY 4.0)
gdu+in,གདིུན,gdung 'dzin,གདུང་འཛིན,rKTs (CC BY 4.0): Dzongkha abbreviations
gdung d+yud,གདུང་ངྱུད,gdung rgyud,གདུང་རྒྱུད,rKTs (CC BY 4.0): Dzongkha abbreviations
gdung ng+yud,གདུང་ངྱུད,gdung rgyud,གདུང་རྒྱུད,rKTs (CC BY 4.0): Dzongkha abbreviations
gdu+en,གདེུན,gdung rten,གདུང་རྟེན,rKTs (CC BY 4.0)
gdubu,གདུབུ,gdub bu,གདུབ་བུ,rKTs (CC BY 4.0)
gdul+ya,གདུལྱ,gdul bya,གདུལ་བྱ,rKTs (CC BY 4.0): Bacot écriture cursive Tibétaine
gdul+ya,གདུལྱ་,gdul bya,གདུལ་བྱ་,rKTs (CC BY 4.0): Esukhia
gdongan,གདོངན,gdong ngan,གདོང་ངན,rKTs (CC BY 4.0): Dzongkha abbreviations
gdongu,གདོངུ,gdong du,གདོང་དུ,rKTs (CC BY 4.0): Dzongkha abbreviations
gadru+og,གདྲོུག,gdong drug,གདོང་དྲུག,rKTs (CC BY 4.0): Dzongkha abbreviations
gan+d+ho la,གནྡྷོ་ལ,gan d+ho la,གན་དྷོ་ལ,rKTs (CC BY 4.0): Dzongkha abbreviations
gn^od,གནོ༹༹ད,gan mdzod,གན་མཛོད,rKTs (CC BY 4.0): Dzongkha abbreviations
gan+ya,གནྱ,gan rgya,གན་རྒྱ,rKTs (CC BY 4.0): Dzongkha abbreviations
gnadon,གནདོན,gnad don,གནད་དོན,rKTs (CC BY 4.0): Dzongkha abbreviations
n+yad,ནྱད,gnad,གནད,rKTs (CC BY 4.0): Esukhia
gnamatsho,གནམཚོ,gnam mtsho,གནམ་མཚོ,rKTs (CC BY 4.0): Dzongkha abbreviations
gnaMcaT,གནཾཅཊ,gnam lcags,གནམ་ལྕགས,rKTs (CC BY 4.0): Dzongkha abbreviations
gn+caMgs,གནྕཾགས,gnam lcags,གནམ་ལྕགས,rKTs (CC BY 4.0): Bacot écriture cursive Tibétaine
gan+yoMr,གནྱོཾར,gnam sbyor,གནམ་སྦྱོར,rKTs (CC BY 4.0)
gnaM,གནཾ,gnam,གནམ,rKTs (CC BY 4.0)
snaM,སྣཾ,gnam,གནམ,rKTs (CC BY 4.0): Nima Hojer Lama The Genealogy of Ya-ngal Family of Dolpo
gnas+yi,གནསྱི,gnas kyis,གནས་ཀྱིས,rKTs (CC BY 4.0): Dzongkha abbreviations
gan+yis,གནྱིས,gnas kyis,གནས་ཀྱིས,rKTs (CC BY 4.0): Dzongkha abbreviations
nas+yi,ནསྱི,gnas kyis,གནས་ཀྱིས,rKTs (CC BY 4.0): Dzongkha abbreviations
n+yas+yi,ནྱསྱི,gnas kyis,གནས་ཀྱིས,rKTs (CC BY 4.0): Bacot écriture cursive Tibétaine
gnasan,གནསན,gnas can,གནས་ཅན,rKTs (CC BY 4.0): Dzongkha abbreviations
gnasen,གནསེན,gnas chen,གནས་ཆེན,rKTs (CC BY 4.0): Dzongkha abbreviations
n+yaste,ནྱསྟེ,gnas te,གནས་ཏེ,rKTs (CC BY 4.0): Esukhia
n+yasrisuM,ནྱསྲིསུཾ,gnas ris gsum,གནས་རིས་གསུམ,rKTs (CC BY 4.0): Esukhia
n+yasaris,ནྱསརིས,gnas ris,གནས་རིས,rKTs (CC BY 4.0): Esukhia
gnasen,གནསེན,gnas rten,གནས་རྟེན,rKTs (CC BY 4.0): Dzongkha abbreviations
gnasluT,གནསླུཊ,gnas lugs,གནས་ལུགས,rKTs (CC BY 4.0): Dzongkha abbreviations
gn+lugs,གནླུགས,gnas lugs,གནས་ལུགས,rKTs (CC BY 4.0): Bacot écriture cursive Tibétaine
gn+luT,གནླུཊ,gnas lugs,གནས་ལུགས,rKTs (CC BY 4.0): Dzongkha abbreviations
gnasu,གནསུ,gnas su,གནས་སུ,rKTs (CC BY 4.0): Dzongkha abbreviations
n+yasu,ནྱསུ,gnas su,གནས་སུ,rKTs (CC BY 4.0)
n+yasuM,ནྱསུྃ,gnas sum,གནས་སུམ,rKTs (CC BY 4.0): Esukhia
n+yasor+chud,ནྱསོརྖུད,gnas sor chud,གནས་སོར་ཆུད,rKTs (CC BY 4.0): Esukhia
gnaskabs,གནསྐབས,gnas skabs,གནས་སྐབས,rKTs (CC BY 4.0)
gnasrungo,གནསྲུངོ༌,gnas srung po,གནས་སྲུང་པོ,rKTs (CC BY 4.0): Dzongkha abbreviations
nas,ནས,gnas,གནས,rKTs (CC BY 4.0): Esukhia
ny+yenagriganyen+g+riganya,ཉྱེནགྲིགཉེནྒྲིགཉ,gnen 'grig gnyen sgrig gnyen,གནེན་འགྲིག་གཉེན་སྒྲིག་གཉེན,rKTs (CC BY 4.0): Esukhia
gan+yo+ed,གནྱོེད,gnod byed,གནོད་བྱེད,rKTs (CC BY 4.0): Dzongkha abbreviations
gnod^es,གནོདེ༹ས,gnod mdzes,གནོད་མཛེས,rKTs (CC BY 4.0): Dzongkha abbreviations
gn+yo+ed,གནྱོེད,gnod med,གནོད་མེད,rKTs (CC BY 4.0): Bacot écriture cursive Tibétaine
gan+yodinago,གནྱོདིནགོ,gnod sbyin bdag po,གནོད་སྦྱིན་བདག་པོ,rKTs (CC BY 4.0): Dzongkha abbreviations
gn+yo+idnago,གནྱོིདནགོ,gnod sbyin bdag po,གནོད་སྦྱིན་བདག་པོ,rKTs (CC BY 4.0): Bacot écriture cursive Tibétaine
gnod+yin,གནོདྱིན,gnod sbyin,གནོད་སྦྱིན,rKTs (CC BY 4.0): Dzongkha abbreviations
gno+idan,གནོིདན,gnod sbyin,གནོད་སྦྱིན,rKTs (CC BY 4.0): Dzongkha abbreviations
gan+yodin,གནྱོདིན,gnod sbyin,གནོད་སྦྱིན,rKTs (CC BY 4.0): Dzongkha abbreviations
gn+yo+idn,གནྱོིདན,gnod sbyin,གནོད་སྦྱིན,rKTs (CC BY 4.0): Bacot écriture cursive Tibétaine
gan+yo+in,གནྱོིན,gnod sbyin,གནོད་སྦྱིན,rKTs (CC BY 4.0): Dzongkha abbreviations
n+yodin,ནྱོདིན,gnod sbyin,གནོད་སྦྱིན,rKTs (CC BY 4.0): Dzongkha abbreviations
gabsu,གབསུ,gabs su,གབས་སུ,rKTs (CC BY 4.0): Nima Hojer Lama The Genealogy of Ya-ngal Family of Dolpo
gaM,གཾ,gam,གམ,rKTs (CC BY 4.0): Dzongkha abbreviations
gtsango,གཙངོ་,gtsang bo,གཙང་བོ་,rKTs (CC BY 4.0): Esukhia
ts+yang,ཙྱང,gtsang,གཙང,rKTs (CC BY 4.0): Esukhia
rtsang,རྩང,gtsang,གཙང,rKTs (CC BY 4.0): Nima Hojer Lama The Genealogy of Ya-ngal Family of Dolpo
gtsigasu 'dzin pa,གཙིགསུ་འཛིན་པ,gtsigs su 'dzin pa,གཙིགས་སུ་འཛིན་པ,rKTs (CC BY 4.0): Dzongkha abbreviations
gtsugi,གཙུགི,gtsug gi,གཙུག་གི,rKTs (CC BY 4.0): Nima Hojer Lama The Genealogy of Ya-ngal Family of Dolpo
rtsugi,རྩུགི,gtsug gi,གཙུག་གི,rKTs (CC BY 4.0): Nima Hojer Lama The Genealogy of Ya-ngal Family of Dolpo
rtsugo,རྩུགོ,gtsug go,གཙུག་གོ,rKTs (CC BY 4.0): Nima Hojer Lama The Genealogy of Ya-ngal Family of Dolpo
gtsugor,གཙུགོར,gtsug gtor,གཙུག་གཏོར,rKTs (CC BY 4.0): Bacot écriture cursive Tibétaine
gtsu+oran,གཙོུརན,gtsug tor can,གཙུག་ཏོར་ཅན,rKTs (CC BY 4.0): Dzongkha abbreviations
gtsu+ogar,གཙོུགར,gtsug tor,གཙུག་ཏོར,rKTs (CC BY 4.0): Dzongkha abbreviations
gtsu+or,གཙོུར,gtsug tor,གཙུག་ཏོར,rKTs (CC BY 4.0)
gtsugd,གཙུགད,gtsug pud,གཙུག་པུད,rKTs (CC BY 4.0): Nima Hojer Lama The Genealogy of Ya-ngal Family of Dolpo
tsugd,ཙུགད,gtsug pud,གཙུག་པུད,rKTs (CC BY 4.0): Nima Hojer Lama The Genealogy of Ya-ngal Family of Dolpo
rtsugd,རྩུགད,gtsug pud,གཙུག་པུད,rKTs (CC BY 4.0): Nima Hojer Lama The Genealogy of Ya-ngal Family of Dolpo
gts+lug,གཙླུག,gtsug lag,གཙུག་ལག,rKTs (CC BY 4.0)
gts+lugang,གཙླུགང༌,gtsug lag khang,གཙུག་ལག་ཁང༌,rKTs (CC BY 4.0): Dzongkha abbreviations
gtsug lagasuM,གཙུག་ལགསུཾ,gtsug lag gsum,གཙུག་ལག་གསུམ,rKTs (CC BY 4.0): Dzongkha abbreviations
gtsugg,གཙུགག,gtsug lag,གཙུག་ལག,rKTs (CC BY 4.0): Bacot écriture cursive Tibétaine
gtsau,གཙཽ,gtso bo,གཙོ་བོ,rKTs (CC BY 4.0)
gtsaur,གཙཽར,gtso bor,གཙོ་བོར,rKTs (CC BY 4.0): Dzongkha abbreviations
gtsaur,གཙཽར,gtso 'khor,གཙོ་འཁོར,rKTs (CC BY 4.0)
gtsoro,གཙོརོ,gtso 'khor,གཙོ་འཁོར,rKTs (CC BY 4.0): Dzongkha abbreviations
gzhagaso,གཞགསོ,gzhags gzhogs,གཞགས་གཞོགས,rKTs (CC BY 4.0): Dzongkha abbreviations
gzh+ruM,གཞྲུཾ,gzhang 'brum,གཞང་འབྲུམ,rKTs (CC BY 4.0): Dzongkha abbreviations
gzhan+yi,གཞནྱི,gzhan gyi,གཞན་གྱི,rKTs (CC BY 4.0): Dzongkha abbreviations
gzhan+yisos,གཞནྱིསོས,gzhan gyis gsos,གཞན་གྱིས་གསོས,rKTs (CC BY 4.0): Dzongkha abbreviations
gzhan+yis,གཞནྱིས,gzhan gyis,གཞན་གྱིས,rKTs (CC BY 4.0): Dzongkha abbreviations
zh+yangang,ཞྱངང,gzhang dang,གཞང་དང,rKTs (CC BY 4.0): Esukhia
gzhanu,གཞནུ,gzhan du,གཞན་དུ,rKTs (CC BY 4.0): Dzongkha abbreviations
gzhanang,གཞནང༌,gzhan yang,གཞན་ཡང༌,rKTs (CC BY 4.0)
zhanang,ཞནང,gzhan yang,གཞན་ཡང,rKTs (CC BY 4.0): Nima Hojer Lama The Genealogy of Ya-ngal Family of Dolpo
gan,གན,gzhan,གཞན,rKTs (CC BY 4.0): Esukhia
gzhaleMdang,གཞལེཾདང༌,gzhal med khang,གཞལ་མེད་ཁང༌,rKTs (CC BY 4.0): Dzongkha abbreviations
gzhaleMdan,གཞལེཾདན,gzhal med can,གཞལ་མེད་ཅན,rKTs (CC BY 4.0): Dzongkha abbreviations
gzhaleMd,གཞལེཾད,gzhal med,གཞལ་མེད,rKTs (CC BY 4.0): Dzongkha abbreviations
zhalaMd+kheng,ཞལྃདྑེང་,gzhal med khang,གཞལ་མེད་ཁང་,rKTs (CC BY 4.0): Esukhia
gzh+yasang,གཞྱསང༌,gzhal yas khang,གཞལ་ཡས་ཁང༌,rKTs (CC BY 4.0): Dzongkha abbreviations
zh+yasang,ཞྱསང༌,gzhal yas khang,གཞལ་ཡས་ཁང༌,rKTs (CC BY 4.0)
gzhaMs,གཞཾས,gzhal yas,གཞལ་ཡས,rKTs (CC BY 4.0): Dzongkha abbreviations
gzh+yas,གཞྱས,gzhal yas,གཞལ་ཡས,rKTs (CC BY 4.0): Dzongkha abbreviations
zh+yas,ཞྱས,gzhal yas,གཞལ་ཡས,rKTs (CC BY 4.0)
zh+yasaM,ཞྱསཾ,gzhal yas,གཞལ་ཡས,rKTs (CC BY 4.0): Dzongkha abbreviations
gzhalgang,གཞལྒང,gzhal sgang,གཞལ་སྒང,rKTs (CC BY 4.0): Tibetan Shorthand Contractions
gzhisuM,གཞིསུཾ,gzhi gsum,གཞི་གསུམ,rKTs (CC BY 4.0): Dzongkha abbreviations
gzh+ru+ib,གཞྲིུབ,gzhi grub,གཞི་གྲུབ,rKTs (CC BY 4.0): Dzongkha abbreviations
zh+yi,ཞྱི་,gzhi,གཞི་,rKTs (CC BY 4.0): Esukhia
zh+yigal+chen,ཞྱིགལྖེན,gzhig gal chen,གཞིག་གལ་ཆེན,rKTs (CC BY 4.0): Esukhia
zh+yiDa,ཞྱིཌ་,gzhigs,གཞིགས་,rKTs (CC BY 4.0): Esukhia
gzhu+og,གཞོུག,gzhu thog,གཞུ་ཐོག,rKTs (CC BY 4.0)
gzhu+om,གཞོུམ,gzhu 'dom,གཞུ་འདོམ,rKTs (CC BY 4.0): Dzongkha abbreviations
gzhu+oM,གཞོུཾ,gzhu 'dom,གཞུ་འདོམ,rKTs (CC BY 4.0): Dzongkha abbreviations
gzhu+oms,གཞོུམས,gzhu 'doms,གཞུ་འདོམས,rKTs (CC BY 4.0)
gzh^u+in,གཞིུ༹ན,gzhu 'dzin,གཞུ་འཛིན,rKTs (CC BY 4.0): Dzongkha abbreviations
gzhu laskyes,གཞུ་ལསྐྱེས,gzhu las skyes,གཞུ་ལས་སྐྱེས,rKTs (CC BY 4.0): Dzongkha abbreviations
gzhugu,གཞུགུ,gzhug gu,གཞུག་གུ,rKTs (CC BY 4.0): Dzongkha abbreviations
zh+yung,ཞྱུང,gzhung,གཞུང,rKTs (CC BY 4.0): Esukhia
gzhogasu,གཞོགསུ,gzhogs su,གཞོགས་སུ,rKTs (CC BY 4.0): Dzongkha abbreviations
gzhoTu,གཞོཊུ,gzhogs su,གཞོགས་སུ,rKTs (CC BY 4.0): Dzongkha abbreviations
gzhogaslong,གཞོགསློང,gzhogs slong,གཞོགས་སློང,rKTs (CC BY 4.0): Dzongkha abbreviations
gzhongaspyod,གཞོངསྤྱོད,gzhongs spyod,གཞོངས་སྤྱོད,rKTs (CC BY 4.0): Dzongkha abbreviations
zhonuslobasig,ཞོནུསློབསིག,gzhon dus slobs shig,གཞོན་དུས་སློབས་ཤིག,rKTs (CC BY 4.0): Esukhia
gzhonuM,གཞོནུཾ,gzhon nu ma,གཞོན་ནུ་མ,rKTs (CC BY 4.0): Dzongkha abbreviations
gzhonu,གཞོནུ,gzhon nu,གཞོན་ནུ,rKTs (CC BY 4.0)
gzh+yonu,གཞྱོནུ,gzhon nu,གཞོན་ནུ,rKTs (CC BY 4.0): Bacot écriture cursive Tibétaine
zh+yonu,ཞྱོནུ,gzhon nu,གཞོན་ནུ,rKTs (CC BY 4.0)
zh+yon,ཞྱོན,gzhon,གཞོན,rKTs (CC BY 4.0): Esukhia
gzhomed,གཞོམེད,gzhom med,གཞོམ་མེད,rKTs (CC BY 4.0): Dzongkha abbreviations
gzholo,གཞོལོ,gzhol lo,གཞོལ་ལོ,rKTs (CC BY 4.0): Dzongkha abbreviations
gzAb,གཟཱབ,gzab gzab,གཟབ་གཟབ,rKTs (CC BY 4.0): Dzongkha abbreviations
gzabya,གཟབྱ,gzab bya,གཟབ་བྱ,rKTs (CC BY 4.0): Dzongkha abbreviations
z+ya'+dagi,ཟྱའྡགི་,gza' dag gi,གཟའ་དག་གི་,rKTs (CC BY 4.0): Esukhia
z+yaspen,ཟྱསྤེན,gza' spen,གཟའ་སྤེན,rKTs (CC BY 4.0): Esukhia
z+ya,ཟྱ,gza',གཟའ,rKTs (CC BY 4.0): Esukhia
z+ya',ཟྱའ,gza',གཟའ,rKTs (CC BY 4.0): Esukhia
gzin,གཟིན,gzi can,གཟི་ཅན,rKTs (CC BY 4.0): Dzongkha abbreviations
gziding ldana'i,གཟིདིང་ལྡནའི,gzi brjid dang ldan pa'i,གཟི་བརྗིད་དང་ལྡན་པའི,rKTs (CC BY 4.0): Dzongkha abbreviations
gzid,གཟིད,gzi brjid,གཟི་བརྗིད,rKTs (CC BY 4.0): Dzongkha abbreviations
gz+ji+id,གཟྗིིད,gzi brjid,གཟི་བརྗིད,rKTs (CC BY 4.0)
gaz+rid,གཟྲིད,gzi brjid,གཟི་བརྗིད,rKTs (CC BY 4.0): Dzongkha abbreviations
zi+jadi,ཟིྗདི,gzi brjid,གཟི་བརྗིད,rKTs (CC BY 4.0): Nima Hojer Lama The Genealogy of Ya-ngal Family of Dolpo
z+yigaMngasaz+yig,ཟྱིགཾངསཟྱིག,gzig gam gangs gzig,གཟིག་གམ་གངས་གཟིག,rKTs (CC BY 4.0): Esukhia
gzigis,གཟིགིས,gzig gis,གཟིག་གིས,rKTs (CC BY 4.0): Nima Hojer Lama The Genealogy of Ya-ngal Family of Dolpo
gzu+iT,གཟིུཊ,gzigs 'dug,གཟིགས་འདུག,rKTs (CC BY 4.0): Dzongkha abbreviations
gziD,གཟིཌ,gzigs,གཟིགས,rKTs (CC BY 4.0): Nima Hojer Lama The Genealogy of Ya-ngal Family of Dolpo
z+yiDa,ཟྱིཌ,gzigs,གཟིགས,rKTs (CC BY 4.0): Esukhia
gzimal,གཟིམལ,gzim mal,གཟིམ་མལ,rKTs (CC BY 4.0): Dzongkha abbreviations
gzu+o,གཟོུ,gzu bo,གཟུ་བོ,rKTs (CC BY 4.0)
gzu+ing,གཟིུང༌,gzu shing,གཟུ་ཤིང༌,rKTs (CC BY 4.0)
gzu+er,གཟེུར,gzug gzer,གཟུག་གཟེར,rKTs (CC BY 4.0)
gz+zu+er,གཟྯེུར,gzug gzer,གཟུག་གཟེར,rKTs (CC BY 4.0): Bacot écriture cursive Tibétaine
gzugin 'dug,གཟུགིན་འདུག,gzug gin 'dug,གཟུག་གིན་འདུག,rKTs (CC BY 4.0)
gzuMs,གཟུཾས,gzugs khams,གཟུགས་ཁམས,rKTs (CC BY 4.0): Dzongkha abbreviations
gzuTan,གཟུཊན,gzugs can,གཟུགས་ཅན,rKTs (CC BY 4.0): Dzongkha abbreviations
gzun,གཟུན,gzugs can,གཟུགས་ཅན,rKTs (CC BY 4.0)
gzuTaM,གཟུཊཾ,gzugs ma,གཟུགས་མ,rKTs (CC BY 4.0): Dzongkha abbreviations
gz^u+es,གཟེུ༹ས,gzugs mdzes,གཟུགས་མཛེས,rKTs (CC BY 4.0): Dzongkha abbreviations
gzu+eMd khaMs,གཟེུཾད་ཁཾས,gzugs med khams,གཟུགས་མེད་ཁམས,rKTs (CC BY 4.0): Dzongkha abbreviations
gzugesaMd,གཟུགེསཾད,gzugs med,གཟུགས་མེད,rKTs (CC BY 4.0): Bacot écriture cursive Tibétaine
gzu+ed,གཟེུད,gzugs med,གཟུགས་མེད,rKTs (CC BY 4.0)
gzu+edaM,གཟེུདཾ,gzugs med,གཟུགས་མེད,rKTs (CC BY 4.0): Bacot écriture cursive Tibétaine
gzu+eMd,གཟེུཾད,gzugs med,གཟུགས་མེད,rKTs (CC BY 4.0): Dzongkha abbreviations
gzuT^in,གཟུཊི༹ན,gzugs 'dzin,གཟུགས་འཛིན,rKTs (CC BY 4.0): Dzongkha abbreviations
gzugasku,གཟུགསྐུ,gzugs sku,གཟུགས་སྐུ,rKTs (CC BY 4.0)
gzugsku,གཟུགསྐུ,gzugs sku,གཟུགས་སྐུ,rKTs (CC BY 4.0): Bacot écriture cursive Tibétaine
gzuTu,གཟུཊུ,gzugs sku,གཟུགས་སྐུ,rKTs (CC BY 4.0): Dzongkha abbreviations
gzugasdug,གཟུགསྡུག,gzugs sdug,གཟུགས་སྡུག,rKTs (CC BY 4.0)
gzugu,གཟུགུ,gzugs sdug,གཟུགས་སྡུག,rKTs (CC BY 4.0): Dzongkha abbreviations
gzuD,གཟུཌ,gzugs,གཟུགས,rKTs (CC BY 4.0): Nima Hojer Lama The Genealogy of Ya-ngal Family of Dolpo
gzugsdug,གཟུགསྡུག,gzugs sdug,གཟུགས་སྡུག,rKTs (CC BY 4.0): Bacot écriture cursive Tibétaine
gzungin,གཟུངིན,gzung 'dzin,གཟུང་འཛིན,rKTs (CC BY 4.0): Dzongkha abbreviations
gzu+ing^an,གཟིུང༹ན,gzung 'dzin,གཟུང་འཛིན,rKTs (CC BY 4.0): Bacot écriture cursive Tibétaine
gzungasngaT,གཟུངསྔཊ,gzungs sngags,གཟུངས་སྔགས,rKTs (CC BY 4.0): Dzongkha abbreviations
gzeraM,གཟེརཾ,gzer ma,གཟེར་མ,rKTs (CC BY 4.0): Dzongkha abbreviations
gzero,གཟེརོ,gzer ro,གཟེར་རོ,rKTs (CC BY 4.0): Nima Hojer Lama The Genealogy of Ya-ngal Family of Dolpo
z+yer,ཟྱེར,gzer,གཟེར,rKTs (CC BY 4.0): Esukhia
z+ye+ong,ཟྱེོང,gzong,གཟོང,rKTs (CC BY 4.0): Esukhia
z+yod,ཟྱོད,gzod,གཟོད,rKTs (CC BY 4.0): Esukhia
g.yagis,གཡགིས,g.yag gis,གཡག་གིས,rKTs (CC BY 4.0): Nima Hojer Lama The Genealogy of Ya-ngal Family of Dolpo
y+yar+sa,ཡྱརྶ,g.yag sar,གཡག་སར,rKTs (CC BY 4.0): Esukhia
y+yang,ཡྱང,g.yang,གཡང,rKTs (CC BY 4.0): Esukhia
g.yabo,གཡབོ,g.yab mo,གཡབ་མོ,rKTs (CC BY 4.0): Dzongkha abbreviations
y+yar,ཡྱར,g.yar,གཡར,rKTs (CC BY 4.0): Esukhia
gay+yon,གཡྱོན,g.yas g.yon,གཡས་གཡོན,rKTs (CC BY 4.0): Dzongkha abbreviations
gay+yogs,གཡྱོགས,g.yas phyogs,གཡས་ཕྱོགས,rKTs (CC BY 4.0): Dzongkha abbreviations
g.yasu,གཡསུ,g.yas su,གཡས་སུ,rKTs (CC BY 4.0): Dzongkha abbreviations
y+yaskoru,ཡྱསྐོརུ,g.yas skor du,གཡས་སྐོར་དུ,rKTs (CC BY 4.0): Esukhia
g.y^u+o+u+o,གཡོོུུ༹,g.yu mtsho,གཡུ་མཚོ,rKTs (CC BY 4.0): Dzongkha abbreviations
g.y+rug,གཡྲུག,g.yu 'brug,གཡུ་འབྲུག,rKTs (CC BY 4.0)
g.yu leT pa,གཡུ་ལེཊ་པ,g.yu legs pa,གཡུ་ལེགས་པ,rKTs (CC BY 4.0): Dzongkha abbreviations
g.y+ungan,གཡུངན,g.yung drung can,གཡུང་དྲུང་ཅན,rKTs (CC BY 4.0): Dzongkha abbreviations
g.y+rung,གཡྲུང༌,g.yung drung,གཡུང་དྲུང༌,rKTs (CC BY 4.0)
g.yrung,གཡྲུང,g.yung drung,གཡུང་དྲུང,rKTs (CC BY 4.0): Nima Hojer Lama The Genealogy of Ya-ngal Family of Dolpo
g.yulas,གཡུལས,g.yul las,གཡུལ་ལས,rKTs (CC BY 4.0): Dzongkha abbreviations
g.yeraM,གཡེརཾ,g.yer ma,གཡེར་མ,rKTs (CC BY 4.0): Dzongkha abbreviations
y+y+con,ཡྱྕོན,g.yo can,གཡོ་ཅན,rKTs (CC BY 4.0): Esukhia
y+yo,ཡྱོ,g.yo,གཡོ,rKTs (CC BY 4.0): Esukhia
y+yo,ཡྱོ་,g.yog,གཡོག་,rKTs (CC BY 4.0): Esukhia
g.yoD,གཡོཌ,g.yogs,གཡོགས,rKTs (CC BY 4.0): Nima Hojer Lama The Genealogy of Ya-ngal Family of Dolpo
g.yonu,གཡོནུ,g.yon du,གཡོན་དུ,rKTs (CC BY 4.0): Dzongkha abbreviations
y+yonu,ཡྱོནུ,g.yon du,གཡོན་དུ,rKTs (CC BY 4.0): Dzongkha abbreviations
gay+yauT,གཡྱཽཊ,g.yon phyogs,གཡོན་ཕྱོགས,rKTs (CC BY 4.0): Dzongkha abbreviations
y+yon,ཡྱོན,g.yon,གཡོན,rKTs (CC BY 4.0): Dzongkha abbreviations
g.yosnod,གཡོསྣོད,g.yos snod,གཡོས་སྣོད,rKTs (CC BY 4.0): Dzongkha abbreviations
garasas,གརསས,gar gsas,གར་གསས,rKTs (CC BY 4.0): Nima Hojer Lama The Genealogy of Ya-ngal Family of Dolpo
garabrel,གརབྲེལ,gar 'brel,གར་འབྲེལ,rKTs (CC BY 4.0): Esukhia
gal+cheni,གལྖེནི་,gal chen ni,གལ་ཆེན་ནི་,rKTs (CC BY 4.0): Esukhia
gal+che'o,གལྖེའོ་,gal che'o,གལ་ཆེའོ་,rKTs (CC BY 4.0): Esukhia
galte,གལྟེ,gal te,གལ་ཏེ,rKTs (CC BY 4.0)
gshaD,གཤཌ,gshags,གཤགས,rKTs (CC BY 4.0): Nima Hojer Lama The Genealogy of Ya-ngal Family of Dolpo
gshango,གཤངོ,gshang gshong,གཤང་གཤོང,rKTs (CC BY 4.0): Dzongkha abbreviations
gshaMl,གཤཾལ,gsham gsal,གཤམ་གསལ,rKTs (CC BY 4.0): Dzongkha abbreviations
gshini,གཤིནི,gshin gyi,གཤིན་གྱི,rKTs (CC BY 4.0): Dzongkha abbreviations
gshin+yi,གཤིནྱི,gshin gyi,གཤིན་གྱི,rKTs (CC BY 4.0): Dzongkha abbreviations
gshino,གཤིནོ,gshin po,གཤིན་པོ,rKTs (CC BY 4.0): Dzongkha abbreviations
gshinede,གཤིནེདེ,gshin rje gshed,གཤིན་རྗེ་གཤེད,rKTs (CC BY 4.0): Dzongkha abbreviations
gshi+e+end,གཤིེེནད,gshin rje gshed,གཤིན་རྗེ་གཤེད,rKTs (CC BY 4.0): Bacot écriture cursive Tibétaine
gash+yinede,གཤྱིནེདེ,gshin rje gshed,གཤིན་རྗེ་གཤེད,rKTs (CC BY 4.0): Dzongkha abbreviations
sh+y+i+end,ཤྱིེནད,gshin rje gshed,གཤིན་རྗེ་གཤེད,rKTs (CC BY 4.0): Bacot écriture cursive Tibétaine
gshine,གཤིནེ,gshin rje,གཤིན་རྗེ,rKTs (CC BY 4.0): Dzongkha abbreviations
gash+yine,གཤྱིནེ,gshin rje,གཤིན་རྗེ,rKTs (CC BY 4.0): Dzongkha abbreviations
gishen,གིཤེན,gshin rje,གཤིན་རྗེ,rKTs (CC BY 4.0): Bacot écriture cursive Tibétaine
sh+yine,ཤྱིནེ,gshin rje,གཤིན་རྗེ,rKTs (CC BY 4.0): Esukhia
gshibya,གཤིབྱ,gshib bya,གཤིབ་བྱ,rKTs (CC BY 4.0): Dzongkha abbreviations
gshai,གཤཻ,gshe gshe,གཤེ་གཤེ,rKTs (CC BY 4.0): Dzongkha abbreviations
gshegasu+ol,གཤེགསོུལ,gshegs su gsol,གཤེགས་སུ་གསོལ,rKTs (CC BY 4.0): Dzongkha abbreviations
gsheTu+ol,གཤེཊོུལ,gshegs su gsol,གཤེགས་སུ་གསོལ,rKTs (CC BY 4.0): Dzongkha abbreviations
gshegso,གཤེགསོ,gshegs so,གཤེགས་སོ,rKTs (CC BY 4.0): Nima Hojer Lama The Genealogy of Ya-ngal Family of Dolpo
shyegso,ཤྱེགསོ,gshegs so,གཤེགས་སོ,rKTs (CC BY 4.0): Nima Hojer Lama The Genealogy of Ya-ngal Family of Dolpo
gsheD,གཤེཌ,gshegs,གཤེགས,rKTs (CC BY 4.0): Nima Hojer Lama The Genealogy of Ya-ngal Family of Dolpo
shyegs,ཤྱེགས,gshegs,གཤེགས,rKTs (CC BY 4.0): Nima Hojer Lama The Genealogy of Ya-ngal Family of Dolpo
gshedur,གཤེདུར,gshed dur,གཤེད་དུར,rKTs (CC BY 4.0): Dzongkha abbreviations
gshenab,གཤེནབ,gshen rab,གཤེན་རབ,rKTs (CC BY 4.0): Nima Hojer Lama The Genealogy of Ya-ngal Family of Dolpo
gshenarabas,གཤེནརབས,gshen rabs,གཤེན་རབས,rKTs (CC BY 4.0): Nima Hojer Lama The Genealogy of Ya-ngal Family of Dolpo
shyen,ཤྱེན,gshen,གཤེན,rKTs (CC BY 4.0): Nima Hojer Lama The Genealogy of Ya-ngal Family of Dolpo
gsholcags,གཤོལྕགས,gshol lcags,གཤོལ་ལྕགས,rKTs (CC BY 4.0): Dzongkha abbreviations
gsholdan,གཤོལྡན,gshol ldan,གཤོལ་ལྡན,rKTs (CC BY 4.0): Dzongkha abbreviations
gasrubaslog+s+rubs,གསྲུབསློགྶྲུབས,gas srubs slog srubs,གས་སྲུབས་སློག་སྲུབས,rKTs (CC BY 4.0): Esukhia
gasrubs,གསྲུབས,gas srubs,གས་སྲུབས,rKTs (CC BY 4.0): Esukhia
s+yagacode,སྱགཅོདེ་,gsag gcod de,གསག་གཅོད་དེ་,rKTs (CC BY 4.0): Esukhia
s+yaDa,སྱཌ,gsags,གསགས,rKTs (CC BY 4.0): Esukhia
s+yang,སྱང་,gsang,གསང་,rKTs (CC BY 4.0): Esukhia
s+yangakhang,སྱངཁང,gsang khang,གསང་ཁང,rKTs (CC BY 4.0): Esukhia
s+yangakhung,སྱངཁུང,gsang khung,གསང་ཁུང,rKTs (CC BY 4.0): Esukhia
s+yangakhebasngaMDa,སྱངཁེབསྔྃཌ,gsang khebs gsang sngags,གསང་ཁེབས་གསང་སྔགས,rKTs (CC BY 4.0): Esukhia
s+yangan+yad,སྱངནྱད,gsang gnad,གསང་གནད,rKTs (CC BY 4.0): Esukhia
s+yangan+yas,སྱངནྱས,gsang gnas,གསང་གནས,rKTs (CC BY 4.0): Esukhia
s+yangen,སྱངེན,gsang chen,གསང་ཆེན,rKTs (CC BY 4.0): Esukhia
s+yangen,སྱངེན,gsang chen,གསང་ཆེན,rKTs (CC BY 4.0): Esukhia
s+yangabang,སྱངབང,gsang dbang,གསང་དབང,rKTs (CC BY 4.0): Esukhia
s+yanga'i,སྱངའི་,gsang ba'i,གསང་བའི་,rKTs (CC BY 4.0): Esukhia
s+yanga'isung,སྱངའིསུང,gsang ba'i gsung,གསང་བའི་གསུང,rKTs (CC BY 4.0): Esukhia
s+yanga'idago,སྱངའིདགོ་,gsang ba'i bdag po,གསང་བའི་བདག་པོ་,rKTs (CC BY 4.0): Esukhia
s+yanga'idago,སྱངའིདགོ,gsang ba'i bdag po,གསང་བའི་བདག་པོ,rKTs (CC BY 4.0): Esukhia
s+yanga'i,སྱངའི,gsang ba'i,གསང་བའི,rKTs (CC BY 4.0): Esukhia
s+yangarda,སྱངརྡ,gsang brda,གསང་བརྡ,rKTs (CC BY 4.0): Esukhia
s+yangaMtshan,སྱངཾཚན,gsang mtshan,གསང་མཚན,rKTs (CC BY 4.0): Esukhia
s+yangaMdzod,སྱངཾཛོད,gsang mdzod,གསང་མཛོད,rKTs (CC BY 4.0): Esukhia
s+yangatshig,སྱངཚིག,gsang tshig,གསང་ཚིག,rKTs (CC BY 4.0): Esukhia
s+yanga'adusiMskyod,སྱངའདུསིཾསྐྱོད,gsang 'dus mi bskyod,གསང་འདུས་མི་བསྐྱོད,rKTs (CC BY 4.0): Esukhia
gsangartaDa,གསངརྟཌ,gsang rtags,གསང་རྟགས,rKTs (CC BY 4.0): Esukhia
gasngaMDas+yarnying,གསྔྃཌསྱརྙིང,gsang sngags gsar rnying,གསང་སྔགས་གསར་རྙིང,rKTs (CC BY 4.0): Esukhia
gasngaDa,གསྔཌ,gsang sngags,གསང་སྔགས,rKTs (CC BY 4.0): Esukhia
gasngaMDa,གསྔྃཌ,gsang sngags,གསང་སྔགས,rKTs (CC BY 4.0): Esukhia
gasngaT,གསྔཊ,gsang sngags,གསང་སྔགས,rKTs (CC BY 4.0): Dzongkha abbreviations
gsngaMgs,གསྔཾགས,gsang sngags,གསང་སྔགས,rKTs (CC BY 4.0): Bacot écriture cursive Tibétaine
gasngaMT,གསྔཾཊ,gsang sngags,གསང་སྔགས,rKTs (CC BY 4.0): Dzongkha abbreviations
gsaMste,གསྃསྟེ་,gsang ste,གསང་སྟེ་,rKTs (CC BY 4.0): Esukhia
s+yangaspyodashangac+yidor,སྱངསྤྱོདཤངཅྱིདོར,gsang spyod bshang gci 'dor,གསང་སྤྱོད་བཤང་གཅི་འདོར,rKTs (CC BY 4.0): Esukhia
s+yangasbed,སྱངསྦེད,gsang sbed,གསང་སྦེད,rKTs (CC BY 4.0): Esukhia
s+yangaslob,སྱངསློབ,gsang slob,གསང་སློབ,rKTs (CC BY 4.0): Esukhia
s+yang,སྱང,gsang,གསང,rKTs (CC BY 4.0): Esukhia
s+yang+nas,སྱངྣས,gsangs nas,གསངས་ནས,rKTs (CC BY 4.0): Esukhia
s+yadarartsaMs+yang,སྱདརརྩཾསྱང,gsad par brtsams kyang,གསད་པར་བརྩམས་ཀྱང,rKTs (CC BY 4.0): Esukhia
s+yad,སྱད,gsad,གསད,rKTs (CC BY 4.0): Esukhia
s+yanas,སྱནས,gsan nas,གསན་ནས,rKTs (CC BY 4.0): Esukhia
gsanas,གསནས,gsan nas,གསན་ནས,rKTs (CC BY 4.0): Dzongkha abbreviations
s+yanazhesan+yang,སྱནཞེསནྱང,gsan bzhes gnang,གསན་བཞེས་གནང,rKTs (CC BY 4.0): Esukhia
s+yan bya,སྱན་བྱ,gsan bya,གསན་བྱ,rKTs (CC BY 4.0): Esukhia
s+yan,སྱན,gsan,གསན,rKTs (CC BY 4.0): Esukhia
s+yabyin,སྱབྱིན,gsab kyin,གསབ་ཀྱིན,rKTs (CC BY 4.0): Esukhia
s+yabatshigis+yab,སྱབཚིགིསྱབ,gsab tshig gis gsab,གསབ་ཚིག་གིས་གསབ,rKTs (CC BY 4.0): Esukhia
s+ya' \u0f7e,སྱའ་ཾ,gsa' ma,གསའ་མ་,rKTs (CC BY 4.0): Esukhia
s+yar+thogasaraspros+yas,སྱརྠོགསརསྤྲོསྱས,gsar thog gsar spros byas,གསར་ཐོག་གསར་སྤྲོས་བྱས,rKTs (CC BY 4.0): Esukhia
s+yaru,སྱརུ,gsar du,གསར་དུ,rKTs (CC BY 4.0): Esukhia
s+yaratod,སྱརཏོད,gsar btod,གསར་བཏོད,rKTs (CC BY 4.0): Esukhia
s+yar+zos+yara'ongas+yaro'o,སྱརྯོསྱརའོངསྱརོའོ,gsar bzos gsar 'ongs gsar bzo'o,གསར་བཟོས་གསར་འོངས་གསར་བཟོའོ,rKTs (CC BY 4.0): Esukhia
s+yarje,སྱརྗེ་,gsar brje,གསར་བརྗེ་,rKTs (CC BY 4.0): Esukhia
gsarbu,གསརྦུ,gsar bu,གསར་བུ,rKTs (CC BY 4.0): Esukhia
s+yarabyung,སྱརབྱུང,gsar byung,གསར་བྱུང,rKTs (CC BY 4.0): Esukhia
s+yaraM,སྱརཾ,gsar ma,གསར་མ,rKTs (CC BY 4.0): Esukhia
s+yaragyur,སྱརགྱུར,gsar 'gyur,གསར་འགྱུར,rKTs (CC BY 4.0): Esukhia
s+yarnying,སྱརྙིང,gsar rnying,གསར་རྙིང,rKTs (CC BY 4.0): Esukhia
s+yarkyes+yaragroDa,སྱརྐྱེསྱརགྲོཌ,gsar skyes gsar grogs,གསར་སྐྱེས་གསར་གྲོགས,rKTs (CC BY 4.0): Esukhia
s+yar+k+run,སྱརྐྲུན,gsar skrun,གསར་སྐྲུན,rKTs (CC BY 4.0): Esukhia
s+yar,སྱར,gsar,གསར,rKTs (CC BY 4.0): Esukhia
s+yalakhatode,སྱལཁཏོདེ་,gsal kha btod de,གསལ་ཁ་བཏོད་དེ་,rKTs (CC BY 4.0): Esukhia
s+yalakhungasge'ukhung,སྱལཁུངསྒེའུཁུང,gsal khung sge'u khung,གསལ་ཁུང་སྒེའུ་ཁུང,rKTs (CC BY 4.0): Esukhia
s+yalanas,སྱལནས,gsal gnas,གསལ་གནས,rKTs (CC BY 4.0): Esukhia
s+yal+chathon,སྱལྖཐོན,gsal cha thon,གསལ་ཆ་ཐོན,rKTs (CC BY 4.0): Esukhia
s+yalakrolaMdzad,སྱལཀྲོལཾཛད,gsal bkrol mdzad,གསལ་བཀྲོལ་མཛད,rKTs (CC BY 4.0): Esukhia
s+yalatab,སྱལཏབ,gsal btab,གསལ་བཏབ,rKTs (CC BY 4.0): Esukhia
s+yala'i,སྱལའི,gsal ba'i,གསལ་བའི,rKTs (CC BY 4.0): Esukhia
s+yal+g+raDa,སྱལྒྲཌ,gsal bsgrags,གསལ་བསྒྲགས,rKTs (CC BY 4.0): Esukhia
s+yal+yedi,སྱལྱེདི,gsal byed kyi,གསལ་བྱེད་ཀྱི,rKTs (CC BY 4.0): Esukhia
s+yal+yedabyangasacasrog,སྱལྱེདབྱངསཅསྲོག,gsal byed dbyangs bcas srog,གསལ་བྱེད་དབྱངས་བཅས་སྲོག,rKTs (CC BY 4.0): Esukhia
s+yal+yedabyangasaMde,སྱལྱེདབྱངསཾདེ,gsal byed dbyangs med,གསལ་བྱེད་དབྱངས་མེད,rKTs (CC BY 4.0): Esukhia
s+yal+yedaM,སྱལྱེདཾ,gsal byed dam,གསལ་བྱེད་དམ,rKTs (CC BY 4.0): Esukhia
s+yal+yeMgi,སྱལྱེཾགི,gsal byed mig,གསལ་བྱེད་མིག,rKTs (CC BY 4.0): Esukhia
s+yal+yed,སྱལྱེད,gsal byed,གསལ་བྱེད,rKTs (CC BY 4.0): Esukhia
s+yalaMch+yo,སྱལཾཆྱོ་,gsal mchog,གསལ་མཆོག,rKTs (CC BY 4.0): Esukhia
s+yalaMthong,སྱལཾཐོང,gsal mthong,གསལ་མཐོང,rKTs (CC BY 4.0): Esukhia
s+yalaMdzad,སྱལཾཛད,gsal mdzad,གསལ་མཛད,rKTs (CC BY 4.0): Esukhia
s+yaleM,སྱལེཾ,gsal me,གསལ་མེ,rKTs (CC BY 4.0): Esukhia
s+yal+zhag,སྱལྮག,gsal zhag,གསལ་ཞག,rKTs (CC BY 4.0): Esukhia
s+yaladebs,སྱལདེབས,gsal 'debs,གསལ་འདེབས,rKTs (CC BY 4.0): Esukhia
s+yal+yasagrang+n+yas,སྱལྱསགྲངྣྱས,gsal yas grangs gnas,གསལ་ཡས་གྲངས་གནས,rKTs (CC BY 4.0): Esukhia
gsal+yal+yi,གསལྱལྱི,gsal rgyal gyi,གསལ་རྒྱལ་གྱི,rKTs (CC BY 4.0): Dzongkha abbreviations
gsal+yal,གསལྱལ,gsal rgyal,གསལ་རྒྱལ,rKTs (CC BY 4.0): Dzongkha abbreviations
s+yal+yal,སྱལྱལ,gsal rgyal,གསལ་རྒྱལ,rKTs (CC BY 4.0): Esukhia
s+yalarjen,སྱལརྗེན,gsal rjen,གསལ་རྗེན,rKTs (CC BY 4.0): Esukhia
gsalame,གསལམེ,gsal lam me,གསལ་ལམ་མེ,rKTs (CC BY 4.0): Dzongkha abbreviations
gsalAm,གསལཱམ,gsal lam lam,གསལ་ལམ་ལམ,rKTs (CC BY 4.0): Dzongkha abbreviations
s+yaMlaM,སྱཾལཾ་,gsal lam lam,གསལ་ལམ་ལམ་,rKTs (CC BY 4.0): Esukhia
s+yale,སྱལེ,gsal le,གསལ་ལེ,rKTs (CC BY 4.0): Esukhia
gsalo,གསལོ,gsal lo,གསལ་ལོ,rKTs (CC BY 4.0): Nima Hojer Lama The Genealogy of Ya-ngal Family of Dolpo
s+yaldan,སྱལྡན,gsal ldan,གསལ་ལྡན,rKTs (CC BY 4.0): Esukhia
s+yalhinge,སྱལྷིངེ་,gsal lhing nge,གསལ་ལྷིང་ངེ་,rKTs (CC BY 4.0): Esukhia
s+yal+shingagirtse,སྱལྴིངགིརྩེ་,gsal shing gi rtse,གསལ་ཤིང་གི་རྩེ་,rKTs (CC BY 4.0): Esukhia
s+yaltong,སྱལྟོང,gsal stong,གསལ་སྟོང,rKTs (CC BY 4.0): Esukhia
s+yal+nang,སྱལྣང,gsal snang,གསལ་སྣང,rKTs (CC BY 4.0): Esukhia
s+yal+s+pungas+yi,སྱལྶྤུངསྱི་,gsal spungs kyi,གསལ་སྤུངས་ཀྱི་,rKTs (CC BY 4.0): Esukhia
s+yal,སྱལ,gsal,གསལ,rKTs (CC BY 4.0): Esukhia
s+yasoM,སྱསོཾ་,gsas mo,གསས་མོ་,rKTs (CC BY 4.0): Esukhia
gsasar,གསསར,gsas mkhar,གསས་མཁར,rKTs (CC BY 4.0): Nima Hojer Lama The Genealogy of Ya-ngal Family of Dolpo
syas,སྱས,gsas,གསས,rKTs (CC BY 4.0): Nima Hojer Lama The Genealogy of Ya-ngal Family of Dolpo
s+yiginas+yiDa,སྱིགིནསྱིཌ,gsig gin gsigs,གསིག་གིན་གསིགས,rKTs (CC BY 4.0): Esukhia
s+yingagin,སྱིངགིན,gsing gin,གསིང་གིན,rKTs (CC BY 4.0): Esukhia
gsingas+shig,གསིངསྴིག,gsings shig,གསིངས་ཤིག,rKTs (CC BY 4.0): Esukhia
s+yir,སྱིར,gsir,གསིར,rKTs (CC BY 4.0): Esukhia
s+yilba,སྱིལྦ,gsil ba,གསིལ་བ,rKTs (CC BY 4.0): Esukhia
s+yilba'o,སྱིལྦའོ་,gsil ba'o,གསིལ་བའོ་,rKTs (CC BY 4.0): Esukhia
s+yil,སྱིལ,gsil,གསིལ,rKTs (CC BY 4.0): Esukhia
s+yug+zos,སྱུགྯོས,gsug zos,གསུག་ཟོས,rKTs (CC BY 4.0): Esukhia
s+yakhungasagang,སྱཁུངསགང་,gsung khungs gang,གསུང་ཁུངས་གང་,rKTs (CC BY 4.0): Esukhia
gsung du+ol,གསུང་དོུལ,gsung du gsol,གསུང་དུ་གསོལ,rKTs (CC BY 4.0): Dzongkha abbreviations
s+yungagros,སྱུངགྲོས,gsung bgros,གསུང་བགྲོས,rKTs (CC BY 4.0): Esukhia
s+yungashad,སྱུངཤད,gsung bshad,གསུང་བཤད,rKTs (CC BY 4.0): Esukhia
gsuMbuM,གསུྃབུཾ,gsung 'bum,གསུང་འབུམ,rKTs (CC BY 4.0): Esukhia
gsub,གསུབ,gsung rab,གསུང་རབ,rKTs (CC BY 4.0): Esukhia
suMb,སུྃབ,gsung rab,གསུང་རབ,rKTs (CC BY 4.0): Esukhia
gsub,གསུབ,gsung rab,གསུང་རབ,rKTs (CC BY 4.0)
gas+yartsoM,གསྱརྩོཾ,gsung rtsom,གསུང་རྩོམ,rKTs (CC BY 4.0): Esukhia
s+yungan,སྱུངན,gsung lan,གསུང་ལན,rKTs (CC BY 4.0): Esukhia
gsung+s+k+yes,གསུངྶྐྱེས,gsung skyes,གསུང་སྐྱེས,rKTs (CC BY 4.0): Esukhia
gsuMsgros,གསུྃསྒྲོས,gsung sgros,གསུང་སྒྲོས,rKTs (CC BY 4.0): Esukhia
s+yang,སྱང,gsung,གསུང,rKTs (CC BY 4.0): Esukhia
s+yungas+yangas+yung+nas,སྱུངསྱངསྱུངྣས,gsungs kyang gsungs nas,གསུངས་ཀྱང་གསུངས་ནས,rKTs (CC BY 4.0): Esukhia
s+yungaso,སྱུངསོ་,gsungs so,གསུངས་སོ་,rKTs (CC BY 4.0): Esukhia
gsungaso,གསུངསོ,gsungs so,གསུངས་སོ,rKTs (CC BY 4.0): Dzongkha abbreviations
gsungso,གསུངསོ,gsungs so,གསུངས་སོ,rKTs (CC BY 4.0): Nima Hojer Lama The Genealogy of Ya-ngal Family of Dolpo
gas+yire,གསྱིརེ་,gsub ba'i phyir te,གསུབ་བའི་ཕྱིར་ཏེ་,rKTs (CC BY 4.0): Esukhia
s+yub,སྱུབ,gsub,གསུབ,rKTs (CC BY 4.0): Esukhia
s+yubasig,སྱུབསིག,gsubs shig,གསུབས་ཤིག,rKTs (CC BY 4.0): Esukhia
3du,༣དུ,gsum du,གསུམ་དུ,rKTs (CC BY 4.0): Dzongkha abbreviations
gsuM du,གསུཾ་དུ,gsum du,གསུམ་དུ,rKTs (CC BY 4.0): Dzongkha abbreviations
ny+ri,ཉྲི,gsum ni,གསུམ་ནི,rKTs (CC BY 4.0): Esukhia
ny+ra'i,ཉྲའི་,gsum pa'i,གསུམ་པའི་,rKTs (CC BY 4.0): Esukhia
gsuMr,གསུཾར,gsum par,གསུམ་པར,rKTs (CC BY 4.0)
gsu+eMd,གསེུཾད,gsum med,གསུམ་མེད,rKTs (CC BY 4.0): Dzongkha abbreviations
gsumo,གསུམོ,gsum mo,གསུམ་མོ,rKTs (CC BY 4.0): Nima Hojer Lama The Genealogy of Ya-ngal Family of Dolpo
gs^uMn,གསུཾ༹ན,gsum tshan,གསུམ་ཚན,rKTs (CC BY 4.0): Dzongkha abbreviations
gsuM,གསུཾ,gsum,གསུམ,rKTs (CC BY 4.0)
gsurakarasur,གསུརཀརསུར,gsur dkar gsur,གསུར་དཀར་གསུར་,rKTs (CC BY 4.0): Esukhia
gsurngo,གསུརྔོ་,gsur bsngo,གསུར་བསྔོ་,rKTs (CC BY 4.0): Esukhia
gsurdzasur,གསུརྫསུར,gsur rdza gsur,གསུར་རྫ་གསུར,rKTs (CC BY 4.0): Esukhia
gsus+yiM,གསུསྱིཾ་,gsus khyim,གསུས་ཁྱིམ་,rKTs (CC BY 4.0): Esukhia
s+yuso \u0f7a,སྱུསོ་ེ,gsus po che,གསུས་པོ་ཆེ་,rKTs (CC BY 4.0): Esukhia
s+ye,སྱེ་,gse,གསེ་,rKTs (CC BY 4.0): Esukhia
s+ye,སྱེ་,gse,གསེ་,rKTs (CC BY 4.0): Esukhia
s+ye,སྱེ་,gse,གསེ་,rKTs (CC BY 4.0): Esukhia
s+yegakadado,སྱེགཀདདོ་,gseg ka dod,གསེག་ཀ་དོད་,rKTs (CC BY 4.0): Esukhia
s+yegacod,སྱེགཅོད,gseg gcod,གསེག་གཅོད,rKTs (CC BY 4.0): Esukhia
s+yegri,སྱེགྲི་,gseg gri,གསེག་གྲི་,rKTs (CC BY 4.0): Esukhia
s+yegaso,སྱེགསོ,gseg dgos,གསེག་དགོས,rKTs (CC BY 4.0): Esukhia
s+yegaM,སྱེགཾ་,gseg ma,གསེག་མ་,rKTs (CC BY 4.0): Esukhia
s+yeg \u0f7e\u0f7arung,སྱེག་ཾེརུང,gseg mi rung,གསེག་མི་རུང,rKTs (CC BY 4.0): Esukhia
s+yegaluM,སྱེགལུཾ,gseg lam du,གསེག་ལམ་དུ,rKTs (CC BY 4.0): Esukhia
s+yeg,སྱེག,gseg,གསེག,rKTs (CC BY 4.0): Esukhia
s+yengaphragasengar,སྱེངཕྲགསེངར,gseng phrag gseng bar,གསེང་ཕྲག་གསེང་བར,rKTs (CC BY 4.0): Esukhia
s+yengashor,སྱེངཤོར,gseng shor,གསེང་ཤོར,rKTs (CC BY 4.0): Esukhia
s+yed+yin,སྱེདྱིན,gsed kyin,གསེད་ཀྱིན,rKTs (CC BY 4.0): Esukhia
s+yedakrol,སྱེདཀྲོལ,gsed krol,གསེད་ཀྲོལ,rKTs (CC BY 4.0): Esukhia
s+yedaMkhan,སྱེདཾཁན,gsed mkhan,གསེད་མཁན,rKTs (CC BY 4.0): Esukhia
s+yeb+tusdad,སྱེབྟུསྡད,gseb tu bsdad,གསེབ་ཏུ་བསྡད,rKTs (CC BY 4.0): Esukhia
s+yebango,སྱེབངོ,gseb bong,གསེབ་བོང,rKTs (CC BY 4.0): Esukhia
s+yeb,སྱེབ,gseb,གསེབ,rKTs (CC BY 4.0): Esukhia
s+yeb,སྱེབ,gseb,གསེབ,rKTs (CC BY 4.0): Esukhia
s+yerakongaM,སྱེརཀོངཾ,gser kong ngam,གསེར་ཀོང་ངམ,rKTs (CC BY 4.0): Esukhia
s+yerakhri,སྱེརཁྲི་,gser khri,གསེར་ཁྲི་,rKTs (CC BY 4.0): Esukhia
s+yeradung,སྱེརདུང,gser gdung,གསེར་གདུང,rKTs (CC BY 4.0): Esukhia
s+yeradub,སྱེརདུབ,gser gdub,གསེར་གདུབ,rKTs (CC BY 4.0): Esukhia
s+yerash+ya'aM,སྱེརཤྱའཾ,gser gsha' ma,གསེར་གཤའ་མ,rKTs (CC BY 4.0): Esukhia
s+yer+yi,སྱེརྱི་,gser gyi,གསེར་གྱི་,rKTs (CC BY 4.0): Esukhia
gseran,གསེརན,gser can,གསེར་ཅན,rKTs (CC BY 4.0): Dzongkha abbreviations
s+yer+chab,སྱེརྖབ,gser chab,གསེར་ཆབ,rKTs (CC BY 4.0): Esukhia
s+yer+chu,སྱེརྖུ,gser chu,གསེར་ཆུ,rKTs (CC BY 4.0): Esukhia
s+yer+chos,སྱེརྖོས,gser chos,གསེར་ཆོས,rKTs (CC BY 4.0): Esukhia
s+yerathaM,སྱེརཐཾ,gser tham,གསེར་ཐམ,rKTs (CC BY 4.0): Esukhia
s+yerathub,སྱེརཐུབ,gser thub,གསེར་ཐུབ,rKTs (CC BY 4.0): Esukhia
gserog,གསེརོག,gser thog,གསེར་ཐོག,rKTs (CC BY 4.0): Dzongkha abbreviations
gserod,གསེརོད,gser thod,གསེར་ཐོད,rKTs (CC BY 4.0): Dzongkha abbreviations
s+yeratso \u0f7e,སྱེརཙོ་ཾ,gser btso ma,གསེར་བཙོ་མ་,rKTs (CC BY 4.0): Esukhia
s+yeraMkhar,སྱེརཾཁར,gser mkhar,གསེར་མཁར,rKTs (CC BY 4.0): Esukhia
s+yeraMngalcan,སྱེརཾངལྕན,gser mngal can,གསེར་མངལ་ཅན,rKTs (CC BY 4.0): Esukhia
s+yeradab+canakha'+ding,སྱེརདབྕནཁའྡིང,gser 'dab can mkha' lding,གསེར་འདབ་ཅན་མཁའ་ལྡིང,rKTs (CC BY 4.0): Esukhia
s+yoriDa,སྱོརིཌ,gser rigs,གསེར་རིགས,rKTs (CC BY 4.0): Esukhia
s+yerko,སྱེརྐོ,gser rko,གསེར་རྐོ,rKTs (CC BY 4.0): Esukhia
s+yerkong,སྱེརྐོང,gser rkong,གསེར་རྐོང,rKTs (CC BY 4.0): Esukhia
s+yerdo,སྱེརྡོ,gser rdo,གསེར་རྡོ,rKTs (CC BY 4.0): Esukhia
s+yerna,སྱེརྣ་,gser rna,གསེར་རྣ,rKTs (CC BY 4.0): Esukhia
s+yeraldanaM'aM,སྱེརལྡནཾའཾ,gser ldan ma'am,གསེར་ལྡན་མའམ,rKTs (CC BY 4.0): Esukhia
s+yeraldan,སྱེརལྡན,gser ldan,གསེར་ལྡན,rKTs (CC BY 4.0): Esukhia
s+yerasku,སྱེརསྐུ,gser sku,གསེར་སྐུ,rKTs (CC BY 4.0): Esukhia
s+yerkud,སྱེརྐུད,gser skud,གསེར་སྐུད,rKTs (CC BY 4.0): Esukhia
s+yerkud,སྱེརྐུད,gser skud,གསེར་སྐུད,rKTs (CC BY 4.0): Esukhia
gasku+erd,གསྐེུརད,gser skud,གསེར་སྐུད,rKTs (CC BY 4.0): Dzongkha abbreviations
gskyairaMs,གསྐྱཻརཾས,gser skyems,གསེར་སྐྱེམས,rKTs (CC BY 4.0): Bacot écriture cursive Tibétaine
gaskyereMs,གསྐྱེརེཾས,gser skyems,གསེར་སྐྱེམས,rKTs (CC BY 4.0): Dzongkha abbreviations
gas+yeresaM,གསྱེརེསཾ,gser skyems,གསེར་སྐྱེམས,rKTs (CC BY 4.0): Dzongkha abbreviations
s+yeresaM,སྱེརེསཾ,gser skyems,གསེར་སྐྱེམས,rKTs (CC BY 4.0): Esukhia
s+yeraM,སྱེརཾ,gser skyems,གསེར་སྐྱེམས,rKTs (CC BY 4.0): Dzongkha abbreviations
s+yauraM,སྱཽརཾ,gser skyems,གསེར་སྐྱེམས,rKTs (CC BY 4.0): Bacot écriture cursive Tibétaine
s+yerasbyangasatsoM,སྱེརསྦྱངསཙོཾ,gser sbyangs btso ma,གསེར་སྦྱངས་བཙོ་མ,rKTs (CC BY 4.0): Esukhia
s+yer,སྱེར,gser,གསེར,rKTs (CC BY 4.0): Esukhia
syer,སྱེར,gser,གསེར,rKTs (CC BY 4.0): Nima Hojer Lama The Genealogy of Ya-ngal Family of Dolpo
syel,སྱེལ,gsel,གསེལ,rKTs (CC BY 4.0): Nima Hojer Lama The Genealogy of Ya-ngal Family of Dolpo
s+yes+zin,སྱེསྯིན,gses zin,གསེས་ཟིན,rKTs (CC BY 4.0): Esukhia
s+yes,སྱེས,gses,གསེས,rKTs (CC BY 4.0): Esukhia
s+yothigasospyad,སྱོཐིགསོསྤྱད,gso thig gso spyad,གསོ་ཐིག་གསོ་སྤྱད,rKTs (CC BY 4.0): Esukhia
s+yopyad,སྱོཔྱད,gso dpyad,གསོ་དཔྱད,rKTs (CC BY 4.0): Esukhia
gsu+o,གསོུ,gso bu,གསོ་བུ,rKTs (CC BY 4.0): Dzongkha abbreviations
s+yode,སྱོདེ,gso byed,གསོ་བྱེད,rKTs (CC BY 4.0): Esukhia
s+yoMkhan,སྱོཾཁན,gso mkhan,གསོ་མཁན,rKTs (CC BY 4.0): Esukhia
gats+s+k+yongo,གཙྶྐྱོངོ,gso skyong,གསོ་སྐྱོང,rKTs (CC BY 4.0): Esukhia
gats+s+k+yongo,གཙྶྐྱོངོ,gso skyong,གསོ་སྐྱོང,rKTs (CC BY 4.0): Esukhia
s+yosbyongo,སྱོསྦྱོངོ་,gso sbyong,གསོ་སྦྱོང་,rKTs (CC BY 4.0): Esukhia
s+yosbyongaphaDa,སྱོསྦྱོངཕཌ,gso sbyong 'phags,གསོ་སྦྱོང་འཕགས,rKTs (CC BY 4.0): Esukhia
s+yo,སྱོ,gso,གསོ,rKTs (CC BY 4.0): Esukhia
s+yogasob,སྱོགསོབ,gsog gsob,གསོག་གསོབ,rKTs (CC BY 4.0): Esukhia
s+yogin,སྱོགིན,gsog gin,གསོག་གིན,rKTs (CC BY 4.0): Esukhia
s+yoginas+yograste tho,སྱོགིནསྱོགྲསྟེ་ཐོ་,gsog ginagasog khra ste tho,གསོག་གིནགསོག་ཁྲ་སྟེ་ཐོ་,rKTs (CC BY 4.0): Esukhia
s+yogajogasog,སྱོགཇོགསོག,gsog 'jog gsog,གསོག་འཇོག་གསོག,rKTs (CC BY 4.0): Esukhia
s+yog+r+dzu,སྱོགྲྫུ,gsog rdzu,གསོག་རྫུ,rKTs (CC BY 4.0): Esukhia
s+yog,སྱོག,gsog,གསོག,rKTs (CC BY 4.0): Esukhia
s+yongo,སྱོངོ་,gsong bo,གསོང་བོ་,rKTs (CC BY 4.0): Esukhia
s+yongasig,སྱོངསིག,gsongs shig,གསོངས་ཤིག,rKTs (CC BY 4.0): Esukhia
s+yod+yin,སྱོདྱིན,gsod kyin,གསོད་ཀྱིན,rKTs (CC BY 4.0): Esukhia
gsodaM,གསོདཾ,gsod nams,གསོད་ནམས,rKTs (CC BY 4.0): Nima Hojer Lama The Genealogy of Ya-ngal Family of Dolpo
s+yodar,སྱོདར,gsod par,གསོད་པར,rKTs (CC BY 4.0): Esukhia
s+yodod,སྱོདོད,gsod byed,གསོད་བྱེད,rKTs (CC BY 4.0): Esukhia
s+yod,སྱོད,gsod,གསོད,rKTs (CC BY 4.0): Esukhia
s+yon+cigatshe,སྱོནྕིགཚེ་,gson cig tshe,གསོན་ཅིག་ཚེ་,rKTs (CC BY 4.0): Esukhia
gsono,གསོནོ,gson po,གསོན་པོ,rKTs (CC BY 4.0): Dzongkha abbreviations
s+yonor,སྱོནོར,gson por,གསོན་པོར,rKTs (CC BY 4.0): Esukhia
s+yobazuDa,སྱོབཟུཌ,gsob gzugs,གསོབ་གཟུགས,rKTs (CC BY 4.0): Esukhia
s+yoM,སྱོཾ་,gsom,གསོམ་,rKTs (CC BY 4.0): Esukhia
s+yoraskoranasbu,སྱོརསྐོརནསྦུ,gsor bskor nas bu,གསོར་བསྐོར་ནས་བུ,rKTs (CC BY 4.0): Esukhia
s+yolakha,སྱོལཁ,gsol kha,གསོལ་ཁ,rKTs (CC BY 4.0): Esukhia
s+yolakhang,སྱོལཁང,gsol khang,གསོལ་ཁང,rKTs (CC BY 4.0): Esukhia
s+yolazisaMchod,སྱོལཟིསཾཆོད,gsol gzims mchod,གསོལ་གཟིམས་མཆོད,rKTs (CC BY 4.0): Esukhia
gsaun,གསཽན,gsol dpon,གསོལ་དཔོན,rKTs (CC BY 4.0): Dzongkha abbreviations
s+yolachoMdabyed,སྱོལཆོཾདབྱེད,gsol mchod byed,གསོལ་མཆོད་བྱེད,rKTs (CC BY 4.0): Esukhia
s+yolangi,སྱོལངི,gsol zhing,གསོལ་ཞིང,rKTs (CC BY 4.0): Esukhia
s+yol+ras+yol,སྱོལྲསྱོལ,gsol rasas gsol,གསོལ་རསས་གསོལ,rKTs (CC BY 4.0): Esukhia
s+yoloMchodo,སྱོལོཾཆོདོ་,gsol lo mchod,གསོལ་ལོ་མཆོད་,rKTs (CC BY 4.0): Esukhia
s+yolton,སྱོལྟོན,gsol ston,གསོལ་སྟོན,rKTs (CC BY 4.0): Esukhia
s+yolasman,སྱོལསྨན,gsol sman,གསོལ་སྨན,rKTs (CC BY 4.0): Esukhia
s+yol,སྱོལ,gsol,གསོལ,rKTs (CC BY 4.0)
s+yosrugasos+ya,སྱོསྲུགསོསྱ་,gsos phrug gsos bya,གསོས་ཕྲུག་གསོས་བྱ་,rKTs (CC BY 4.0): Esukhia
s+yosigasnos,སྱོསིགསྣོས,gsos shig gsos nas,གསོས་ཤིག་གསོས་ནས,rKTs (CC BY 4.0): Esukhia
s+yosu,སྱོསུ,gsos su,གསོས་སུ,rKTs (CC BY 4.0): Esukhia
s+yos,སྱོས,gsos,གསོས,rKTs (CC BY 4.0): Esukhia
gimiDa,གིམིཌ་,gi dmigs,གི་དམིགས་,rKTs (CC BY 4.0): Esukhia
gngi+en,གངིེན,ging chen,གིང་ཆེན,rKTs (CC BY 4.0): Bacot écriture cursive Tibétaine
gingen,གིངེན,ging chen,གིང་ཆེན,rKTs (CC BY 4.0): Dzongkha abbreviations
gingo,གིངོ,ging pho,གིང་ཕོ,rKTs (CC BY 4.0): Dzongkha abbreviations
gingo,གིངོ,ging mo,གིང་མོ,rKTs (CC BY 4.0): Dzongkha abbreviations
gisazos,གིསཟོས,gis bzos,གིས་བཟོས,rKTs (CC BY 4.0): Esukhia
gisgyur,གིསྒྱུར,gis bsgyur,གིས་བསྒྱུར,rKTs (CC BY 4.0): Esukhia
gulu,གུལུ,gu gul,གུ་གུལ,rKTs (CC BY 4.0): Dzongkha abbreviations
gu+ul,གུུལ,gu gul,གུ་གུལ,rKTs (CC BY 4.0): Bacot écriture cursive Tibétaine
gugo pa,གུགོ་པ,gu dog pa,གུ་དོག་པ,rKTs (CC BY 4.0): Dzongkha abbreviations
guge,གུགེ,gug ge,གུག་གེ,rKTs (CC BY 4.0): Dzongkha abbreviations
gungas+yeng,གུངསྱེང,gung gseng,གུང་གསེང,rKTs (CC BY 4.0): Esukhia
guM,གུཾ,gung,གུང,rKTs (CC BY 4.0): Esukhia
gudu,གུདུ,gud du,གུད་དུ,rKTs (CC BY 4.0): Dzongkha abbreviations
guM,གུཾ,gum,གུམ,rKTs (CC BY 4.0): Nima Hojer Lama The Genealogy of Ya-ngal Family of Dolpo
guMs,གུཾས,gums,གུམས,rKTs (CC BY 4.0): Nima Hojer Lama The Genealogy of Ya-ngal Family of Dolpo
gurang,གུརང་,gur khang,གུར་ཁང་,rKTs (CC BY 4.0): Esukhia
gurang,གུརང,gur khang,གུར་ཁང,rKTs (CC BY 4.0): Nima Hojer Lama The Genealogy of Ya-ngal Family of Dolpo
guraM,གུརཾ,gur gum,གུར་གུམ,rKTs (CC BY 4.0): Dzongkha abbreviations
gurm,གུརམ,gur gum,གུར་གུམ,rKTs (CC BY 4.0): Bacot écriture cursive Tibétaine
gugo,གུགོ,gur thog,གུར་ཐོག,rKTs (CC BY 4.0): Dzongkha abbreviations
gu+og,གོུག,gur thog,གུར་ཐོག,rKTs (CC BY 4.0)
guru,གུརུ,gur bu,གུར་བུ,rKTs (CC BY 4.0): Dzongkha abbreviations
guralisumo,གུརལིསུམོ,gur li gsum mo,གུར་ལི་གསུམ་མོ,rKTs (CC BY 4.0): Esukhia
gu+ul,གུུལ,gul gul,གུལ་གུལ,rKTs (CC BY 4.0): Dzongkha abbreviations
gusadud,གུསདུད,gus 'dud,གུས་འདུད,rKTs (CC BY 4.0): Esukhia
gusbyor,གུསྦྱོར,gus sbyor,གུས་སྦྱོར,rKTs (CC BY 4.0): Dzongkha abbreviations
geod,གེཨོད,ge khod,གེ་ཁོད,rKTs (CC BY 4.0): Nima Hojer Lama The Genealogy of Ya-ngal Family of Dolpo
geT 1,གེཊ་༡,gegs gcig,གེགས་གཅིག,rKTs (CC BY 4.0): Dzongkha abbreviations
gegasel,གེགསེལ,gegs sel,གེགས་སེལ,rKTs (CC BY 4.0): Dzongkha abbreviations
gonas,གོནས,go gnas,གོ་གནས,rKTs (CC BY 4.0): Dzongkha abbreviations
g+chaud,གྖཽད་,go chod,གོ་ཆོད་,rKTs (CC BY 4.0): Esukhia
gongaM,གོངཾ,gong ma,གོང་མ,rKTs (CC BY 4.0): Dzongkha abbreviations
glo'i,གློའི་,go la'i,གོ་ལའི་,rKTs (CC BY 4.0): Esukhia
glo,གློ,go sla,གོ་སླ,rKTs (CC BY 4.0): Esukhia
gong+khur,གོངྑུར,gong khur,གོང་ཁུར,rKTs (CC BY 4.0): Esukhia
gongA+og,གོངཱོག,gong 'og,གོང་འོག,rKTs (CC BY 4.0): Esukhia
gson gshin,གསོན་གཤིན,gon po dang gshin po,གོན་པོ་དང་གཤིན་པོ,rKTs (CC BY 4.0): Bacot écriture cursive Tibétaine
goMs pa,གོཾས་པ,goms pa,གོམས་པ,rKTs (CC BY 4.0): Dzongkha abbreviations
gosaM pa,གོསཾ་པ,goms pa,གོམས་པ,rKTs (CC BY 4.0): Dzongkha abbreviations
goMsrol,གོཾསྲོལ,goms srol,གོམས་སྲོལ,rKTs (CC BY 4.0): Esukhia
goru,གོརུ,gor bu,གོར་བུ,rKTs (CC BY 4.0): Dzongkha abbreviations
golat+yoDa'isgra,གོལཏྱོཌའིསྒྲ,gol gtogs pa'i sgra,གོལ་གཏོགས་པའི་སྒྲ,rKTs (CC BY 4.0): Esukhia
gosuM,གོསུཾ,gos bsum,གོས་བསུམ,rKTs (CC BY 4.0): Dzongkha abbreviations
gosu,གོསུ,gos su,གོས་སུ,rKTs (CC BY 4.0): Dzongkha abbreviations
goser,གོསེར,gos ser,གོས་སེར,rKTs (CC BY 4.0): Dzongkha abbreviations
gosgab,གོསྒབ,gos sgab,གོས་སྒབ,rKTs (CC BY 4.0): Dzongkha abbreviations
gosngon,གོསྔོན,gos sngon can,གོས་སྔོན་ཅན,rKTs (CC BY 4.0): Dzongkha abbreviations
gyalo+e+e,གྱལོེེ,gya le gyol le,གྱ་ལེ་གྱོལ་ལེ,rKTs (CC BY 4.0): Dzongkha abbreviations
gyalo,གྱལོ,gyal gyol,གྱལ་གྱོལ,rKTs (CC BY 4.0): Dzongkha abbreviations
gyugyug,གྱུགྱུག,gyug gyug,གྱུག་གྱུག,rKTs (CC BY 4.0): Dzongkha abbreviations
gyurig,གྱུརིག,gyur cig,གྱུར་ཅིག,rKTs (CC BY 4.0): Dzongkha abbreviations
gyu+ig,གྱིུག,gyur cig,གྱུར་ཅིག,rKTs (CC BY 4.0)
gyurigu,གྱུརིགུ,gyur cig gu,གྱུར་ཅིག་གུ,rKTs (CC BY 4.0): Dzongkha abbreviations
gyu+irag,གྱིུརག,gyur cig,གྱུར་ཅིག,rKTs (CC BY 4.0): Bacot écriture cursive Tibétaine
gyuro,གྱུརོ,gyur ro,གྱུར་རོ,rKTs (CC BY 4.0): Nima Hojer Lama The Genealogy of Ya-ngal Family of Dolpo
gyeso,གྱེསོ,gyes so,གྱེས་སོ,rKTs (CC BY 4.0): Nima Hojer Lama The Genealogy of Ya-ngal Family of Dolpo
gyongaMni,གྱོངྃནི,gyong min,གྱོང་མིན,rKTs (CC BY 4.0): Esukhia
gyonas,གྱོནས,gyon nas,གྱོན་ནས,rKTs (CC BY 4.0): Dzongkha abbreviations
gyosgyug,གྱོསྒྱུག,gyos sgyug,གྱོས་སྒྱུག,rKTs (CC BY 4.0): Dzongkha abbreviations
graDa,གྲཌ་,grags,གྲགས་,rKTs (CC BY 4.0): Esukhia
graD,གྲཌ,grags,གྲགས,rKTs (CC BY 4.0): Nima Hojer Lama The Genealogy of Ya-ngal Family of Dolpo
grangar,གྲངར,grang ngar,གྲང་ངར,rKTs (CC BY 4.0): Dzongkha abbreviations
grangedar,གྲངེདར,grang med par,གྲང་མེད་པར,rKTs (CC BY 4.0): Bacot écriture cursive Tibétaine
granged,གྲངེད,grang med,གྲང་མེད,rKTs (CC BY 4.0): Bacot écriture cursive Tibétaine
grangan,གྲངན,grangs can,གྲངས་ཅན,rKTs (CC BY 4.0): Dzongkha abbreviations
grangader,གྲངདེར,grangs med par,གྲངས་མེད་པར,rKTs (CC BY 4.0): Dzongkha abbreviations
granged,གྲངེད,grangs med,གྲངས་མེད,rKTs (CC BY 4.0): Dzongkha abbreviations
graMs,གྲཾས,grangs,གྲངས,rKTs (CC BY 4.0): Esukhia
gru+ig,གྲིུག,gri gug,གྲི་གུག,rKTs (CC BY 4.0)
gru+im,གྲིུམ,gri gum,གྲི་གུམ,rKTs (CC BY 4.0): Dzongkha abbreviations
gri thoDa,གྲི་ཐོཌ,gri thogs,གྲི་ཐོགས,rKTs (CC BY 4.0): Esukhia
griMdung,གྲིྃདུང་,gri mdung,གྲི་མདུང་,rKTs (CC BY 4.0): Esukhia
gribasil,གྲིབསིལ,grib bsil,གྲིབ་བསིལ,rKTs (CC BY 4.0): Dzongkha abbreviations
gribaMtshas,གྲིབྃཚས,grib mtshams,གྲིབ་མཚམས,rKTs (CC BY 4.0): Esukhia
grib+kaM,གྲིབྐཾ་,grib skam,གྲིབ་སྐམ་,rKTs (CC BY 4.0): Esukhia
grugu,གྲུགུ,gru gu,གྲུ་གུ,rKTs (CC BY 4.0): Esukhia
gruzings,གྲུཟིངས,gru gzings,གྲུ་གཟིངས,rKTs (CC BY 4.0): Dzongkha abbreviations
gru+ings,གྲིུངས,gru gzings,གྲུ་གཟིངས,rKTs (CC BY 4.0): Dzongkha abbreviations
grusuMT,གྲུསུཾཊ,gru gsum,གྲུ་གསུམ,rKTs (CC BY 4.0): Dzongkha abbreviations
gru+i,གྲིུ,gru bzhi,གྲུ་བཞི,rKTs (CC BY 4.0)
gro+uM,གྲོུྃ,gru mo,གྲུ་མོ,rKTs (CC BY 4.0): Esukhia
gru+in,གྲིུན,gru zin,གྲུ་ཟིན,rKTs (CC BY 4.0): Dzongkha abbreviations
gr^u+in,གྲིུ༹ན,gru 'dzin,གྲུ་འཛིན,rKTs (CC BY 4.0): Dzongkha abbreviations
gru+in,གྲིུན,gru 'dzin,གྲུ་འཛིན,rKTs (CC BY 4.0)
gru+on,གྲོུན,gru yon,གྲུ་ཡོན,rKTs (CC BY 4.0)
grub+chen,གྲུབྖེན,grub chen,གྲུབ་ཆེན,rKTs (CC BY 4.0): Esukhia
gruben,གྲུབེན,grub chen,གྲུབ་ཆེན,rKTs (CC BY 4.0)
gru+en,གྲེུན,grub chen,གྲུབ་ཆེན,rKTs (CC BY 4.0): Dzongkha abbreviations
grub+nyi,གྲུབྙི,grub nyi,གྲུབ་ཉི,rKTs (CC BY 4.0)
grubo,གྲུབོ,grub thob,གྲུབ་ཐོབ,rKTs (CC BY 4.0): Dzongkha abbreviations
gru+ob,གྲོུབ,grub thob,གྲུབ་ཐོབ,rKTs (CC BY 4.0)
grubo,གྲུབོ,grub bo,གྲུབ་བོ,rKTs (CC BY 4.0): Nima Hojer Lama The Genealogy of Ya-ngal Family of Dolpo
grubog,གྲུབོག,grub mchog,གྲུབ་མཆོག,rKTs (CC BY 4.0): Dzongkha abbreviations
gruM',གྲུཾའ,grub mtha',གྲུབ་མཐའ,rKTs (CC BY 4.0): Dzongkha abbreviations
groni,གྲོནི,gro bzhin,གྲོ་བཞིན,rKTs (CC BY 4.0): Dzongkha abbreviations
gro+in,གྲོིན,gro bzhin,གྲོ་བཞིན,rKTs (CC BY 4.0): Tibetan Shorthand Contractions
grogo,གྲོགོ,grog po,གྲོག་པོ,rKTs (CC BY 4.0): Dzongkha abbreviations
grogoM,གྲོགོཾ,grog mo,གྲོག་མོ,rKTs (CC BY 4.0): Dzongkha abbreviations
groTo,གྲོཊོ,grogs po,གྲོགས་པོ,rKTs (CC BY 4.0): Dzongkha abbreviations
groTo,གྲོཊོ,grogs mo,གྲོགས་མོ,rKTs (CC BY 4.0): Dzongkha abbreviations
groT,གྲོཊ,grogs,གྲོགས,rKTs (CC BY 4.0): Dzongkha abbreviations
groDa,གྲོཌ་,grogs,གྲོགས་,rKTs (CC BY 4.0): Esukhia
gronger,གྲོངེར,grong khyer,གྲོང་ཁྱེར,rKTs (CC BY 4.0): Dzongkha abbreviations
grore,གྲོརེ,grong khyer,གྲོང་ཁྱེར,rKTs (CC BY 4.0): Dzongkha abbreviations
gro+engar,གྲོེངར,grong khyer,གྲོང་ཁྱེར,rKTs (CC BY 4.0): Bacot écriture cursive Tibétaine
gro+er,གྲོེར,grong khyer,གྲོང་ཁྱེར,rKTs (CC BY 4.0)
grolar,གྲོལར,grong bar,གྲོང་བར,rKTs (CC BY 4.0): Dzongkha abbreviations
grongal,གྲོངལ,grong rdal,གྲོང་རྡལ,rKTs (CC BY 4.0)
gron+chung,གྲོནྖུང,gron chung,གྲོན་ཆུང,rKTs (CC BY 4.0): Esukhia
grolo,གྲོལོ,grol lo,གྲོལ་ལོ,rKTs (CC BY 4.0): Nima Hojer Lama The Genealogy of Ya-ngal Family of Dolpo
grwagazuT,གྲྭགཟུཊ,grwa gzugs,གྲྭ་གཟུགས,rKTs (CC BY 4.0): Dzongkha abbreviations
grwalngi,གྲྭལྔི་,grwa lnga'i,གྲྭ་ལྔའི,rKTs (CC BY 4.0): Esukhia
glangen,གླངེན,glang chen,གླང་ཆེན,rKTs (CC BY 4.0): Dzongkha abbreviations
glangon,གླངོན,glang po can,གླང་པོ་ཅན,rKTs (CC BY 4.0): Dzongkha abbreviations
glango+e,གླངོེ,glang po che,གླང་པོ་ཆེ,rKTs (CC BY 4.0): Dzongkha abbreviations
glonge'i,གློངེའི,glang po che'i,གླང་པོ་ཆེའི,rKTs (CC BY 4.0): Dzongkha abbreviations
glango,གླངོ,glang po,གླང་པོ,rKTs (CC BY 4.0): Tibetan Shorthand Contractions
glangen,གླངེན,glan chen,གླན་ཆེན,rKTs (CC BY 4.0): Bacot écriture cursive Tibétaine
gling+thogaM,གླིངྠོགྃ,gling thog ma,གླིང་ཐོག་མ,rKTs (CC BY 4.0): Esukhia
glingaphran 8,གླིངཕྲན་༨,gling phran brgyad,གླིང་ཕྲན་བརྒྱད,rKTs (CC BY 4.0): Esukhia
gling+ran,གླིངྲན,gling phran,གླིང་ཕྲན,rKTs (CC BY 4.0): Esukhia
gluzhas,གླུཞས,glu gzhas,གླུ་གཞས,rKTs (CC BY 4.0): Dzongkha abbreviations
glur,གླུར,glu gar,གླུ་གར,rKTs (CC BY 4.0): Dzongkha abbreviations
gleM,གླེཾ,glegs bam,གླེགས་བམ,rKTs (CC BY 4.0): Dzongkha abbreviations
glem,གླེམ,glegs bam,གླེགས་བམ,rKTs (CC BY 4.0)
glegasu,གླེགསུ,glegs bu,གླེགས་བུ,rKTs (CC BY 4.0): Dzongkha abbreviations
gleDa,གླེཌ་,glegs,གླེགས་,rKTs (CC BY 4.0): Esukhia
gleMzhi'+di+e,གླེྃཞིའྡིེ་,gleng gzhi'i sde,གླེང་གཞིའི་སྡེ་,rKTs (CC BY 4.0): Esukhia
glebya,གླེབྱ,gleb bya,གླེབ་བྱ,rKTs (CC BY 4.0): Dzongkha abbreviations
glebyed,གླེབྱེད,gleb byed,གླེབ་བྱེད,rKTs (CC BY 4.0): Dzongkha abbreviations
glocong,གློཅོང,glo gcong,གློ་གཅོང,rKTs (CC BY 4.0): Dzongkha abbreviations
glosang,གློསང,glo gsang,གློ་གསང,rKTs (CC BY 4.0): Dzongkha abbreviations
glu+oru,གློུརུ,glo bur du,གློ་བུར་དུ,rKTs (CC BY 4.0): Dzongkha abbreviations
glu+or,གློུར,glo bur,གློ་བུར,rKTs (CC BY 4.0): Dzongkha abbreviations
glo+ur,གློུར,glo bur,གློ་བུར,rKTs (CC BY 4.0): Esukhia
glu+or,གློུར,glo 'bur,གློ་འབུར,rKTs (CC BY 4.0): Bacot écriture cursive Tibétaine
glor,གློར,glor,གློར,rKTs (CC BY 4.0): Esukhia
ng+Ro,ངྼོ,nga ro,ང་རོ,rKTs (CC BY 4.0): Esukhia
nga,ང,nga,ང,rKTs (CC BY 4.0): Esukhia
ngagang,ངགང༌,ngag dbang,ངག་དབང༌,rKTs (CC BY 4.0): Dzongkha abbreviations
ngangam shugs,ངངམ་ཤུགས,ngang ngam shugs,ངང་ངམ་ཤུགས,rKTs (CC BY 4.0): Dzongkha abbreviations
ngangur,ངངུར,ngang ngur,ངང་ངུར,rKTs (CC BY 4.0): Dzongkha abbreviations
ngangi,ངངི,ngang ring,ངང་རིང,rKTs (CC BY 4.0): Dzongkha abbreviations
ngan+yang,ངནྱང,ngan kyang,ངན་ཀྱང,rKTs (CC BY 4.0): Tibetan Shorthand Contractions
ngano,ངནོ,ngan ngon,ངན་ངོན,rKTs (CC BY 4.0): Dzongkha abbreviations
nganro,ངནྲོ,ngan 'gro,ངན་འགྲོ,rKTs (CC BY 4.0): Dzongkha abbreviations
nganasgreDa,ངནསྒྲེཌ,ngan sgregs,ངན་སྒྲེགས,rKTs (CC BY 4.0): Esukhia
ngaMs,ངཾས,ngams,ངམས,rKTs (CC BY 4.0): Nima Hojer Lama The Genealogy of Ya-ngal Family of Dolpo
ngarabrelatshaMs,ངརབྲེལཚཾས,ngar 'brel mtshams,ངར་འབྲེལ་མཚམས,rKTs (CC BY 4.0): Esukhia
ngug,ངུག,ngu ngag,ངུ་ངག,rKTs (CC BY 4.0): Dzongkha abbreviations
nguril,ངུརིལ,ngur ril,ངུར་རིལ,rKTs (CC BY 4.0): Dzongkha abbreviations
ngurig,ངུརིག,ngur smrig,ངུར་སྨྲིག,rKTs (CC BY 4.0): Dzongkha abbreviations
ngu+ig,ངིུག,ngur smrig,ངུར་སྨྲིག,rKTs (CC BY 4.0)
ngais,ངཻས,nges nges,ངེས་ངེས,rKTs (CC BY 4.0): Dzongkha abbreviations
ngesa'i,ངེསའི,nges pa'i,ངེས་པའི,rKTs (CC BY 4.0): Esukhia
ngesar,ངེསར,nges par,ངེས་པར,rKTs (CC BY 4.0): Esukhia
ngesu,ངེསུ,nges par du,ངེས་པར་དུ,rKTs (CC BY 4.0): Dzongkha abbreviations
ngesnyed,ངེསྙེད,nges rnyed,ངེས་རྙེད,rKTs (CC BY 4.0): Esukhia
ngese,ངེསེ,nges shes,ངེས་ཤེས,rKTs (CC BY 4.0): Dzongkha abbreviations
nge+es,ངེེས,nges shes,ངེས་ཤེས,rKTs (CC BY 4.0): Bacot écriture cursive Tibétaine
ngesreg,ངེསྲེག,nges sreg,ངེས་སྲེག,rKTs (CC BY 4.0): Dzongkha abbreviations
ngeso,ངེསོ,nges so,ངེས་སོ,rKTs (CC BY 4.0): Nima Hojer Lama The Genealogy of Ya-ngal Family of Dolpo
ngau,ངཽ༌,ngo bo,ངོ་བོ,rKTs (CC BY 4.0): Dzongkha abbreviations
ng^oran,ངོ༹རན,ngo mtshar can,ངོ་མཚར་ཅན,rKTs (CC BY 4.0): Dzongkha abbreviations
ng^ored,ངོ༹རེད,ngo mtshar med,ངོ་མཚར་མེད,rKTs (CC BY 4.0): Dzongkha abbreviations
ng^oMr,ངོཾ༹ར,ngo mtshar,ངོ་མཚར,rKTs (CC BY 4.0): Dzongkha abbreviations
ng^or,ངོ༹ར,ngo mtshar,ངོ་མཚར,rKTs (CC BY 4.0)
ngoMtshar,ངོཾཚར,ngo mtshar,ངོ་མཚར,rKTs (CC BY 4.0): Esukhia
ng^ob,ངོ༹བ,ngo tshab,ངོ་ཚབ,rKTs (CC BY 4.0): Dzongkha abbreviations
ngosre,ངོསྲེ་,ngo sre,ངོ་སྲེ་,rKTs (CC BY 4.0): Esukhia
ngosu,ངོསུ,ngos su,ངོས་སུ,rKTs (CC BY 4.0): Dzongkha abbreviations
c+lag,ཅླག,ca lag,ཅ་ལག,rKTs (CC BY 4.0): Esukhia
cagis,ཅགིས,cag gis,ཅག་གིས,rKTs (CC BY 4.0): Esukhia
cagruM,ཅགྲུྃ,cag grum,ཅག་གྲུམ,rKTs (CC BY 4.0): Esukhia
cag+cag+zos,ཅགྕགྯོས,cag cag zos,ཅག་ཅག་ཟོས,rKTs (CC BY 4.0): Esukhia
cagakar,ཅགཀར,cag dkar,ཅག་དཀར,rKTs (CC BY 4.0): Esukhia
cangal,ཅངལ,cang ngal,ཅང་ངལ,rKTs (CC BY 4.0): Esukhia
cango,ཅངོ,cang cong,ཅང་ཅོང,rKTs (CC BY 4.0): Dzongkha abbreviations
cangaMde,ཅངྃདེ,cang med,ཅང་མེད,rKTs (CC BY 4.0): Esukhia
can+yi,ཅནྱི,can gyi,ཅན་གྱི,rKTs (CC BY 4.0)
canu,ཅནུ,can du,ཅན་དུ,rKTs (CC BY 4.0): Dzongkha abbreviations
cane,ཅནེ,can ne,ཅན་ནེ,rKTs (CC BY 4.0): Esukhia
cane,ཅནེ་,can no,ཅན་ནོ་,rKTs (CC BY 4.0): Esukhia
camu,ཅམུ,cam bu,ཅམ་བུ,rKTs (CC BY 4.0): Dzongkha abbreviations
canaMde,ཅནྃདེ,can med,ཅན་མེད,rKTs (CC BY 4.0): Esukhia
caMr,ཅྃར,car mar,ཅར་མར,rKTs (CC BY 4.0): Esukhia
care,ཅརེ,car re,ཅར་རེ,rKTs (CC BY 4.0): Esukhia
calo,ཅལོ,cal col,ཅལ་ཅོལ,rKTs (CC BY 4.0): Dzongkha abbreviations
cisuM,ཅིསུཾ,ci gsung,ཅི་གསུང,rKTs (CC BY 4.0): Esukhia
cir+rol,ཅིརྲོལ,ci grol,ཅི་གྲོལ,rKTs (CC BY 4.0): Esukhia
ci+og,ཅིོག,ci cog,ཅི་ཅོག,rKTs (CC BY 4.0): Dzongkha abbreviations
c+rig,ཅྲིག,ci drag,ཅི་དྲག,rKTs (CC BY 4.0): Esukhia
bideraMchi,བིདེརྃཆི་,ci bder mchi,ཅི་བདེར་མཆི་,rKTs (CC BY 4.0): Esukhia
cidzod,ཅིཛོད,ci mdzod,ཅི་མཛོད་,rKTs (CC BY 4.0): Esukhia
cideM,ཅིདེྃ,ci med,ཅི་མེད,rKTs (CC BY 4.0): Esukhia
citsug,ཅིཙུག,ci tsug,ཅི་ཙུག,rKTs (CC BY 4.0): Esukhia
citshug,ཅིཚུག,ci tshug,ཅི་ཚུག,rKTs (CC BY 4.0): Esukhia
cidod,ཅིདོད,ci 'dod,ཅི་འདོད,rKTs (CC BY 4.0): Esukhia
c+ri'i,ཅྲིའི,ci 'dra'i,ཅི་འདྲའི,rKTs (CC BY 4.0): Esukhia
c+ti,ཅྟི་,ci lta,ཅི་ལྟ་,rKTs (CC BY 4.0): Esukhia
c+ti+u,ཅྟིུ,ci lta bu,ཅི་ལྟ་བུ,rKTs (CC BY 4.0): Esukhia
cirta,ཅིརྟ,ci ltar,ཅི་ལྟར,rKTs (CC BY 4.0): Dzongkha abbreviations
c+tir,ཅྟིར,ci ltar,ཅི་ལྟར,rKTs (CC BY 4.0)
c+ti+e,ཅྟིེ,ci ste,ཅི་སྟེ,rKTs (CC BY 4.0): Esukhia
cigi,ཅིགི,cig gi,ཅིག་གི,rKTs (CC BY 4.0): Dzongkha abbreviations
cigis,ཅིགིས,cig gis,ཅིག་གིས,rKTs (CC BY 4.0): Nima Hojer Lama The Genealogy of Ya-ngal Family of Dolpo
cig+car,ཅིགྕར,cig car,ཅིག་ཅར,rKTs (CC BY 4.0): Esukhia
ciga'i,ཅིགའི,cig pa'i,ཅིག་པའི,rKTs (CC BY 4.0): Esukhia
cig+shos,ཅིགྴོས,cig shos,ཅིག་ཤོས,rKTs (CC BY 4.0): Esukhia
cirang,ཅིརང་,cir yang,ཅིར་ཡང་,rKTs (CC BY 4.0): Esukhia
cis+yang,ཅིསྱང,cis kyang,ཅིས་ཀྱང,rKTs (CC BY 4.0): Esukhia
curtsa,ཅུརྩ་,cu rtsa,ཅུ་རྩ་,rKTs (CC BY 4.0): Esukhia
ce+ung,ཅེུང,cung peng,ཅུང་པེང,rKTs (CC BY 4.0): Esukhia
cungazadaraM,ཅུངཟདརྃ,cung zad dmar,ཅུང་ཟད་དམར,rKTs (CC BY 4.0): Esukhia
cucazadadaM,ཅུཅཟདདྃ,cung zad dmar,ཅུང་ཟད་དམར,rKTs (CC BY 4.0): Esukhia
cuzadatsaM,ཅུཟདཙྃ,cung zad tsam,ཅུང་ཟད་ཙམ,rKTs (CC BY 4.0): Esukhia
cung^ad,ཅུང༹ད,cung zad,ཅུང་ཟད,rKTs (CC BY 4.0)
cungad,ཅུངད,cung zad,ཅུང་ཟད,rKTs (CC BY 4.0): Dzongkha abbreviations
cungazad,ཅུངཟད,cung zad,ཅུང་ཟད,rKTs (CC BY 4.0): Esukhia
cung+zad,ཅུངྯད,cung zad,ཅུང་ཟད,rKTs (CC BY 4.0): Esukhia
ce+ung,ཅེུང,cung seng,ཅུང་སེང,rKTs (CC BY 4.0): Esukhia
c+rai,ཅྲཻ,ce re,ཅེ་རེ,rKTs (CC BY 4.0): Esukhia
c+ye?ng,ཅྱ྄ེང་,ce spyang,ཅེ་སྤྱང་,rKTs (CC BY 4.0): Esukhia
cere,ཅེརེ,cer re,ཅེར་རེ,rKTs (CC BY 4.0): Esukhia
cesungs pa,ཅེསུངས་པ,ces gsungs pa,ཅེས་གསུངས་པ,rKTs (CC BY 4.0): Dzongkha abbreviations
ces+ya pa,ཅེསྱ་པ,ces gsungs pa,ཅེས་གསུངས་པ,rKTs (CC BY 4.0): Dzongkha abbreviations
cu+engaso,ཅེུངསོ,ces gsungs so,ཅེས་གསུངས་སོ,rKTs (CC BY 4.0): Dzongkha abbreviations
cu+engso,ཅེུངསོ,ces gsungs so,ཅེས་གསུངས་སོ,rKTs (CC BY 4.0): Bacot écriture cursive Tibétaine
cesungaso,ཅེསུངསོ,ces gsungs so,ཅེས་གསུངས་སོ,rKTs (CC BY 4.0): Dzongkha abbreviations
cesung,ཅེསུང,ces gsungs,ཅེས་གསུངས,rKTs (CC BY 4.0): Esukhia
cestan pa,ཅེསྟན་པ,ces bstan pa,ཅེས་བསྟན་པ,rKTs (CC BY 4.0): Dzongkha abbreviations
cestaud,ཅེསྟཽད,ces bstod do,ཅེས་བསྟོད་དོ,rKTs (CC BY 4.0): Bacot écriture cursive Tibétaine
ceso,ཅེསོ,ces so,ཅེས་སོ,rKTs (CC BY 4.0)
cesgyuro,ཅེསྒྱུརོ,ces sgyur ro,ཅེས་སྒྱུར་རོ,rKTs (CC BY 4.0): Esukhia
cesmraso,ཅེསྨྲསོ,ces smras so,ཅེས་སྨྲས་སོ,rKTs (CC BY 4.0): Dzongkha abbreviations
c+tau,ཅྟཽ,co to,ཅོ་ཏོ,rKTs (CC BY 4.0): Esukhia
c+thau,ཅྠཽ,co tho,ཅོ་ཐོ,rKTs (CC BY 4.0): Esukhia
cocad,ཅོཅད,co bcad,ཅོ་བཅད,rKTs (CC BY 4.0): Esukhia
c+lo+e,ཅློེ་,co le,ཅོ་ལེ་,rKTs (CC BY 4.0): Esukhia
cog+khebs,ཅོགྑེབས,cog khebs,ཅོག་ཁེབས,rKTs (CC BY 4.0): Esukhia
cogur,ཅོགུར,cog gur,ཅོག་གུར,rKTs (CC BY 4.0): Esukhia
coge,ཅོགེ,cog ge,ཅོག་གེ,rKTs (CC BY 4.0): Esukhia
caug,ཅཽག,cog cog,ཅོག་ཅོག,rKTs (CC BY 4.0): Esukhia
cogetsa,ཅོགེཙ,cog tse,ཅོག་ཙེ,rKTs (CC BY 4.0): Esukhia
cing+zhi,ཅིངྮི་,cong zhi,ཅོང་ཞི་,rKTs (CC BY 4.0): Esukhia
c+Raung,ཅྼཽང,cong rong,ཅོང་རོང,rKTs (CC BY 4.0): Esukhia
coM,ཅོྃ,com,ཅོམ,rKTs (CC BY 4.0): Esukhia
col+chung,ཅོལྖུང་,col chung,ཅོལ་ཆུང་,rKTs (CC BY 4.0): Esukhia
cole,ཅོལེ,col le,ཅོལ་ལེ,rKTs (CC BY 4.0): Esukhia
coleb,ཅོལེབ,col leb,ཅོལ་ལེབ,rKTs (CC BY 4.0): Dzongkha abbreviations
colo,ཅོལོ,col lo,ཅོལ་ལོ,rKTs (CC BY 4.0): Dzongkha abbreviations
chanyiM'i,ཆཉིྃའི་,cha mnyam pa'i,ཆ་མཉམ་པའི་,rKTs (CC BY 4.0): Esukhia
chadzin,ཆཛིན,cha 'dzin,ཆ་འཛིན,rKTs (CC BY 4.0): Esukhia
m+s+di+uganyaMm,མྶྡིུགཉཾམ,cha lugs mi sdug nyams,ཆ་ལུགས་མི་སྡུག་ཉམས,rKTs (CC BY 4.0): Esukhia
ch+luDa,ཆླུཌ,cha lugs,ཆ་ལུགས,rKTs (CC BY 4.0): Esukhia
chaluT,ཆལུཊ,cha lugs,ཆ་ལུགས,rKTs (CC BY 4.0): Dzongkha abbreviations
ch+lugs,ཆླུགས,cha lugs,ཆ་ལུགས,rKTs (CC BY 4.0): Bacot écriture cursive Tibétaine
ch+luT,ཆླུཊ,cha lugs,ཆ་ལུགས,rKTs (CC BY 4.0): Dzongkha abbreviations
che+ile,ཆེིལེ,cha le chil le,ཆ་ལེ་ཆིལ་ལེ,rKTs (CC BY 4.0): Dzongkha abbreviations
chas,ཆས,cha shas,ཆ་ཤས,rKTs (CC BY 4.0): Bacot écriture cursive Tibétaine
ches,ཆེས,cha shes,ཆ་ཤེས,rKTs (CC BY 4.0): Tibetan Shorthand Contractions
chagrum,ཆགྲུམ,chag grum,ཆག་གྲུམ,rKTs (CC BY 4.0): Dzongkha abbreviations
chAg,ཆཱག,chag chag,ཆག་ཆག,rKTs (CC BY 4.0): Dzongkha abbreviations
chagag,ཆགག,chag chag,ཆག་ཆག,rKTs (CC BY 4.0): Dzongkha abbreviations
chagg,ཆགག,chag chag,ཆག་ཆག,rKTs (CC BY 4.0): Bacot écriture cursive Tibétaine
chaT thoT,ཆཊ་ཐོཊ,chags thogs,ཆགས་ཐོགས,rKTs (CC BY 4.0): Tibetan Shorthand Contractions
chagasdang,ཆགསྡང,chags sdang,ཆགས་སྡང,rKTs (CC BY 4.0): Dzongkha abbreviations
chagaspyod,ཆགསྤྱོད,chags spyod,ཆགས་སྤྱོད,rKTs (CC BY 4.0): Dzongkha abbreviations
chaD,ཆཌ,chags,ཆགས,rKTs (CC BY 4.0): Nima Hojer Lama The Genealogy of Ya-ngal Family of Dolpo
changu,ཆངུ,chang chung,ཆང་ཆུང,rKTs (CC BY 4.0): Dzongkha abbreviations
changasing,ཆངསིང,chang bsing,ཆང་བསིང,rKTs (CC BY 4.0): Esukhia
changazhan,ཆངཞན,chang zhan,ཆང་ཞན,rKTs (CC BY 4.0): Esukhia
ch+nyaMl,ཆྙཾལ,chang snyal,ཆང་སྙལ,rKTs (CC BY 4.0): Esukhia
chadon,ཆདོན,chad don,ཆད་དོན,rKTs (CC BY 4.0): Dzongkha abbreviations
ch+da,ཆྡ,chad,ཆད,rKTs (CC BY 4.0): Tibetan Shorthand Contractions
chabazang,ཆབཟང༌,chab bzang,ཆབ་བཟང༌,rKTs (CC BY 4.0): Dzongkha abbreviations
chabridadigros,ཆབྲིདདིགྲོས,chab srid srid gros,ཆབ་སྲིད་སྲིད་གྲོས,rKTs (CC BY 4.0): Esukhia
cha'aM,ཆའྃ,cha'am,ཆའམ,rKTs (CC BY 4.0): Esukhia
charabab+m+yurathimo,ཆརབབྨྱུརཐིམོ་,char bab myur thim mo,ཆར་བབ་མྱུར་ཐིམ་མོ་,rKTs (CC BY 4.0): Esukhia
chali,ཆལི,chal chil,ཆལ་ཆིལ,rKTs (CC BY 4.0): Dzongkha abbreviations
chasu zhugs,ཆསུ་ཞུགས,chas su zhugs,ཆས་སུ་ཞུགས,rKTs (CC BY 4.0): Dzongkha abbreviations
chasu zhuT,ཆསུ་ཞུཊ,chas su zhugs,ཆས་སུ་ཞུགས,rKTs (CC BY 4.0): Dzongkha abbreviations
chibasuthabasu,ཆིབསུཐབསུ,chibs bsu thab bsu,ཆིབས་བསུ་ཐབ་བསུ,rKTs (CC BY 4.0): Esukhia
chibasu,ཆིབསུ,chibs bsu,ཆིབས་བསུ,rKTs (CC BY 4.0): Dzongkha abbreviations
chibasgyur,ཆིབསྒྱུར,chibs bsgyur,ཆིབས་བསྒྱུར,rKTs (CC BY 4.0): Dzongkha abbreviations
chibaskyel,ཆིབསྐྱེལ,chibs skyel,ཆིབས་སྐྱེལ,rKTs (CC BY 4.0): Dzongkha abbreviations
chIl,ཆཱིལ,chil chil,ཆིལ་ཆིལ,rKTs (CC BY 4.0): Dzongkha abbreviations
chu+e ba,ཆེུ་བ,chu che ba,ཆུ་ཆེ་བ,rKTs (CC BY 4.0): Dzongkha abbreviations
chu+en,ཆེུན,chu chen,ཆུ་ཆེན,rKTs (CC BY 4.0): Dzongkha abbreviations
chu+od pa,ཆོུད་པ,chu chod pa,ཆུ་ཆོད་པ,rKTs (CC BY 4.0): Dzongkha abbreviations
chu+il,ཆིུལ,chu dkyil,ཆུ་དཀྱིལ,rKTs (CC BY 4.0)
chu+o4,ཆོུ༤,chu bo bzhi,ཆུ་བོ་བཞི,rKTs (CC BY 4.0): Dzongkha abbreviations
chu+o,ཆོུ,chu bo,ཆུ་བོ,rKTs (CC BY 4.0)
ch+yu,ཆྱུ,chu bya,ཆུ་བྱ,rKTs (CC BY 4.0): Esukhia
ch^u+od,ཆོུ༹ད,chu tshod,ཆུ་ཚོད,rKTs (CC BY 4.0)
ch^u+in/tshu+in,ཆིུ༹ན,chu 'dzin,ཆུ་འཛིན,rKTs (CC BY 4.0): Dzongkha abbreviations
chu+el,ཆེུལ,chu shel,ཆུ་ཤེལ,rKTs (CC BY 4.0): Dzongkha abbreviations
chu+or,ཆོུར,chu skor,ཆུ་སྐོར,rKTs (CC BY 4.0): Dzongkha abbreviations
chu+od,ཆོུད,chu stod,ཆུ་སྟོད,rKTs (CC BY 4.0)
chu+od,ཆོུད,chu snod,ཆུ་སྣོད,rKTs (CC BY 4.0)
chud,ཆུད,chu smad,ཆུ་སྨད,rKTs (CC BY 4.0): Bacot écriture cursive Tibétaine
chuMd,ཆུཾད,chu smad,ཆུ་སྨད,rKTs (CC BY 4.0)
chusrad+yinaM,ཆུསྲདྱིནཾ,chu srad kyin nam,ཆུ་སྲད་ཀྱིན་ནམ,rKTs (CC BY 4.0): Esukhia
ch+ri+un+che,ཆྲིུནྖེ,chu srin che,ཆུ་སྲིན་ཆེ,rKTs (CC BY 4.0): Esukhia
chu+in,ཆིུན,chu srin,ཆུ་སྲིན,rKTs (CC BY 4.0)
ch+rin,ཆྲིན,chu srin,ཆུ་སྲིན,rKTs (CC BY 4.0): Dzongkha abbreviations
ch+ru+in,ཆྲིུན,chu srin,ཆུ་སྲིན,rKTs (CC BY 4.0)
chuD,ཆུཌ,chugs,ཆུགས,rKTs (CC BY 4.0): Nima Hojer Lama The Genealogy of Ya-ngal Family of Dolpo
chungu,ཆུངུ,chung ngu,ཆུང་ངུ,rKTs (CC BY 4.0)
cho+ung,ཆོུང་,chung ngo,ཆུང་ངོ་,rKTs (CC BY 4.0): Esukhia
chu+ung,ཆུུང,chung chung,ཆུང་ཆུང,rKTs (CC BY 4.0): Dzongkha abbreviations
chungi,ཆུངི,chung ba'i,ཆུང་བའི,rKTs (CC BY 4.0): Dzongkha abbreviations
chungang,ཆུངང,chung yang,ཆུང་ཡང,rKTs (CC BY 4.0): Esukhia
chung+s+ri,ཆུངྶྲི་,chung sri,ཆུང་སྲི་,rKTs (CC BY 4.0): Esukhia
chud+zosongang,ཆུདྯོསོངང,chud zos song,ཆུད་ཟོས་སོང,rKTs (CC BY 4.0): Esukhia
chubanyi,ཆུབཉི,chub nyi,ཆུབ་ཉི,rKTs (CC BY 4.0): Dzongkha abbreviations
chubi,ཆུབི,chub nyi,ཆུབ་ཉི,rKTs (CC BY 4.0): Dzongkha abbreviations
chub+nyi,ཆུབྙི,chub nyi,ཆུབ་ཉི,rKTs (CC BY 4.0): Tibetan Shorthand Contractions
ch+ge+e+o,ཆྒེེོ,che ge mo,ཆེ་གེ་མོ,rKTs (CC BY 4.0): Dzongkha abbreviations
ch+go+e,ཆྒོེ་ཆྒོེ,che ge mo,ཆེ་གེ་མོ,rKTs (CC BY 4.0): Bacot écriture cursive Tibétaine
ch+mo+e+e,ཆྒོེེ་ཆྨོེེ,che ge mo,ཆེ་གེ་མོ,rKTs (CC BY 4.0): Bacot écriture cursive Tibétaine
chu+eng,ཆེུང༌,che chung,ཆེ་ཆུང༌,rKTs (CC BY 4.0)
che+ung,ཆེུང,che chung,ཆེ་ཆུང,rKTs (CC BY 4.0): Esukhia
chese,ཆེསེ,che ches,ཆེ་ཆེས,rKTs (CC BY 4.0): Dzongkha abbreviations
cher,ཆེར,che bar,ཆེ་བར,rKTs (CC BY 4.0): Esukhia
chego,ཆེགོ,che mchog,ཆེ་མཆོག,rKTs (CC BY 4.0): Dzongkha abbreviations
ch+ye+og,ཆྱེོག,che mchog,ཆེ་མཆོག,rKTs (CC BY 4.0): Dzongkha abbreviations
chego+en,ཆེགོེན,che mchog chen,ཆེ་མཆོག་ཆེན,rKTs (CC BY 4.0): Dzongkha abbreviations
ch+yo+e,ཆྱོེ,che mchog,ཆེ་མཆོག,rKTs (CC BY 4.0): Bacot écriture cursive Tibétaine
chengi,ཆེངི,che zhing,ཆེ་ཞིང,rKTs (CC BY 4.0): Esukhia
che+os,ཆེོས,che shos,ཆེ་ཤོས,rKTs (CC BY 4.0): Dzongkha abbreviations
ch+s+re+i,ཆྶྲེི,che sri,ཆེ་སྲི,rKTs (CC BY 4.0): Esukhia
chedu,ཆེདུ,ched du,ཆེད་དུ,rKTs (CC BY 4.0)
cheno,ཆེནོ,chen po,ཆེན་པོ,rKTs (CC BY 4.0)
che+o,ཆེོ,chen po,ཆེན་པོ,rKTs (CC BY 4.0): Dzongkha abbreviations
cho+en,ཆོེན,chen po,ཆེན་པོ,rKTs (CC BY 4.0): Bacot écriture cursive Tibétaine
cheno'i,ཆེནོའི,chen po'i,ཆེན་པོའི,rKTs (CC BY 4.0)
cheno+i,ཆེནོི,chen po'i,ཆེན་པོའི,rKTs (CC BY 4.0): Dzongkha abbreviations
chenor,ཆེནོར,chen por,ཆེན་པོར,rKTs (CC BY 4.0)
chenoslobrid,ཆེནོསློབྲིད,chen pos slob khrid,ཆེན་པོས་སློབ་ཁྲིད,rKTs (CC BY 4.0): Esukhia
chenoMzungas+chen,ཆེནོཾཟུངསྖེན,chen mo gzungs chen,ཆེན་མོ་གཟུངས་ཆེན,rKTs (CC BY 4.0): Esukhia
chenoM,ཆེནོྃ,chen mo,ཆེན་མོ,rKTs (CC BY 4.0)
chaim,ཆཻམ,chem chem,ཆེམ་ཆེམ,rKTs (CC BY 4.0): Dzongkha abbreviations
chair,ཆཻར,ches cher,ཆེས་ཆེར,rKTs (CC BY 4.0): Dzongkha abbreviations
ch+go,ཆྒོ,cho ga,ཆོ་ག,rKTs (CC BY 4.0): Dzongkha abbreviations
cho+en,ཆོེན,cho chen,ཆོ་ཆེན,rKTs (CC BY 4.0): Dzongkha abbreviations
ch+ro+ulaMchod,ཆྲོུལྃཆོད,cho phrul mchod,ཆོ་ཕྲུལ་མཆོད,rKTs (CC BY 4.0): Esukhia
ch+ru+ol,ཆྲོུལ,cho 'phrul,ཆོ་འཕྲུལ,rKTs (CC BY 4.0)
chau,ཆཽ,cho lo,ཆོ་ལོ,rKTs (CC BY 4.0)
choga'i,ཆོགའི,chog pa'i,ཆོག་པའི,rKTs (CC BY 4.0): Esukhia
choMs,ཆོྃས,choms,ཆོམས,rKTs (CC BY 4.0): Esukhia
chodarod,ཆོདརོད,chod par gcod,ཆོད་པར་གཅོད,rKTs (CC BY 4.0): Dzongkha abbreviations
chodar,ཆོདར,chod par,ཆོད་པར,rKTs (CC BY 4.0): Dzongkha abbreviations
choM,ཆོཾ,chom,ཆོམ,rKTs (CC BY 4.0): Dzongkha abbreviations
chos+yi dbang+yug,ཆོསྱི་དབངྱུག,chos kyi dbang phyug,ཆོས་ཀྱི་དབང་ཕྱུག,rKTs (CC BY 4.0): Dzongkha abbreviations
chos+yi dbad+yug,ཆོསྱི་དབདྱུག,chos kyi dbang phyug,ཆོས་ཀྱི་དབང་ཕྱུག,rKTs (CC BY 4.0): Dzongkha abbreviations
chos+yangisu+i,ཆོསྱངིསིུ,chos kyi dbyings su,ཆོས་ཀྱི་དབྱིངས་སུ,rKTs (CC BY 4.0): Bacot écriture cursive Tibétaine
chos+yingisu,ཆོསྱིངིསུ,chos kyi dbyings su,ཆོས་ཀྱི་དབྱིངས་སུ,rKTs (CC BY 4.0): Dzongkha abbreviations
chos+yi phyagya,ཆོསྱི་ཕྱགྱ,chos kyi phyag rgya,ཆོས་ཀྱི་ཕྱག་རྒྱ,rKTs (CC BY 4.0): Dzongkha abbreviations
chos+yi 'khaur,ཆོསྱི་འཁཽར,chos kyi 'khor lo,ཆོས་ཀྱི་འཁོར་ལོ,rKTs (CC BY 4.0): Dzongkha abbreviations
chos+yi rgyaloM,ཆོསྱི་རྒྱལོཾ,chos kyi rgyal mo,ཆོས་ཀྱི་རྒྱལ་མོ,rKTs (CC BY 4.0): Dzongkha abbreviations
chos+yi rjesu,ཆོསྱི་རྗེསུ,chos kyi rjes su,ཆོས་ཀྱི་རྗེས་སུ,rKTs (CC BY 4.0): Dzongkha abbreviations
chos+yi rnaM grangs,ཆོསྱི་རྣཾ་གྲངས,chos kyi rnam grangs,ཆོས་ཀྱི་རྣམ་གྲངས,rKTs (CC BY 4.0): Dzongkha abbreviations
chos+yi,ཆོསྱི,chos kyi,ཆོས་ཀྱི,rKTs (CC BY 4.0)
chosum,ཆོསུམ,chos gsum,ཆོས་གསུམ,rKTs (CC BY 4.0): Dzongkha abbreviations
chosuM,ཆོསུཾ,chos gsum,ཆོས་གསུམ,rKTs (CC BY 4.0): Dzongkha abbreviations
chosid,ཆོསིད,chos nyid,ཆོས་ཉིད,rKTs (CC BY 4.0)
chosangage+un+s+de,ཆོསངགེུནྶྡེ་,chos dang dge 'dun sde,ཆོས་དང་དགེ་འདུན་སྡེ་,rKTs (CC BY 4.0): Esukhia
chos+yingasu bsdus,ཆོསྱིངསུ་བསྡུས,chos dbyings su bsdus,ཆོས་དབྱིངས་སུ་བསྡུས,rKTs (CC BY 4.0): Dzongkha abbreviations
chos+yings,ཆོསྱིངས,chos dbyings,ཆོས་དབྱིངས,rKTs (CC BY 4.0): Dzongkha abbreviations
ch+yongis,ཆྱོངིས,chos dbyings,ཆོས་དབྱིངས,rKTs (CC BY 4.0): Bacot écriture cursive Tibétaine
ch+yo+ings,ཆྱོིངས,chos dbyings,ཆོས་དབྱིངས,rKTs (CC BY 4.0): Dzongkha abbreviations
chostan pa,ཆོསྟན་པ,chos bstan pa,ཆོས་བསྟན་པ,rKTs (CC BY 4.0): Dzongkha abbreviations
ch+yode r+n+yor,ཆྱོདེ་རྣྱོར,chos byed rnal 'byor,ཆོས་བྱེད་རྣལ་འབྱོར,rKTs (CC BY 4.0): Dzongkha abbreviations
ch+yode,ཆྱོདེ,chos byed,ཆོས་བྱེད,rKTs (CC BY 4.0): Dzongkha abbreviations
chos^aMs,ཆོསཾ༹ས,chos mtshams,ཆོས་མཚམས,rKTs (CC BY 4.0): Dzongkha abbreviations
chos^ad,ཆོས༹ད,chos mdzad,ཆོས་མཛད,rKTs (CC BY 4.0): Dzongkha abbreviations
chos^an,ཆོས༹ན,chos tshan,ཆོས་ཚན,rKTs (CC BY 4.0): Dzongkha abbreviations
chosaur,ཆོསཽར,chos 'khor bskor,ཆོས་འཁོར་བསྐོར,rKTs (CC BY 4.0): Dzongkha abbreviations
chausar,ཆཽསར,chos 'khor,ཆོས་འཁོར,rKTs (CC BY 4.0): Bacot écriture cursive Tibétaine
chosor,ཆོསོར,chos 'khor,ཆོས་འཁོར,rKTs (CC BY 4.0): Dzongkha abbreviations
chosel,ཆོསེལ,chos 'phel,ཆོས་འཕེལ,rKTs (CC BY 4.0): Dzongkha abbreviations
chosrul,ཆོསྲུལ,chos 'phrul,ཆོས་འཕྲུལ,rKTs (CC BY 4.0): Dzongkha abbreviations
chos+yung,ཆོསྱུང༌,chos 'byung,ཆོས་འབྱུང༌,rKTs (CC BY 4.0): Dzongkha abbreviations
ch+yu+ong,ཆྱོུང,chos 'byung,ཆོས་འབྱུང,rKTs (CC BY 4.0): Bacot écriture cursive Tibétaine
ch+yo+ung,ཆྱོུང,chos 'byung,ཆོས་འབྱུང,rKTs (CC BY 4.0): Dzongkha abbreviations
chos+yor,ཆོསྱོར,chos 'byor,ཆོས་འབྱོར,rKTs (CC BY 4.0): Dzongkha abbreviations
chosrel,ཆོསྲེལ,chos 'brel,ཆོས་འབྲེལ,rKTs (CC BY 4.0): Dzongkha abbreviations
chos+yal+ri,ཆོསྱལྲི་,chos rgyal khri,ཆོས་རྒྱལ་ཁྲི་,rKTs (CC BY 4.0): Esukhia
chosugs,ཆོསུགས,chos lugs,ཆོས་ལུགས,rKTs (CC BY 4.0): Dzongkha abbreviations
chosuT,ཆོསུཊ,chos lugs,ཆོས་ལུགས,rKTs (CC BY 4.0): Dzongkha abbreviations
chosu,ཆོསུ,chos su,ཆོས་སུ,rKTs (CC BY 4.0): Nima Hojer Lama The Genealogy of Ya-ngal Family of Dolpo
choskad,ཆོསྐད,chos skad,ཆོས་སྐད,rKTs (CC BY 4.0): Dzongkha abbreviations
chosku,ཆོསྐུ,chos sku,ཆོས་སྐུ,rKTs (CC BY 4.0)
chosku'i,ཆོསྐུའི,chos sku'i,ཆོས་སྐུའི,rKTs (CC BY 4.0): Dzongkha abbreviations
choskyong,ཆོསྐྱོང༌,chos skyong,ཆོས་སྐྱོང༌,rKTs (CC BY 4.0): Dzongkha abbreviations
choskyongsrungaM,ཆོསྐྱོང༌སྲུངཾ,chos skyong,ཆོས་སྐྱོང༌,rKTs (CC BY 4.0): Dzongkha abbreviations
chos+yong,ཆོསྱོང༌,chos skyong,ཆོས་སྐྱོང༌,rKTs (CC BY 4.0): Dzongkha abbreviations
ch+yaung,ཆྱཽང༌,chos skyong,ཆོས་སྐྱོང༌,rKTs (CC BY 4.0)
chaus+yang,ཆཽསྱང,chos skyong,ཆོས་སྐྱོང,rKTs (CC BY 4.0): Bacot écriture cursive Tibétaine
choskyob kyis^ada'i,ཆོསྐྱོབ་ཀྱིས༹དའི,chos skyob kyis mdzad pa'i,ཆོས་སྐྱོབ་ཀྱིས་མཛད་པའི,rKTs (CC BY 4.0): Dzongkha abbreviations
choskyobasdus,ཆོསྐྱོབསྡུས,chos skyobs sdus,ཆོས་སྐྱོབས་སྡུས,rKTs (CC BY 4.0): Dzongkha abbreviations
chosgrogs,ཆོསྒྲོགས,chos sgrogs,ཆོས་སྒྲོགས,rKTs (CC BY 4.0): Dzongkha abbreviations
chosgroT,ཆོསྒྲོཊ,chos sgrogs,ཆོས་སྒྲོགས,rKTs (CC BY 4.0): Dzongkha abbreviations
choston,ཆོསྟོན,chos ston,ཆོས་སྟོན,rKTs (CC BY 4.0): Dzongkha abbreviations
chosde,ཆོསྡེ,chos sde,ཆོས་སྡེ,rKTs (CC BY 4.0): Dzongkha abbreviations
chosel,ཆོསེལ,chos spel,ཆོས་སྤེལ,rKTs (CC BY 4.0): Dzongkha abbreviations
chospyod,ཆོསྤྱོད,chos spyod,ཆོས་སྤྱོད,rKTs (CC BY 4.0): Tibetan Shorthand Contractions
chosman,ཆོསྨན,chos sman,ཆོས་སྨན,rKTs (CC BY 4.0): Dzongkha abbreviations
chosmra ba,ཆོསྨྲ་བ,chos smra ba,ཆོས་སྨྲ་བ,rKTs (CC BY 4.0): Dzongkha abbreviations
chosrid,ཆོསྲིད,chos srid,ཆོས་སྲིད,rKTs (CC BY 4.0): Dzongkha abbreviations
chosrung,ཆོསྲུང༌,chos srung,ཆོས་སྲུང༌,rKTs (CC BY 4.0): Dzongkha abbreviations
jaM,ཇཾ,ja ma,ཇ་མ,rKTs (CC BY 4.0): Dzongkha abbreviations
jini,ཇིནི,ji bzhin,ཇི་བཞིན,rKTs (CC BY 4.0): Dzongkha abbreviations
jir,ཇིར,ji ltar,ཇི་ལྟར,rKTs (CC BY 4.0): Dzongkha abbreviations
j+tir,ཇྟིར,ji ltar,ཇི་ལྟར,rKTs (CC BY 4.0)
jidu+i,ཇིདིུ,ji srid du,ཇི་སྲིད་དུ,rKTs (CC BY 4.0): Dzongkha abbreviations
jisridatsho'i,ཇིསྲིདཚོའི,ji srid 'tsho'i,ཇི་སྲིད་འཚོའི,rKTs (CC BY 4.0): Esukhia
jidi,ཇིདི,ji srid,ཇི་སྲིད,rKTs (CC BY 4.0): Dzongkha abbreviations
ji+id,ཇིིད,ji srid,ཇི་སྲིད,rKTs (CC BY 4.0): Bacot écriture cursive Tibétaine
jo+o,ཇོོ,jo jo,ཇོ་ཇོ,rKTs (CC BY 4.0): Tibetan Shorthand Contractions
jau,ཇཽ,jo bo,ཇོ་བོ,rKTs (CC BY 4.0)
jo+o,ཇོོ,jo bo,ཇོ་བོ,rKTs (CC BY 4.0): Tibetan Shorthand Contractions
jau'i,ཇཽའི,jo bo'i,ཇོ་བོའི,rKTs (CC BY 4.0): Dzongkha abbreviations
jauM,ཇཽཾ,jo mo,ཇོ་མོ,rKTs (CC BY 4.0): Dzongkha abbreviations
jaum,ཇཽམ,jo mo,ཇོ་མོ,rKTs (CC BY 4.0): Bacot écriture cursive Tibétaine
jo+o,ཇོོ,jo mo,ཇོ་མོ,rKTs (CC BY 4.0): Tibetan Shorthand Contractions
jo+o+o+o+o+o+o',ཇོོོོོོོའ,jobojomomjo mo bzhob,ཇོབོཇོམོམཇོ་མོ་བཞོབ,rKTs (CC BY 4.0): Bacot écriture cursive Tibétaine
ny+yu,ཉྱུ,nya kyu,ཉ་ཀྱུ,rKTs (CC BY 4.0): Esukhia
ny+yiM,ཉྱིྃ་,nya khyim,ཉ་ཁྱིམ་,rKTs (CC BY 4.0): Esukhia
ny+gang,ཉྒང,nya gang,ཉ་གང,rKTs (CC BY 4.0): Esukhia
ny+ga'ang,ཉྒའང,nya ga'ang,ཉ་གའང,rKTs (CC BY 4.0): Esukhia
ny+ga'o,ཉྒའོ,nya ga'o,ཉ་གའོ,rKTs (CC BY 4.0): Esukhia
nyagacig,ཉགཅིག,nyag gcig,ཉག་གཅིག,rKTs (CC BY 4.0): Dzongkha abbreviations
ny+chung,ཉྖུང,nya chung,ཉ་ཆུང,rKTs (CC BY 4.0): Esukhia
nyAg,ཉཱག,nyag nyag,ཉག་ཉག,rKTs (CC BY 4.0): Dzongkha abbreviations
nyago,ཉགོ,nyag nyog,ཉག་ཉོག,rKTs (CC BY 4.0): Dzongkha abbreviations
nyangu,ཉངུ,nyang nyung,ཉང་ཉུང,rKTs (CC BY 4.0): Dzongkha abbreviations
nyanos,ཉནོས,nyan thos,ཉན་ཐོས,rKTs (CC BY 4.0): Tibetan Shorthand Contractions
thanos,ཐནོས,nyan thos,ཉན་ཐོས,rKTs (CC BY 4.0): Dzongkha abbreviations
nyabo,ཉབོ,nyab nyob,ཉབ་ཉོབ,rKTs (CC BY 4.0): Dzongkha abbreviations
nyaMg,ཉཾག,nyam thag,ཉམ་ཐག,rKTs (CC BY 4.0): Dzongkha abbreviations
nye bste,ཉེ་བསྟེ,nya ba ste,ཉ་བ་སྟེ,rKTs (CC BY 4.0): Esukhia
ny+mig,ཉྨིག,nya mig,ཉ་མིག,rKTs (CC BY 4.0): Esukhia
ny+mid+che,ཉྨིདྖེ,nya mid che,ཉ་མིད་ཆེ,rKTs (CC BY 4.0): Esukhia
nyoM,ཉོྃ,nya mo,ཉ་མོ,rKTs (CC BY 4.0): Esukhia
ny+mo,ཉྨོ,nya mo,ཉ་མོ,rKTs (CC BY 4.0): Esukhia
nyatshang,ཉཚང,nya tshang,ཉ་ཚང,rKTs (CC BY 4.0): Esukhia
nyatshes,ཉཚེས,nya tshes,ཉ་ཚེས,rKTs (CC BY 4.0): Esukhia
nyadzinabyede,ཉཛིནབྱེདེ,nya 'dzin byed de,ཉ་འཛིན་བྱེད་དེ,rKTs (CC BY 4.0): Esukhia
ny+l+cibs,ཉླྕིབས,nya lcibs,ཉ་ལྕིབས,rKTs (CC BY 4.0): Esukhia
ny+l+to,ཉླྟོ,nya lto,ཉ་ལྟོ,rKTs (CC BY 4.0): Esukhia
ny+k+yob,ཉྐྱོབ,nya skyob,ཉ་སྐྱོབ,rKTs (CC BY 4.0): Esukhia
ny+tongad+yad,ཉྟོངདྱད,nya stong brgyad,ཉ་སྟོང་བརྒྱད,rKTs (CC BY 4.0): Esukhia
nyagacig,ཉགཅིག,nyag gcig,ཉག་གཅིག,rKTs (CC BY 4.0): Esukhia
nyage,ཉགེ,nyag ge,ཉག་གེ,rKTs (CC BY 4.0): Esukhia
ny+thag,ཉྠག,nyag thag,ཉག་ཐག,rKTs (CC BY 4.0): Esukhia
nyagra,ཉགྲ,nyag phra,ཉག་ཕྲ,rKTs (CC BY 4.0): Esukhia
nyagranaMda',ཉགྲནྃདའ,nyag phran mda',ཉག་ཕྲན་མདའ,rKTs (CC BY 4.0): Esukhia
nyag+thaMli,ཉགྠྃལི,nyag mthil,ཉག་མཐིལ,rKTs (CC BY 4.0): Esukhia
nyagaMda',ཉགྃདའ,nyag mda',ཉག་མདའ,rKTs (CC BY 4.0): Esukhia
nyagoMM,ཉགོྃ་,nyag mo ma,ཉག་མོ་མ,rKTs (CC BY 4.0): Esukhia
nyag+do,ཉགྡོ,nyag rdo,ཉག་རྡོ,rKTs (CC BY 4.0): Esukhia
nyagla,ཉགླ,nyag la,ཉག་ལ,rKTs (CC BY 4.0): Esukhia
nyaging,ཉགིང,nyag shing,ཉག་ཤིང,rKTs (CC BY 4.0): Esukhia
nyagrang,ཉགྲང,nyag srang,ཉག་སྲང,rKTs (CC BY 4.0): Esukhia
nyangir,ཉངིར,nyang khrir,ཉང་ཁྲིར,rKTs (CC BY 4.0): Esukhia
nyeng,ཉེང,nyang nge,ཉང་ངེ,rKTs (CC BY 4.0): Esukhia
nyaM,ཉཾ,nyang,ཉང,rKTs (CC BY 4.0): Esukhia
nyanos+yi,ཉནོསྱི,nyan thos kyi,ཉན་ཐོས་ཀྱི,rKTs (CC BY 4.0): Esukhia
nyan+thos+yi,ཉནྠོསྱི,nyan thos kyi,ཉན་ཐོས་ཀྱི,rKTs (CC BY 4.0): Esukhia
nyosi,ཉོསི,nyan thos kyi,ཉན་ཐོས་ཀྱི,rKTs (CC BY 4.0): Esukhia
nyanasde,ཉནསྡེ,nyan thos sde,ཉན་ཐོས་སྡེ,rKTs (CC BY 4.0): Esukhia
nyosde,ཉོསྡེ,nyan thos sde,ཉན་ཐོས་སྡེ,rKTs (CC BY 4.0): Esukhia
nyanoslob,ཉནོསློབ,nyan thos slob,ཉན་ཐོས་སློབ,rKTs (CC BY 4.0): Esukhia
nyan+thos,ཉནྠོས,nyan thos,ཉན་ཐོས,rKTs (CC BY 4.0): Esukhia
nyos,ཉོས,nyan thos,ཉན་ཐོས,rKTs (CC BY 4.0): Esukhia
nyan+yedabango,ཉནྱེདབངོ,nyan byed dbang bo,ཉན་བྱེད་དབང་བོ,rKTs (CC BY 4.0): Esukhia
nyan+Yig,ཉནྻིག,nyan yig,ཉན་ཡིག,rKTs (CC BY 4.0): Esukhia
nyan+rang,ཉནྲང,nyan rang,ཉན་རང,rKTs (CC BY 4.0): Esukhia
ny+rang,ཉྲང,nyan rang,ཉན་རང,rKTs (CC BY 4.0): Esukhia
nyan+na,ཉནྣ,nyan rna,ཉན་རྣ,rKTs (CC BY 4.0): Esukhia
nyab+nyob,ཉབྙོབ,nyab nyob,ཉབ་ཉོབ,rKTs (CC BY 4.0): Esukhia
nyeb,ཉེབ,nyab be,ཉབ་བེ,rKTs (CC BY 4.0): Esukhia
nyaMkhyil,ཉྃཁྱིལ,nyam khyil,ཉམ་ཁྱིལ,rKTs (CC BY 4.0): Esukhia
ny+chuMng,ཉྖུྃང,nyam chung,ཉམ་ཆུང,rKTs (CC BY 4.0): Esukhia
nyaMsedeM,ཉྃསེདེྃ,nyam nyes med,ཉམ་ཉེས་མེད,rKTs (CC BY 4.0): Esukhia
nyaMg,ཉྃག,nyam thag,ཉམ་ཐག,rKTs (CC BY 4.0): Esukhia
ny+thaMg,ཉྠྃག,nyam thag,ཉམ་ཐག,rKTs (CC BY 4.0): Esukhia
nyaman,ཉམན,nyam dman,ཉམ་དམན,rKTs (CC BY 4.0): Esukhia
nyams,ཉམས,nyam dmas,ཉམ་དམས,rKTs (CC BY 4.0): Esukhia
nyaMtshad,ཉྃཚད,nyam tshad,ཉམ་ཚད,rKTs (CC BY 4.0): Esukhia
nyaM,ཉྃ,nyam,ཉམ,rKTs (CC BY 4.0): Esukhia
nyaMsrid,ཉྃསྲིད,nyams khrid,ཉམས་ཁྲིད,rKTs (CC BY 4.0): Esukhia
nyaMso,ཉྃསོ,nyams gso,ཉམས་གསོ,rKTs (CC BY 4.0): Esukhia
nyaMsgud,ཉྃསྒུད,nyams gud,ཉམས་གུད,rKTs (CC BY 4.0): Esukhia
nyaMsgrib,ཉྃསྒྲིབ,nyams grib,ཉམས་གྲིབ,rKTs (CC BY 4.0): Esukhia
nyaMslu,ཉྃསླུ,nyams glu,ཉམས་གླུ,rKTs (CC BY 4.0): Esukhia
nyaMs+chag+che,ཉྃསྖགྖེ,nyams chag che,ཉམས་ཆག་ཆེ,rKTs (CC BY 4.0): Esukhia
nyaMs+chenaso,ཉྃསྖེནསོ,nyams chen pos,ཉམས་ཆེན་པོས,rKTs (CC BY 4.0): Esukhia
ny+coMs,ཉྕོྃས,nyams bcos,ཉམས་བཅོས,rKTs (CC BY 4.0): Esukhia
nyaMs+jid,ཉྃསྗིད,nyams brjid,ཉམས་བརྗིད,rKTs (CC BY 4.0): Esukhia
nyaMstas,ཉྃསྟས,nyams brtas,ཉམས་བརྟས,rKTs (CC BY 4.0): Esukhia
nyaMs+yed+yi,ཉྃསྱེདྱི,nyams byed kyi,ཉམས་བྱེད་ཀྱི,rKTs (CC BY 4.0): Esukhia
nyaMsaguMr,ཉྃསགུྃར,nyams mgur,ཉམས་མགུར,rKTs (CC BY 4.0): Esukhia
nyaMsaMtshar,ཉྃསྃཚར,nyams mtshar,ཉམས་མཚར,rKTs (CC BY 4.0): Esukhia
nyaMsaMde,ཉྃསྃདེ,nyams med,ཉམས་མེད,rKTs (CC BY 4.0): Esukhia
nyaMsagur,ཉཾསགུར,nyams mgur,ཉམས་མགུར,rKTs (CC BY 4.0): Dzongkha abbreviations
nyaMsrongon,ཉྃསྲོངོན,nyams myong mngon,ཉམས་མྱོང་མངོན,rKTs (CC BY 4.0): Esukhia
nyamyong,ཉམྱོང,nyams myong,ཉམས་མྱོང,rKTs (CC BY 4.0): Dzongkha abbreviations
nyaMsatshod,ཉྃསཚོད,nyams tshod,ཉམས་ཚོད,rKTs (CC BY 4.0): Esukhia
nyaMs+ying+che,ཉྃསྱིངྖེ,nyams 'gying che,ཉམས་འགྱིང་ཆེ,rKTs (CC BY 4.0): Esukhia
nyaMs+yur,ཉྃསྱུར,nyams 'gyur,ཉམས་འགྱུར,rKTs (CC BY 4.0): Esukhia
nyaMsadzina'i,ཉྃསཛིནའི,nyams 'dzin pa'i,ཉམས་འཛིན་པའི,rKTs (CC BY 4.0): Esukhia
nyaMs+Yig,ཉྃསྻིག,nyams yig,ཉམས་ཡིག,rKTs (CC BY 4.0): Esukhia
nyaMsgyud,ཉྃསྒྱུད,nyams rgud,ཉམས་རྒུད,rKTs (CC BY 4.0): Esukhia
nyaMsnying,ཉྃསྙིང་,nyams rnying,ཉམས་རྙིང་,rKTs (CC BY 4.0): Esukhia
nyaMstongaphel,ཉྃསྟོངཕེལ,nyams rtogs 'phel,ཉམས་རྟོགས་འཕེལ,rKTs (CC BY 4.0): Esukhia
nyaMsartsal,ཉྃསརྩལ,nyams rtsal,ཉམས་རྩལ,rKTs (CC BY 4.0): Esukhia
nyaMsen,ཉཾསེན,nyams len,ཉམས་ལེན,rKTs (CC BY 4.0): Dzongkha abbreviations
nyaMne,ཉྃནེ,nyams len,ཉམས་ལེན,rKTs (CC BY 4.0): Esukhia
nyaMslen,ཉྃསླེན,nyams len,ཉམས་ལེན,rKTs (CC BY 4.0): Esukhia
nyaMsdan,ཉྃསྡན,nyams ldan,ཉམས་ལྡན,rKTs (CC BY 4.0): Esukhia
nyaMs+shar,ཉྃསྴར,nyams shar,ཉམས་ཤར,rKTs (CC BY 4.0): Esukhia
nyaMsad,ཉྃསད,nyams sad,ཉམས་སད,rKTs (CC BY 4.0): Esukhia
nyaMsu,ཉྃསུ,nyams su,ཉམས་སུ,rKTs (CC BY 4.0): Esukhia
nyamasu,ཉམསུ,nyams su,ཉམས་སུ,rKTs (CC BY 4.0): Dzongkha abbreviations
nyaMsu,ཉཾསུ,nyams su,ཉམས་སུ,rKTs (CC BY 4.0): Dzongkha abbreviations
nyaMso,ཉཾསོ,nyams so,ཉམས་སོ,rKTs (CC BY 4.0): Dzongkha abbreviations
nyaMstabs,ཉྃསྟབས,nyams stabs,ཉམས་སྟབས,rKTs (CC BY 4.0): Esukhia
nyaMstobas+che,ཉྃསྟོབསྖེ,nyams stobs che,ཉམས་སྟོབས་ཆེ,rKTs (CC BY 4.0): Esukhia
nyaMstobs,ཉཾསྟོབས,nyams stobs,ཉམས་སྟོབས,rKTs (CC BY 4.0): Dzongkha abbreviations
nyaMsnang,ཉཾསྣང༌,nyams snang,ཉམས་སྣང༌,rKTs (CC BY 4.0)
nyaMsmad,ཉྃསྨད,nyams smad,ཉམས་སྨད,rKTs (CC BY 4.0): Esukhia
nyaMsmod,ཉྃསྨོད,nyams smod,ཉམས་སྨོད,rKTs (CC BY 4.0): Esukhia
nyaMs,ཉྃས,nyams,ཉམས,rKTs (CC BY 4.0)
nyar+yed,ཉརྱེད,nyar byed,ཉར་བྱེད,rKTs (CC BY 4.0): Esukhia
nyaraM,ཉརྃ་,nyar ma,ཉར་མ་,rKTs (CC BY 4.0): Esukhia
nyaratshaDa,ཉརཚཌ་,nyar tshags,ཉར་ཚགས་,rKTs (CC BY 4.0): Esukhia
nyaradzin,ཉརཛིན,nyar 'dzin,ཉར་འཛིན,rKTs (CC BY 4.0): Esukhia
nyal+ri,ཉལྲི,nyal khri,ཉལ་ཁྲི,rKTs (CC BY 4.0): Esukhia
nyalgur,ཉལྒུར,nyal gur,ཉལ་གུར,rKTs (CC BY 4.0): Esukhia
nyalgos,ཉལྒོས,nyal gos,ཉལ་གོས,rKTs (CC BY 4.0): Esukhia
nyal+yisagro,ཉལྱིསགྲོ,nyal gyis 'gro,ཉལ་གྱིས་འགྲོ,rKTs (CC BY 4.0): Esukhia
nyal+chasoDa,ཉལྖསོཌ་,nyal chas sogs,ཉལ་ཆས་སོགས་,rKTs (CC BY 4.0): Esukhia
nyali,ཉལི,nyal nyil,ཉལ་ཉིལ,rKTs (CC BY 4.0): Dzongkha abbreviations
nyal+tha,ཉལྠ,nyal tha,ཉལ་ཐ,rKTs (CC BY 4.0): Esukhia
naldud,ནལྡུད,nyal dud,ཉལ་དུད,rKTs (CC BY 4.0): Esukhia
nyala'i,ཉལའི,nyal ba'i,ཉལ་བའི,rKTs (CC BY 4.0): Esukhia
nyal+yedaMtshan,ཉལྱེདྃཚན,nyal byed mtshan,ཉལ་བྱེད་མཚན,rKTs (CC BY 4.0): Esukhia
nyal+yed,ཉལྱེད,nyal byed,ཉལ་བྱེད,rKTs (CC BY 4.0): Esukhia
nyal+ro,ཉལྲོ,nyal 'gro,ཉལ་འགྲོ,rKTs (CC BY 4.0): Esukhia
nyal+ro'i,ཉལྲོའི,nyal 'gro'i,ཉལ་འགྲོའི,rKTs (CC BY 4.0): Esukhia
nyaldan,ཉལྡན,nyal ldan,ཉལ་ལྡན,rKTs (CC BY 4.0): Dzongkha abbreviations
nyanos+yi,ཉནོསྱི,nyas thos kyi,ཉས་ཐོས་ཀྱི,rKTs (CC BY 4.0): Esukhia
ny+yi+imo,ཉྱིིམོ,nyi khyim mo,ཉི་ཁྱིམ་མོ,rKTs (CC BY 4.0): Esukhia
ny+ri,ཉྲི,nyi khri,ཉི་ཁྲི,rKTs (CC BY 4.0): Esukhia
nyiduDa,ཉིདུཌ་,nyi gdugs,ཉི་གདུགས་,rKTs (CC BY 4.0): Esukhia
nyi+ur,ཉིུར,nyi gur,ཉི་གུར,rKTs (CC BY 4.0): Esukhia
ny+chi,ཉྖི,nyi cha,ཉི་ཆ,rKTs (CC BY 4.0): Esukhia
ny+chid,ཉྖིད,nyi chad,ཉི་ཆད,rKTs (CC BY 4.0): Esukhia
nyikyil,ཉིཀྱིལ,nyi dkyil,ཉི་དཀྱིལ,rKTs (CC BY 4.0): Esukhia
nyiga',ཉིགའ,nyi dga',ཉི་དགའ,rKTs (CC BY 4.0): Esukhia
ny+rido,ཉྲིདོ,nyi drod,ཉི་དྲོད,rKTs (CC BY 4.0): Esukhia
nyi+os,ཉིོས,nyi dros,ཉི་དྲོས,rKTs (CC BY 4.0): Dzongkha abbreviations
ny+riso,ཉྲིསོ,nyi dros,ཉི་དྲོས,rKTs (CC BY 4.0)
nyi+ub,ཉིུབ,nyi nub,ཉི་ནུབ,rKTs (CC BY 4.0): Esukhia
nyu+ib,ཉིུབ,nyi nub,ཉི་ནུབ,rKTs (CC BY 4.0): Dzongkha abbreviations
ny+yide,ཉྱིདེ,nyi phyed,ཉི་ཕྱེད,rKTs (CC BY 4.0): Esukhia
nyirnyan,ཉིརྙན,nyi brnyan,ཉི་བརྙན,rKTs (CC BY 4.0): Esukhia
nyisros,ཉིསྲོས,nyi bsros,ཉི་བསྲོས,rKTs (CC BY 4.0): Esukhia
nyi+ul+re,ཉིུལྲེ,nyi bul bsre,ཉི་བུལ་བསྲེ,rKTs (CC BY 4.0): Esukhia
nyin mtshan,ཉིན་མཚན,nyi ma dang mtshan mo,ཉི་མ་དང་མཚན་མོ,rKTs (CC BY 4.0): Bacot écriture cursive Tibétaine
ny+miphul,ཉྨིཕུལ,nyi ma 'phul,ཉི་མ་འཕུལ,rKTs (CC BY 4.0): Esukhia
ny+mishar,ཉྨིཤར,nyi ma shar,ཉི་མ་ཤར,rKTs (CC BY 4.0): Esukhia
nyiM,ཉིཾ,nyi ma,ཉི་མ,rKTs (CC BY 4.0): Dzongkha abbreviations
ny+mi,ཉྨི,nyi  ma,ཉི་མ,rKTs (CC BY 4.0)
nyi+ma,ཉིྨ,nyi ma,ཉི་མ,rKTs (CC BY 4.0): Nima Hojer Lama The Genealogy of Ya-ngal Family of Dolpo
nyidaMngas+yal,ཉིདྃངསྱལ,nyi mdangs gsal,ཉི་མདངས་གསལ,rKTs (CC BY 4.0): Esukhia
ny+mi'ikhorug,ཉྨིའིཁོརུག,nyi ma'i khor yug,ཉི་མའི་ཁོར་ཡུག,rKTs (CC BY 4.0): Esukhia
ny+misazhad,ཉྨིསཞད,nyi ma'i bzhad,ཉི་མའི་བཞད,rKTs (CC BY 4.0): Esukhia
ny+mi'idaM'adod,ཉྨིའིདྃའདོད,nyi ma'i mda' 'dod,ཉི་མའི་མདའ་འདོད,rKTs (CC BY 4.0): Esukhia
ny+mi'itshad,ཉྨིའིཚད,nyi ma'i tshad,ཉི་མའི་ཚད,rKTs (CC BY 4.0): Esukhia
ny+mi'idor,ཉྨིའིདོར,nyi ma'i 'od zer,ཉི་མའི་འོད་ཟེར,rKTs (CC BY 4.0): Esukhia
ny+mi'ido,ཉྨིའིདོ,nyi ma'i 'od,ཉི་མའི་འོད,rKTs (CC BY 4.0): Esukhia
ny+mi'irtsa,ཉྨིའིརྩ,nyi ma'i rtsa,ཉི་མའི་རྩ,rKTs (CC BY 4.0): Esukhia
ny+mi'i,ཉྨིའི,nyi ma'i,ཉི་མའི,rKTs (CC BY 4.0): Esukhia
ny+mi'o,ཉྨིའོ,nyi ma'o,ཉི་མའོ,rKTs (CC BY 4.0): Esukhia
ny+mirlag,ཉྨིརླག,nyi mar lag,ཉི་མར་ལག,rKTs (CC BY 4.0): Esukhia
ny+maMr,ཉྨྃར,nyi mar,ཉི་མར,rKTs (CC BY 4.0): Esukhia
nyideMr,ཉིདེཾར,nyi med par,ཉི་མེད་པར,rKTs (CC BY 4.0): Esukhia
nyir,ཉིར,nyi myur,ཉི་མྱུར,rKTs (CC BY 4.0): Dzongkha abbreviations
nyu+ir,ཉིུར,nyi myur,ཉི་མྱུར,rKTs (CC BY 4.0): Dzongkha abbreviations
nyitshe'i,ཉིཚེའི,nyi tshe ba'i,ཉི་ཚེ་བའི,rKTs (CC BY 4.0): Esukhia
nyitshe'i,ཉིཚེའི,nyi tshe'i,ཉི་ཚེའི,rKTs (CC BY 4.0): Esukhia
nyizer,ཉིཟེར,nyi zer,ཉི་ཟེར,rKTs (CC BY 4.0): Esukhia
ny+lidaM'i,ཉླིདྃའི,nyi zla pad+ma'i,ཉི་ཟླ་པདྨའི,rKTs (CC BY 4.0): Esukhia
ny+yikhyisaM,ཉྱིཁྱིསྃ,nyi zla 'khyims,ཉི་ཟླ་འཁྱིམས,rKTs (CC BY 4.0): Esukhia
ny+li,ཉླི,nyi zla,ཉི་ཟླ,rKTs (CC BY 4.0)
nyu+ir,ཉིུར,nyi zhur,ཉི་ཞུར,rKTs (CC BY 4.0): Dzongkha abbreviations
nyikhyisaM,ཉིཁྱིསྃ,nyi 'khyims,ཉི་འཁྱིམས,rKTs (CC BY 4.0): Esukhia
nyichar,ཉིཆར,nyi 'char,ཉི་འཆར,rKTs (CC BY 4.0): Esukhia
nyide,ཉིདེ,nyi 'de,ཉི་འདེ,rKTs (CC BY 4.0): Esukhia
nyidzin,ཉིཛིན,nyi 'dzin,ཉི་འཛིན,rKTs (CC BY 4.0): Esukhia
ny+king,ཉྐིང,nyi rkang,ཉི་རྐང,rKTs (CC BY 4.0): Esukhia
ny+kir,ཉྐིར,nyi rkar,ཉི་རྐར,rKTs (CC BY 4.0): Esukhia
ny+di+ul,ཉྡིུལ,nyi rdul,ཉི་རྡུལ,rKTs (CC BY 4.0): Esukhia
ny+digo,ཉྡིགོ,nyi ldog,ཉི་ལྡོག,rKTs (CC BY 4.0): Esukhia
nyi+u'itshig,ཉིུའིཚིག,nyi shu ba'i tshig,ཉི་ཤུ་བའི་ཚིག,rKTs (CC BY 4.0): Esukhia
nyi+u'igrol,ཉིུའིགྲོལ,nyi shu ba'i 'grol,ཉི་ཤུ་བའི་འགྲོལ,rKTs (CC BY 4.0): Esukhia
nyi+urtsa,ཉིུརྩ,nyi shu rtsa,ཉི་ཤུ་རྩ,rKTs (CC BY 4.0): Esukhia
nyi+u,ཉིུ,nyi shu,ཉི་ཤུ,rKTs (CC BY 4.0): Esukhia
nyu+i,ཉིུ,nyi shu,ཉི་ཤུ,rKTs (CC BY 4.0)
nyi+uraM,ཉིུརྃ་,nyi shur ma,ཉི་ཤུར་མ་,rKTs (CC BY 4.0): Esukhia
ny+k+yise,ཉྐྱིསེ,nyi skyes,ཉི་སྐྱེས,rKTs (CC BY 4.0): Esukhia
nyig+ni,ཉིགྣི,nyig ni,ཉིག་ནི,rKTs (CC BY 4.0): Esukhia
nying+khu,ཉིངྑུ་,nying khu,ཉིང་ཁུ་,rKTs (CC BY 4.0): Esukhia
nying+chang,ཉིངྖང་,nying chags,ཉིང་ཆགས་,rKTs (CC BY 4.0): Esukhia
nying+tor,ཉིངྟོར,nying tor,ཉིང་ཏོར,rKTs (CC BY 4.0): Esukhia
nyingagos,ཉིངགོས,nying dgos,ཉིང་དགོས,rKTs (CC BY 4.0): Esukhia
nying+b+ran,ཉིངྦྲན,nying bran,ཉིང་བྲན,rKTs (CC BY 4.0): Esukhia
nyingaMtshaMs,ཉིངྃཚྃས,nying mtshams,ཉིང་མཚམས,rKTs (CC BY 4.0): Esukhia
nyingatsha,ཉིངཚ་,nying tsha,ཉིང་ཚ་,rKTs (CC BY 4.0): Esukhia
nyingakhrul,ཉིངཁྲུལ,nying 'khrul,ཉིང་འཁྲུལ,rKTs (CC BY 4.0): Esukhia
nying+lag,ཉིངླག,nying lag,ཉིང་ལག,rKTs (CC BY 4.0): Esukhia
nying+rul,ཉིངྲུལ,nying sprul,ཉིང་སྤྲུལ,rKTs (CC BY 4.0): Esukhia
nying+lob,ཉིངློབ,nying slob,ཉིང་སློབ,rKTs (CC BY 4.0): Esukhia
nyid+yis,ཉིདྱིས,nyid kyis,ཉིད་ཀྱིས,rKTs (CC BY 4.0): Esukhia
nyid+cag,ཉིདྕག,nyid cag,ཉིད་ཅག,rKTs (CC BY 4.0): Esukhia
nyidang,ཉིདང,nyid dang,ཉིད་དང,rKTs (CC BY 4.0)
nyidu,ཉིདུ,nyid du,ཉིད་དུ,rKTs (CC BY 4.0)
nyin+kha,ཉིནྑ,nyin kha,ཉིན་ཁ,rKTs (CC BY 4.0): Esukhia
nyu+ing,ཉིུང༌,nyin gung,ཉིན་གུང༌,rKTs (CC BY 4.0)
nyi+ung,ཉིུང་,nyin gung,ཉིན་གུང་,rKTs (CC BY 4.0): Esukhia
nyin+ya,ཉིནྱ,nyin gla,ཉིན་གླ,rKTs (CC BY 4.0): Esukhia
nyinoMs,ཉིནོཾས,nyin ngos,ཉིན་ངོས,rKTs (CC BY 4.0): Esukhia
nyin+chad,ཉིནྖད,nyin chad,ཉིན་ཆད,rKTs (CC BY 4.0): Esukhia
nyin+chas,ཉིནྖས,nyin chas,ཉིན་ཆས,rKTs (CC BY 4.0): Esukhia
nyin+thir,ཉིནྠིར,nyin thor,ཉིན་ཐོར,rKTs (CC BY 4.0): Esukhia
nyinakar,ཉིནཀར,nyin dkar,ཉིན་དཀར,rKTs (CC BY 4.0): Esukhia
nyidangos,ཉིདངོས,nyin dngos,ཉིན་དངོས,rKTs (CC BY 4.0): Esukhia
nyinag,ཉིནག,nyin nag,ཉིན་ནག,rKTs (CC BY 4.0): Tibetan Shorthand Contractions
nyin+ph+ye,ཉིནྥྱེ,nyin phye,ཉིན་ཕྱེ,rKTs (CC BY 4.0): Esukhia
nyin+yed+Yol,ཉིནྱེདྻོལ,nyin phyed yul,ཉིན་ཕྱེད་ཡུལ,rKTs (CC BY 4.0): Esukhia
nyide,ཉིདེ,nyin phyed,ཉིན་ཕྱེད,rKTs (CC BY 4.0): Dzongkha abbreviations
nyin+yoDa,ཉིནྱོཌ་,nyin phyogs,ཉིན་ཕྱོགས་,rKTs (CC BY 4.0): Esukhia
nyin+tud,ཉིནྟུད,nyin bstun,ཉིན་བསྟུན,rKTs (CC BY 4.0): Esukhia
nyin+yedabango,ཉིནྱེདབངོ,nyin byed danang bo,ཉིན་བྱེད་དནང་བོ,rKTs (CC BY 4.0): Esukhia
nyinaMkho'i,ཉིནྃཁོའི,nyin mkho'i,ཉིན་མཁོའི,rKTs (CC BY 4.0): Esukhia
nyinaMthar+yed,ཉིནྃཐརྱེད,nyin mthar byed,ཉིན་མཐར་བྱེད,rKTs (CC BY 4.0): Esukhia
nyinaMtshan,ཉིནྃཚན,nyin mtshan,ཉིན་མཚན,rKTs (CC BY 4.0): Esukhia
nyiMtshan,ཉིྃཚན,nyin mtshan,ཉིན་མཚན,rKTs (CC BY 4.0): Esukhia
nyitshan,ཉིཚན,nyin mtshan,ཉིན་མཚན,rKTs (CC BY 4.0): Esukhia
ny^in,ཉི༹ན,nyin mtshan,ཉིན་མཚན,rKTs (CC BY 4.0)
nyin^a,ཉིན༹,nyin mtshan,ཉིན་མཚན,rKTs (CC BY 4.0): Dzongkha abbreviations
nyinoM,ཉིནོྃ་,nyin mo,ཉིན་མོ་,rKTs (CC BY 4.0): Esukhia
nyinoM'i,ཉིནོྃའི་,nyin mo'i,ཉིན་མོའི་,rKTs (CC BY 4.0): Esukhia
nyinoM'idago,ཉིནོྃའིདགོ,nyin mo'i bdag po,ཉིན་མོའི་བདག་པོ,rKTs (CC BY 4.0): Esukhia
nyin+thoM'i,ཉིནྠོྃའི,nyin mo'i mtha',ཉིན་མོའི་མཐའ,rKTs (CC BY 4.0): Esukhia
nyinoM'idren,ཉིནོྃའིདྲེན,nyin mo'i 'dren,ཉིན་མོའི་འདྲེན,rKTs (CC BY 4.0): Esukhia
nyinoM'ibyuMs,ཉིནོྃའིབྱུཾས,nyin mo'i 'byung nas,ཉིན་མོའི་འབྱུང་ནས,rKTs (CC BY 4.0): Esukhia
nyinauM'i,ཉིནཽཾའི,nyin mo'i,ཉིན་མོའི,rKTs (CC BY 4.0): Esukhia
nyinoM'i,ཉིནོྃའི,nyin mo'i,ཉིན་མོའི,rKTs (CC BY 4.0): Esukhia
nyino'i,ཉིནོའི,nyin mo'i,ཉིན་མོའི,rKTs (CC BY 4.0): Esukhia
nyinoMraga'+ral,ཉིནོྃརགའྲལ,nyin mor dga' bral,ཉིན་མོར་དགའ་བྲལ,rKTs (CC BY 4.0): Esukhia
nyinauMrade'i,ཉིནཽཾརདེའི,nyin mor byed pa'i,ཉིན་མོར་བྱེད་པའི,rKTs (CC BY 4.0): Esukhia
nyinatshad,ཉིནཚད,nyin tshad,ཉིན་ཚད,rKTs (CC BY 4.0): Esukhia
nyin^ad,ཉིན༹ད,nyin tshad,ཉིན་ཚད,rKTs (CC BY 4.0)
nyinutshaDa,ཉིནུཚཌ,nyin tshugs,ཉིན་ཚུགས་,rKTs (CC BY 4.0): Esukhia
nyinagaza',ཉིནགཟའ,nyin zhag gza',ཉིན་ཞག་གཟའ,rKTs (CC BY 4.0): Esukhia
nyinagatshoDa,ཉིནགཚོཌ་,nyin zhag tshogs,ཉིན་ཞག་ཚོགས་,rKTs (CC BY 4.0): Esukhia
nyinag,ཉིནག,nyin zhag,ཉིན་ཞག,rKTs (CC BY 4.0): Esukhia
nyind,ཉིནད,nyin zhad,ཉིན་ཞད,rKTs (CC BY 4.0): Esukhia
nyinakhor,ཉིནཁོར,nyin 'khor,ཉིན་འཁོར,rKTs (CC BY 4.0): Esukhia
nyin+yongs,ཉིནྱོངས,nyin 'khyongs,ཉིན་འཁྱོངས,rKTs (CC BY 4.0): Esukhia
nyinagyaMs,ཉིནགྱྃས,nyin 'gyangs,ཉིན་འགྱངས,rKTs (CC BY 4.0): Esukhia
nyinaphul,ཉིནཕུལ,nyin 'phul,ཉིན་འཕུལ,rKTs (CC BY 4.0): Esukhia
ny+kin,ཉྐིན,nyin rkun,ཉིན་རྐུན,rKTs (CC BY 4.0): Esukhia
nyinase,ཉིནསེ,nyin rjes,ཉིན་རྗེས,rKTs (CC BY 4.0): Esukhia
nyin+tar,ཉིནྟར,nyin ltar,ཉིན་ལྟར,rKTs (CC BY 4.0): Esukhia
nyin+kar,ཉིནྐར,nyin skar,ཉིན་སྐར,rKTs (CC BY 4.0): Esukhia
nyin+rel,ཉིནྲེལ,nyin sbrel,ཉིན་སྦྲེལ,rKTs (CC BY 4.0): Esukhia
ny+rib,ཉྲིབ,nyin srib,ཉིན་སྲིབ,rKTs (CC BY 4.0): Dzongkha abbreviations
nyili,ཉིལི,nyil nyil,ཉིལ་ཉིལ,rKTs (CC BY 4.0): Esukhia
nyili+i,ཉིལིི,nyil li li,ཉིལ་ལི་ལི,rKTs (CC BY 4.0): Esukhia
nyile,ཉིལེ,nyil le,ཉིལ་ལེ,rKTs (CC BY 4.0): Esukhia
nyis+kh+ri,ཉིསྑྲི་,nyis khri,ཉིས་ཁྲི་,rKTs (CC BY 4.0): Esukhia
nyis+thog,ཉིསྠོག,nyis thog,ཉིས་ཐོག,rKTs (CC BY 4.0): Esukhia
nyisad+ya,ཉིསདྱ,nyis brgya,ཉིས་བརྒྱ,rKTs (CC BY 4.0): Esukhia
nyisartseDa,ཉིསརྩེཌ་,nyis brtsegs,ཉིས་བརྩེགས་,rKTs (CC BY 4.0): Esukhia
nyislos,ཉིསློས,nyis zlos,ཉིས་ཟློས,rKTs (CC BY 4.0): Esukhia
nyisgyur,ཉིསྒྱུར,nyis 'gyur,ཉིས་འགྱུར,rKTs (CC BY 4.0): Esukhia
nyisrelalog,ཉིསྲེལལོག,nyis 'brel shog,ཉིས་འབྲེལ་ཤོག,rKTs (CC BY 4.0): Esukhia
nyis+Ri,ཉིསྼི,nyis ri,ཉིས་རི,rKTs (CC BY 4.0): Esukhia
nyis+r+cinaM,ཉིསྲྕིནྃ,nyis rim can,ཉིས་རིམ་ཅན,rKTs (CC BY 4.0): Esukhia
nyisgyu,ཉིསྒྱུ,nyis rgyu,ཉིས་རྒྱུ,rKTs (CC BY 4.0): Esukhia
ny+lis,ཉླིས,nyis las,ཉིས་ལས,rKTs (CC BY 4.0): Esukhia
nyislen,ཉིསླེན,nyis len,ཉིས་ལེན,rKTs (CC BY 4.0): Esukhia
nyislog,ཉིསློག,nyis log,ཉིས་ལོག,rKTs (CC BY 4.0): Esukhia
nyisdab,ཉིསྡབ,nyis ldab,ཉིས་ལྡབ,rKTs (CC BY 4.0): Esukhia
nyiskal,ཉིསྐལ,nyis skal,ཉིས་སྐལ,rKTs (CC BY 4.0): Esukhia
nyiskul,ཉིསྐུལ,nyis skul,ཉིས་སྐུལ,rKTs (CC BY 4.0): Esukhia
nyiskra,ཉིསྐྲ,nyis skra,ཉིས་སྐྲ,rKTs (CC BY 4.0): Esukhia
nyisgriM,ཉིསྒྲིྃ,nyis sgrim,ཉིས་སྒྲིམ,rKTs (CC BY 4.0): Esukhia
nyistong,ཉིསྟོང,nyis stong,ཉིས་སྟོང,rKTs (CC BY 4.0)
nyisbraDa,ཉིསྦྲཌ་,nyis sbrags,ཉིས་སྦྲགས་,rKTs (CC BY 4.0): Esukhia
nyisbrel,ཉིསྦྲེལ,nyis sbrel,ཉིས་སྦྲེལ,rKTs (CC BY 4.0): Esukhia
nyug+nyug,ཉུགྙུག,nyug nyug,ཉུག་ཉུག,rKTs (CC BY 4.0): Esukhia
nyungu,ཉུངུ་,nyung ngu,ཉུང་ངུ་,rKTs (CC BY 4.0)
nyungur,ཉུངུར,nyung ngur,ཉུང་ངུར,rKTs (CC BY 4.0): Esukhia
nyunge,ཉུངེ,nyung nge,ཉུང་ངེ,rKTs (CC BY 4.0): Esukhia
nyuMnig,ཉུཾནིག,nyung nyin zhag,ཉུང་ཉིན་ཞག,rKTs (CC BY 4.0): Esukhia
nyungang,ཉུངང,nyung nyung,ཉུང་ཉུང,rKTs (CC BY 4.0): Esukhia
nyungarnag,ཉུངརྣག,nyung dkar nag,ཉུང་དཀར་ནག,rKTs (CC BY 4.0): Esukhia
nyungar,ཉུངར,nyung dkar,ཉུང་དཀར,rKTs (CC BY 4.0): Esukhia
nyungag,ཉུངག,nyung nag,ཉུང་ནག,rKTs (CC BY 4.0): Esukhia
nyungaM,ཉུངྃ་,nyung ma,ཉུང་མ་,rKTs (CC BY 4.0): Esukhia
nyunganyaM,ཉུངཉྃ,nyung mnyam,ཉུང་མཉམ,rKTs (CC BY 4.0): Esukhia
nyungatha'o,ཉུངཐའོ,nyung mtho'o,ཉུང་མཐོའོ,rKTs (CC BY 4.0): Esukhia
nyungatsaM,ཉུངཙྃ,nyung tsam,ཉུང་ཙམ་,rKTs (CC BY 4.0): Esukhia
nyungazad,ཉུངཟད་,nyung zad,ཉུང་ཟད,rKTs (CC BY 4.0): Esukhia
nyung+shas,ཉུངྴས,nyung shas,ཉུང་ཤས,rKTs (CC BY 4.0): Esukhia
nyungash+yer,ཉུངཤྱེར,nyungs gsher,ཉུངས་གཤེར,rKTs (CC BY 4.0): Esukhia
nyungasar,ཉུངསར,nyungs dkar,ཉུངས་དཀར,rKTs (CC BY 4.0): Esukhia
nyul+nyul,ཉུལྙུལ,nyul nyul,ཉུལ་ཉུལ,rKTs (CC BY 4.0): Esukhia
nyulo,ཉུལོ,nyul bo,ཉུལ་བོ,rKTs (CC BY 4.0): Esukhia
nyul+yedab+chag,ཉུལྱེདབྖག,nyul byed 'dab chag,ཉུལ་བྱེད་འདབ་ཆག,rKTs (CC BY 4.0): Esukhia
nyulaM,ཉུལྃ་,nyul ma,ཉུལ་མ་,rKTs (CC BY 4.0): Esukhia
nyule,ཉུལེ,nyul le,ཉུལ་ལེ,rKTs (CC BY 4.0): Dzongkha abbreviations
ny+cher,ཉྖེར,nye char,ཉེ་ཆར,rKTs (CC BY 4.0): Esukhia
nye+on,ཉེོན,nye nyon,ཉེ་ཉོན,rKTs (CC BY 4.0): Dzongkha abbreviations
nyega',ཉེགའ,nye dga',ཉེ་དགའ,rKTs (CC BY 4.0): Esukhia
nyebang,ཉེབང,nye dbang,ཉེ་དབང,rKTs (CC BY 4.0): Esukhia
nye+u,ཉེུ,nye du,ཉེ་དུ,rKTs (CC BY 4.0): Esukhia
ny+re+ung,ཉྲེུང་,nye drug,ཉེ་དྲུག་,rKTs (CC BY 4.0): Esukhia
nye'i,ཉེའི་,nye ba'i,ཉེ་བའི་,rKTs (CC BY 4.0): Esukhia
nye'ipung,ཉེའིཔུང,nye ba'i dung,ཉེ་བའི་དུང,rKTs (CC BY 4.0): Esukhia
nye'iMtshaMsade,ཉེའིྃཚྃསདེ,nye ba'i mtshams med,ཉེ་བའི་མཚམས་མེད,rKTs (CC BY 4.0): Esukhia
nye'itshal,ཉེའིཚལ,nye ba'i tshal,ཉེ་བའི་ཚལ,rKTs (CC BY 4.0): Esukhia
nye'ichi,ཉེའིཆི,nye ba'i 'chi,ཉེ་བའི་འཆི,rKTs (CC BY 4.0): Esukhia
nye'ijig,ཉེའིཇིག,nye ba'i 'jig,ཉེ་བའི་འཇིག,rKTs (CC BY 4.0): Esukhia
nye'i,ཉེའི,nye ba'i,ཉེ་བའི,rKTs (CC BY 4.0): Esukhia
nyeran+yas,ཉེརནྱས,nye bar gnas,ཉེ་བར་གནས,rKTs (CC BY 4.0): Esukhia
nyer+yed,ཉེརྱེད,nye bar byed,ཉེ་བར་བྱེད,rKTs (CC BY 4.0): Esukhia
nyeraMtshan,ཉེརྃཚན,nye bar mtshan,ཉེ་བར་མཚན,rKTs (CC BY 4.0): Esukhia
nyeraMtshon,ཉེརྃཚོན,nye bar mtshon,ཉེ་བར་མཚོན,rKTs (CC BY 4.0): Esukhia
nyerapharagro,ཉེརཕརགྲོ་,nye bar 'phar 'gro,ཉེ་བར་འཕར་འགྲོ་,rKTs (CC BY 4.0): Esukhia
nyer+yu,ཉེརྱུ,nye bar rgyu,ཉེ་བར་རྒྱུ,rKTs (CC BY 4.0): Esukhia
nyeraspyod,ཉེརསྤྱོད,nye bar spyod,ཉེ་བར་སྤྱོད,rKTs (CC BY 4.0): Esukhia
nyer,ཉེར,nye bar,ཉེ་བར,rKTs (CC BY 4.0): Esukhia
nyethoMng,ཉེཐོྃང་,nye mthong,ཉེ་མཐོང་,rKTs (CC BY 4.0): Esukhia
nyatshan,ཉཚན,nye tshan,ཉེ་ཚན,rKTs (CC BY 4.0): Esukhia
nyetshig,ཉེཚིག,nye tshig,ཉེ་ཚིག,rKTs (CC BY 4.0): Esukhia
ny+zhodeMr,ཉྮོདེྃར,nye zho med par,ཉེ་ཞོ་མེད་པར,rKTs (CC BY 4.0): Esukhia
ny+zhosabening,ཉྮོསབེནིང་,nye zhos dben zhing,ཉེ་ཞོས་དབེན་ཞིང་,rKTs (CC BY 4.0): Esukhia
nyekhon,ཉེཁོན,nye 'khon,ཉེ་འཁོན,rKTs (CC BY 4.0): Esukhia
nyero,ཉེརོ,nye 'khor,ཉེ་འཁོར,rKTs (CC BY 4.0): Esukhia
nyegraM,ཉེགྲྃ,nye 'gram,ཉེ་འགྲམ,rKTs (CC BY 4.0): Esukhia
nyedabasu,ཉེདབསུ,nye 'dabs su,ཉེ་འདབས་སུ,rKTs (CC BY 4.0): Esukhia
ny+yaid,ཉྱཻད,nye 'byed,ཉེ་འབྱེད,rKTs (CC BY 4.0): Esukhia
ny+rail,ཉྲཻལ,nye 'brel,ཉེ་འབྲེལ,rKTs (CC BY 4.0): Esukhia
nyengi,ཉེངི,nye ring,ཉེ་རིང,rKTs (CC BY 4.0): Esukhia
nyering,ཉེརིང,nye ring,ཉེ་རིང,rKTs (CC BY 4.0): Esukhia
nye rgyud,ཉེ་རྒྱུད,nye rgyud,ཉེ་རྒྱུད,rKTs (CC BY 4.0): Esukhia
nyengi,ཉེངི,nye shing,ཉེ་ཤིང,rKTs (CC BY 4.0): Esukhia
ny+kero,ཉྐེརོ,nye skor,ཉེ་སྐོར,rKTs (CC BY 4.0): Esukhia
ny+k+yero,ཉྐྱེརོ,nye skyor,ཉེ་སྐྱོར,rKTs (CC BY 4.0): Esukhia
ny+ngeno,ཉྔེནོ,nye sngon,ཉེ་སྔོན,rKTs (CC BY 4.0): Esukhia
nyedang,ཉེདང,nyed dang,ཉེད་དང,rKTs (CC BY 4.0): Esukhia
nyen+kha,ཉེནྑ,nyen kha,ཉེན་ཁ,rKTs (CC BY 4.0): Esukhia
nyen+yis,ཉེནྱིས,nyen gyis,ཉེན་གྱིས,rKTs (CC BY 4.0): Esukhia
ny+zeno,ཉྯེནོ,nyen zon,ཉེན་ཟོན,rKTs (CC BY 4.0): Esukhia
nyenagog,ཉེནགོག,nyen 'gog,ཉེན་འགོག,rKTs (CC BY 4.0): Esukhia
nyen+g+rib,ཉེནྒྲིབ,nyen sgrib,ཉེན་སྒྲིབ,rKTs (CC BY 4.0): Esukhia
nye'u,ཉེའུ,nye'u,ཉེའུ,rKTs (CC BY 4.0): Esukhia
nyerig,ཉེརིག,nyer gcig,ཉེར་གཅིག,rKTs (CC BY 4.0): Esukhia
nyer1,ཉེར༡,nyer gcig,ཉེར་གཅིག,rKTs (CC BY 4.0): Dzongkha abbreviations
ny+re gcig,ཉྲེ་གཅིག,nyer gcig,ཉེར་གཅིག,rKTs (CC BY 4.0): Tibetan Shorthand Contractions
nyairar,ཉཻརར,nyer nyer,ཉེར་ཉེར,rKTs (CC BY 4.0): Esukhia
nyer+thabe,ཉེརྠབེ,nyer thub,ཉེར་ཐུབ,rKTs (CC BY 4.0): Esukhia
nyerasaDa,ཉེརསཌ་,nyer bsags,ཉེར་བསགས་,rKTs (CC BY 4.0): Esukhia
nyeraskrun,ཉེརསྐྲུན,nyer bskrun,ཉེར་བསྐྲུན,rKTs (CC BY 4.0): Esukhia
nyerasgyur,ཉེརསྒྱུར,nyer bsgyur,ཉེར་བསྒྱུར,rKTs (CC BY 4.0): Esukhia
nyerasdoDa,ཉེརསྡོཌ་,nyer bsdogs,ཉེར་བསྡོགས་,rKTs (CC BY 4.0): Esukhia
nyer+zhi,ཉེརྮི་,nyer zhi,ཉེར་ཞི་,rKTs (CC BY 4.0): Esukhia
nyerakhuM,ཉེརཁུྃ,nyer 'khum,ཉེར་འཁུམ,rKTs (CC BY 4.0): Esukhia
nyerajog,ཉེརཇོག,nyer 'jog,ཉེར་འཇོག,rKTs (CC BY 4.0): Esukhia
nyerabros,ཉེརབྲོས་,nyer 'bras so,ཉེར་འབྲས་སོ་,rKTs (CC BY 4.0): Esukhia
nyeratshe,ཉེརཚེ,nyer 'tshe,ཉེར་འཚེ,rKTs (CC BY 4.0): Esukhia
nyeradzin,ཉེརཛིན,nyer 'dzin,ཉེར་འཛིན,rKTs (CC BY 4.0): Esukhia
ny+leran+yi,ཉླེརནྱི,nyer len gyi,ཉེར་ལེན་གྱི,rKTs (CC BY 4.0): Esukhia
ny+relnga'i,ཉྲེལྔའི་,nyer lnga ba'i,ཉེར་ལྔ་བའི་,rKTs (CC BY 4.0): Esukhia
ny+relnga,ཉྲེལྔ,nyer lnga,ཉེར་ལྔ,rKTs (CC BY 4.0): Esukhia
ny+re lnga,ཉྲེ་ལྔ,nyer lnga,ཉེར་ལྔ,rKTs (CC BY 4.0): Dzongkha abbreviations
nyeraskyed,ཉེརསྐྱེད,nyer skyed,ཉེར་སྐྱེད,rKTs (CC BY 4.0): Esukhia
nyer+yo?d,ཉེརྱ྄ོད,nyer spyad,ཉེར་སྤྱད,rKTs (CC BY 4.0): Esukhia
nyer+yo?d,ཉེརྱ྄ོད,nyer spyod,ཉེར་སྤྱོད,rKTs (CC BY 4.0): Esukhia
nyerbas,ཉེརྦས,nyer sbas,ཉེར་སྦས,rKTs (CC BY 4.0): Esukhia
nyesuMjoMs,ཉེསུྃཇོྃས,nyes gsum 'joms,ཉེས་གསུམ་འཇོམས,rKTs (CC BY 4.0): Esukhia
nyes+can,ཉེསྕན,nyes can,ཉེས་ཅན,rKTs (CC BY 4.0): Esukhia
nyes+chad,ཉེསྖད,nyes chad,ཉེས་ཆད,rKTs (CC BY 4.0): Esukhia
nyes+char,ཉེསྖར,nyes char,ཉེས་ཆར,rKTs (CC BY 4.0): Esukhia
nyesangul,ཉེསངུལ,nyes dngul,ཉེས་དངུལ,rKTs (CC BY 4.0): Esukhia
nyesamiDa,ཉེསམིཌ་,nyes dmigs,ཉེས་དམིགས་,rKTs (CC BY 4.0): Esukhia
nyesashad,ཉེསཤད,nyes bshad,ཉེས་བཤད,rKTs (CC BY 4.0): Esukhia
nyes+yas,ཉེསྱས,nyes byas,ཉེས་བྱས,rKTs (CC BY 4.0): Esukhia
nyesaMde,ཉེསྃདེ,nyes med,ཉེས་མེད,rKTs (CC BY 4.0): Esukhia
nyesatshabs,ཉེསཚབས,nyes tshabs,ཉེས་ཚབས,rKTs (CC BY 4.0): Esukhia
nyesagel,ཉེསགེལ,nyes 'gel,ཉེས་འགེལ,rKTs (CC BY 4.0): Esukhia
nyesagog,ཉེསགོག,nyes 'gog,ཉེས་འགོག,rKTs (CC BY 4.0): Esukhia
nyesartsad+chod,ཉེསརྩདྖོད,nyes rtsad chod,ཉེས་རྩད་ཆོད,rKTs (CC BY 4.0): Esukhia
ny+les,ཉླེས,nyes las,ཉེས་ལས,rKTs (CC BY 4.0): Esukhia
nyestung,ཉེསྟུང་,nyes ltong,ཉེས་ལྟོང་,rKTs (CC BY 4.0): Esukhia
nyeskyen,ཉེསྐྱེན,nyes skyon,ཉེས་སྐྱོན,rKTs (CC BY 4.0): Esukhia
nyespyo+od,ཉེསྤྱོོད,nyes spyod,ཉེས་སྤྱོད,rKTs (CC BY 4.0): Esukhia
ny+cho,ཉྖོ,nyo cha,ཉོ་ཆ,rKTs (CC BY 4.0): Esukhia
ny+chos,ཉྖོས,nyo chas,ཉོ་ཆས,rKTs (CC BY 4.0): Esukhia
nyotshong,ཉོཚོང,nyo tshong,ཉོ་ཚོང,rKTs (CC BY 4.0): Esukhia
ny+rauDa,ཉྲཽཌ་,nyo rogs,ཉོ་རོགས་,rKTs (CC BY 4.0): Esukhia
ny+g+ro+ub,ཉྒྲོུབ,nyo sgrub,ཉོ་སྒྲུབ,rKTs (CC BY 4.0): Esukhia
nyogengadugo,ཉོགེངདུགོ,nyog ge gang 'dug go,ཉོག་གེ་གང་འདུག་གོ,rKTs (CC BY 4.0): Esukhia
nyaungs,ཉཽངས,nyong mongs,ཉོང་མོངས,rKTs (CC BY 4.0): Bacot écriture cursive Tibétaine
ny+raud,ཉྲཽད,nyod rod,ཉོད་རོད,rKTs (CC BY 4.0): Esukhia
nyon+cig,ཉོནྕིག,nyon cig,ཉོན་ཅིག,rKTs (CC BY 4.0): Esukhia
nyon1,ཉོན་༡,nyon cig,ཉོན་ཅིག,rKTs (CC BY 4.0): Dzongkha abbreviations
nyaunangas+yidrug,ཉཽནངསྱིདྲུག,nyon mongs kyi rgyu drug,ཉོན་མོངས་ཀྱི་རྒྱུ་དྲུག,rKTs (CC BY 4.0): Esukhia
nyonoMngas+yi,ཉོནོྃངསྱི,nyon mongs kyi,ཉོན་མོངས་ཀྱི,rKTs (CC BY 4.0): Esukhia
nyaunangas+can+yi,ཉཽནངསྕནྱི,nyon mongs gyi,ཉོན་མོངས་གྱི,rKTs (CC BY 4.0): Esukhia
nyonoMd+cig,ཉོནོྃདྕིག,nyon mongs cig,ཉོན་མོངས་ཅིག,rKTs (CC BY 4.0): Esukhia
nyaungasaMdeng,ཉཽངསྃདེང་,nyon mongs med dang,ཉོན་མོངས་མེད་དང་,rKTs (CC BY 4.0): Esukhia
nyaungasaMde'i,ཉཽངསྃདེའི,nyon mongs med pa'i,ཉོན་མོངས་མེད་པའི,rKTs (CC BY 4.0): Esukhia
nyo+o+o+o+o+o+o+onangs,ཉོོོོོོོོནངས,nyon mongs tshogs bcom mgon po khyod mchod,ཉོན་མོངས་ཚོགས་བཅོམ་མགོན་པོ་ཁྱོད་མཆོད,rKTs (CC BY 4.0): Bacot écriture cursive Tibétaine
nyongos,ཉོངོས,nyon mongs,ཉོན་མོངས,rKTs (CC BY 4.0): Dzongkha abbreviations
nyaunangaMs,ཉཽནངཾས,nyon mongs,ཉོན་མོངས,rKTs (CC BY 4.0): Dzongkha abbreviations
nyonongs,ཉོནོངས,nyon mongs,ཉོན་མོངས,rKTs (CC BY 4.0)
nyo+ongs,ཉོོངས,nyon mongs,ཉོན་མོངས,rKTs (CC BY 4.0): Tibetan Shorthand Contractions
nyenoMngs,ཉེནོྃངས,nyon mongs,ཉོན་མོངས,rKTs (CC BY 4.0): Esukhia
nyongaso,ཉོངསོ,nyon mongs,ཉོན་མོངས,rKTs (CC BY 4.0): Esukhia
nyongoMs,ཉོངོྃས,nyon mongs,ཉོན་མོངས,rKTs (CC BY 4.0): Esukhia
nyauMngs,ཉཽྃངས,nyon mongs,ཉོན་མོངས,rKTs (CC BY 4.0): Esukhia
nyongoMs,ཉོངོྃས་,nyon myongs,ཉོན་མྱོངས་,rKTs (CC BY 4.0): Esukhia
nyaub,ཉཽབ,nyob nyob,ཉོབ་ཉོབ,rKTs (CC BY 4.0): Esukhia
nyobe,ཉོབེ,nyob be,ཉོབ་བེ,rKTs (CC BY 4.0): Esukhia
ny+thobi,ཉྠོབི,nyob 'thib,ཉོབ་འཐིབ,rKTs (CC BY 4.0): Esukhia
nyosa'i,ཉོསའི,nyos pa'i,ཉོས་པའི,rKTs (CC BY 4.0): Esukhia
taMkhro'aM,ཏཾཁྲོའྃ་,tang khra bo'am,ཏང་ཁྲ་བོའམ་,rKTs (CC BY 4.0): Esukhia
tAn tIg,ཏཱན་ཏཱིག,tan tan tig tig,ཏན་ཏན་ཏིག་ཏིག,rKTs (CC BY 4.0): Dzongkha abbreviations
tigis,ཏིགིས,tig gis,ཏིག་གིས,rKTs (CC BY 4.0): Nima Hojer Lama The Genealogy of Ya-ngal Family of Dolpo
tingedzin,ཏིངེཛིན,ting nge 'dzin,ཏིང་ངེ་འཛིན,rKTs (CC BY 4.0): Esukhia
tengadzin,ཏེངཛིན,ting nge 'dzin,ཏིང་ངེ་འཛིན,rKTs (CC BY 4.0): Esukhia
ting^in,ཏིངི༹ན,ting nge 'dzin,ཏིང་ངེ་འཛིན,rKTs (CC BY 4.0): Bacot écriture cursive Tibétaine
ting^eni,ཏིངེ༹ནི,ting nge 'dzin,ཏིང་ངེ་འཛིན,rKTs (CC BY 4.0): Dzongkha abbreviations
ti+i+ingi+i+ini+i+i,ཏིིིངིིིནིིི,ting 'dzin ji bzhin rig cing gzigs shing 'dzin,ཏིང་འཛིན་ཇི་བཞིན་རིག་ཅིང་གཟིགས་ཤིང་འཛིན,rKTs (CC BY 4.0): Bacot écriture cursive Tibétaine
ting^ani,ཏིང༹ནི,ting 'dzin,ཏིང་འཛིན,rKTs (CC BY 4.0)
tingi n^a,ཏིངི་ན༹,ting 'dzin,ཏིང་འཛིན,rKTs (CC BY 4.0): Tibetan Shorthand Contractions
tingin^a,ཏིངིན༹,ting 'dzin,ཏིང་འཛིན,rKTs (CC BY 4.0): Tibetan Shorthand Contractions
ing^in,ཨིངི༹ན,ting 'dzin,ཏིང་འཛིན,rKTs (CC BY 4.0): Nima Hojer Lama The Genealogy of Ya-ngal Family of Dolpo
tingag,ཏིངག,ting shag,ཏིང་ཤག,rKTs (CC BY 4.0): Bacot écriture cursive Tibétaine
tingags,ཏིངགས,ting shags,ཏིང་ཤགས,rKTs (CC BY 4.0): Dzongkha abbreviations
tushar,ཏུཤར,tu shar,ཏུ་ཤར,rKTs (CC BY 4.0): Esukhia
togi blaus,ཏོགི་བླཽས,tog gi blo gros,ཏོག་གི་བློ་གྲོས,rKTs (CC BY 4.0): Dzongkha abbreviations
tresam,ཏྲེསམ,tres sam,ཏྲེས་སམ,rKTs (CC BY 4.0): Dzongkha abbreviations
tsha zhang,ཚ་ཞང,tha bo dang zhang po,ཐ་བོ་དང་ཞང་པོ,rKTs (CC BY 4.0): Bacot écriture cursive Tibétaine
th+zeMr,ཐྯེཾར,tha ma zer,ཐ་མ་ཟེར,rKTs (CC BY 4.0): Esukhia
thagacod pa,ཐགཅོད་པ,thag gcod pa,ཐག་གཅོད་པ,rKTs (CC BY 4.0): Dzongkha abbreviations
thagis,ཐགིས,thag gis,ཐག་གིས,rKTs (CC BY 4.0): Dzongkha abbreviations
thag+cung+zad,ཐགྕུངྯད,thag cung zad,ཐག་ཅུང་ཟད,rKTs (CC BY 4.0): Esukhia
thag+ni,ཐགྣི,thag ni,ཐག་ནི,rKTs (CC BY 4.0): Esukhia
thagyedaka,ཐགྱེདཀ,thag phyed ka,ཐག་ཕྱེད་ཀ,rKTs (CC BY 4.0): Esukhia
thag+s+kud,ཐགྶྐུད,thag skud,ཐག་སྐུད,rKTs (CC BY 4.0): Esukhia
thudaMng,ཐུདཾང,thags dam bskang,ཐགས་དམ་བསྐང,rKTs (CC BY 4.0): Bacot écriture cursive Tibétaine
th+yadam,ཐྱདམ,thags dam bskang,ཐགས་དམ་བསྐང,rKTs (CC BY 4.0): Bacot écriture cursive Tibétaine
thangaM,ཐངཾ,thang ma,ཐང་མ,rKTs (CC BY 4.0): Dzongkha abbreviations
th+shing,ཐྴིང,thang shing,ཐང་ཤིང,rKTs (CC BY 4.0): Esukhia
thad+ka,ཐདྐ,thad ka,ཐད་ཀ,rKTs (CC BY 4.0): Esukhia
thadu,ཐདུ,thad du,ཐད་དུ,rKTs (CC BY 4.0): Dzongkha abbreviations
thadrang,ཐདྲང༌,thad drang,ཐད་དྲང༌,rKTs (CC BY 4.0): Dzongkha abbreviations
thad+so,ཐདྶོ,thad so,ཐད་སོ,rKTs (CC BY 4.0): Esukhia
thano,ཐནོ,than thon,ཐན་ཐོན,rKTs (CC BY 4.0): Dzongkha abbreviations
thabas+yi,ཐབསྱི,thabs kyi,ཐབས་ཀྱི,rKTs (CC BY 4.0): Dzongkha abbreviations
thabas+ya justong,ཐབསྱ་ཇུསྟོང,thabs brgya jus stong,ཐབས་བརྒྱ་ཇུས་སྟོང,rKTs (CC BY 4.0): Dzongkha abbreviations
thabaMs,ཐབཾས,thabs mkhas,ཐབས་མཁས,rKTs (CC BY 4.0): Dzongkha abbreviations
thabes,ཐབེས,thabs shes,ཐབས་ཤེས,rKTs (CC BY 4.0): Dzongkha abbreviations
thbes,ཐབེས,thabs shes,ཐབས་ཤེས,rKTs (CC BY 4.0): Bacot écriture cursive Tibétaine
thabasu,ཐབསུ,thabs su,ཐབས་སུ,rKTs (CC BY 4.0): Dzongkha abbreviations
thabsu,ཐབསུ,thabs su,ཐབས་སུ,rKTs (CC BY 4.0): Nima Hojer Lama The Genealogy of Ya-ngal Family of Dolpo
thamo,ཐམོ,tham thom,ཐམ་ཐོམ,rKTs (CC BY 4.0): Dzongkha abbreviations
thaM pa,ཐཾ་པ,tham pa,ཐམ་པ,rKTs (CC BY 4.0)
thaMpa,ཐཾཔ,tham pa,ཐམ་པ,rKTs (CC BY 4.0): Tibetan Shorthand Contractions
thaM,ཐཾ,tham,ཐམ,rKTs (CC BY 4.0): Esukhia
thaMdi,ཐྃདི,thams cad kyi,ཐམས་ཅད་ཀྱི,rKTs (CC BY 4.0): Esukhia
thaMdage,ཐྃདགེ,thams cad dge,ཐམས་ཅད་དགེ,rKTs (CC BY 4.0): Esukhia
thaMd myen pa,ཐཾད་མྱེན་པ,thams cad mkhyen pa,ཐམས་ཅད་མཁྱེན་པ,rKTs (CC BY 4.0): Dzongkha abbreviations
thaMdaskyob,ཐྃདསྐྱོབ,thams cad skyob,ཐམས་ཅད་སྐྱོབ,rKTs (CC BY 4.0): Esukhia
thaMd,ཐྃད,thams cad,ཐམས་ཅད,rKTs (CC BY 4.0)
thas+tsaMd,ཐསྩཾད,thams cad,ཐམས་ཅད,rKTs (CC BY 4.0): Bacot écriture cursive Tibétaine
thaMad,ཐཾཨད,thams cad,ཐམས་ཅད,rKTs (CC BY 4.0): Nima Hojer Lama The Genealogy of Ya-ngal Family of Dolpo
tharo,ཐརོ,thar thor,ཐར་ཐོར,rKTs (CC BY 4.0): Dzongkha abbreviations
tharu,ཐརུ,thar nu,ཐར་ནུ,rKTs (CC BY 4.0): Dzongkha abbreviations
thara'i,ཐརའི,thar pa'i,ཐར་པའི,rKTs (CC BY 4.0): Dzongkha abbreviations
thaloM,ཐལོཾ,thal mo,ཐལ་མོ,rKTs (CC BY 4.0): Dzongkha abbreviations
thal+yur,ཐལྱུར,thal 'gyur,ཐལ་འགྱུར,rKTs (CC BY 4.0)
thalcag,ཐལྕག,thal lcag,ཐལ་ལྕག,rKTs (CC BY 4.0): Dzongkha abbreviations
thigadab,ཐིགདབ,thig gdab,ཐིག་གདབ,rKTs (CC BY 4.0): Esukhia
thigadebas+yedaM,ཐིགདེབསྱེདཾ,thig 'debs byed kyi,ཐིག་འདེབས་བྱེད་ཀྱི,rKTs (CC BY 4.0): Esukhia
thige,ཐིགེ,thig le,ཐིག་ལེ,rKTs (CC BY 4.0): Dzongkha abbreviations
thigle,ཐིགླེ,thig le,ཐིག་ལེ,rKTs (CC BY 4.0)
thi+eg,ཐིེག,thig le,ཐིག་ལེ,rKTs (CC BY 4.0): Bacot écriture cursive Tibétaine
thiM pa,ཐིཾ་པ,thim pa,ཐིམ་པ,rKTs (CC BY 4.0): Dzongkha abbreviations
thimo,ཐིམོ,thim mo,ཐིམ་མོ,rKTs (CC BY 4.0): Nima Hojer Lama The Genealogy of Ya-ngal Family of Dolpo
thizhesardotshan,ཐིཞེསརྡོཚན,thim zhes rdo tshan,ཐིམ་ཞེས་རྡོ་ཚན,rKTs (CC BY 4.0): Esukhia
th+yar,ཐྱར,thugs kar,ཐུགས་ཀར,rKTs (CC BY 4.0)
thugis,ཐུགིས,thugs kyis,ཐུགས་ཀྱིས,rKTs (CC BY 4.0): Nima Hojer Lama The Genealogy of Ya-ngal Family of Dolpo
thugongs,ཐུགོངས,thugs dgongs,ཐུགས་དགོངས,rKTs (CC BY 4.0): Dzongkha abbreviations
th+yadaMn,ཐྱདཾན,thugs dam can,ཐུགས་དམ་ཅན,rKTs (CC BY 4.0): Dzongkha abbreviations
thuMdang,ཐུཾདང༌,thugs dam bskang,ཐུགས་དམ་བསྐང༌,rKTs (CC BY 4.0): Dzongkha abbreviations
th+yadaMng,ཐྱདཾང,thugs dam bskang,ཐུགས་དམ་བསྐང༌,rKTs (CC BY 4.0): Dzongkha abbreviations
thuTaM,ཐུཊཾ,thugs dam,ཐུགས་དམ,rKTs (CC BY 4.0): Dzongkha abbreviations
th+yadaM,ཐྱདཾ,thugs dam,ཐུགས་དམ,rKTs (CC BY 4.0): Dzongkha abbreviations
thyar,ཐྱར,thugs dkar,ཐུགས་དཀར,rKTs (CC BY 4.0): Nima Hojer Lama The Genealogy of Ya-ngal Family of Dolpo
thugas^e,ཐུགསེ༹,thugs brtse,ཐུགས་བརྩེ,rKTs (CC BY 4.0): Dzongkha abbreviations
thuT^e,ཐུཊེ༹,thugs brtse,ཐུགས་བརྩེ,rKTs (CC BY 4.0): Dzongkha abbreviations
th^u+egs,ཐེུ༹གས,thugs brtse,ཐུགས་བརྩེ,rKTs (CC BY 4.0): Bacot écriture cursive Tibétaine
thu+eg^as,ཐེུག༹ས,thugs brtse,ཐུགས་བརྩེ,rKTs (CC BY 4.0): Tibetan Shorthand Contractions
th^u+eT,ཐེུ༹ཊ,thugs brtse,ཐུགས་བརྩེ,rKTs (CC BY 4.0): Tibetan Shorthand Contractions
thu+egs cheno,ཐེུགས་ཆེནོ,thugs rje chen po,ཐུགས་རྗེ་ཆེན་པོ,rKTs (CC BY 4.0): Dzongkha abbreviations
thu+aino,ཐཻུནོ,thugs rje chen po,ཐུགས་རྗེ་ཆེན་པོ,rKTs (CC BY 4.0): Dzongkha abbreviations
th+yo+e+en,ཐྱོེེན,thugs rje chen po,ཐུགས་རྗེ་ཆེན་པོ,rKTs (CC BY 4.0): Bacot écriture cursive Tibétaine
th+ye+e+ona'i,ཐྱེེོནའི,thugs rje chen po'i,ཐུགས་རྗེ་ཆེན་པོའི,rKTs (CC BY 4.0): Dzongkha abbreviations
thuTe,ཐུཊེ,thugs rje,ཐུགས་རྗེ,rKTs (CC BY 4.0): Tibetan Shorthand Contractions
thu+egs,ཐེུགས,thugs rje,ཐུགས་རྗེ,rKTs (CC BY 4.0)
thu+eT,ཐེུཊ,thugs rje,ཐུགས་རྗེ,rKTs (CC BY 4.0): Dzongkha abbreviations
th+ye,ཐྱེ,thugs rje,ཐུགས་རྗེ,rKTs (CC BY 4.0)
th+ye'i,ཐྱེའི,thugs rje'i,ཐུགས་རྗེའི,rKTs (CC BY 4.0): Dzongkha abbreviations
th+yes,ཐྱེས,thugs rjes,ཐུགས་རྗེས,rKTs (CC BY 4.0): Dzongkha abbreviations
thuTe'i,ཐུཊེའི,thugs legs pa'i,ཐུགས་ལེགས་པའི,rKTs (CC BY 4.0): Dzongkha abbreviations
thuTe rine,ཐུཊེ་རིནེ,thugs legs rin chen,ཐུགས་ལེགས་རིན་ཆེན,rKTs (CC BY 4.0): Dzongkha abbreviations
thuTe,ཐུཊེ,thugs legs,ཐུགས་ལེགས,rKTs (CC BY 4.0): Dzongkha abbreviations
thuT,ཐུཊ,thugs,ཐུགས,rKTs (CC BY 4.0): Dzongkha abbreviations
thuDa,ཐུཌ་,thugs,ཐུགས་,rKTs (CC BY 4.0): Esukhia
thuD,ཐུཌ,thugs,ཐུགས,rKTs (CC BY 4.0): Nima Hojer Lama The Genealogy of Ya-ngal Family of Dolpo
thyas,ཐྱས,thugs,ཐུགས,rKTs (CC BY 4.0): Nima Hojer Lama The Genealogy of Ya-ngal Family of Dolpo
thUng,ཐཱུང,thung thung,ཐུང་ཐུང,rKTs (CC BY 4.0): Dzongkha abbreviations
thunganyaM,ཐུངཉཾ,thung mnyam,ཐུང་མཉམ,rKTs (CC BY 4.0): Esukhia
thunas+yeng,ཐུནསྱེང,thun gseng,ཐུན་གསེང,rKTs (CC BY 4.0): Esukhia
thun+rug,ཐུནྲུག,thun drug,ཐུན་དྲུག,rKTs (CC BY 4.0): Esukhia
thunaru,ཐུནརུ,thun bar du,ཐུན་བར་དུ,rKTs (CC BY 4.0): Esukhia
thuni,ཐུནི,thun bzhi,ཐུན་བཞི,rKTs (CC BY 4.0): Dzongkha abbreviations
thu+in,ཐིུན,thun bzhi,ཐུན་བཞི,rKTs (CC BY 4.0)
thunaMtsh+naMs,ཐུནཾཚྣྃས,thun mtshams nas,ཐུན་མཚམས་ནས,rKTs (CC BY 4.0): Esukhia
thun^aMs,ཐུནཾ༹ས,thun mtshams,ཐུན་མཚམས,rKTs (CC BY 4.0): Dzongkha abbreviations
thu+in,ཐིུན,thun min,ཐུན་མིན,rKTs (CC BY 4.0): Dzongkha abbreviations
thu+ongaso,ཐོུངསོ,thun mong chos,ཐུན་མོང་ཆོས,rKTs (CC BY 4.0): Dzongkha abbreviations
thunoMng,ཐུནོཾང༌,thun mong,ཐུན་མོང༌,rKTs (CC BY 4.0): Dzongkha abbreviations
thu+ong,ཐོུང༌,thun mong,ཐུན་མོང༌,rKTs (CC BY 4.0)
thunong,ཐུནོང,thun mong,ཐུན་མོང,rKTs (CC BY 4.0)
thunMongas,ཐུནཾཨོངས,thun mongs,ཐུན་མོངས,rKTs (CC BY 4.0): Nima Hojer Lama The Genealogy of Ya-ngal Family of Dolpo
thuben,ཐུབེན,thub chen,ཐུབ་ཆེན,rKTs (CC BY 4.0)
thu+en,ཐེུན,thub chen,ཐུབ་ཆེན,rKTs (CC BY 4.0): Dzongkha abbreviations
thubang,ཐུབང,thub dang,ཐུབ་དང,rKTs (CC BY 4.0): Esukhia
thubang,ཐུབང༌,thub dbang,ཐུབ་དབང༌,rKTs (CC BY 4.0): Dzongkha abbreviations
thubastan,ཐུབསྟན,thub bstan,ཐུབ་བསྟན,rKTs (CC BY 4.0): Dzongkha abbreviations
thubo,ཐུབོ,thub bo,ཐུབ་བོ,rKTs (CC BY 4.0): Dzongkha abbreviations
thuvod,ཐུབོ༹ད,thub tshod,ཐུབ་ཚོད,rKTs (CC BY 4.0): Dzongkha abbreviations
thurapyadar,ཐུརཔྱདར,thur dpyad bar,ཐུར་དཔྱད་བར,rKTs (CC BY 4.0): Esukhia
the+oMd,ཐེོཾད,the tshom med,ཐེ་ཚོམ་མེད,rKTs (CC BY 4.0): Dzongkha abbreviations
tho+e+edaM,ཐོེེདཾ,the tshom med,ཐེ་ཚོམ་མེད,rKTs (CC BY 4.0): Bacot écriture cursive Tibétaine
the+oM,ཐེོཾ,the tshom,ཐེ་ཚོམ,rKTs (CC BY 4.0): Dzongkha abbreviations
tho+e,ཐོེ,the tshom,ཐེ་ཚོམ,rKTs (CC BY 4.0): Bacot écriture cursive Tibétaine
thegen,ཐེགེན,theg chen,ཐེག་ཆེན,rKTs (CC BY 4.0)
the+egan,ཐེེགན,theg chen,ཐེག་ཆེན,rKTs (CC BY 4.0): Bacot écriture cursive Tibétaine
thegan,ཐེགན,theg dman,ཐེག་དམན,rKTs (CC BY 4.0): Dzongkha abbreviations
thega'ijug+s+go,ཐེགའིཇུགྶྒོ་,theg pa'i 'jug sgo,ཐེག་པའི་འཇུག་སྒོ་,rKTs (CC BY 4.0): Esukhia
thega'i,ཐེགའི,theg pa'i,ཐེག་པའི,rKTs (CC BY 4.0): Esukhia
threngs,ཐྲེངས,the'u rangs,ཐེའུ་རངས,rKTs (CC BY 4.0): Dzongkha abbreviations
thair,ཐཻར,ther ther,ཐེར་ཐེར,rKTs (CC BY 4.0): Dzongkha abbreviations
therang,ཐེརང,ther rang,ཐེར་རང,rKTs (CC BY 4.0): Nima Hojer Lama The Genealogy of Ya-ngal Family of Dolpo
thermuDa,ཐེརྨུཌ,ther rmugs,ཐེར་རྨུགས,rKTs (CC BY 4.0): Esukhia
thel^e,ཐེལེ༹,thel tshe,ཐེལ་ཚེ,rKTs (CC BY 4.0): Dzongkha abbreviations
thong,ཐོང,tho dang,ཐོ་དང,rKTs (CC BY 4.0): Esukhia
thronges,ཐྲོངེས,tho rengs,ཐོ་རེངས,rKTs (CC BY 4.0): Esukhia
thro+engs,ཐྲོེངས,tho rengs,ཐོ་རེངས,rKTs (CC BY 4.0): Dzongkha abbreviations
thogis,ཐོགིས,thog gis,ཐོག་གིས,rKTs (CC BY 4.0): Nima Hojer Lama The Genealogy of Ya-ngal Family of Dolpo
thogu,ཐོགུ,thog gu,ཐོག་གུ,rKTs (CC BY 4.0): Dzongkha abbreviations
thog+thag,ཐོགྠག,thog thag,ཐོག་ཐག,rKTs (CC BY 4.0): Esukhia
thogaM,ཐོགྃ་,thog ma,ཐོག་མ་,rKTs (CC BY 4.0): Esukhia
thogaMr,ཐོགཾར,thog mar,ཐོག་མར,rKTs (CC BY 4.0): Dzongkha abbreviations
thogeMd,ཐོགེཾད,thog med,ཐོག་མེད,rKTs (CC BY 4.0): Dzongkha abbreviations
thoegd,ཐོཨེགད,thog med,ཐོག་མེད,rKTs (CC BY 4.0): Bacot écriture cursive Tibétaine
thoTeMd kyis^ada'i,ཐོཊེཾད་ཀྱིས༹དའི,thogs med kyis mdzad pa'i,ཐོགས་མེད་ཀྱིས་མཛད་པའི,rKTs (CC BY 4.0): Dzongkha abbreviations
thoTeMd,ཐོཊེཾད,thogs med,ཐོགས་མེད,rKTs (CC BY 4.0): Dzongkha abbreviations
thogso,ཐོགསོ,thogs so,ཐོགས་སོ,rKTs (CC BY 4.0): Nima Hojer Lama The Genealogy of Ya-ngal Family of Dolpo
thoD,ཐོཌ,thogs,ཐོགས,rKTs (CC BY 4.0): Nima Hojer Lama The Genealogy of Ya-ngal Family of Dolpo
throg,ཐྲོག,thod khrag,ཐོད་ཁྲག,rKTs (CC BY 4.0): Dzongkha abbreviations
throdag,ཐྲོདག,thod khrag,ཐོད་ཁྲག,rKTs (CC BY 4.0): Dzongkha abbreviations
thodag,ཐོདག,thod khrag,ཐོད་ཁྲག,rKTs (CC BY 4.0): Bacot écriture cursive Tibétaine
th+rog,ཐྲོག,thod khrag,ཐོད་ཁྲག,rKTs (CC BY 4.0): Bacot écriture cursive Tibétaine
thodar,ཐོདར,thod gar,ཐོད་གར,rKTs (CC BY 4.0): Nima Hojer Lama The Genealogy of Ya-ngal Family of Dolpo
thaud,ཐཽད,thod thod,ཐོད་ཐོད,rKTs (CC BY 4.0): Esukhia
thro+eng,ཐྲོེང༌,thod phreng,ཐོད་ཕྲེང༌,rKTs (CC BY 4.0): Dzongkha abbreviations
throdeng^al,ཐྲོདེང༹ལ,thod phreng tshal,ཐོད་ཕྲེང་ཚལ,rKTs (CC BY 4.0): Dzongkha abbreviations
th+ro+edng^al,ཐྲོེདང༹ལ,thod phreng rtsal,ཐོད་ཕྲེང་རྩལ,rKTs (CC BY 4.0): Bacot écriture cursive Tibétaine
th+rado+eng,ཐྲདོེང,thod phreng,ཐོད་ཕྲེང,rKTs (CC BY 4.0): Bacot écriture cursive Tibétaine
thon+ri,ཐོནྲི,thon dri,ཐོན་དྲི,rKTs (CC BY 4.0): Esukhia
thobus,ཐོབུས,thob dus,ཐོབ་དུས,rKTs (CC BY 4.0): Esukhia
thob'i,ཐོབའི,thob pa'i,ཐོབ་པའི,rKTs (CC BY 4.0): Nima Hojer Lama The Genealogy of Ya-ngal Family of Dolpo
thobarog,ཐོབརོག,thob par shog,ཐོབ་པར་ཤོག,rKTs (CC BY 4.0): Dzongkha abbreviations
thabaurag,ཐབཽརག,thob par shog,ཐོབ་པར་ཤོག,rKTs (CC BY 4.0): Bacot écriture cursive Tibétaine
thobar,ཐོབར,thob par,ཐོབ་པར,rKTs (CC BY 4.0): Dzongkha abbreviations
thobya,ཐོབྱ,thob bya,ཐོབ་བྱ,rKTs (CC BY 4.0): Dzongkha abbreviations
thomu,ཐོམུ,thom bu,ཐོམ་བུ,rKTs (CC BY 4.0): Dzongkha abbreviations
thu+or^ag,ཐོུར༹ག,thor gtsug,ཐོར་གཙུག,rKTs (CC BY 4.0)
thorog,ཐོརོག,thor cog,ཐོར་ཅོག,rKTs (CC BY 4.0): Dzongkha abbreviations
thos^in,ཐོསི༹ན,thos 'dzin,ཐོས་འཛིན,rKTs (CC BY 4.0): Dzongkha abbreviations
dkub,དཀུབ,dka' thub,དཀའ་ཐུབ,rKTs (CC BY 4.0): Dzongkha abbreviations
dka'ang,དཀའང,dka' dang,དཀའ་དང,rKTs (CC BY 4.0): Esukhia
dka'i,དཀའི,dka' ba'i,དཀའ་བའི,rKTs (CC BY 4.0): Dzongkha abbreviations
dka'agrel,དཀའགྲེལ,dka' 'grel,དཀའ་འགྲེལ,rKTs (CC BY 4.0): Dzongkha abbreviations
dkrel,དཀྲེལ,dka' 'grel,དཀའ་འགྲེལ,rKTs (CC BY 4.0): Dzongkha abbreviations
dkyad,དཀྱད,dka' spyad,དཀའ་སྤྱད,rKTs (CC BY 4.0): Dzongkha abbreviations
dka'+ya?d,དཀའྱ྄ད,dka' spyod,དཀའ་སྤྱོད,rKTs (CC BY 4.0): Esukhia
dkar+chag,དཀརྖག,dkar chag,དཀར་ཆག,rKTs (CC BY 4.0): Esukhia
dkaragis,དཀརགིས,dkar nag gis,དཀར་ནག་གིས,rKTs (CC BY 4.0): Nima Hojer Lama The Genealogy of Ya-ngal Family of Dolpo
dkaro,དཀརོ,dkar po,དཀར་པོ,rKTs (CC BY 4.0)
dkor,དཀོར,dkar po,དཀར་བོ,rKTs (CC BY 4.0)
dkoT,དཀོཊ,dkar phyogs,དཀར་ཕྱོགས,rKTs (CC BY 4.0): Dzongkha abbreviations
dkyogs,དཀྱོགས,dkar phyogs,དཀར་ཕྱོགས,rKTs (CC BY 4.0): Bacot écriture cursive Tibétaine
dkare,དཀརེ,dkar me,དཀར་མེ,rKTs (CC BY 4.0): Dzongkha abbreviations
dkarMo,དཀརཾཨོ,dkar mo,དཀར་མོ,rKTs (CC BY 4.0): Nima Hojer Lama The Genealogy of Ya-ngal Family of Dolpo
dkaringagrosazang,དཀརིངགྲོསཟང་,dkar zhing 'gros bzang,དཀར་ཞིང་འགྲོས་བཟང་,rKTs (CC BY 4.0): Esukhia
dkarol,དཀརོལ,dkar yol,དཀར་ཡོལ,rKTs (CC BY 4.0): Dzongkha abbreviations
dkol,དཀོལ,dkar yol,དཀར་ཡོལ,rKTs (CC BY 4.0)
dkartsi,དཀརྩི,dkar rtsi,དཀར་རྩི,rKTs (CC BY 4.0): Dzongkha abbreviations
dkaug,དཀཽག,dkon cog,དཀོན་ཅོག,rKTs (CC BY 4.0): Dzongkha abbreviations
dkono,དཀོནོ,dkon no,དཀོན་ནོ,rKTs (CC BY 4.0): Dzongkha abbreviations
dkaun,དཀཽན,dkon po,དཀོན་པོ,rKTs (CC BY 4.0): Dzongkha abbreviations
dkaug,དཀཽག,dkon mchog,དཀོན་མཆོག,rKTs (CC BY 4.0)
dkog,དཀོག,dkon mchog,དཀོན་མཆོག,rKTs (CC BY 4.0): Dzongkha abbreviations
dkaugsuM la skyabsu mchi,དཀཽགསུཾ་ལ་སྐྱབསུ་མཆི,dkon mchog gsum la skyabs su mchi,དཀོན་མཆོག་གསུམ་ལ་སྐྱབས་སུ་མཆི,rKTs (CC BY 4.0): Bacot écriture cursive Tibétaine
dkaugasuM,དཀཽགསུཾ,dkon mchog gsum,དཀོན་མཆོག་གསུམ,rKTs (CC BY 4.0): Dzongkha abbreviations
dkaunagasuM,དཀཽནགསུཾ,dkon mchog gsum,དཀོན་མཆོག་གསུམ,rKTs (CC BY 4.0): Dzongkha abbreviations
dko+og,དཀོོག,dkon mchog,དཀོན་མཆོག,rKTs (CC BY 4.0): Tibetan Shorthand Contractions
dkaun,དཀཽན,dkon mo,དཀོན་མོ,rKTs (CC BY 4.0): Dzongkha abbreviations
rkon,རྐོན,dkon,དཀོན,rKTs (CC BY 4.0): Nima Hojer Lama The Genealogy of Ya-ngal Family of Dolpo
dkorany+yer,དཀོརཉྱེར,dkor gnyer,དཀོར་གཉེར,rKTs (CC BY 4.0): Esukhia
dkaur,དཀཽར,dkor nor,དཀོར་ནོར,rKTs (CC BY 4.0)
dko+or,དཀོོར,dkor nor,དཀོར་ནོར,rKTs (CC BY 4.0): Tibetan Shorthand Contractions
dkyu+ing,དཀྱིུང༌,dkyil krung,དཀྱིལ་ཀྲུང༌,rKTs (CC BY 4.0): Dzongkha abbreviations
skyu+ing,སྐྱིུང,dkyil dkrung,དཀྱིལ་དཀྲུང,rKTs (CC BY 4.0): Bacot écriture cursive Tibétaine
dkyilor rgyoM,དཀྱིལོར་རྒྱོཾ,dkyil 'khor rgya mtsho,དཀྱིལ་འཁོར་རྒྱ་མཚོ,rKTs (CC BY 4.0): Dzongkha abbreviations
dkyiro,དཀྱིརོ,dkyil 'khor,དཀྱིལ་འཁོར,rKTs (CC BY 4.0): Dzongkha abbreviations
dkyilor,དཀྱིལོར,dkyil 'khor,དཀྱིལ་འཁོར,rKTs (CC BY 4.0)
dkyo+ir,དཀྱོིར,dkyil 'khor,དཀྱིལ་འཁོར,rKTs (CC BY 4.0)
dkyo+ilr,དཀྱོིལར,dkyil 'khor,དཀྱིལ་འཁོར,rKTs (CC BY 4.0): Bacot écriture cursive Tibétaine
diro,དིརོ,dkyil 'khor,དཀྱིལ་འཁོར,rKTs (CC BY 4.0): Dzongkha abbreviations
do+ir,དོིར,dkyil 'khor,དཀྱིལ་འཁོར,rKTs (CC BY 4.0): Bacot écriture cursive Tibétaine
dal,དལ,dkyil,དཀྱིལ,rKTs (CC BY 4.0): Esukhia
dkruM',དཀྲུཾའ,dkrum mda',དཀྲུམ་མདའ,rKTs (CC BY 4.0): Dzongkha abbreviations
krongso,ཀྲོངསོ,dkrongs so,དཀྲོངས་སོ་,rKTs (CC BY 4.0): Nima Hojer Lama The Genealogy of Ya-ngal Family of Dolpo
dagis,དགིས,dag gis,དག་གིས,rKTs (CC BY 4.0): Nima Hojer Lama The Genealogy of Ya-ngal Family of Dolpo
dgyed,དགྱེད,dag byed,དག་བྱེད,rKTs (CC BY 4.0): Esukhia
dgaMtshas,དགྃཚས,dag mtshams,དག་མཚམས,rKTs (CC BY 4.0): Esukhia
dgagazhag,དགགཞག,dgag gzhag,དགག་གཞག,rKTs (CC BY 4.0): Dzongkha abbreviations
dgabya,དགབྱ,dgab bya,དགབ་བྱ,rKTs (CC BY 4.0): Dzongkha abbreviations
dgA',དགཱའ,dga' dga',དགའ་དགའ,rKTs (CC BY 4.0): Dzongkha abbreviations
dga'i,དགའི,dga' ba'i,དགའ་བའི,rKTs (CC BY 4.0): Esukhia
dga'oMd,དགའོྃད,dga' med,དགའ་མེད,rKTs (CC BY 4.0): Esukhia
dg^al,དག༹ལ,dga' tshal,དགའ་ཚལ,rKTs (CC BY 4.0): Dzongkha abbreviations
dga'akhyil,དགའཁྱིལ,dga' 'khyil,དགའ་འཁྱིལ,rKTs (CC BY 4.0): Dzongkha abbreviations
'gyil,འགྱིལ,dga' 'khyil,དགའ་འཁྱིལ,rKTs (CC BY 4.0): Dzongkha abbreviations
dga'adun,དགའདུན,dga' 'dun,དགའ་འདུན,rKTs (CC BY 4.0): Dzongkha abbreviations
dga'o,དགའོ,dga' 'o,དགའ་འོ,rKTs (CC BY 4.0): Dzongkha abbreviations
dga'+dan,དགའྡན,dga' ldan,དགའ་ལྡན,rKTs (CC BY 4.0): Esukhia
dgro,དགྲོ,dga' spro,དགའ་སྤྲོ,rKTs (CC BY 4.0): Dzongkha abbreviations
dgutor,དགུཏོར,dgu gtor,དགུ་གཏོར,rKTs (CC BY 4.0): Dzongkha abbreviations
dg^u+iT,དགིུ༹ཊ,dgu tshigs,དགུ་ཚིགས,rKTs (CC BY 4.0): Dzongkha abbreviations
dgu,དགུ,dgu,དགུ,rKTs (CC BY 4.0): Esukhia
dgu+ig,དགིུག,dgung thig,དགུང་ཐིག,rKTs (CC BY 4.0)
dgumo,དགུམོ,dgum mo,དགུམ་མོ,rKTs (CC BY 4.0): Dzongkha abbreviations
dgu+ir,དགིུར,dgu'i bar,དགུའི་བར,rKTs (CC BY 4.0): Dzongkha abbreviations
dgeyog,དགེཡོག,dge g.yog,དགེ་གཡོག,rKTs (CC BY 4.0): Dzongkha abbreviations
dge+oms,དགེོམས,dge goms,དགེ་གོམས,rKTs (CC BY 4.0): Dzongkha abbreviations
dge sdig,དགེ་སྡིག,dge ba dang sdig pa,དགེ་བ་དང་སྡིག་པ,rKTs (CC BY 4.0): Bacot écriture cursive Tibétaine
dge bI,དགེ་བཱི,dge ba'i,དགེ་བའི,rKTs (CC BY 4.0): Dzongkha abbreviations
dger,དགེར,dge bar,དགེ་བར,rKTs (CC BY 4.0): Dzongkha abbreviations
dge+e+e+e+e+e+e,དགེེེེེེེ,dge bshes peng ge bre re khyer,དགེ་བཤེས་པེང་གེ་བྲེ་རེ་ཁྱེར,rKTs (CC BY 4.0): Bacot écriture cursive Tibétaine
dgese,དགེསེ,dge bshes,དགེ་བཤེས,rKTs (CC BY 4.0): Dzongkha abbreviations
dge+es,དགེེས,dge bshes,དགེ་བཤེས,rKTs (CC BY 4.0): Bacot écriture cursive Tibétaine
dgain,དགཻན,dge bsnyen,དགེ་བསྙེན,rKTs (CC BY 4.0): Dzongkha abbreviations
dgen+nye,དགེནྙེ,dge bsnyen,དགེ་བསྙེན,rKTs (CC BY 4.0): Dzongkha abbreviations
dg+nye+en,དགྙེེན,dge bsnyen,དགེ་བསྙེན,rKTs (CC BY 4.0): Bacot écriture cursive Tibétaine
dg^en,དགེ༹ན,dge mtshan,དགེ་མཚན,rKTs (CC BY 4.0): Dzongkha abbreviations
dg^e+ul,དགེུ༹ལ,dge tshul,དགེ་ཚུལ,rKTs (CC BY 4.0): Dzongkha abbreviations
dge+unanyugaraM,དགེུནཉུགརྃ,dge 'dun gnyug mar,དགེ་འདུན་གཉུག་མར,rKTs (CC BY 4.0): Esukhia
dge+un,དགེུན,dge 'dun,དགེ་འདུན,rKTs (CC BY 4.0): Esukhia
dgu+en,དགེུན,dge 'dun,དགེ་འདུན,rKTs (CC BY 4.0)
dgertsa,དགེརྩ,dge rtsa,དགེ་རྩ,rKTs (CC BY 4.0): Esukhia
dgu+egs,དགེུགས,dge lugs,དགེ་ལུགས,rKTs (CC BY 4.0)
dgu+eT,དགེུཊ,dge lugs,དགེ་ལུགས,rKTs (CC BY 4.0): Dzongkha abbreviations
dgru+eb,དགྲེུབ,dge sgrub,དགེ་སྒྲུབ,rKTs (CC BY 4.0): Dzongkha abbreviations
daglengoM,དགླེངོཾ,dge slong ma,དགེ་སློང་མ,rKTs (CC BY 4.0): Dzongkha abbreviations
dgengo,དགེངོ༌,dge slong,དགེ་སློང༌,rKTs (CC BY 4.0): Dzongkha abbreviations
daglengo,དགླེངོ༌,dge slong,དགེ་སློང༌,rKTs (CC BY 4.0)
dagle+ong,དགླེོང,dge slong,དགེ་སློང,rKTs (CC BY 4.0): Esukhia
daglo+eng,དགློེང,dge slong,དགེ་སློང,rKTs (CC BY 4.0): Tibetan Shorthand Contractions
dg+lo+eng,དགློེང,dge slong,དགེ་སློང,rKTs (CC BY 4.0): Bacot écriture cursive Tibétaine
degong,དེགོང,dge slong,དགེ་སློང,rKTs (CC BY 4.0): Bacot écriture cursive Tibétaine
dglengo,དགླེངོ,dge slong,དགེ་སློང,rKTs (CC BY 4.0): Nima Hojer Lama The Genealogy of Ya-ngal Family of Dolpo
dgoslagaM,དགོསླགཾ,dgo slag gam,དགོ་སླག་གམ,rKTs (CC BY 4.0): Esukhia
dgongoM,དགོངོྃ,dgong mo,དགོང་མོ,rKTs (CC BY 4.0): Esukhia
dgongasaM,དགོངསཾ,dgongs sam,དགོངས་སམ,rKTs (CC BY 4.0): Dzongkha abbreviations
dgongasu+olo,དགོངསོུལོ,dgongs su gsol lo,དགོངས་སུ་གསོལ་ལོ,rKTs (CC BY 4.0): Dzongkha abbreviations
rgod,རྒོད,dgod,དགོད,rKTs (CC BY 4.0): Nima Hojer Lama The Genealogy of Ya-ngal Family of Dolpo
dgonas,དགོནས,dgon gnas,དགོན་གནས,rKTs (CC BY 4.0): Dzongkha abbreviations
rgons,རྒོནས,dgon gnas,དགོན་གནས,rKTs (CC BY 4.0): Nima Hojer Lama The Genealogy of Ya-ngal Family of Dolpo
rgon,རྒོན,dgon,དགོན,rKTs (CC BY 4.0): Nima Hojer Lama The Genealogy of Ya-ngal Family of Dolpo
dgyai,དགྱཻ,dgye dgye,དགྱེ་དགྱེ,rKTs (CC BY 4.0): Dzongkha abbreviations
dgyero,དགྱེརོ,dgyes rdor,དགྱེས་རྡོར,rKTs (CC BY 4.0): Dzongkha abbreviations
dgrag,དགྲག,dgra khrag,དགྲ་ཁྲག,rKTs (CC BY 4.0): Dzongkha abbreviations
dgranyen,དགྲཉེན,dgra gnyen,དགྲ་གཉེན,rKTs (CC BY 4.0): Dzongkha abbreviations
dgrogs,དགྲོགས,dgra grogs,དགྲ་གྲོགས,rKTs (CC BY 4.0): Dzongkha abbreviations
dgregs,དགྲེགས,dgra bgegs,དགྲ་བགེགས,rKTs (CC BY 4.0)
dgreT,དགྲེཊ,dgra bgegs,དགྲ་བགེགས,rKTs (CC BY 4.0): Dzongkha abbreviations
dogram,དོགྲམ,dgra bcom,དགྲ་བཅོམ་,rKTs (CC BY 4.0): Bacot écriture cursive Tibétaine
dgroM,དགྲོཾ,dgra bcom,དགྲ་བཅོམ,rKTs (CC BY 4.0)
groM,གྲོྃ,dgra bcom,དགྲ་བཅོམ,rKTs (CC BY 4.0): Esukhia
dgrom,དགྲོམ,dgra bcom,དགྲ་བཅོམ,rKTs (CC BY 4.0): Tibetan Shorthand Contractions
dg+r+la,དགྲླ,dgra zla,དགྲ་ཟླ,rKTs (CC BY 4.0)
dagla,དགླ,dgra zla,དགྲ་ཟླ,rKTs (CC BY 4.0): Dzongkha abbreviations
dg+la,དགླ,dgra zla,དགྲ་ཟླ,rKTs (CC BY 4.0): Bacot écriture cursive Tibétaine
dngo,དངོ་,dang po,དང་བོ་,rKTs (CC BY 4.0): Esukhia
dngo'i,དངོའི་,dang po'i,དང་བོའི་,rKTs (CC BY 4.0): Esukhia
dngo'i,དངོའི་,dang po'i,དང་བོའི,rKTs (CC BY 4.0): Esukhia
dngor,དངོར,dang por,དང་པོར,rKTs (CC BY 4.0): Dzongkha abbreviations
dngangaskrag,དངངསྐྲག,dngangs skrag,དངངས་སྐྲག,rKTs (CC BY 4.0): Dzongkha abbreviations
dngoM,དངོཾ,dngom,དངོམ,rKTs (CC BY 4.0): Dzongkha abbreviations
dngonas,དངོནས,dngos gnas,དངོས་གནས,rKTs (CC BY 4.0): Dzongkha abbreviations
dngosazh+yi'i,དངོསཞྱིའི,dngos gzhi'i,དངོས་གཞིའི,rKTs (CC BY 4.0): Esukhia
dngosi,དངོསི,dngos gzhi,དངོས་གཞི,rKTs (CC BY 4.0): Dzongkha abbreviations
dngo+is,དངོིས,dngos gzhi,དངོས་གཞི,rKTs (CC BY 4.0): Bacot écriture cursive Tibétaine
dngu+ovalo,དངོུབ༹ལོ,dngos grub 'tshol,དངོས་གྲུབ་འཚོལ,rKTs (CC BY 4.0): Dzongkha abbreviations
dngo br^ulo,དངོ་བྲུ༹ལོ,dngos grub rtsol,དངོས་གྲུབ་རྩོལ,rKTs (CC BY 4.0): Bacot écriture cursive Tibétaine
dngobrûlo,དངོབརûལོ,dngos grub rtsol,དངོས་གྲུབ་རྩོལ,rKTs (CC BY 4.0): Bacot écriture cursive Tibétaine
dngu+ovalo,དངོུབ༹ལོ,dngos grub stsol,དངོས་གྲུབ་སྩོལ,rKTs (CC BY 4.0): Dzongkha abbreviations
dru+ob,ངྲོུབ,dngos grub,དངོས་གྲུབ,rKTs (CC BY 4.0): Dzongkha abbreviations
ng+ru+ob,ངྲོུབ,dngos grub,དངོས་གྲུབ,rKTs (CC BY 4.0): Dzongkha abbreviations
dgru+ob,དགྲོུབ,dngos grub,དངོས་གྲུབ,rKTs (CC BY 4.0): Tibetan Shorthand Contractions
dngosrub,དངོསྲུབ,dngos grub,དངོས་གྲུབ,rKTs (CC BY 4.0)
dang+ru+ob,དངྲོུབ,dngos grub,དངོས་གྲུབ,rKTs (CC BY 4.0)
dadru+ob,དདྲོུབ,dngos grub,དངོས་གྲུབ,rKTs (CC BY 4.0): Dzongkha abbreviations
dngaus,དངཽས,dngos po,དངོས་པོ,rKTs (CC BY 4.0): Dzongkha abbreviations
dngoso,དངོསོ,dngos po,དངོས་པོ,rKTs (CC BY 4.0): Dzongkha abbreviations
dngaus,དངཽས,dngos bo,དངོས་བོ,rKTs (CC BY 4.0): Bacot écriture cursive Tibétaine
dngosen,དངོསེན,dngos zhen,དངོས་ཞེན,rKTs (CC BY 4.0): Dzongkha abbreviations
dngos 'jugasuM,དངོས་འཇུགསུཾ,dngos 'jug gsum,དངོས་འཇུག་གསུམ,rKTs (CC BY 4.0): Dzongkha abbreviations
dng^oni,དངོ༹ནི,dngos 'dzin,དངོས་འཛིན,rKTs (CC BY 4.0): Dzongkha abbreviations
dngusu,དངུསུ,dngos su,དངོས་སུ,rKTs (CC BY 4.0): Esukhia
dngosu,དངོསུ,dngos su,དངོས་སུ,rKTs (CC BY 4.0)
dngoslob,དངོསློབ,dngos slob,དངོས་སློབ,rKTs (CC BY 4.0): Dzongkha abbreviations
dada'i,དདའི་,dad pa'i,དད་པའི་,rKTs (CC BY 4.0): Esukhia
dpaged,དཔགེད,dpag med,དཔག་མེད,rKTs (CC BY 4.0)
dpageMd,དཔགེཾད,dpag med,དཔག་མེད,rKTs (CC BY 4.0): Dzongkha abbreviations
dpagatshadastong,དཔགཚདསྟོང,dpag tshad stong,དཔག་ཚད་སྟོང,rKTs (CC BY 4.0): Esukhia
dpang+Yig,དཔངྻིག,dpang yig,དཔང་ཡིག,rKTs (CC BY 4.0): Esukhia
dpa'en,དཔའེན,dpa' chen,དཔའ་ཆེན,rKTs (CC BY 4.0): Dzongkha abbreviations
dpa'o,དཔའོ,dpa' bo,དཔའ་བོ,rKTs (CC BY 4.0)
dpa'oM,དཔའོཾ,dpa' mo,དཔའ་མོ,rKTs (CC BY 4.0): Dzongkha abbreviations
dpoM',དཔོཾའ,dpa' mo,དཔའ་མོ,rKTs (CC BY 4.0): Bacot écriture cursive Tibétaine
dpal+yi lung,དཔལྱི་ལུང༌,dpal gyi lung,དཔལ་གྱི་ལུང༌,rKTs (CC BY 4.0): Dzongkha abbreviations
dpal+yi,དཔལྱི,dpal gyi,དཔལ་གྱི,rKTs (CC BY 4.0): Dzongkha abbreviations
dpalen,དཔལེན,dpal chen,དཔལ་ཆེན,rKTs (CC BY 4.0): Bacot écriture cursive Tibétaine
dpal+yen,དཔལྱེན,dpal chen,དཔལ་ཆེན,rKTs (CC BY 4.0): Dzongkha abbreviations
dpal+nyi,དཔལྙི,dpal nyi,དཔལ་ཉི,rKTs (CC BY 4.0): Dzongkha abbreviations
dpale,དཔལེ,dpal be,དཔལ་བེ,rKTs (CC BY 4.0): Dzongkha abbreviations
dpalbe,དཔལྦེ,dpal be,དཔལ་བེ,rKTs (CC BY 4.0): Dzongkha abbreviations
dpale,དཔལེ,dpal be'u,དཔལ་བེའུ,rKTs (CC BY 4.0): Tibetan Shorthand Contractions
dpalbe'u,དཔལྦེའུ,dpal be'u,དཔལ་བེའུ,rKTs (CC BY 4.0): Dzongkha abbreviations
dpreng,དཔྲེང༌,dpal 'phreng,དཔལ་འཕྲེང༌,rKTs (CC BY 4.0): Dzongkha abbreviations
dpal+reng,དཔལྲེང,dpal 'phreng,དཔལ་འཕྲེང,rKTs (CC BY 4.0): Bacot écriture cursive Tibétaine
dpalar,དཔལར,dpal 'bar,དཔལ་འབར,rKTs (CC BY 4.0): Dzongkha abbreviations
dpal+yor,དཔལྱོར,dpal 'byor,དཔལ་འབྱོར,rKTs (CC BY 4.0)
dpal^in,དཔལི༹ན,dpal 'dzin,དཔལ་འཛིན,rKTs (CC BY 4.0): Dzongkha abbreviations
dpalon,དཔལོན,dpal yon,དཔལ་ཡོན,rKTs (CC BY 4.0): Dzongkha abbreviations
dpaldan lhoM,དཔལྡན་ལྷོཾ,dpal ldan lha mo,དཔལ་ལྡན་ལྷ་མོ,rKTs (CC BY 4.0): Dzongkha abbreviations
dpaldan,དཔལྡན,dpal ldan,དཔལ་ལྡན,rKTs (CC BY 4.0)
dpu+ogs,དཔོུགས,dpung chogs,དཔུང་ཆོགས,rKTs (CC BY 4.0): Bacot écriture cursive Tibétaine
dpu+ogs,དཔོུགས,dpung tshogs,དཔུང་ཚོགས,rKTs (CC BY 4.0): Tibetan Shorthand Contractions
dpu+oT,དཔོུཊ,dpung tshogs,དཔུང་ཚོགས,rKTs (CC BY 4.0): Dzongkha abbreviations
dap+che'o,དཔྖེའོ,dpe cha'o,དཔེ་ཆའོ,rKTs (CC BY 4.0): Esukhia
dpyedanyisnyananyaM,དཔྱེདཉིསྙནཉྃ,dpe byad gnyis snyan mnyam,དཔེ་བྱད་གཉིས་སྙན་མཉམ,rKTs (CC BY 4.0): Esukhia
dpyed,དཔྱེད,dpe byad,དཔེ་བྱད,rKTs (CC BY 4.0)
dpenyaMdi,དཔེཉྃདི,dpe mnyam nyid,དཔེ་མཉམ་ཉིད,rKTs (CC BY 4.0): Esukhia
p+de,པྡེ,dpe lnga,དཔེ་ལྔ,rKTs (CC BY 4.0): Esukhia
dperna,དཔེརྣ,dper na,དཔེར་ན,rKTs (CC BY 4.0): Esukhia
dperjod,དཔེརྗོད,dper brjod,དཔེར་བརྗོད,rKTs (CC BY 4.0): Dzongkha abbreviations
dpe+od,དཔེོད,dper brjod,དཔེར་བརྗོད,rKTs (CC BY 4.0): Dzongkha abbreviations
dper^on,དཔེརོ༹ན,dper mtshon,དཔེར་མཚོན,rKTs (CC BY 4.0): Dzongkha abbreviations
dponog,དཔོནོག,dpon g.yog,དཔོན་གཡོག,rKTs (CC BY 4.0): Dzongkha abbreviations
dpaug,དཔཽག,dpon g.yog,དཔོན་གཡོག,rKTs (CC BY 4.0): Bacot écriture cursive Tibétaine
dopanog,དོཔནོག,dpon g.yog,དཔོན་གཡོག,rKTs (CC BY 4.0): Bacot écriture cursive Tibétaine
dponasas,དཔོནསས,dpon gsas,དཔོན་གསས,rKTs (CC BY 4.0): Nima Hojer Lama The Genealogy of Ya-ngal Family of Dolpo
dpaun,དཔཽན,dpon po,དཔོན་པོ,rKTs (CC BY 4.0)
dpoMn,དཔོཾན,dpon po,དཔོན་པོ,rKTs (CC BY 4.0): Bacot écriture cursive Tibétaine
dpoMn,དཔོཾན,dpon mo,དཔོན་མོ,rKTs (CC BY 4.0): Dzongkha abbreviations
dap+laun,དཔླཽན,dpon slob,དཔོན་སློབ,rKTs (CC BY 4.0): Dzongkha abbreviations
dp+lon,དཔློན,dpon slob,དཔོན་སློབ,rKTs (CC BY 4.0): Bacot écriture cursive Tibétaine
dap+lobo,དཔློབོ,dpon slob,དཔོན་སློབ,rKTs (CC BY 4.0): Dzongkha abbreviations
dpyidus,དཔྱིདུས,dpyid dus,དཔྱིད་དུས,rKTs (CC BY 4.0): Dzongkha abbreviations
dbangenaM,དབངེནཾ,dbang chen ma,དབང་ཆེན་མ,rKTs (CC BY 4.0): Dzongkha abbreviations
dbangen,དབངེན,dbang chen,དབང་ཆེན,rKTs (CC BY 4.0)
dbngen,དབངེན,dbang chen,དབང་ཆེན,rKTs (CC BY 4.0): Bacot écriture cursive Tibétaine
dbrangag,དབྲངག,dbang drag,དབང་དྲག,rKTs (CC BY 4.0): Dzongkha abbreviations
dbraMg,དབྲཾག,dbang drag,དབང་དྲག,rKTs (CC BY 4.0): Bacot écriture cursive Tibétaine
dbango,དབངོ༌,dbang po,དབང་པོ,rKTs (CC BY 4.0)
dbangosi,དབངོསི,dbang po'i gnas,དབང་པོའི་གནས,rKTs (CC BY 4.0): Dzongkha abbreviations
dbango'i,དབངོའི,dbang po'i,དབང་པོའི,rKTs (CC BY 4.0): Esukhia
dbyungagaM,དབྱུངགཾ,dbang phyug ma,དབང་ཕྱུག་མ,rKTs (CC BY 4.0): Dzongkha abbreviations
dbyungag,དབྱུངག,dbang phyug,དབང་ཕྱུག,rKTs (CC BY 4.0): Dzongkha abbreviations
dbyuMg,དབྱུཾག,dbang phyug,དབང་ཕྱུག,rKTs (CC BY 4.0)
dbyug,དབྱུག,dbang phyug,དབང་ཕྱུག,rKTs (CC BY 4.0)
dbango,དབངོ,dbang bo,དབང་བོ,rKTs (CC BY 4.0): Esukhia
dbungar,དབུངར,dbang bskur,དབང་བསྐུར,rKTs (CC BY 4.0): Dzongkha abbreviations
dbuMr,དབུཾར,dbang bskur,དབང་བསྐུར,rKTs (CC BY 4.0)
dbyur,དབྱུར,dbang bsgyur,དབང་བསྒྱུར,rKTs (CC BY 4.0): Dzongkha abbreviations
dbangoM,དབངོཾ༌,dbang mo,དབང་མོ,rKTs (CC BY 4.0): Dzongkha abbreviations
dbyo+ongar,དབྱོོངར,dbang 'byor,དབང་འབྱོར,rKTs (CC BY 4.0): Dzongkha abbreviations
dbal+dan,དབལྡན,dbal ldan,དབལ་ལྡན,rKTs (CC BY 4.0): Nima Hojer Lama The Genealogy of Ya-ngal Family of Dolpo
dbasngon,དབསྔོན,dbang sngon,དབང་སྔོན,rKTs (CC BY 4.0): Dzongkha abbreviations
dbyud,དབྱུད,dbu khyud,དབུ་ཁྱུད,rKTs (CC BY 4.0): Dzongkha abbreviations
dbu+od,དབོུད,dbu thod,དབུ་ཐོད,rKTs (CC BY 4.0)
dbuzhugs,དབུཞུགས,dbu bzhugs,དབུ་བཞུགས,rKTs (CC BY 4.0): Dzongkha abbreviations
dbusnyungs pa,དབུསྙུངས་པ,dbu bsnyungs pa,དབུ་བསྙུངས་པ,rKTs (CC BY 4.0): Dzongkha abbreviations
dbuM ba,དབུཾ་བ,dbu ma ba,དབུ་མ་བ,rKTs (CC BY 4.0): Dzongkha abbreviations
dbuM,དབུཾ,dbu ma,དབུ་མ,rKTs (CC BY 4.0): Dzongkha abbreviations
davud,དབུ༹ད,dbu mdzad,དབུ་མཛད,rKTs (CC BY 4.0): Dzongkha abbreviations
dbu+ed,དབེུད,dbu med,དབུ་མེད,rKTs (CC BY 4.0): Dzongkha abbreviations
dbu+eMd,དབེུཾད,dbu med,དབུ་མེད,rKTs (CC BY 4.0): Dzongkha abbreviations
dbuTob,དབུཊོབ,dbugs thob,དབུགས་ཐོབ,rKTs (CC BY 4.0): Dzongkha abbreviations
dbu+obs,དབོུབས,dbugs thob,དབུགས་ཐོབ,rKTs (CC BY 4.0): Tibetan Shorthand Contractions
dbugaskyes,དབུགསྐྱེས,dbugs skyes,དབུགས་སྐྱེས,rKTs (CC BY 4.0): Dzongkha abbreviations
dburdo,དབུརྡོ,dbur rdo,དབུར་རྡོ,rKTs (CC BY 4.0): Dzongkha abbreviations
dbulo,དབུལོ,dbul po,དབུལ་པོ,rKTs (CC BY 4.0): Dzongkha abbreviations
dbusaM,དབུསྃ་,dbus ma,དབུས་མ་,rKTs (CC BY 4.0): Esukhia
dbusaMng,དབུསྃང་,dbus ma dang,དབུས་མ་དང་,rKTs (CC BY 4.0): Esukhia
dbusu,དབུསུ,dbus su,དབུས་སུ,rKTs (CC BY 4.0): Dzongkha abbreviations
dbenas,དབེནས,dben gnas,དབེན་གནས,rKTs (CC BY 4.0): Dzongkha abbreviations
dbyangas+yisnyada'i,དབྱངསྱིསྙདའི་,dbyangs kyis bsnyad pa'i sde,དབྱངས་ཀྱིས་བསྙད་པའི་སྡེ,rKTs (CC BY 4.0): Esukhia
dbyangal,དབྱངལ,dbyangs gsal,དབྱངས་གསལ,rKTs (CC BY 4.0): Dzongkha abbreviations
dbyar+yi,དབྱརྱི,dbyar gyi,དབྱར་གྱི,rKTs (CC BY 4.0): Dzongkha abbreviations
dbyaros+zhesnyan+raDa,དབྱརོསྮེསྙནྲཌ,dbyar chos zhes snyan grags,དབྱར་ཆོས་ཞེས་སྙན་གྲགས,rKTs (CC BY 4.0): Esukhia
dbyarnga,དབྱརྔ,dbyar rnga,དབྱར་རྔ,rKTs (CC BY 4.0): Dzongkha abbreviations
dbyartswa,དབྱརྩྭ,dbyar rtswa,དབྱར་རྩྭ,rKTs (CC BY 4.0): Dzongkha abbreviations
dbyiganyen+yi,དབྱིགཉེནྱི,dbyig gnyen gyi,དབྱིག་གཉེན་གྱི,rKTs (CC BY 4.0): Dzongkha abbreviations
dbyiganyen+yis^ada'i,དབྱིགཉེནྱིས༹དའི,dbyig gnyen gyis mdzad pa'i,དབྱིག་གཉེན་གྱིས་མཛད་པའི,rKTs (CC BY 4.0): Dzongkha abbreviations
dbyiganyen+yis,དབྱིགཉེནྱིས,dbyig gnyen gyis,དབྱིག་གཉེན་གྱིས,rKTs (CC BY 4.0): Dzongkha abbreviations
dbyiganyen,དབྱིགཉེན,dbyig gnyen,དབྱིག་གཉེན,rKTs (CC BY 4.0)
dbyigi blausaM,དབྱིགི་བླཽསཾ,dbyig gi blo gros ma,དབྱིག་གི་བློ་གྲོས་མ,rKTs (CC BY 4.0): Dzongkha abbreviations
dbyigi blaus,དབྱིགི་བླཽས,dbyig gi blo gros,དབྱིག་གི་བློ་གྲོས,rKTs (CC BY 4.0): Dzongkha abbreviations
dbyiges,དབྱིགེས,dbyig bshes,དབྱིག་བཤེས,rKTs (CC BY 4.0): Dzongkha abbreviations
dbyig^inaM,དབྱིགི༹ནཾ,dbyig 'dzin ma,དབྱིག་འཛིན་མ,rKTs (CC BY 4.0): Dzongkha abbreviations
dbyu+ingag,དབྱིུངག,dbyings phyug,དབྱིངས་ཕྱུག,rKTs (CC BY 4.0): Dzongkha abbreviations
dbyu+iMg,དབྱིུཾག,dbyings phyug,དབྱིངས་ཕྱུག,rKTs (CC BY 4.0): Dzongkha abbreviations
dbyu+ingagaM,དབྱིུངགཾ,dbyings phyug ma,དབྱིངས་ཕྱུག་མ,rKTs (CC BY 4.0): Dzongkha abbreviations
sbu+igaM,སྦིུགཾ,dbyings phyug,དབྱིངས་ཕྱུག,rKTs (CC BY 4.0): Bacot écriture cursive Tibétaine
dbyingasu,དབྱིངསུ,dbyings su,དབྱིངས་སུ,rKTs (CC BY 4.0)
dbyibasni,དབྱིབསྣི་,dbyibs ni,དབྱིབས་ནི་,rKTs (CC BY 4.0): Esukhia
dbyu gucig pa,དབྱུ་གུཅིག་པ,dbyu gu gcig pa,དབྱུ་གུ་གཅིག་པ,rKTs (CC BY 4.0): Dzongkha abbreviations
dbyug^in,དབྱུགི༹ན,dbyug 'dzin,དབྱུག་འཛིན,rKTs (CC BY 4.0): Dzongkha abbreviations
dbyen+yi sbyor ba,དབྱེནྱི་སྦྱོར་བ,dbyen gyi sbyor ba,དབྱེན་གྱི་སྦྱོར་བ,rKTs (CC BY 4.0): Dzongkha abbreviations
dbyaird,དབྱཻརད,dbyer med,དབྱེར་མེད,rKTs (CC BY 4.0): Bacot écriture cursive Tibétaine
dbyered,དབྱེརེད,dbyer med,དབྱེར་མེད,rKTs (CC BY 4.0)
dbyereMd,དབྱེརེཾད,dbyer med,དབྱེར་མེད,rKTs (CC BY 4.0): Dzongkha abbreviations
dbrabya,དབྲབྱ,dbrab bya,དབྲབ་བྱ,rKTs (CC BY 4.0): Dzongkha abbreviations
daMn,དཾན,dam can,དམ་ཅན,rKTs (CC BY 4.0): Dzongkha abbreviations
dm^an,དམ༹ན,dam can,དམ་ཅན,rKTs (CC BY 4.0): Bacot écriture cursive Tibétaine
daM pa'i chos+yi,དཾ་པའི་ཆོསྱི,dam pa'i chos kyi,དམ་པའི་ཆོས་ཀྱི,rKTs (CC BY 4.0): Dzongkha abbreviations
daM'i,དཾའི,dam pa'i,དམ་པའི,rKTs (CC BY 4.0): Dzongkha abbreviations
daM',དཾའ,dam bca',དམ་བཅའ,rKTs (CC BY 4.0): Dzongkha abbreviations
daMsgraDa,དྃསྒྲཌ་,dam bsgrags,དམ་བསྒྲགས་,rKTs (CC BY 4.0): Esukhia
daMMn,དྃན,dam min,དམ་མིན,rKTs (CC BY 4.0): Esukhia
d^aMg,ད༹ཾག,dam tshig,དམ་ཚིག,rKTs (CC BY 4.0): Dzongkha abbreviations
d^aMgi,ད༹ཾགི,dam tshig,དམ་ཚིག,rKTs (CC BY 4.0): Dzongkha abbreviations
dm^ig,དམི༹ག,dam tshig,དམ་ཚིག,rKTs (CC BY 4.0)
daMg^isuM,དཾགི༹སུཾ,dam tshig gsum,དམ་ཚིག་གསུམ,rKTs (CC BY 4.0): Dzongkha abbreviations
d^aMs,ད༹ཾས,dam rdzas,དམ་རྫས,rKTs (CC BY 4.0): Dzongkha abbreviations
dm^as,དམ༹ས,dam rdzas,དམ་རྫས,rKTs (CC BY 4.0): Bacot écriture cursive Tibétaine
daM,དཾ,dam,དམ,rKTs (CC BY 4.0)
dmagi,དམགི,dmag gi,དམག་གི,rKTs (CC BY 4.0): Dzongkha abbreviations
dmagis bcoM,དམགིས་བཅོཾ,dmag gis bcom,དམག་གིས་བཅོམ,rKTs (CC BY 4.0): Dzongkha abbreviations
dmagis 'joMs,དམགིས་འཇོཾས,dmag gis 'joms,དམག་གིས་འཇོམས,rKTs (CC BY 4.0): Dzongkha abbreviations
dmung,དམུང༌,dmag dpung,དམག་དཔུང༌,rKTs (CC BY 4.0)
dmon,དམོན,dmag dpon,དམག་དཔོན,rKTs (CC BY 4.0)
dm^oT,དམོ༹ཊ,dmag tshogs,དམག་ཚོགས,rKTs (CC BY 4.0): Dzongkha abbreviations
dom^ags,དོམ༹གས,dmag tshogs,དམག་ཚོགས,rKTs (CC BY 4.0): Bacot écriture cursive Tibétaine
damrug,དམྲུག,dmag 'khrug,དམག་འཁྲུག,rKTs (CC BY 4.0): Dzongkha abbreviations
daMngasrid,དཾངསྲིད,dmangs srid,དམངས་སྲིད,rKTs (CC BY 4.0): Esukhia
dma'abebs,དམའབེབས,dma' 'bebs,དམའ་འབེབས,rKTs (CC BY 4.0): Dzongkha abbreviations
daMrasur,དཾརསུར,dmar gsur,དམར་གསུར,rKTs (CC BY 4.0): Esukhia
dmAr,དམཱར,dmar dmar,དམར་དམར,rKTs (CC BY 4.0): Dzongkha abbreviations
dmarag,དམརག,dmar nag,དམར་ནག,rKTs (CC BY 4.0)
daMro,དཾརོ,dmar po,དམར་པོ,rKTs (CC BY 4.0): Dzongkha abbreviations
dmaro,དམརོ,dmar po,དམར་པོ,rKTs (CC BY 4.0): Dzongkha abbreviations
dmor,དམོར,dmar po,དམར་པོ,rKTs (CC BY 4.0): Bacot écriture cursive Tibétaine
daMro,དྃརོ་,dmar bo,དམར་བོ་,rKTs (CC BY 4.0): Esukhia
daMrorasgyur,དྃརོརསྒྱུར,dmar bor sgyur,དམར་བོར་སྒྱུར,rKTs (CC BY 4.0): Esukhia
dmarengs,དམརེངས,dmar rengs,དམར་རེངས,rKTs (CC BY 4.0): Dzongkha abbreviations
daMrer,དཾརེར,dmar ser,དམར་སེར,rKTs (CC BY 4.0): Esukhia
deMr,དེྃར,dmar ser,དམར་སེར,rKTs (CC BY 4.0): Esukhia
daMr,དྃར,dmar,དམར,rKTs (CC BY 4.0)
dmil,དམིལ,dmigs bsal,དམིགས་བསལ,rKTs (CC BY 4.0): Dzongkha abbreviations
dmiDaMde,དམིཌྃདེ,dmigs med,དམིགས་མེད,rKTs (CC BY 4.0): Esukhia
dmu+il,དམིུལ,dmigs yul,དམིགས་ཡུལ,rKTs (CC BY 4.0): Dzongkha abbreviations
dmiDa,དམིཌ་,dmigs,དམིགས་,rKTs (CC BY 4.0): Esukhia
dmodor ba,དམོདོར་བ,dmod dor ba,དམོད་དོར་བ,rKTs (CC BY 4.0): Dzongkha abbreviations
rmod,རྨོད,dmod,དམོད,rKTs (CC BY 4.0): Nima Hojer Lama The Genealogy of Ya-ngal Family of Dolpo
dmyaMs,དམྱཾས,dmyal khams,དམྱལ་ཁམས,rKTs (CC BY 4.0): Dzongkha abbreviations
dari,དརི,dar dir,དར་དིར,rKTs (CC BY 4.0): Dzongkha abbreviations
dar+phul,དརྥུལ,dar phul,དར་ཕུལ,rKTs (CC BY 4.0): Esukhia
dar d+yas,དར་ངྱས,dar rgyas,དར་རྒྱས,rKTs (CC BY 4.0): Dzongkha abbreviations
dar ng+yas,དར་ངྱས,dar rgyas,དར་རྒྱས,rKTs (CC BY 4.0): Dzongkha abbreviations
darashing+long,དརཤིངློང,dar shing slong,དར་ཤིང་སློང,rKTs (CC BY 4.0): Esukhia
darkabs,དརྐབས,dar skabs,དར་སྐབས,rKTs (CC BY 4.0): Esukhia
darasrinas+yo,དརསྲིནསྱོ,dar srin gso,དར་སྲིན་གསོ,rKTs (CC BY 4.0): Esukhia
dal+yad,དལྱད,dal brgyad,དལ་བརྒྱད,rKTs (CC BY 4.0): Dzongkha abbreviations
dal+yor,དལྱོར,dal 'byor,དལ་འབྱོར,rKTs (CC BY 4.0)
dl+yor,དླྱོར,dal 'byor,དལ་འབྱོར,rKTs (CC BY 4.0): Bacot écriture cursive Tibétaine
dalyor,དལྱོར,dal 'byor,དལ་འབྱོར,rKTs (CC BY 4.0): Nima Hojer Lama The Genealogy of Ya-ngal Family of Dolpo
dalen,དལེན,dal rten,དལ་རྟེན,rKTs (CC BY 4.0): Dzongkha abbreviations
dugongasnyaM,དུགོངསྙྃ,du dgongs snyam,དུ་དགོངས་སྙམ,rKTs (CC BY 4.0): Esukhia
du+ig,དིུག,du zhig,དུ་ཞིག,rKTs (CC BY 4.0): Dzongkha abbreviations
dugro,དུགྲོ,du 'gro,དུ་འགྲོ,rKTs (CC BY 4.0): Esukhia
durtsa,དུརྩ་,du rtsa,དུ་རྩ་,rKTs (CC BY 4.0): Esukhia
dugsu+u+u+u+u+uM,དུགསུུུུུུཾ,dug gsum bdud kun myur du bb+tu nus su,དུག་གསུམ་བདུད་ཀུན་མྱུར་དུ་བབྟུ་ནུས་སུ,rKTs (CC BY 4.0): Bacot écriture cursive Tibétaine
dugasuM,དུགསུཾ,dug gsum,དུག་གསུམ,rKTs (CC BY 4.0)
dugsum,དུགསུམ,dug gsum,དུག་གསུམ,rKTs (CC BY 4.0): Bacot écriture cursive Tibétaine
dugrad,དུགྲད,dug srad,དུག་སྲད,rKTs (CC BY 4.0): Esukhia
dug+nga,དུགྔ,dug lnga,དུག་ལྔ,rKTs (CC BY 4.0)
dUng,དཱུང,dung dung,དུང་དུང,rKTs (CC BY 4.0): Dzongkha abbreviations
dru+o,དྲོུ,dud 'gro,དུད་འགྲོ,rKTs (CC BY 4.0): Dzongkha abbreviations
dudagro'o,དུདགྲོའོ་,dud 'gro'o,དུད་འགྲོའོ་,rKTs (CC BY 4.0): Esukhia
dunas,དུནས,dun las,དུན་ལས,rKTs (CC BY 4.0): Dzongkha abbreviations
duMbusuMsuM,དུྃབུསུྃསུྃ,dum bu gsum gsum,དུམ་བུ་གསུམ་གསུམ,rKTs (CC BY 4.0): Esukhia
duMbuci+usaM,དུྃབུཅིུསྃ་,dum bu bcu gnyis,དུམ་བུ་བཅུ་གཉིས་,rKTs (CC BY 4.0): Esukhia
duM,དུྃ,dum,དུམ,rKTs (CC BY 4.0): Esukhia
dur+rod,དུརྲོད,dur khrod,དུར་ཁྲོད,rKTs (CC BY 4.0)
du+od,དོུད,dur khrod,དུར་ཁྲོད,rKTs (CC BY 4.0): Dzongkha abbreviations
dru+od,དྲོུད,dur khrod,དུར་ཁྲོད,rKTs (CC BY 4.0)
dru+orad,དྲོུརད,dur khrod,དུར་ཁྲོད,rKTs (CC BY 4.0): Bacot écriture cursive Tibétaine
durod,དུརོད,dur khrod,དུར་ཁྲོད,rKTs (CC BY 4.0): Nima Hojer Lama The Genealogy of Ya-ngal Family of Dolpo
duras,དུརས,dur sa,དུར་ས,rKTs (CC BY 4.0): Esukhia
duskun+ngo,དུསྐུནྔོ་,dus kun sngo,དུས་ཀུན་སྔོ་,rKTs (CC BY 4.0): Esukhia
dubyig,དུབྱིག,dus kyi dbyig,དུས་ཀྱི་དབྱིག,rKTs (CC BY 4.0): Dzongkha abbreviations
dus kyid,དུས་ཀྱིད,dus kyi dbyigs,དུས་ཀྱི་དབྱིགས,rKTs (CC BY 4.0): Dzongkha abbreviations
dusiT,དུསིཊ,dus kyi dbyigs,དུས་ཀྱི་དབྱིགས,rKTs (CC BY 4.0): Dzongkha abbreviations
dus+yi,དུསྱི,dus kyi,དུས་ཀྱི,rKTs (CC BY 4.0): Dzongkha abbreviations
dusuM,དུསུཾ,dus gsum,དུས་གསུམ,rKTs (CC BY 4.0)
dusum,དུསུམ,dus gsum,དུས་གསུམ,rKTs (CC BY 4.0): Bacot écriture cursive Tibétaine
bdusuM,བདུསུཾ,dus gsum,དུས་གསུམ,rKTs (CC BY 4.0): Nima Hojer Lama The Genealogy of Ya-ngal Family of Dolpo
dusrug+tu,དུསྲུགྟུ,dus drug tu,དུས་དྲུག་ཏུ,rKTs (CC BY 4.0): Esukhia
dusaM \u0f7aphoraM,དུསཾ་ེཕོརཾ,dus me phor ram,དུས་མེ་ཕོར་རམ,rKTs (CC BY 4.0): Esukhia
dusrol,དུསྲོལ,dus 'brel,དུས་འབྲེལ,rKTs (CC BY 4.0): Esukhia
dusayuni,དུསཡུནི,dus yun ni,དུས་ཡུན་ནི,rKTs (CC BY 4.0): Esukhia
dusu,དུསུ,dus su,དུས་སུ,rKTs (CC BY 4.0)
dusnyiDa,དུསྙིཌ་,dus snyigs,དུས་སྙིགས་,rKTs (CC BY 4.0): Esukhia
du+od,དོུད,dus chod,དུས་ཆོད,rKTs (CC BY 4.0): Bacot écriture cursive Tibétaine
du+osad,དོུསད,dus chod,དུས་ཆོད,rKTs (CC BY 4.0): Bacot écriture cursive Tibétaine
dubyid,དུབྱིད,dus dbyigs,དུས་དབྱིགས,rKTs (CC BY 4.0): Dzongkha abbreviations
dus+yigs,དུསྱིགས,dus dbyigs,དུས་དབྱིགས,rKTs (CC BY 4.0): Tibetan Shorthand Contractions
dusod,དུསོད,dus mchod,དུས་མཆོད,rKTs (CC BY 4.0): Dzongkha abbreviations
duM',དུཾའ,dus mtha',དུས་མཐའ,rKTs (CC BY 4.0): Dzongkha abbreviations
dus^od,དུསོ༹ད,dus tshod,དུས་ཚོད,rKTs (CC BY 4.0): Dzongkha abbreviations
dusu,དུསུ,dus su,དུས་སུ,rKTs (CC BY 4.0)
dedi,དེདི་,de nyid,དེ་ཉིད་,rKTs (CC BY 4.0): Esukhia
deg,དེག,de dag,དེ་དག,rKTs (CC BY 4.0): Dzongkha abbreviations
degi,དེགི,de dag gi,དེ་དག་གི,rKTs (CC BY 4.0): Dzongkha abbreviations
degis,དེགིས,de dag gis,དེ་དག་གིས,rKTs (CC BY 4.0): Dzongkha abbreviations
degong,དེགོང,de dag,དེ་དག,rKTs (CC BY 4.0): Bacot écriture cursive Tibétaine
du+es,དེུས,de dus,དེ་དུས,rKTs (CC BY 4.0): Dzongkha abbreviations
de+on,དེོན,de don,དེ་དོན,rKTs (CC BY 4.0): Dzongkha abbreviations
de bzhineT,དེ་བཞིནེཊ,de bzhin gshegs pa,དེ་བཞིན་གཤེགས་པ,rKTs (CC BY 4.0): Dzongkha abbreviations
deniTe pa,དེནིཊེ་པ,de bzhin gshegs pa,དེ་བཞིན་གཤེགས་པ,rKTs (CC BY 4.0): Tibetan Shorthand Contractions
deniTe,དེནིཊེ,de bzhin gshegs,དེ་བཞིན་གཤེགས,rKTs (CC BY 4.0)
deniDe,དེནིཌེ་,de bzhin gshegs,དེ་བཞིན་གཤེགས་,rKTs (CC BY 4.0): Esukhia
debzhinges,དེབཞིངེས,de bzhin gshegs,དེ་བཞིན་གཤེགས,rKTs (CC BY 4.0): Bacot écriture cursive Tibétaine
de bzhinid,དེ་བཞིནིད,de bzhin nyid,དེ་བཞིན་ཉིད,rKTs (CC BY 4.0): Dzongkha abbreviations
denidi,དེནིདི,de bzhin nyid,དེ་བཞིན་ཉིད,rKTs (CC BY 4.0): Dzongkha abbreviations
debzhindi,དེབཞིནདི,de bzhin nyid,དེ་བཞིན་ཉིད,rKTs (CC BY 4.0): Bacot écriture cursive Tibétaine
denu+i,དེནིུ,de bzhin du,དེ་བཞིན་དུ,rKTs (CC BY 4.0): Dzongkha abbreviations
d+les,དླེས,de las,དེ་ལས,rKTs (CC BY 4.0): Esukhia
desridu,དེསྲིདུ,de srid du,དེ་སྲིད་དུ,rKTs (CC BY 4.0): Esukhia
d+ledu,དླེདུ,de slad du,དེ་སླད་དུ,rKTs (CC BY 4.0): Esukhia
dengaskabasa'i,དེངསྐབསའི,deng skabs sa'i,དེང་སྐབས་སའི,rKTs (CC BY 4.0): Esukhia
dedapon,དེདཔོན,ded dpon,དེད་དཔོན,rKTs (CC BY 4.0): Dzongkha abbreviations
dair,དཻར,deb ther,དེབ་ཐེར,rKTs (CC BY 4.0): Dzongkha abbreviations
deme,དེམེ,dem pe,དེམ་པེ,rKTs (CC BY 4.0): Dzongkha abbreviations
de'ir,དེའིར,de'i phyir,དེའི་ཕྱིར,rKTs (CC BY 4.0): Esukhia
dogong,དོགོང,do dgong,དོ་དགོང,rKTs (CC BY 4.0): Dzongkha abbreviations
daug,དཽག,dog dog,དོག་དོག,rKTs (CC BY 4.0): Dzongkha abbreviations
dogo,དོགོ,dog po,དོག་པོ,rKTs (CC BY 4.0): Esukhia
doDa,དོཌ་,dogs,དོགས་,rKTs (CC BY 4.0): Esukhia
doDa,དོཌ་,dogs,དོགས་,rKTs (CC BY 4.0): Esukhia
dong^e,དོངེ༹,dong tse,དོང་ཙེ,rKTs (CC BY 4.0): Dzongkha abbreviations
dodaso,དོདསོ,dod pos,དོད་པོས,rKTs (CC BY 4.0): Esukhia
du+on,དོུན,don kun,དོན་ཀུན,rKTs (CC BY 4.0): Dzongkha abbreviations
don+rub,དོནྲུབ,don grub,དོན་གྲུབ,rKTs (CC BY 4.0)
donrub,དོནྲུབ,don grub,དོན་གྲུབ,rKTs (CC BY 4.0): Dzongkha abbreviations
dru+ob,དྲོུབ,don grub,དོན་གྲུབ,rKTs (CC BY 4.0): Dzongkha abbreviations
donan,དོནན,don can,དོན་ཅན,rKTs (CC BY 4.0): Dzongkha abbreviations
donm,དོནམ,don dam,དོན་དམ,rKTs (CC BY 4.0): Bacot écriture cursive Tibétaine
doMn,དོཾན,don dam,དོན་དམ,rKTs (CC BY 4.0): Dzongkha abbreviations
donu,དོནུ,don du,དོན་དུ,rKTs (CC BY 4.0)
doni,དོནི་,don ni,དོན་ནི་,rKTs (CC BY 4.0): Esukhia
don^ad pa,དོན༹ད་པ,don mdzad pa,དོན་མཛད་པ,rKTs (CC BY 4.0): Dzongkha abbreviations
d^on,དོ༹ན,don tshan,དོན་ཚན,rKTs (CC BY 4.0): Dzongkha abbreviations
don+zabatshig,དོནྯབཚིག,don zab tshig,དོན་ཟབ་ཚིག,rKTs (CC BY 4.0): Esukhia
don+yur,དོནྱུར,don 'gyur,དོན་འགྱུར,rKTs (CC BY 4.0): Dzongkha abbreviations
dn+ru+audab,དནྲཽུདབ,don yod grub,དོན་ཡོད་གྲུབ,rKTs (CC BY 4.0): Bacot écriture cursive Tibétaine
donru+ob,དོནྲོུབ,don yod grub,དོན་ཡོད་གྲུབ,rKTs (CC BY 4.0): Dzongkha abbreviations
daund,དཽནད,don yod,དོན་ཡོད,rKTs (CC BY 4.0): Bacot écriture cursive Tibétaine
donod,དོནོད,don yod,དོན་ཡོད,rKTs (CC BY 4.0): Dzongkha abbreviations
donu'ir,དོནུའིར,don sgrub pa'i phyir,དོན་སྒྲུབ་པའི་ཕྱིར,rKTs (CC BY 4.0): Esukhia
doni,དོནི,don spyi,དོན་སྤྱི,rKTs (CC BY 4.0): Dzongkha abbreviations
domakhris,དོམཁྲིས,dom mkhris,དོམ་མཁྲིས,rKTs (CC BY 4.0): Dzongkha abbreviations
dorta,དོརྟ,dor rta,དོར་རྟ,rKTs (CC BY 4.0): Dzongkha abbreviations
dwaDa,དྭཌ་,dwags,དྭགས་,rKTs (CC BY 4.0): Esukhia
dwaD,དྭཌ,dwags,དྭགས,rKTs (CC BY 4.0): Nima Hojer Lama The Genealogy of Ya-ngal Family of Dolpo
dwangal,དྭངལ,dwangs gsal,དྭངས་གསལ,rKTs (CC BY 4.0): Dzongkha abbreviations
dwangasnyig,དྭངསྙིག,dwangs snyig,དྭངས་སྙིག,rKTs (CC BY 4.0): Esukhia
dragros,དྲགྲོས,drag khros,དྲག་ཁྲོས,rKTs (CC BY 4.0): Esukhia
drogasuM,དྲོགསུཾ,drag po gsum,དྲག་པོ་གསུམ,rKTs (CC BY 4.0): Dzongkha abbreviations
drog^al,དྲོག༹ལ,drag po rtsal,དྲག་པོ་རྩལ,rKTs (CC BY 4.0): Bacot écriture cursive Tibétaine
drago,དྲགོ,drag po,དྲག་པོ,rKTs (CC BY 4.0): Tibetan Shorthand Contractions
drog,དྲོག,drag po,དྲག་པོ,rKTs (CC BY 4.0)
drag^al,དྲག༹ལ,drag rtsal,དྲག་རྩལ,rKTs (CC BY 4.0): Dzongkha abbreviations
dragul,དྲགུལ,drag shul,དྲག་ཤུལ,rKTs (CC BY 4.0): Dzongkha abbreviations
dragos,དྲགོས,drag shos,དྲག་ཤོས,rKTs (CC BY 4.0)
draD,དྲཌ,drags,དྲགས,rKTs (CC BY 4.0): Nima Hojer Lama The Genealogy of Ya-ngal Family of Dolpo
dranges,དྲངེས,drang nges,དྲང་ངེས,rKTs (CC BY 4.0): Dzongkha abbreviations
drango'o,དྲངོའོ་,drang bo'o,དྲང་བོའོ་,rKTs (CC BY 4.0): Esukhia
drangaro,དྲངརོ,drang bor,དྲང་བོར,rKTs (CC BY 4.0): Esukhia
drangiMn,དྲངིཾན,drang min,དྲང་མིན,rKTs (CC BY 4.0): Esukhia
drangangi,དྲངངི་,drang zhing,དྲང་ཞིང་,rKTs (CC BY 4.0): Esukhia
dradrong,དྲངྲོང༌,drang srong,དྲང་སྲོང༌,rKTs (CC BY 4.0): Dzongkha abbreviations
drang+rong,དྲངྲོང༌,drang srong,དྲང་སྲོང༌,rKTs (CC BY 4.0): Dzongkha abbreviations
drong,དྲོང,drang srong,དྲང་སྲོང,rKTs (CC BY 4.0)
drangong,དྲངོང,drang srong,དྲང་སྲོང,rKTs (CC BY 4.0): Nima Hojer Lama The Genealogy of Ya-ngal Family of Dolpo
draner,དྲནེར,dran nyer,དྲན་ཉེར,rKTs (CC BY 4.0): Dzongkha abbreviations
dranasris,དྲནསྲིས,dran nas bris,དྲན་ནས་བྲིས,rKTs (CC BY 4.0): Esukhia
dralcam,དྲལྕམ,dral lcam,དྲལ་ལྕམ,rKTs (CC BY 4.0): Dzongkha abbreviations
drib,དྲིབ,dri chab,དྲི་ཆབ,rKTs (CC BY 4.0): Dzongkha abbreviations
driku ba,དྲིཀུ་བ,dri dku ba,དྲི་དཀུ་བ,rKTs (CC BY 4.0): Dzongkha abbreviations
drino,དྲིནོ,dri bzhon,དྲི་བཞོན,rKTs (CC BY 4.0): Dzongkha abbreviations
drisungathul,དྲིསུངཐུལ,dri bsung 'thul,དྲི་བསུང་འཐུལ,rKTs (CC BY 4.0): Esukhia
drichaMnakhungagirngul+chu'idri'ikhyad,དྲིཆཾནཁུངགིརྔུལྖུའིདྲིའིཁྱད,dri mchan khung gi rngul chu'i dri'i khyad,དྲི་མཆན་ཁུང་གི་རྔུལ་ཆུའི་དྲིའི་ཁྱད,rKTs (CC BY 4.0): Esukhia
dride \u0f83'+yode,དྲིདེ་ྃའྱོདེ,dri med 'od byed,དྲི་མེད་འོད་བྱེད,rKTs (CC BY 4.0): Esukhia
dride,དྲིདེ,dri med,དྲི་མེད,rKTs (CC BY 4.0): Dzongkha abbreviations
drideM,དྲིདེཾ,dri med,དྲི་མེད,rKTs (CC BY 4.0)
dri+ed,དྲིེད,dri med,དྲི་མེད,rKTs (CC BY 4.0): Bacot écriture cursive Tibétaine
drinan,དྲིནན,drin can,དྲིན་ཅན,rKTs (CC BY 4.0): Dzongkha abbreviations
drine,དྲིནེ,drin chen,དྲིན་ཆེན,rKTs (CC BY 4.0): Dzongkha abbreviations
dri+en,དྲིེན,drin chen,དྲིན་ཆེན,rKTs (CC BY 4.0): Bacot écriture cursive Tibétaine
drino+e,དྲིནོེ,drin mo che,དྲིན་མོ་ཆེ,rKTs (CC BY 4.0): Dzongkha abbreviations
d+r+lin,དྲླིན,drin lan,དྲིན་ལན,rKTs (CC BY 4.0): Esukhia
dri'iMng,དྲིའིྃང,dri'i ming,དྲིའི་མིང,rKTs (CC BY 4.0): Esukhia
drilus+yilakharas+yil,དྲིལུསྱིལཁརསྱིལ,dril bu gsil mkhar gsil,དྲིལ་བུ་གསིལ་མཁར་གསིལ,rKTs (CC BY 4.0): Esukhia
drilu,དྲིལུ,dril bu,དྲིལ་བུ,rKTs (CC BY 4.0)
dril+g+ra,དྲིལྒྲ,dril sgra,དྲིལ་སྒྲ,rKTs (CC BY 4.0): Esukhia
drugi,དྲུགི,drug gi,དྲུག་གི,rKTs (CC BY 4.0): Nima Hojer Lama The Genealogy of Ya-ngal Family of Dolpo
drug+tu,དྲུགྟུ,drug tu,དྲུག་ཏུ,rKTs (CC BY 4.0): Esukhia
drugs bcu'ir,དྲུགས་བཅུའིར,drug nas bcu'i bar,དྲུག་ནས་བཅུའི་བར,rKTs (CC BY 4.0): Dzongkha abbreviations
drugaM,དྲུགྃ་,drug ma,དྲུག་མ་,rKTs (CC BY 4.0): Esukhia
drungu,དྲུངུ,drung du,དྲུང་དུ,rKTs (CC BY 4.0): Dzongkha abbreviations
drung+du,དྲུངྡུ,drung du,དྲུང་དུ,rKTs (CC BY 4.0): Tibetan Shorthand Contractions
dru+ig,དྲིུག,drung zhig,དྲུང་ཞིག,rKTs (CC BY 4.0): Dzongkha abbreviations
drungig,དྲུངིག,drung yig,དྲུང་ཡིག,rKTs (CC BY 4.0): Dzongkha abbreviations
dru+ig,དྲིུག,drung yig,དྲུང་ཡིག,rKTs (CC BY 4.0)
drodaMde,དྲོདཾདེ་,drod med,དྲོད་མེད་,rKTs (CC BY 4.0): Esukhia
drodatshad,དྲོདཚད,drod tshad,དྲོད་ཚད,rKTs (CC BY 4.0): Esukhia
nazang,ནཟང,na bzang,ན་བཟང,rKTs (CC BY 4.0): Esukhia
na'i,ནའི་,na ba'i,ན་བའི་,rKTs (CC BY 4.0): Esukhia
n^od,ནོ༹ད,na tshod,ན་ཚོད,rKTs (CC BY 4.0): Dzongkha abbreviations
n+zuglaskyeste,ནྯུགླསྐྱེསྟེ,na zug las skyes te,ན་ཟུག་ལས་སྐྱེས་ཏེ,rKTs (CC BY 4.0): Esukhia
n+zug,ནྯུག,na zug,ན་ཟུག,rKTs (CC BY 4.0): Esukhia
n+re,ནྲེ,na re,ན་རེ,rKTs (CC BY 4.0): Esukhia
ne,ནེ,na re,ན་རེ,rKTs (CC BY 4.0): Dzongkha abbreviations
nre,ནྲེ,na re,ན་རེ,rKTs (CC BY 4.0): Dzongkha abbreviations
n+so,ནྶོ་,na so,ན་སོ་,rKTs (CC BY 4.0): Esukhia
nagi,ནགི,nag gi,ནག་གི,rKTs (CC BY 4.0)
nagis,ནགིས,nag gis,ནག་གིས,rKTs (CC BY 4.0): Nima Hojer Lama The Genealogy of Ya-ngal Family of Dolpo
nagan,ནགན,nag can,ནག་ཅན,rKTs (CC BY 4.0): Dzongkha abbreviations
nago,ནགོ,nag nog,ནག་ནོག,rKTs (CC BY 4.0): Dzongkha abbreviations
nago,ནགོ,nag po,ནག་པོ,rKTs (CC BY 4.0)
nog,ནོག,nag po,ནག་པོ,rKTs (CC BY 4.0): Bacot écriture cursive Tibétaine
nagoM,ནགོཾ,nag mo,ནག་མོ,rKTs (CC BY 4.0): Dzongkha abbreviations
nogam,ནོགམ,nag mo,ནག་མོ,rKTs (CC BY 4.0): Bacot écriture cursive Tibétaine
nagaseb,ནགསེབ,nags gseb,ནགས་གསེབ,rKTs (CC BY 4.0): Dzongkha abbreviations
nagasaM,ནགསཾ,nags ma,ནགས་མ,rKTs (CC BY 4.0): Dzongkha abbreviations
nagaseM,ནགསེཾ,nags me,ནགས་མེ,rKTs (CC BY 4.0): Dzongkha abbreviations
nags,ནགས,nags su,ནགས་སུ,rKTs (CC BY 4.0): Dzongkha abbreviations
nagastug po,ནགསྟུག་པོ,nags stug po,ནགས་སྟུག་པོ,rKTs (CC BY 4.0): Dzongkha abbreviations
naDas+yengartswas+yeng,ནཌསྱེངརྩྭསྱེང,nags gseng rtswa gseng,ནགས་གསེང་རྩྭ་གསེང,rKTs (CC BY 4.0): Esukhia
naDa,ནཌ་,nags,ནགས་,rKTs (CC BY 4.0): Esukhia
nangakhrol+pho,ནངཁྲོལྥོ་,nang khrol pho,ནང་ཁྲོལ་ཕོ་,rKTs (CC BY 4.0): Esukhia
nangas+yeskul+la,ནངསྱེསྐུལླ,nang gses skul la,ནང་གསེས་སྐུལ་ལ,rKTs (CC BY 4.0): Esukhia
nangu,ནངུ,nang du,ནང་དུ,rKTs (CC BY 4.0): Esukhia
nangatshano,ནངཚནོ,nang tshan no,ནང་ཚན་ནོ,rKTs (CC BY 4.0): Esukhia
nang+log,ནངློག,nang slog,ནང་སློག,rKTs (CC BY 4.0): Esukhia
nangar,ནངར,nangs par,ནངས་པར,rKTs (CC BY 4.0): Dzongkha abbreviations
nadan+yidzeM,ནདནྱིཛེཾ་,nad can gyi 'dzem,ནད་ཅན་གྱི་འཛེམ་,rKTs (CC BY 4.0): Esukhia
nadrag pa,ནདྲག་པ,nad drag pa,ནད་དྲག་པ,rKTs (CC BY 4.0): Dzongkha abbreviations
n+tan,ནྟན,nan tan,ནན་ཏན,rKTs (CC BY 4.0): Esukhia
nabaso,ནབསོ,nabs so,ནབས་སོ,rKTs (CC BY 4.0)
namru,ནམྲུ,nam gru,ནམ་གྲུ,rKTs (CC BY 4.0): Tibetan Shorthand Contractions
nruM,ནྲུཾ,nam gru,ནམ་གྲུ,rKTs (CC BY 4.0): Dzongkha abbreviations
naMkha'^od,ནཾཁའོ༹ད,nam mkha' mdzod,ནམ་མཁའ་མཛོད,rKTs (CC BY 4.0): Dzongkha abbreviations
naMkha' rgyal^an,ནཾཁའ་རྒྱལ༹ན,nam mkha' rgyal mtshan,ནམ་མཁའ་རྒྱལ་མཚན,rKTs (CC BY 4.0): Dzongkha abbreviations
namakha',ནམཁའ,nam mkha',ནམ་མཁའ,rKTs (CC BY 4.0)
naMkha',ནཾཁའ,nam mkha',ནམ་མཁའ,rKTs (CC BY 4.0)
naM',ནཾའ,nam mkha',ནམ་མཁའ,rKTs (CC BY 4.0)
naMkha,ནཾཁ,nam mkha',ནམ་མཁའ,rKTs (CC BY 4.0): Nima Hojer Lama The Genealogy of Ya-ngal Family of Dolpo
naMkha'i,ནཾཁའི,nam mkha'i,ནམ་མཁའི,rKTs (CC BY 4.0)
namathong,ནམཐོང,nam mthong,ནམ་མཐོང,rKTs (CC BY 4.0): Dzongkha abbreviations
naMzla,ནཾཟླ,nam zla,ནམ་ཟླ,rKTs (CC BY 4.0): Dzongkha abbreviations
naM langs,ནཾ་ལངས,nam langs,ནམ་ལངས,rKTs (CC BY 4.0): Dzongkha abbreviations
naMngs,ནཾངས,nam langs,ནམ་ལངས,rKTs (CC BY 4.0): Dzongkha abbreviations
n+laMngs,ནླྃངས,nam langs,ནམ་ལངས,rKTs (CC BY 4.0): Esukhia
naM,ནྃ,nam,ནམ,rKTs (CC BY 4.0)
naMs,ནཾས,nams,ནམས,rKTs (CC BY 4.0): Dzongkha abbreviations
nAr,ནཱར,nar nar,ནར་ནར,rKTs (CC BY 4.0): Dzongkha abbreviations
nalo,ནལོ,nal nol,ནལ་ནོལ,rKTs (CC BY 4.0): Dzongkha abbreviations
nas+yang,ནསྱང་,nas kyang,ནས་ཀྱང་,rKTs (CC BY 4.0): Esukhia
nas+thu,ནསྠུ,nas thu,ནས་ཐུ,rKTs (CC BY 4.0): Esukhia
nas+thon,ནསྠོན,nas thon,ནས་ཐོན,rKTs (CC BY 4.0): Esukhia
nas+yas,ནསྱས,nas byas,ནས་བྱས,rKTs (CC BY 4.0): Esukhia
nasaMchan,ནསཾཆན,nas mchan,ནས་མཆན,rKTs (CC BY 4.0): Esukhia
nasaMnyes,ནསྃཉེས,nas mnyes,ནས་མཉེས,rKTs (CC BY 4.0): Esukhia
nasathunar,ནསཐུནར,nas mthun par,ནས་མཐུན་པར,rKTs (CC BY 4.0): Esukhia
nasatshur,ནསཚུར,nas tshur,ནས་ཚུར,rKTs (CC BY 4.0): Esukhia
nasro,ནསྲོ,nas 'gro,ནས་འགྲོ,rKTs (CC BY 4.0): Esukhia
nasadeDaka',ནསདེཌཀའ,nas 'degs dka',ནས་འདེགས་དཀའ,rKTs (CC BY 4.0): Esukhia
nispyi'iler,ནིསྤྱིའིལེར,ni spyi'i le bar,ནི་སྤྱིའི་ལེ་བར,rKTs (CC BY 4.0): Esukhia
nyin+ribribakhyag,ཉིནྲིབྲིབཁྱག,nin srib srib 'khyag,ནིན་སྲིབ་སྲིབ་འཁྱག,rKTs (CC BY 4.0): Esukhia
nu+o,ནོུ,nu bo,ནུ་བོ,rKTs (CC BY 4.0): Dzongkha abbreviations
nu+oM,ནོུཾ,nu mo,ནུ་མོ,rKTs (CC BY 4.0): Dzongkha abbreviations
nubyogs,ནུབྱོགས,nub phyogs,ནུབ་ཕྱོགས,rKTs (CC BY 4.0): Bacot écriture cursive Tibétaine
nu+ogs,ནོུགས,nub phyogs,ནུབ་ཕྱོགས,rKTs (CC BY 4.0)
nu+oT,ནོུཊ,nub phyogs,ནུབ་ཕྱོགས,rKTs (CC BY 4.0): Dzongkha abbreviations
nubya,ནུབྱ,nub bya,ནུབ་བྱ,rKTs (CC BY 4.0): Bacot écriture cursive Tibétaine
nubyang,ནུབྱང༌,nub byang,ནུབ་བྱང,rKTs (CC BY 4.0): Dzongkha abbreviations
nubaM,ནུབྃ་,nub ma,ནུབ་མ་,rKTs (CC BY 4.0): Esukhia
nUr,ནཱུར,nur nur,ནུར་ནུར,rKTs (CC BY 4.0): Dzongkha abbreviations
nyul+las+yangat+yaM,ཉུལླསྱངཏྱཾ་,nul la gsang gtam,ནུལ་ལ་གསང་གཏམ་,rKTs (CC BY 4.0): Esukhia
nus,ནུས,nus,ནུས,rKTs (CC BY 4.0): Esukhia
ne'us+ying,ནེའུསྱིང,ne'u gsing,ནེའུ་གསིང,rKTs (CC BY 4.0): Esukhia
ne'+thu+og+zer,ནེའྠོུགྯེར,ne+i'u thog zer,ནེིའུ་ཐོག་ཟེར,rKTs (CC BY 4.0): Esukhia
nongaspyod,ནོངསྤྱོད,nongs spyod,ནོངས་སྤྱོད,rKTs (CC BY 4.0): Dzongkha abbreviations
nomyag,ནོམྱག,nom nyug,ནོམ་ཉུག,rKTs (CC BY 4.0): Dzongkha abbreviations
noM,ནོཾ,nom,ནོམ,rKTs (CC BY 4.0): Nima Hojer Lama The Genealogy of Ya-ngal Family of Dolpo
nu+or,ནོུར,nor bu,ནོར་བུ,rKTs (CC BY 4.0)
noru,ནོརུ,nor bu,ནོར་བུ,rKTs (CC BY 4.0)
noru'i,ནོརུའི,nor bu'i,ནོར་བུའི,rKTs (CC BY 4.0): Esukhia
nor^in,ནོརི༹ན,nor 'dzin,ནོར་འཛིན,rKTs (CC BY 4.0): Dzongkha abbreviations
norgyun ma,ནོརྒྱུན་མ,nor rgyun ma,ནོར་རྒྱུན་མ,rKTs (CC BY 4.0): Dzongkha abbreviations
nortsen,ནོརྩེན,nor rtsen,ནོར་རྩེན,rKTs (CC BY 4.0): Dzongkha abbreviations
nordzas,ནོརྫས,nor rdzas,ནོར་རྫས,rKTs (CC BY 4.0): Dzongkha abbreviations
nor+rikhaMn,ནོརྲིཁཾན,nor sri mkhan,ནོར་སྲི་མཁན,rKTs (CC BY 4.0): Esukhia
nor+rid,ནོརྲིད,nor srid,ནོར་སྲིད,rKTs (CC BY 4.0): Esukhia
p+z+ya,པྯྱ,pa gzugs,པ་གཟུགས,rKTs (CC BY 4.0): Esukhia
p+gal,པྒལ,pa gal,པ་གལ,rKTs (CC BY 4.0): Esukhia
pas+yagyur,པསྱགྱུར,pa gsag 'gyur,པ་གསག་འགྱུར,rKTs (CC BY 4.0): Esukhia
p+canang,པྕནང,pa can gnang,པ་ཅན་གནང,rKTs (CC BY 4.0): Esukhia
p+can,པྕན,pa can,པ་ཅན,rKTs (CC BY 4.0): Esukhia
p+che,པྖེ་,pa che,པ་ཆེ་,rKTs (CC BY 4.0): Esukhia
p+chene'i,པྖེནེའི,pa chen po'i,པ་ཆེན་པོའི,rKTs (CC BY 4.0): Esukhia
pang,པང,pa dang,པ་དང,rKTs (CC BY 4.0): Esukhia
padakaraM,པདཀརཾ,pad dkar ma,པད་དཀར་མ,rKTs (CC BY 4.0): Dzongkha abbreviations
padakar,པདཀར,pad dkar,པད་དཀར,rKTs (CC BY 4.0): Dzongkha abbreviations
p+nas,པྣས,pa nas,པ་ནས,rKTs (CC BY 4.0): Esukhia
p+ni,པྣི་,pa ni,པ་ནི་,rKTs (CC BY 4.0): Esukhia
pade'i,པདེའི་,pa bde ba'i,པ་བདེ་བའི་,rKTs (CC BY 4.0): Esukhia
pya,པྱ,pa bya,པ་བྱ,rKTs (CC BY 4.0): Esukhia
paMnyenoM,པྃཉེནོྃ་,pa mnyen mo,པ་མཉེན་མོ་,rKTs (CC BY 4.0): Esukhia
peMd,པེཾད,pa med,པ་མེད,rKTs (CC BY 4.0): Esukhia
patsha,པཚ་,pa tsha,པ་ཚ་,rKTs (CC BY 4.0): Esukhia
p+zhan,པྮན,pa zhan,པ་ཞན,rKTs (CC BY 4.0): Esukhia
s+zhig,སྮིག,pa zhig,པ་ཞིག,rKTs (CC BY 4.0): Esukhia
p+zas+yi,པྯསྱི་,pa zas kyi,པ་ཟས་ཀྱི་,rKTs (CC BY 4.0): Esukhia
pyang,པྱང,pa 'phyang,པ་འཕྱང,rKTs (CC BY 4.0): Esukhia
ph+la,ཕླ,pa la,པ་ལ,rKTs (CC BY 4.0): Esukhia
p+s+te,པྶྟེ་,pa ste,པ་སྟེ་,rKTs (CC BY 4.0): Esukhia
p+s+tong,པྶྟོང,pa stong,པ་སྟོང,rKTs (CC BY 4.0): Esukhia
pasman,པསྨན,pa sman,པ་སྨན,rKTs (CC BY 4.0): Esukhia
prodigaM,པྲོདིགཾ,pa srod cig gam,པ་སྲོད་ཅིག་གམ,rKTs (CC BY 4.0): Esukhia
paDa,པཌ་,pags,པགས་,rKTs (CC BY 4.0): Esukhia
paDa'i,པཌའི,pags pa'i,པགས་པའི,rKTs (CC BY 4.0): Esukhia
paDa,པཌ,pags,པགས,rKTs (CC BY 4.0): Esukhia
padakat+yi,པདཀཏྱི,pad dkar gyi,པད་དཀར་གྱི,rKTs (CC BY 4.0): Esukhia
padaMkaro'i,པདྃཀརོའི,pad+ma dkar bo'i,པདྨ་དཀར་བོའི,rKTs (CC BY 4.0): Esukhia
pad+ma,པདྨ,pad ma,པད་མ,rKTs (CC BY 4.0)
pad+mas+s+p+ras,པདྨསྶྤྲས,pad+mas spras,པདྨས་སྤྲས,rKTs (CC BY 4.0): Esukhia
pad+mo,པདྨོ,pad mo,པད་མོ,rKTs (CC BY 4.0): Dzongkha abbreviations
paNe,པཎེ,paN chen,པཎ་ཆེན,rKTs (CC BY 4.0): Dzongkha abbreviations
paNen,པཎེན,paN chen,པཎ་ཆེན,rKTs (CC BY 4.0): Dzongkha abbreviations
pang,པང,pa'ang,པའང,rKTs (CC BY 4.0): Esukhia
pa'aM,པའཾ,pa'am,པའམ,rKTs (CC BY 4.0): Esukhia
pI,པཱི,pa'i,པའི,rKTs (CC BY 4.0): Dzongkha abbreviations
par+thang,པརྠང,par thang,པར་ཐང,rKTs (CC BY 4.0): Esukhia
paru,པརུ,par du,པར་དུ,rKTs (CC BY 4.0): Esukhia
phrin,ཕྲིན,par phyin,པར་ཕྱིན,rKTs (CC BY 4.0): Esukhia
sapaMgyurar,སཔྃགྱུརར,pas ma 'gyur bar,པས་མ་འགྱུར་བར,rKTs (CC BY 4.0): Esukhia
pas+ho,པསྷོ་,pas lho,པས་ལྷོ་,rKTs (CC BY 4.0): Esukhia
pI,པཱི,pi pi,པི་པི,rKTs (CC BY 4.0): Dzongkha abbreviations
p+ling,པླིང༌,pi ling,པི་ལིང༌,rKTs (CC BY 4.0)
puso,པུསོ,pus mo,པུས་མོ,rKTs (CC BY 4.0): Dzongkha abbreviations
po+i,པོི,po ti,པོ་ཏི,rKTs (CC BY 4.0): Dzongkha abbreviations
p+no+i,པྣོི་,po ni,པོ་ནི་,rKTs (CC BY 4.0): Esukhia
phyag+na,ཕྱགྣ,pyag na,པྱག་ན,rKTs (CC BY 4.0): Esukhia
pragi,པྲགི,prag prig,པྲག་པྲིག,rKTs (CC BY 4.0): Dzongkha abbreviations
phaM'i,ཕཾའི,pha ma'i,ཕ་མའི,rKTs (CC BY 4.0): Esukhia
phesaM,ཕེསཾ,pha mes,ཕ་མེས,rKTs (CC BY 4.0): Dzongkha abbreviations
phalo,ཕལོ,pha rol,ཕ་རོལ,rKTs (CC BY 4.0): Dzongkha abbreviations
phal+ro,ཕལོྲ,pha rol,ཕ་རོལ,rKTs (CC BY 4.0): Dzongkha abbreviations
phrol,ཕྲོལ,pha rol,ཕ་རོལ,rKTs (CC BY 4.0)
phalogasu,ཕལོགསུ,pha logs su,ཕ་ལོགས་སུ,rKTs (CC BY 4.0): Dzongkha abbreviations
phaloTu,ཕལོཊུ,pha logs su,ཕ་ལོགས་སུ,rKTs (CC BY 4.0): Dzongkha abbreviations
phagi lo,ཕགི་ལོ,phag gi lo,ཕག་གི་ལོ,rKTs (CC BY 4.0): Dzongkha abbreviations
phangu,ཕངུ,phang phung,ཕང་ཕུང,rKTs (CC BY 4.0): Dzongkha abbreviations
phangsu,ཕངསུ,phangs su,ཕངས་སུ,rKTs (CC BY 4.0): Nima Hojer Lama The Genealogy of Ya-ngal Family of Dolpo
phanod,ཕནོད,phan gnod,ཕན་གནོད,rKTs (CC BY 4.0): Tibetan Shorthand Contractions
phanoT,ཕནོཊ,phan thogs,ཕན་ཐོགས,rKTs (CC BY 4.0): Dzongkha abbreviations
phanob,ཕནོབ,phan thob,ཕན་ཐོབ,rKTs (CC BY 4.0): Dzongkha abbreviations
phano,ཕནོ,phan no,ཕན་ནོ,rKTs (CC BY 4.0): Dzongkha abbreviations
phanu,ཕནུ,phan phun,ཕན་ཕུན,rKTs (CC BY 4.0): Dzongkha abbreviations
fun,ཕུ༹ན,phan tshun,ཕན་ཚུན,rKTs (CC BY 4.0): Dzongkha abbreviations
phutshan,ཕུཚན,phan tshun,ཕན་ཚུན,rKTs (CC BY 4.0): Esukhia
phyano,ཕྱནོ,phan yon,ཕན་ཡོན,rKTs (CC BY 4.0): Dzongkha abbreviations
phaba'+di+e'o,ཕབའྡིེའོ་,phab pa'i sde'o,ཕབ་པའི་སྡེའོ་,rKTs (CC BY 4.0): Esukhia
phaM pa,ཕཾ་པ,pham pa,ཕམ་པ,rKTs (CC BY 4.0): Dzongkha abbreviations
phrin \u0f7et+yo'i,ཕྲིན་ཾཏྱོའི,phar phyin ma gtogs pa'i,ཕར་ཕྱིན་མ་གཏོགས་པའི་,rKTs (CC BY 4.0): Esukhia
fur,ཕུ༹ར,phar tshur,ཕར་ཚུར,rKTs (CC BY 4.0): Dzongkha abbreviations
phalen,ཕལེན,phal chen,ཕལ་ཆེན,rKTs (CC BY 4.0): Dzongkha abbreviations
phaler,ཕལེར,phal cher,ཕལ་ཆེར,rKTs (CC BY 4.0): Dzongkha abbreviations
phalo+e,ཕལོེ,phal mo che,ཕལ་མོ་ཆེ,rKTs (CC BY 4.0): Dzongkha abbreviations
phu+o,ཕོུ,phu bo,ཕུ་བོ,rKTs (CC BY 4.0): Dzongkha abbreviations
phugasu,ཕུགསུ,phugs su,ཕུགས་སུ,rKTs (CC BY 4.0): Dzongkha abbreviations
phungar,ཕུངར,phung par,ཕུང་པར,rKTs (CC BY 4.0): Dzongkha abbreviations
phungo,ཕུངོ༌,phung po,ཕུང་པོ,rKTs (CC BY 4.0)
phu+ong,ཕོུང,phung po,ཕུང་པོ,rKTs (CC BY 4.0): Bacot écriture cursive Tibétaine
pho+ung,ཕོུང,phung bo,ཕུང་བོ,rKTs (CC BY 4.0): Esukhia
phung+yed,ཕུངྱེད,phung byed,ཕུང་བྱེད,rKTs (CC BY 4.0): Dzongkha abbreviations
phu+u+oMgs,ཕོུུཾགས,phun gsum tshogs,ཕུན་གསུམ་ཚོགས,rKTs (CC BY 4.0): Bacot écriture cursive Tibétaine
phugs,ཕུགས,phun tshogs,ཕུན་ཚོགས,rKTs (CC BY 4.0): Tibetan Shorthand Contractions
fu+ogs,ཕོུ༹གས,phun tshogs,ཕུན་ཚོགས,rKTs (CC BY 4.0): Dzongkha abbreviations
ph^u+ogs,ཕོུ༹གས,phun tshogs,ཕུན་ཚོགས,rKTs (CC BY 4.0): Bacot écriture cursive Tibétaine
phu+og^as,ཕོུག༹ས,phun tshogs,ཕུན་ཚོགས,rKTs (CC BY 4.0): Tibetan Shorthand Contractions
phu+oT,ཕོུཊ,phun tshogs,ཕུན་ཚོགས,rKTs (CC BY 4.0): Dzongkha abbreviations
phun^oD,ཕུནོ༹ཌ,phun tshogs,ཕུན་ཚོགས,rKTs (CC BY 4.0): Nima Hojer Lama The Genealogy of Ya-ngal Family of Dolpo
phunatshoDa,ཕུནཚོཌ་,phun tshogs,ཕུན་ཚོགས་,rKTs (CC BY 4.0): Esukhia
phun^oT,ཕུནོ༹ཊ,phun sum tshogs,ཕུན་སུམ་ཚོགས,rKTs (CC BY 4.0): Dzongkha abbreviations
phun^oMT,ཕུནོཾ༹ཊ,phun sum tshogs,ཕུན་སུམ་ཚོགས,rKTs (CC BY 4.0): Dzongkha abbreviations
phunuMtshoDa,ཕུནུཾཚོཌ,phun sum tshogs,ཕུན་སུམ་ཚོགས་,rKTs (CC BY 4.0): Esukhia
phUm,ཕཱུམ,phum phum,ཕུམ་ཕུམ,rKTs (CC BY 4.0): Dzongkha abbreviations
phu'igon,ཕུའིགོན,phu'i dgon,ཕུའི་དགོན,rKTs (CC BY 4.0): Esukhia
phurar+yas,ཕུརརྱས,phur phur byas,ཕུར་ཕུར་བྱས,rKTs (CC BY 4.0): Esukhia
phuratshuDa,ཕུརཚུཌ,phur tshugs,ཕུར་ཚུགས,rKTs (CC BY 4.0): Esukhia
phulte,ཕུལྟེ,phul te,ཕུལ་ཏེ,rKTs (CC BY 4.0): Esukhia
phul+nasnyaneng,ཕུལྣསྙནེང,phul nas snyan seng,ཕུལ་ནས་སྙན་སེང,rKTs (CC BY 4.0): Esukhia
ph+nyo,ཕྙོ,pho nya,ཕོ་ཉ,rKTs (CC BY 4.0)
phyog,ཕྱོག,pho phyag,ཕོ་ཕྱག,rKTs (CC BY 4.0): Dzongkha abbreviations
phyu+og,ཕྱོུག,pho phyug,ཕོ་ཕྱུག,rKTs (CC BY 4.0): Dzongkha abbreviations
phrong,ཕྲོང༌,pho brang,ཕོ་བྲང༌,rKTs (CC BY 4.0)
phaug,ཕཽག,pho rog,ཕོ་རོག,rKTs (CC BY 4.0)
pharol,ཕརོལ,pho rol,ཕོ་རོལ,rKTs (CC BY 4.0): Tibetan Shorthand Contractions
phyu+od,ཕྱོུད,pho rgyud,ཕོ་རྒྱུད,rKTs (CC BY 4.0)
phogasder,ཕོགསྡེར,phogs sder,ཕོགས་སྡེར,rKTs (CC BY 4.0): Dzongkha abbreviations
phoDa,ཕོཌ་,phogs,ཕོགས་,rKTs (CC BY 4.0): Esukhia
pho+ung,ཕོུང་,phong bo,ཕོང་བོ་,rKTs (CC BY 4.0): Esukhia
pya \u0f7e,པྱ་ཾ,phya ma,ཕྱ་མ་,rKTs (CC BY 4.0): Esukhia
phy^an,ཕྱ༹ན,phya tshan,ཕྱ་ཚན,rKTs (CC BY 4.0): Dzongkha abbreviations
phyaganyis,ཕྱགཉིས,phyag gnyis,ཕྱག་གཉིས,rKTs (CC BY 4.0): Dzongkha abbreviations
phyagayas,ཕྱགཡས,phyag g.yas,ཕྱག་གཡས,rKTs (CC BY 4.0): Dzongkha abbreviations
phyaM',ཕྱཾའ,phyag mda',ཕྱག་མདའ,rKTs (CC BY 4.0): Dzongkha abbreviations
phyuMd,ཕྱུཾད,phyag mdud,ཕྱག་མདུད,rKTs (CC BY 4.0): Dzongkha abbreviations
phyag^an,ཕྱག༹ན,phyag mtshan,ཕྱག་མཚན,rKTs (CC BY 4.0): Dzongkha abbreviations
phy^od,ཕྱོ༹ད,phyag mdzod,ཕྱག་མཛོད,rKTs (CC BY 4.0): Dzongkha abbreviations
phy^agol,ཕྱ༹གོལ,phyag tshal lo,ཕྱག་ཚལ་ལོ,rKTs (CC BY 4.0): Bacot écriture cursive Tibétaine
phy^ol,ཕྱོ༹ལ,phyag tshal lo,ཕྱག་ཚལ་ལོ,rKTs (CC BY 4.0): Bacot écriture cursive Tibétaine
phyagalo,ཕྱགལོ,phyag 'tshal lo,ཕྱག་འཚལ་ལོ,rKTs (CC BY 4.0): Nima Hojer Lama The Genealogy of Ya-ngal Family of Dolpo
phyag^al,ཕྱག༹ལ,phyag tshal,ཕྱག་ཚལ,rKTs (CC BY 4.0): Bacot écriture cursive Tibétaine
phy^al,ཕྱ༹ལ,phyag tshal,ཕྱག་ཚལ,rKTs (CC BY 4.0): Bacot écriture cursive Tibétaine
phy^alod,ཕྱ༹ལོད,phyag 'tshal bstod,ཕྱག་འཚལ་བསྟོད,rKTs (CC BY 4.0): Dzongkha abbreviations
phy^altod,ཕྱ༹ལྟོད,phyag 'tshal bstod,ཕྱག་འཚལ་བསྟོད,rKTs (CC BY 4.0): Dzongkha abbreviations
phyag^alo,ཕྱག༹ལོ,phyag 'tshal lo,ཕྱག་འཚལ་ལོ,rKTs (CC BY 4.0): Dzongkha abbreviations
phy^alo,ཕྱ༹ལོ,phyag 'tshal lo,ཕྱག་འཚལ་ལོ,rKTs (CC BY 4.0)
phyag^al,ཕྱག༹ལ,phyag 'tshal,ཕྱག་འཚལ,rKTs (CC BY 4.0): Dzongkha abbreviations
phy^al,ཕྱ༹ལ,phyag 'tshal,ཕྱག་འཚལ,rKTs (CC BY 4.0): Dzongkha abbreviations
phya rgyo+en,ཕྱ་རྒྱོེན,phyag rgya chen po,ཕྱག་རྒྱ་ཆེན་པོ,rKTs (CC BY 4.0): Bacot écriture cursive Tibétaine
phyargyeno,ཕྱརྒྱེནོ,phyag rgya chen po,ཕྱག་རྒྱ་ཆེན་པོ,rKTs (CC BY 4.0): Dzongkha abbreviations
phyagya,ཕྱགྱ,phyag rgya,ཕྱག་རྒྱ,rKTs (CC BY 4.0): Dzongkha abbreviations
phyargya,ཕྱརྒྱ,phyag rgya,ཕྱག་རྒྱ,rKTs (CC BY 4.0): Dzongkha abbreviations
phyag+sain,ཕྱགྶཻན,phyag sen sen,ཕྱག་སེན་སེན,rKTs (CC BY 4.0): Esukhia
phyagrolayul+rolaMng,ཕྱགྲོལཡུལྲོལཾང,phyag srol yul srol mang,ཕྱག་སྲོལ་ཡུལ་སྲོལ་མང,rKTs (CC BY 4.0): Esukhia
phyaTaM,ཕྱཊཾ,phyags ma,ཕྱགས་མ,rKTs (CC BY 4.0): Dzongkha abbreviations
phyado,ཕྱདོ,phyad phyod,ཕྱད་ཕྱོད,rKTs (CC BY 4.0): Dzongkha abbreviations
phyam1,ཕྱམ༡,phyam gcig,ཕྱམ་གཅིག,rKTs (CC BY 4.0): Dzongkha abbreviations
phyame ba,ཕྱམེ་བ,phyam me ba,ཕྱམ་མེ་བ,rKTs (CC BY 4.0): Dzongkha abbreviations
phyar ba grudaT,ཕྱར་བ་གྲུདཊ,phyar ba gru gdags,ཕྱར་བ་གྲུ་གདགས,rKTs (CC BY 4.0): Dzongkha abbreviations
phyara'i,ཕྱརའི་,phyar ba'i,ཕྱར་བའི་,rKTs (CC BY 4.0): Esukhia
ph+y+ri+o,ཕྱྲིོ,phyi dro,ཕྱི་དྲོ,rKTs (CC BY 4.0): Esukhia
phying sangsuM,ཕྱིང་སངསུཾ,phyi nang gsang gsum,ཕྱི་ནང་གསང་གསུམ,rKTs (CC BY 4.0): Bacot écriture cursive Tibétaine
phyingasangasuM,ཕྱིངསངསུཾ,phyi nang gsang gsum,ཕྱི་ནང་གསང་གསུམ,rKTs (CC BY 4.0): Dzongkha abbreviations
phyingasuM,ཕྱིངསུཾ,phyi nang gsang gsum,ཕྱི་ནང་གསང་གསུམ,rKTs (CC BY 4.0): Dzongkha abbreviations
phying \u0f7eslog,ཕྱིང་ཾསློག,phyi nang ma slog,ཕྱི་ནང་མ་སློག,rKTs (CC BY 4.0): Esukhia
phying,ཕྱིང༌,phyi nang,ཕྱི་ནང༌,rKTs (CC BY 4.0): Dzongkha abbreviations
phyig,ཕྱིག,phyi phyag,ཕྱི་ཕྱག,rKTs (CC BY 4.0): Dzongkha abbreviations
phyilo,ཕྱིལོ,phyi rol,ཕྱི་རོལ,rKTs (CC BY 4.0): Dzongkha abbreviations
phyil+ro,ཕྱིལོྲ,phyi rol,ཕྱི་རོལ,rKTs (CC BY 4.0): Dzongkha abbreviations
ph+y+ro+il,ཕྱྲོིལ,phyi rol,ཕྱི་རོལ,rKTs (CC BY 4.0): Bacot écriture cursive Tibétaine
phyido,ཕྱིདོ,phyi snod,ཕྱི་སྣོད,rKTs (CC BY 4.0): Dzongkha abbreviations
phyo+id,ཕྱོིད,phyi snod,ཕྱི་སྣོད,rKTs (CC BY 4.0): Bacot écriture cursive Tibétaine
phyinog,ཕྱིནོག,phyin ci log,ཕྱིན་ཅི་ལོག,rKTs (CC BY 4.0): Dzongkha abbreviations
phyind,ཕྱིནད,phyin chad,ཕྱིན་ཆད,rKTs (CC BY 4.0)
phyinas,ཕྱིནས,phyin nas,ཕྱིན་ནས,rKTs (CC BY 4.0)
phyiru,ཕྱིརུ,phyir du,ཕྱིར་དུ,rKTs (CC BY 4.0): Esukhia
phyirazlogiso,ཕྱིརཟློགིསོ་,phyir bzlog gi gso,ཕྱིར་བཟློག་གི་གསོ་,rKTs (CC BY 4.0): Esukhia
phyiriM ldogaran+yas,ཕྱིརིཾ་ལྡོགརནྱས,phyir mi ldog par gnas,ཕྱིར་མི་ལྡོག་པར་གནས,rKTs (CC BY 4.0): Esukhia
phyiriM,ཕྱིརིཾ,phyir mi,ཕྱིར་མི,rKTs (CC BY 4.0): Esukhia
phyiro,ཕྱིརོ,phyir ro,ཕྱིར་རོ,rKTs (CC BY 4.0): Dzongkha abbreviations
phyisu,ཕྱིསུ,phyis su,ཕྱིས་སུ,rKTs (CC BY 4.0): Dzongkha abbreviations
phyiskyes,ཕྱིསྐྱེས,phyis skyes,ཕྱིས་སྐྱེས,rKTs (CC BY 4.0): Dzongkha abbreviations
phyuDi,ཕྱུཌི་,phyugs kyi,ཕྱུགས་ཀྱི་,rKTs (CC BY 4.0): Esukhia
phyugas+yis phyug,ཕྱུགསྱིས་ཕྱུག,phyugs kyis phyug,ཕྱུགས་ཀྱིས་ཕྱུག,rKTs (CC BY 4.0): Dzongkha abbreviations
phyugaskyong,ཕྱུགསྐྱོང༌,phyugs skyong,ཕྱུགས་སྐྱོང༌,rKTs (CC BY 4.0): Dzongkha abbreviations
phyuDang,ཕྱུཌང,phyugs dang,ཕྱུགས་དང,rKTs (CC BY 4.0): Esukhia
phyu+er,ཕྱེུར,phye phur,ཕྱེ་ཕུར,rKTs (CC BY 4.0): Dzongkha abbreviations
phyedang,ཕྱེདང,phyed dang,ཕྱེད་དང,rKTs (CC BY 4.0): Nima Hojer Lama The Genealogy of Ya-ngal Family of Dolpo
phyedol,ཕྱེདོལ,phyed yol,ཕྱེད་ཡོལ,rKTs (CC BY 4.0): Dzongkha abbreviations
phyed+Yol,ཕྱེདྻོལ,phyed yol,ཕྱེད་ཡོལ,rKTs (CC BY 4.0): Esukhia
phyogas+yi mu khyud,ཕྱོགསྱི་མུ་ཁྱུད,phyogs kyi mu khyud,ཕྱོགས་ཀྱི་མུ་ཁྱུད,rKTs (CC BY 4.0): Dzongkha abbreviations
phyogasuM,ཕྱོགསུཾ,phyogs gsum,ཕྱོགས་གསུམ,rKTs (CC BY 4.0): Dzongkha abbreviations
phyoTan,ཕྱོཊན,phyogs can,ཕྱོགས་ཅན,rKTs (CC BY 4.0): Dzongkha abbreviations
phyaugs,ཕྱཽགས,phyogs phyogs,ཕྱོགས་ཕྱོགས,rKTs (CC BY 4.0): Dzongkha abbreviations
phyu+o,ཕྱོུ,phyogs bcu,ཕྱོགས་བཅུ,rKTs (CC BY 4.0): Dzongkha abbreviations
phyolhi l+y^altod,ཕྱོལྷི་ལྱ༹ལྟོད,phyogs bcu'i lha la phyag 'tshal bstod,ཕྱོགས་བཅུའི་ལྷ་ལ་ཕྱག་འཚལ་བསྟོད,rKTs (CC BY 4.0): Dzongkha abbreviations
phyu+o'i lha l+ya stod,ཕྱོུའི་ལྷ་ལྱ་སྟོད,phyogs bcu'i lha la phyag 'tshal bsdod,ཕྱོགས་བཅུའི་ལྷ་ལ་ཕྱག་འཚལ་བསྡོད,rKTs (CC BY 4.0): Bacot écriture cursive Tibétaine
phyu+o'i,ཕྱོུའི,phyogs bcu'i,ཕྱོགས་བཅུའི,rKTs (CC BY 4.0): Dzongkha abbreviations
phyo+ur,ཕྱོུར,phyogs bcur,ཕྱོགས་བཅུར,rKTs (CC BY 4.0): Esukhia
phy^osaM,ཕྱོ༹སཾ,phyogs mtshams,ཕྱོགས་མཚམས,rKTs (CC BY 4.0): Dzongkha abbreviations
phyu+ong,ཕྱོུང,phyogs lhung,ཕྱོགས་ལྷུང,rKTs (CC BY 4.0): Dzongkha abbreviations
phyogasu,ཕྱོགསུ,phyogs su,ཕྱོགས་སུ,rKTs (CC BY 4.0): Dzongkha abbreviations
phyogsu,ཕྱོགསུ,phyogs su,ཕྱོགས་སུ ,rKTs (CC BY 4.0): Nima Hojer Lama The Genealogy of Ya-ngal Family of Dolpo
phyogaskyes,ཕྱོགསྐྱེས,phyogs skyes,ཕྱོགས་སྐྱེས,rKTs (CC BY 4.0): Dzongkha abbreviations
phyongo,ཕྱོངོ༌,phyogs skyong,ཕྱོགས་སྐྱོང༌,rKTs (CC BY 4.0): Dzongkha abbreviations
phyoTong,ཕྱོཊོང༌,phyogs skyong,ཕྱོགས་སྐྱོང༌,rKTs (CC BY 4.0): Dzongkha abbreviations
phyogaskyong,ཕྱོགསྐྱོང,phyogs skyong,ཕྱོགས་སྐྱོང,rKTs (CC BY 4.0): Dzongkha abbreviations
phyaung,ཕྱཽང,phyogs skyong,ཕྱོགས་སྐྱོང,rKTs (CC BY 4.0): Bacot écriture cursive Tibétaine
phyoT,ཕྱོཊ,phyogs,ཕྱོགས,rKTs (CC BY 4.0): Dzongkha abbreviations
phyoDa,ཕྱོཌ,phyogs,ཕྱོགས,rKTs (CC BY 4.0): Esukhia
phroM,ཕྲོཾ,phra mo,ཕྲ་མོ,rKTs (CC BY 4.0): Esukhia
phr^om,ཕྲོ༹མ,phra tshom,ཕྲ་ཚོམ,rKTs (CC BY 4.0): Dzongkha abbreviations
phragadang,ཕྲགདང,phrag gdang,ཕྲག་གདང,rKTs (CC BY 4.0): Dzongkha abbreviations
phragong,ཕྲགོང,phrag gong,ཕྲག་གོང,rKTs (CC BY 4.0): Dzongkha abbreviations
phrog,ཕྲོག,phrag dog,ཕྲག་དོག,rKTs (CC BY 4.0)
phradog,ཕྲདོག,phrag dog,ཕྲག་དོག,rKTs (CC BY 4.0): Bacot écriture cursive Tibétaine
phragyedang,ཕྲགྱེདང,phrag phyed dang,ཕྲག་ཕྱེད་དང,rKTs (CC BY 4.0): Esukhia
phragi,ཕྲགི,phrag phrig,ཕྲག་ཕྲིག,rKTs (CC BY 4.0): Dzongkha abbreviations
phris,ཕྲིས,phrin las,ཕྲིན་ལས,rKTs (CC BY 4.0)
ph+r+lu+ogaskyon+can+yirlog,ཕྲློུགསྐྱོནྕནྱིརློག,phru slog skyon can phyir slog,ཕྲུ་སློག་སྐྱོན་ཅན་ཕྱིར་སློག,rKTs (CC BY 4.0): Esukhia
phruDa,ཕྲུཌ་,phrugs,ཕྲུགས་,rKTs (CC BY 4.0): Esukhia
phrUl,ཕྲཱུལ,phrul phrul,ཕྲུལ་ཕྲུལ,rKTs (CC BY 4.0): Dzongkha abbreviations
bat+ying,བཏྱིང,ba gting,བ་གཏིང,rKTs (CC BY 4.0): Esukhia
b+can,བྕན,ba can,བ་ཅན,rKTs (CC BY 4.0): Esukhia
ba \u0f96,བ་ྖ,ba cha,བ་ཆ་,rKTs (CC BY 4.0): Esukhia
bang,བང,ba dang,བ་དང,rKTs (CC BY 4.0): Esukhia
byoDa,བྱོཌ,ba phyogs,བ་ཕྱོགས,rKTs (CC BY 4.0): Esukhia
byasnas,བྱསྣས,ba byas nas,བ་བྱས་ནས,rKTs (CC BY 4.0): Esukhia
baMngaro,བཾངརོ་,ba mang bor,བ་མང་བོར་,rKTs (CC BY 4.0): Esukhia
babru,བབྲུ,ba 'bru,བ་འབྲུ,rKTs (CC BY 4.0): Esukhia
b.riM,བརིཾ,ba rim,བ་རིམ,rKTs (CC BY 4.0): Esukhia
b+sharo,བྴརོ་,ba shar ro,བ་ཤར་རོ་,rKTs (CC BY 4.0): Esukhia
b+te,བྟེ,ba ste,བ་སྟེ,rKTs (CC BY 4.0): Esukhia
brel+yed,བྲེལྱེད,ba sbrel byed,བ་སྦྲེལ་བྱེད,rKTs (CC BY 4.0): Esukhia
brul+yin+rulad+cig,བྲུལྱིནྲུལདྕིག,ba srul gyin sruld cig,བ་སྲུལ་གྱིན་སྲུལད་ཅིག,rKTs (CC BY 4.0): Esukhia
bkagan+ladakar,བཀགནླདཀར,bkag gnad la bkar,བཀག་གནད་ལ་བཀར,rKTs (CC BY 4.0): Esukhia
bkadang po,བཀདང་པོ,bkad dang po,བཀད་དང་པོ,rKTs (CC BY 4.0): Dzongkha abbreviations
bk^al,བཀ༹ལ,bka' gcal,བཀའ་གཅལ,rKTs (CC BY 4.0): Bacot écriture cursive Tibétaine
bka'any+yan,བཀའཉྱན,bka' gnyan,བཀའ་གཉན,rKTs (CC BY 4.0): Esukhia
bkrine,བཀྲིནེ,bka' drin che,བཀའ་དྲིན་ཆེ,rKTs (CC BY 4.0): Esukhia
bkrin,བཀྲིན,bka' drin,བཀའ་དྲིན,rKTs (CC BY 4.0)
bka' brgyadaMs pa,བཀའ་བརྒྱདཾས་པ,bka' brgyad gdams pa,བཀའ་བརྒྱད་གདམས་པ,rKTs (CC BY 4.0): Dzongkha abbreviations
bkyad,བཀྱད,bka' brgyad,བཀའ་བརྒྱད,rKTs (CC BY 4.0): Dzongkha abbreviations
bkyud pa,བཀྱུད་པ,bka' brgyud pa,བཀའ་བརྒྱུད་པ,rKTs (CC BY 4.0): Dzongkha abbreviations
bkyud,བཀྱུད,bka' brgyud,བཀའ་བརྒྱུད,rKTs (CC BY 4.0)
bkyur,བཀྱུར,bka' bsgyur,བཀའ་བསྒྱུར,rKTs (CC BY 4.0)
bk^al,བཀ༹ལ,bka' bstsal,བཀའ་བསྩལ,rKTs (CC BY 4.0): Dzongkha abbreviations
bklon,བཀློན,bka' blon,བཀའ་བློན,rKTs (CC BY 4.0): Dzongkha abbreviations
bka'agyur,བཀའགྱུར,bka' 'gyur,བཀའ་འགྱུར,rKTs (CC BY 4.0): Dzongkha abbreviations
bkyur,བཀྱུར,bka' 'gyur,བཀའ་འགྱུར,rKTs (CC BY 4.0)
bgyur,བགྱུར,bka' 'gyur,བཀའ་འགྱུར,rKTs (CC BY 4.0): Bacot écriture cursive Tibétaine
bk+dod,བཀྡོད,bka' sdod,བཀའ་སྡོད,rKTs (CC BY 4.0): Dzongkha abbreviations
bk^al pa,བཀ༹ལ་པ,bka' stsal pa,བཀའ་སྩལ་པ,rKTs (CC BY 4.0): Dzongkha abbreviations
bkrung,བཀྲུང༌,bka' srung,བཀའ་སྲུང༌,rKTs (CC BY 4.0)
bkrungdaMn,བཀྲུང༌དཾན,bka' srungdam can,བཀའ་སྲུང༌དམ་ཅན,rKTs (CC BY 4.0): Dzongkha abbreviations
bkasad,བཀསད,bkas bcad,བཀས་བཅད,rKTs (CC BY 4.0): Dzongkha abbreviations
bkrisan,བཀྲིསན,bkra shis can,བཀྲ་ཤིས་ཅན,rKTs (CC BY 4.0): Dzongkha abbreviations
bkrisnyi,བཀྲིསྙི,bkra shis nyi ma,བཀྲ་ཤིས་ཉི་མ,rKTs (CC BY 4.0): Tibetan Shorthand Contractions
bkrisnyi,བཀྲིསྙི,bkra shis nyi,བཀྲ་ཤིས་ཉི,rKTs (CC BY 4.0): Dzongkha abbreviations
bkris bdaiT thobarashog,བཀྲིས་བདཻཊ་ཐོབརཤོག,bkra shis bde legs thob par shog,བཀྲ་ཤིས་བདེ་ལེགས་ཐོབ་པར་ཤོག,rKTs (CC BY 4.0): Dzongkha abbreviations
bkrigo,བཀྲིགོ,bkra shis shog,བཀྲ་ཤིས་ཤོག,rKTs (CC BY 4.0): Dzongkha abbreviations
bkras,བཀྲས,bkra shis,བཀྲ་ཤིས,rKTs (CC BY 4.0): Dzongkha abbreviations
bkris,བཀྲིས,bkra shis,བཀྲ་ཤིས,rKTs (CC BY 4.0)
bkraM,བཀྲྃ,bkram,བཀྲམ,rKTs (CC BY 4.0): Esukhia
b+chags,བྖགས,bag chags,བག་ཆགས,rKTs (CC BY 4.0): Esukhia
bgags,བགགས,bag chags,བག་ཆགས,rKTs (CC BY 4.0): Bacot écriture cursive Tibétaine
bag^er,བགེ༹ར,bag mtsher,བག་མཚེར,rKTs (CC BY 4.0): Dzongkha abbreviations
bgangs,བགངས,bag yangs,བག་ཡངས,rKTs (CC BY 4.0): Dzongkha abbreviations
bgas+yis,བགསྱིས,bags kyis,བགས་ཀྱིས,rKTs (CC BY 4.0): Dzongkha abbreviations
bgreng,བགྲེང,bgro gleng,བགྲོ་གླེང,rKTs (CC BY 4.0): Dzongkha abbreviations
bangen,བངེན,bang chen,བང་ཆེན,rKTs (CC BY 4.0): Dzongkha abbreviations
bang^ado,བང༹དོ,bang mdzod,བང་མཛོད,rKTs (CC BY 4.0): Dzongkha abbreviations
bangen,བངེན,bang rten,བང་རྟེན,rKTs (CC BY 4.0): Dzongkha abbreviations
bcagazhuDa,བཅགཞུཌ་,bcag bzhugs,བཅག་བཞུགས་,rKTs (CC BY 4.0): Esukhia
bcagaMl,བཅགྃལ,bcag mal,བཅག་མལ,rKTs (CC BY 4.0): Esukhia
bcaDa,བཅཌ་,bcags,བཅགས་,rKTs (CC BY 4.0): Esukhia
bcaM,བཅཾ,bcang,བཅང,rKTs (CC BY 4.0): Esukhia
bcaMs+zin,བཅཾསྯིན,bcangs zin,བཅངས་ཟིན,rKTs (CC BY 4.0): Esukhia
caMsnyingacud,ཅཾསྙིངཅུད,bcangs snying bcud,བཅངས་སྙིང་བཅུད,rKTs (CC BY 4.0): Esukhia
bcad+cha,བཅདྖ,bcad kha,བཅད་ཁ,rKTs (CC BY 4.0): Esukhia
bcaduM,བཅདུྃ,bcad dum,བཅད་དུམ,rKTs (CC BY 4.0): Esukhia
bcada'i,བཅདའི,bcad pa'i,བཅད་པའི,rKTs (CC BY 4.0): Esukhia
bcadar,བཅདར,bcad par,བཅད་པར,rKTs (CC BY 4.0): Esukhia
bcadaMtshasaM,བཅདྃཚསྃ,bcad mtshams,བཅད་མཚམས,rKTs (CC BY 4.0): Esukhia
bcad+dan,བཅདྡན,bcad ldan,བཅད་ལྡན,rKTs (CC BY 4.0): Esukhia
bcad+dog,བཅདྡོག,bcad ldog,བཅད་ལྡོག,rKTs (CC BY 4.0): Esukhia
bcad+hag,བཅདྷག,bcad lhag,བཅད་ལྷག,rKTs (CC BY 4.0): Esukhia
bcad+shes,བཅདྴེས,bcad shes,བཅད་ཤེས,rKTs (CC BY 4.0): Esukhia
bcad+s+k+ye,བཅདྶྐྱེ,bcad skyes,བཅད་སྐྱེས,rKTs (CC BY 4.0): Esukhia
c+yad,ཅྱད,bcad,བཅད,rKTs (CC BY 4.0): Esukhia
bcabar,བཅབར,bcab par,བཅབ་པར,rKTs (CC BY 4.0): Esukhia
bcabya,བཅབྱ,bcab bya,བཅབ་བྱ,rKTs (CC BY 4.0): Dzongkha abbreviations
bcas+yi,བཅསྱི,bcas kyi,བཅས་ཀྱི,rKTs (CC BY 4.0): Dzongkha abbreviations
bcaste,བཅསྟེ,bcas te,བཅས་ཏེ,rKTs (CC BY 4.0): Dzongkha abbreviations
bcabas+zin,བཅབསྯིན,bcabs zin,བཅབས་ཟིན,rKTs (CC BY 4.0): Esukhia
bcaMs+zin,བཅྃསྯིན,bcams zin,བཅམས་ཟིན,rKTs (CC BY 4.0): Esukhia
bca'+risaM,བཅའྲིསྃ,bca' khrims,བཅའ་ཁྲིམས,rKTs (CC BY 4.0): Esukhia
bcaraMgi,བཅརྃགི,bca' mig,བཅའ་མིག,rKTs (CC BY 4.0): Esukhia
bca'+zaM,བཅའྯྃ,bca' zam,བཅའ་ཟམ,rKTs (CC BY 4.0): Esukhia
bca'agrig,བཅའགྲིག,bca' 'grig,བཅའ་འགྲིག,rKTs (CC BY 4.0): Esukhia
bca'aphrang,བཅའཕྲང,bca' 'phrang,བཅའ་འཕྲང,rKTs (CC BY 4.0): Esukhia
bca'+Yang,བཅའྻང,bca' yang,བཅའ་ཡང,rKTs (CC BY 4.0): Esukhia
bca'+Yig,བཅའྻིག,bca' yig,བཅའ་ཡིག,rKTs (CC BY 4.0): Esukhia
bca'+lag,བཅའླག,bca' lag,བཅའ་ལག,rKTs (CC BY 4.0): Esukhia
bca'+rung,བཅའྲུང,bca' srung,བཅའ་སྲུང,rKTs (CC BY 4.0): Esukhia
bcarleb,བཅརླེབ,bcar leb,བཅར་ལེབ,rKTs (CC BY 4.0): Esukhia
bcasrisaM,བཅསྲིསྃ,bcas khrims,བཅས་ཁྲིམས,rKTs (CC BY 4.0): Esukhia
bcasa'islab,བཅསའིསླབ,bcas pa'i bslab,བཅས་པའི་བསླབ,rKTs (CC BY 4.0): Esukhia
bcasa'i,བཅསའི,bcas pa'i,བཅས་པའི,rKTs (CC BY 4.0): Esukhia
bcasar,བཅསར,bcas par,བཅས་པར,rKTs (CC BY 4.0): Esukhia
bcusu,བཅུསུ,bcas su,བཅས་སུ,rKTs (CC BY 4.0): Esukhia
bciMsakyiDa,བཅིཾསཀྱིཌ་,bcings bkyigs,བཅིངས་བཀྱིགས་,rKTs (CC BY 4.0): Esukhia
bcisaMtsir,བཅིསཾཙིར,bcings btsir,བཅིངས་བཙིར,rKTs (CC BY 4.0): Esukhia
bcisroMl,བཅིསྲོཾལ,bcings 'grol,བཅིངས་འགྲོལ,rKTs (CC BY 4.0): Esukhia
bciMs,བཅིཾས,bcings,བཅིངས,rKTs (CC BY 4.0): Esukhia
bcibya,བཅིབྱ,bcib bya,བཅིབ་བྱ,rKTs (CC BY 4.0): Dzongkha abbreviations
cuigis,ཅུཨིགིས,bcu gcig gis,བཅུ་གཅིག་གིས,rKTs (CC BY 4.0): Nima Hojer Lama The Genealogy of Ya-ngal Family of Dolpo
bci+ugo,བཅིུགོ་,bcu gcig po,བཅུ་གཅིག་པོ་,rKTs (CC BY 4.0): Esukhia
bci+ug,བཅིུག,bcu gcig,བཅུ་གཅིག,rKTs (CC BY 4.0): Esukhia
bcu+ig,བཅིུག,bcu gcig,བཅུ་གཅིག,rKTs (CC BY 4.0)
bci+us+cad,བཅིུསྕད,bcu gnyis bcad,བཅུ་གཉིས་བཅད,rKTs (CC BY 4.0): Esukhia
bci+usaMgi,བཅིུསྃགི,bcu gnyis mig,བཅུ་གཉིས་མིག,rKTs (CC BY 4.0): Esukhia
bci+usu,བཅིུསུ,bcu gnyis su,བཅུ་གཉིས་སུ,rKTs (CC BY 4.0): Esukhia
bci+us,བཅིུས,bcu gnyis,བཅུ་གཉིས,rKTs (CC BY 4.0): Esukhia
bcu+is,བཅིུས,bcu gnyis,བཅུ་གཉིས,rKTs (CC BY 4.0)
bcuM,བཅུཾ,bcu gsum,བཅུ་གསུམ,rKTs (CC BY 4.0)
bcum,བཅུམ,bcu gsum,བཅུ་གསུམ,rKTs (CC BY 4.0)
bcusuM,བཅུསུཾ,bcu gsum,བཅུ་གསུམ,rKTs (CC BY 4.0): Dzongkha abbreviations
bcu+um,བཅུུམ,bcu gsum,བཅུ་གསུམ,rKTs (CC BY 4.0): Bacot écriture cursive Tibétaine
bac+chu'i,བཅྖུའི,bcu cha'i,བཅུ་ཆའི,rKTs (CC BY 4.0): Esukhia
bcupon,བཅུཔོན,bcu dpon,བཅུ་དཔོན,rKTs (CC BY 4.0): Esukhia
bac+rug+cha,བཅྲུགྖ,bcu drug cha,བཅུ་དྲུག་ཆ,rKTs (CC BY 4.0): Esukhia
bac+rug,བཅྲུག,bcu drug,བཅུ་དྲུག,rKTs (CC BY 4.0): Esukhia
bc+rug,བཅྲུག,bcu drug,བཅུ་དྲུག,rKTs (CC BY 4.0)
bcug,བཅུག,bcu drug,བཅུ་དྲུག,rKTs (CC BY 4.0)
bcun+de,བཅུནྡེ,bcu bdun sde,བཅུ་བདུན་སྡེ,rKTs (CC BY 4.0): Esukhia
bcun,བཅུན,bcu bdun,བཅུ་བདུན,rKTs (CC BY 4.0)
bcu+i,བཅིུ,bcu bzhi,བཅུ་བཞི,rKTs (CC BY 4.0)
bci+u,བཅིུ་,bcu bzhi,བཅུ་བཞི་,rKTs (CC BY 4.0): Esukhia
bco+u,བཅོུ,bcu bo,བཅུ་བོ,rKTs (CC BY 4.0): Esukhia
bac+zur,བཅྯུར,bcu zur,བཅུ་ཟུར,rKTs (CC BY 4.0): Esukhia
bcud+yiM,བཅུདྱིྃ་,bcud kyi ma,བཅུད་ཀྱི་མ་,rKTs (CC BY 4.0): Esukhia
bcud+yi,བཅུདྱི,bcud kyi,བཅུད་ཀྱི,rKTs (CC BY 4.0): Esukhia
bcud+daMni,བཅུདྡྃནི,bcud mi ldan,བཅུད་མི་ལྡན,rKTs (CC BY 4.0): Esukhia
bcudadzin,བཅུདཛིན་,bcud 'dzin ma,བཅུད་འཛིན་མ་,rKTs (CC BY 4.0): Esukhia
bc^u+in/btsun+in,བཅིུ༹ན,bcud 'dzin,བཅུད་འཛིན,rKTs (CC BY 4.0): Dzongkha abbreviations
bcud+ding,བཅུདྡིང,bcud ring,བཅུད་རིང,rKTs (CC BY 4.0): Esukhia
bcuden,བཅུདེན,bcud len,བཅུད་ལེན,rKTs (CC BY 4.0): Esukhia
bcu+en,བཅེུན,bcud len,བཅུད་ལེན,rKTs (CC BY 4.0): Dzongkha abbreviations
bculdan,བཅུལྡན,bcud ldan,བཅུད་ལྡན,rKTs (CC BY 4.0): Dzongkha abbreviations
bcuM,བཅུྃ,bcum,བཅུམ,rKTs (CC BY 4.0): Esukhia
bcu'ir,བཅུའིར,bcu'i bar,བཅུའི་བར,rKTs (CC BY 4.0): Dzongkha abbreviations
bceM,བཅེྃ,bcem,བཅེམ,rKTs (CC BY 4.0): Esukhia
bceso,བཅེསོ,bces so,བཅེས་སོ,rKTs (CC BY 4.0): Nima Hojer Lama The Genealogy of Ya-ngal Family of Dolpo
bac+yodathang+nas,བཅྱོདཐངྣས,bco brgyad thang nas,བཅོ་བརྒྱད་ཐང་ནས,rKTs (CC BY 4.0): Esukhia
bc+yodar,བཅྱོདར,bco brgyad bar,བཅོ་བརྒྱད་བར,rKTs (CC BY 4.0): Dzongkha abbreviations
bac+yod,བཅྱོད,bco brgyad,བཅོ་བརྒྱད,rKTs (CC BY 4.0)
bc+yod,བཅྱོད,bco brgyad,བཅོ་བརྒྱད,rKTs (CC BY 4.0): Bacot écriture cursive Tibétaine
bac+ngo,བཅྔོ,bco lnga,བཅོ་ལྔ,rKTs (CC BY 4.0)
bc+ngo,བཅྔོ,bco lnga,བཅོ་ལྔ,rKTs (CC BY 4.0): Bacot écriture cursive Tibétaine
nac+ngo'id+lab,ནཅྔོའིདླབ,bco lnga'i zla ba,བཅོ་ལྔའི་ཟླ་བ,rKTs (CC BY 4.0): Esukhia
bcoM'i,བཅོྃའི,bcom pa'i,བཅོམ་པའི,rKTs (CC BY 4.0): Esukhia
bac+loMg,བཅློྃག,bcom brlag,བཅོམ་བརླག,rKTs (CC BY 4.0): Esukhia
bac+doMnas+yi,བཅྡོྃནསྱི,bcom ldan 'das kyi,བཅོམ་ལྡན་འདས་ཀྱི,rKTs (CC BY 4.0): Esukhia
bac+doMnasaM,བཅྡོྃནསྃ,bcom ldan 'das ma,བཅོམ་ལྡན་འདས་མ,rKTs (CC BY 4.0): Esukhia
bac+doMnas,བཅྡོྃནས,bcom ldan 'das,བཅོམ་ལྡན་འདས,rKTs (CC BY 4.0): Esukhia
bac+doMs,བཅྡོྃས,bcom ldan 'das,བཅོམ་ལྡན་འདས,rKTs (CC BY 4.0): Esukhia
bconaMs,བཅོནཾས,bcom ldan 'das,བཅོམ་ལྡན་འདས,rKTs (CC BY 4.0): Tibetan Shorthand Contractions
bcon+das,བཅོནྡས,bcom ldan 'das,བཅོམ་ལྡན་འདས,rKTs (CC BY 4.0): Tibetan Shorthand Contractions
bcoMdanas,བཅོཾདནས,bcom ldan 'das,བཅོམ་ལྡན་འདས,rKTs (CC BY 4.0): Dzongkha abbreviations
bcoMdas,བཅོཾདས,bcom ldan 'das,བཅོམ་ལྡན་འདས,rKTs (CC BY 4.0): Bacot écriture cursive Tibétaine
bcoMnas,བཅོཾནས,bcom ldan 'das,བཅོམ་ལྡན་འདས,rKTs (CC BY 4.0)
bcoMn+das,བཅོཾནྡས,bcom ldan 'das,བཅོམ་ལྡན་འདས,rKTs (CC BY 4.0): Dzongkha abbreviations
bc+dos,བཅྡོས,bcom ldan 'das,བཅོམ་ལྡན་འདས,rKTs (CC BY 4.0): Bacot écriture cursive Tibétaine
bconaM,བཅོནཾ,bcom ldan,བཅོམ་ལྡན,rKTs (CC BY 4.0): Tibetan Shorthand Contractions
bcoMdan,བཅོཾདན,bcom ldan,བཅོམ་ལྡན,rKTs (CC BY 4.0)
bcoMn,བཅོཾན,bcom ldan,བཅོམ་ལྡན,rKTs (CC BY 4.0)
bac+doMn,བཅྡོཾན,bcom ldan,བཅོམ་ལྡན,rKTs (CC BY 4.0): Dzongkha abbreviations
bcoM,བཅོྃ,bcom,བཅོམ,rKTs (CC BY 4.0): Esukhia
bcoladaMs,བཅོལདྃས,bcol gdams,བཅོལ་གདམས,rKTs (CC BY 4.0): Esukhia
bcoldaM,བཅོལྡྃ,bcol dam,བཅོལ་དམ,rKTs (CC BY 4.0): Esukhia
bcobru+ir^id,བཅོབྲིུརི༹ད,bcol pa'i phyin las 'grub üar mdzod,བཅོལ་པའི་ཕྱིན་ལས་འགྲུབ་üཨར་མཛོད,rKTs (CC BY 4.0): Bacot écriture cursive Tibétaine
bcu+o+ibar^ido,བཅོིུབརི༹དོ,bcol ba'i 'phrin las 'grub par mdzod,བཅོལ་བའི་འཕྲིན་ལས་འགྲུབ་པར་མཛོད,rKTs (CC BY 4.0): Dzongkha abbreviations
bcolanir^id,བཅོལནིརི༹ད,bcol ba'i 'phrin las 'grub par mdzod,བཅོལ་བའི་འཕྲིན་ལས་འགྲུབ་པར་མཛོད,rKTs (CC BY 4.0): Dzongkha abbreviations
bac+ru+o+ibalor^ado,བཅྲོིུབལོར༹དོ,bcol ba'i 'phrin las 'grub par mdzod,བཅོལ་བའི་འཕྲིན་ལས་འགྲུབ་པར་མཛོད,rKTs (CC BY 4.0): Dzongkha abbreviations
bac+rubiridzod,བཅྲུབིརིཛོད་,bcol ba'i 'phrin las 'grub par mdzod,བཅོལ་བའི་འཕྲིན་ལས་འགྲུབ་པར་མཛོད་,rKTs (CC BY 4.0): Esukhia
bcola'i,བཅོལའི,bcol ba'i,བཅོལ་བའི,rKTs (CC BY 4.0): Esukhia
bcolaM,བཅོལྃ,bcol ma,བཅོལ་མ,rKTs (CC BY 4.0): Esukhia
bcolo,བཅོལོ,bcol lo,བཅོལ་ལོ,rKTs (CC BY 4.0): Dzongkha abbreviations
bcosa'i,བཅོསའི,bcos pa'i,བཅོས་པའི,rKTs (CC BY 4.0): Esukhia
bcosaM,བཅོསྃ་,bcos ma,བཅོས་མ་,rKTs (CC BY 4.0): Esukhia
bcosu med,བཅོསུ་མེད,bcos su med,བཅོས་སུ་མེད,rKTs (CC BY 4.0): Dzongkha abbreviations
bcosgyur,བཅོསྒྱུར,bcos sgyur,བཅོས་སྒྱུར,rKTs (CC BY 4.0): Dzongkha abbreviations
bcosgrig,བཅོསྒྲིག,bcos sgrig,བཅོས་སྒྲིག,rKTs (CC BY 4.0): Esukhia
bnyaMs,བཉཾས,bnyams,བཉམས,rKTs (CC BY 4.0): Nima Hojer Lama The Genealogy of Ya-ngal Family of Dolpo
btagso,བཏགསོ,btags so,བཏགས་སོ,rKTs (CC BY 4.0): Nima Hojer Lama The Genealogy of Ya-ngal Family of Dolpo
btaD,བཏཌ,btags,བཏགས,rKTs (CC BY 4.0): Nima Hojer Lama The Genealogy of Ya-ngal Family of Dolpo
btanga'i,བཏངའི་,btang ba'i,བཏང་བའི་,rKTs (CC BY 4.0): Esukhia
btangoMs,བཏངོཾས,btang snyoms,བཏང་སྙོམས,rKTs (CC BY 4.0): Tibetan Shorthand Contractions
btang+te,བཏངྟེ,btang ste,བཏང་སྟེ,rKTs (CC BY 4.0): Esukhia
btab+te,བཏབྟེ,btab ste,བཏབ་སྟེ,rKTs (CC BY 4.0): Esukhia
btuMs,བཏུྃས,btums,བཏུམས,rKTs (CC BY 4.0): Esukhia
bdagazhan don2,བདགཞན་དོན༢,bdag gzhan don gnyis,བདག་གཞན་དོན་གཉིས,rKTs (CC BY 4.0): Dzongkha abbreviations
bdagazhan,བདགཞན,bdag gzhan,བདག་གཞན,rKTs (CC BY 4.0): Dzongkha abbreviations
bdaginas,བདགིནས,bdag gi gnas,བདག་གི་གནས,rKTs (CC BY 4.0): Dzongkha abbreviations
bdagi,བདགི,bdag gi,བདག་གི,rKTs (CC BY 4.0): Dzongkha abbreviations
bdagis,བདགིས,bdag gis,བདག་གིས,rKTs (CC BY 4.0)
bdagag,བདགག,bdag cag,བདག་ཅག,rKTs (CC BY 4.0): Dzongkha abbreviations
badg+ca,བདགྕ,bdag cag,བདག་ཅག,rKTs (CC BY 4.0): Dzongkha abbreviations
bdagg,བདགག,bdag cag,བདག་ཅག,rKTs (CC BY 4.0): Bacot écriture cursive Tibétaine
bdagaD,བདགཌ,bdag cags,བདག་ཅགས,rKTs (CC BY 4.0): Nima Hojer Lama The Genealogy of Ya-ngal Family of Dolpo
bdagid,བདགིད,bdag nyid,བདག་ཉིད,rKTs (CC BY 4.0)
bdid,བདིད,bdag nyid,བདག་ཉིད,rKTs (CC BY 4.0): Bacot écriture cursive Tibétaine
bdago,བདགོ,bdag po,བདག་པོ,rKTs (CC BY 4.0): Esukhia
bdaged,བདགེད,bdag med,བདག་མེད,rKTs (CC BY 4.0): Bacot écriture cursive Tibétaine
bdageMd,བདགེཾད,bdag med,བདག་མེད,rKTs (CC BY 4.0): Dzongkha abbreviations
bdagoM,བདགོཾ,bdag mo,བདག་མོ,rKTs (CC BY 4.0): Dzongkha abbreviations
bdag^id,བདགི༹ད,bdag 'dzin,བདག་འཛིན,rKTs (CC BY 4.0): Bacot écriture cursive Tibétaine
bdag^in,བདགི༹ན,bdag 'dzin,བདག་འཛིན,rKTs (CC BY 4.0): Dzongkha abbreviations
bdugos,བདུགོས,bdug spos,བདུག་སྤོས,rKTs (CC BY 4.0): Dzongkha abbreviations
bduso,བདུསོ,bdug spos,བདུག་སྤོས,rKTs (CC BY 4.0): Dzongkha abbreviations
bdu+os,བདོུས,bdug spos,བདུག་སྤོས,rKTs (CC BY 4.0)
bdudi,བདུདི,bdud nyi,བདུད་ཉི,rKTs (CC BY 4.0): Dzongkha abbreviations
bdud+nyi,བདུདྙི,bdud nyi,བདུད་ཉི,rKTs (CC BY 4.0): Tibetan Shorthand Contractions
bdu+oMd,བདོུཾད,bdud mo,བདུད་མོ,rKTs (CC BY 4.0): Dzongkha abbreviations
bdudl,བདུདལ,bdud 'dul,བདུད་འདུལ,rKTs (CC BY 4.0): Bacot écriture cursive Tibétaine
bdudul,བདུདུལ,bdud 'dul,བདུད་འདུལ,rKTs (CC BY 4.0): Dzongkha abbreviations
bdud d+yal,བདུད་དྱལ,bdud rgyal,བདུད་རྒྱལ,rKTs (CC BY 4.0): Dzongkha abbreviations
bdud+yal,བདུདྱལ,bdud rgyal,བདུད་རྒྱལ,rKTs (CC BY 4.0)
bdud^i,བདུདི༹,bdud rtsi,བདུད་རྩི,rKTs (CC BY 4.0): Tibetan Shorthand Contractions
bd^u+id,བདིུ༹ད,bdud rtsi,བདུད་རྩི,rKTs (CC BY 4.0)
bdu+id^a,བདིུད༹,bdud rtsi,བདུད་རྩི,rKTs (CC BY 4.0): Tibetan Shorthand Contractions
bdu+id,བདིུད,bdud rtsi,བདུད་རྩི,rKTs (CC BY 4.0): Dzongkha abbreviations
dud^i,དུདི༹,bdud rtsi,བདུད་རྩི,rKTs (CC BY 4.0): Nima Hojer Lama The Genealogy of Ya-ngal Family of Dolpo
bd^u+ida'i,བདིུ༹དའི,bdud rtsi'i,བདུད་རྩིའི,rKTs (CC BY 4.0): Dzongkha abbreviations
bd^u+ids,བདིུ༹དས,bdud rtsis,བདུད་རྩིས,rKTs (CC BY 4.0): Dzongkha abbreviations
bdu+en,བདེུན,bdun te,བདུན་ཏེ,rKTs (CC BY 4.0): Bacot écriture cursive Tibétaine
bdunu,བདུནུ,bdun du,བདུན་དུ,rKTs (CC BY 4.0): Esukhia
bdunas,བདུནས,bdun nas,བདུན་ནས,rKTs (CC BY 4.0): Dzongkha abbreviations
bduno,བདུནོ་,bdun no,བདུན་ནོ་,rKTs (CC BY 4.0): Esukhia
bdunad+ya,བདུནདྱ་,bdun brgya,བདུན་བརྒྱ་,rKTs (CC BY 4.0): Esukhia
dusuM,དུསུཾ,bdus gsum,བདུས་གསུམ,rKTs (CC BY 4.0): Nima Hojer Lama The Genealogy of Ya-ngal Family of Dolpo
bdusu,བདུསུ,bdus su,བདུས་སུ,rKTs (CC BY 4.0): Nima Hojer Lama The Genealogy of Ya-ngal Family of Dolpo
bdaigs,བདཻགས,bde gshegs,བདེ་གཤེགས,rKTs (CC BY 4.0): Tibetan Shorthand Contractions
bdegs,བདེགས,bde gshegs,བདེ་གཤེགས,rKTs (CC BY 4.0)
bdeges,བདེགེས,bde gshegs,བདེ་གཤེགས,rKTs (CC BY 4.0): Dzongkha abbreviations
bdeTe,བདེཊེ,bde gshegs,བདེ་གཤེགས,rKTs (CC BY 4.0): Dzongkha abbreviations
bde+egs,བདེེགས,bde gshegs,བདེ་གཤེགས,rKTs (CC BY 4.0): Bacot écriture cursive Tibétaine
bdain,བདཻན,bde chen,བདེ་ཆེན,rKTs (CC BY 4.0): Dzongkha abbreviations
bdene,བདེནེ,bde chen,བདེ་ཆེན,rKTs (CC BY 4.0): Tibetan Shorthand Contractions
bde+en,བདེེན,bde chen,བདེ་ཆེན,rKTs (CC BY 4.0): Bacot écriture cursive Tibétaine
bdega',བདེགའ,bde dga',བདེ་དགའ,rKTs (CC BY 4.0): Dzongkha abbreviations
bde+on,བདེོན,bde don,བདེ་དོན,rKTs (CC BY 4.0): Dzongkha abbreviations
bde'i,བདེའི,bde ba'i,བདེ་བའི,rKTs (CC BY 4.0): Esukhia
bdereD ba'i,བདེརེཌ་བའི,bde bar gshegs ba'i,བདེ་བར་གཤེགས་བའི,rKTs (CC BY 4.0): Nima Hojer Lama The Genealogy of Ya-ngal Family of Dolpo
bdereT,བདེརེཊ,bde bar gshegs,བདེ་བར་གཤེགས,rKTs (CC BY 4.0): Dzongkha abbreviations
bde+erags,བདེེརགས,bde bar gshegs,བདེ་བར་གཤེགས,rKTs (CC BY 4.0): Bacot écriture cursive Tibétaine
bder,བདེར,bde bar,བདེ་བར,rKTs (CC BY 4.0): Esukhia
bde+oMg,བདེོཾག,bde mchog,བདེ་མཆོག,rKTs (CC BY 4.0): Dzongkha abbreviations
be+e+e+e+e+e+e+e+edn,བེེེེེེེེེདན,bde men ye shs che ske gter de dbed,བདེ་མེན་ཡེ་ཤས་ཆེ་སྐེ་གཏེར་དེ་དབེད,rKTs (CC BY 4.0): Bacot écriture cursive Tibétaine
bdaiT,བདཻཊ,bde legs,བདེ་ལེགས,rKTs (CC BY 4.0): Dzongkha abbreviations
cadaiDa,ཅདཻཌ་,bde legs,བདེ་ལེགས་,rKTs (CC BY 4.0): Esukhia
bdaiDa,བདཻཌ་,bde legs,བདེ་ལེགས་,rKTs (CC BY 4.0): Esukhia
bdengo,བདེངོ༌,bde skyong,བདེ་སྐྱོང༌,rKTs (CC BY 4.0): Dzongkha abbreviations
bad+tair,བདྟཻར,bde ster,བདེ་སྟེར,rKTs (CC BY 4.0): Esukhia
bdenar,བདེནར,bden par,བདེན་པར,rKTs (CC BY 4.0): Dzongkha abbreviations
bd^eni,བདེ༹ནི,bden 'dzin,བདེན་འཛིན,rKTs (CC BY 4.0): Dzongkha abbreviations
bdereT,བདེརེཊ,bder gshegs,བདེར་གཤེགས,rKTs (CC BY 4.0): Dzongkha abbreviations
bdereD,བདེརེཌ,bder gshegs,བདེར་གཤེགས,rKTs (CC BY 4.0): Nima Hojer Lama The Genealogy of Ya-ngal Family of Dolpo
bane,བནེ,ban de,བན་དེ,rKTs (CC BY 4.0): Dzongkha abbreviations
banu,བནུ,ban bun,བན་བུན,rKTs (CC BY 4.0): Dzongkha abbreviations
babastun,བབསྟུན,bab bstun,བབ་བསྟུན,rKTs (CC BY 4.0): Dzongkha abbreviations
boMdrug,བོྃདྲུག,bam po drug,བམ་པོ་དྲུག,rKTs (CC BY 4.0): Esukhia
boM,བོྃ,bam po,བམ་པོ,rKTs (CC BY 4.0)
baM,བཾ,bam,བམ,rKTs (CC BY 4.0)
btsan+nyi,བཙནྙི,btsan nyi,བཙན་ཉི,rKTs (CC BY 4.0): Dzongkha abbreviations
btsan+nyir,བཙནྙིར,btsan nyir,བཙན་ཉིར,rKTs (CC BY 4.0): Dzongkha abbreviations
b^ano,བ༹ནོ,btsan po,བཙན་པོ,rKTs (CC BY 4.0): Dzongkha abbreviations
btsano,བཙནོ,btsan po,བཙན་པོ,rKTs (CC BY 4.0): Dzongkha abbreviations
b^an,བ༹ན,btsan,བཙན,rKTs (CC BY 4.0): Dzongkha abbreviations
btsaston,བཙསྟོན,btsas ston,བཙས་སྟོན,rKTs (CC BY 4.0): Dzongkha abbreviations
btsuDa,བཙུཌ་,btsugs,བཙུགས་,rKTs (CC BY 4.0): Esukhia
btsunoM'ori,བཙུནོྃའོརི,btsun mo'i 'khor,བཙུན་མོའི་འཁོར,rKTs (CC BY 4.0): Esukhia
btsunoM,བཙུནོཾ,btsun mo,བཙུན་མོ,rKTs (CC BY 4.0): Dzongkha abbreviations
btsu+u+u+u+u+u+un,བཙུུུུུུུན,btsun 'jung chung chung bu chung khur,བཙུན་འཇུང་ཆུང་ཆུང་བུ་ཆུང་ཁུར,rKTs (CC BY 4.0): Bacot écriture cursive Tibétaine
btsonang,བཙོནང༌,btson khang,བཙོན་ཁང༌,rKTs (CC BY 4.0): Dzongkha abbreviations
btsonu,བཙོནུ,btson du,བཙོན་དུ,rKTs (CC BY 4.0): Dzongkha abbreviations
btsonaM,བཙོནཾ,btson ma,བཙོན་མ,rKTs (CC BY 4.0): Dzongkha abbreviations
bzhag+nasatseMs,བཞགྣསཙེཾས་,bzhag nas btsems,བཞག་ནས་བཙེམས་,rKTs (CC BY 4.0): Esukhia
bzhaga'i,བཞགའི,bzhag pa'i,བཞག་པའི,rKTs (CC BY 4.0): Esukhia
bzhadakar,བཞདཀར,bzhad dkar,བཞད་དཀར,rKTs (CC BY 4.0): Dzongkha abbreviations
bzhAd,བཞཱད,bzhad bzhad,བཞད་བཞད,rKTs (CC BY 4.0): Dzongkha abbreviations
4nu,༤ནུ,bzhin du,བཞིན་དུ,rKTs (CC BY 4.0): Dzongkha abbreviations
bzhinu,བཞིནུ,bzhin du,བཞིན་དུ,rKTs (CC BY 4.0): Dzongkha abbreviations
4nag,༤ནག,bzhin nag,བཞིན་ནག,rKTs (CC BY 4.0): Dzongkha abbreviations
bzhu+im^a,བཞིུམ༹,bzhin 'dzum,བཞིན་འཛུམ,rKTs (CC BY 4.0): Dzongkha abbreviations
4na,༤ན,bzhin,བཞིན,rKTs (CC BY 4.0): Dzongkha abbreviations
bzhugasu+ol,བཞུགསོུལ,bzhugs su gsol,བཞུགས་སུ་གསོལ,rKTs (CC BY 4.0): Dzongkha abbreviations
bzhugaso,བཞུགསོ,bzhugs so,བཞུགས་སོ,rKTs (CC BY 4.0): Dzongkha abbreviations
bzhuTo,བཞུཊོ,bzhugs so,བཞུགས་སོ,rKTs (CC BY 4.0): Dzongkha abbreviations
bzhugso,བཞུགསོ,bzhugs so,བཞུགས་སོ,rKTs (CC BY 4.0): Nima Hojer Lama The Genealogy of Ya-ngal Family of Dolpo
bzhuDa,བཞུཌ་,bzhugs,བཞུགས་,rKTs (CC BY 4.0): Esukhia
bzhuD,བཞུཌ,bzhugs,བཞུགས,rKTs (CC BY 4.0): Nima Hojer Lama The Genealogy of Ya-ngal Family of Dolpo
zhengso,ཞེངསོ,bzhengs so,བཞེངས་སོ,rKTs (CC BY 4.0): Nima Hojer Lama The Genealogy of Ya-ngal Family of Dolpo
bzheso,བཞེསོ,bzhes so,བཞེས་སོ,rKTs (CC BY 4.0): Dzongkha abbreviations
bzhesuol,བཞེསུཨོལ,bzhes su gsol,བཞེས་སུ་གསོལ,rKTs (CC BY 4.0): Nima Hojer Lama The Genealogy of Ya-ngal Family of Dolpo
bzhesu,བཞེསུ,bzhes su ,བཞེས་སུ ,rKTs (CC BY 4.0): Nima Hojer Lama The Genealogy of Ya-ngal Family of Dolpo
bzangan,བཟངན,bzang ngan,བཟང་ངན,rKTs (CC BY 4.0): Dzongkha abbreviations
bzango,བཟངོ༌,bzang po,བཟང་པོ,rKTs (CC BY 4.0): Dzongkha abbreviations
bzango,བཟངོ,bzang bo,བཟང་བོ,rKTs (CC BY 4.0): Esukhia
bzangoM,བཟངོཾ༌,bzang mo,བཟང་མོ,rKTs (CC BY 4.0): Dzongkha abbreviations
baz+yor,བཟྱོར,bzang sbyor,བཟང་སྦྱོར,rKTs (CC BY 4.0): Dzongkha abbreviations
bz^ang,བཟ༹ང,bza' tshang,བཟའ་ཚང,rKTs (CC BY 4.0): Dzongkha abbreviations
bzla',བཟླའ,bza' zla,བཟའ་ཟླ,rKTs (CC BY 4.0): Dzongkha abbreviations
bza'atsho,བཟའཚོ,bza' 'tsho,བཟའ་འཚོ,rKTs (CC BY 4.0): Dzongkha abbreviations
bzu+eng,བཟེུང༌,bze chung,བཟེ་ཆུང༌,rKTs (CC BY 4.0): Dzongkha abbreviations
bzodaka' ba,བཟོདཀའ་བ,bzod dka' ba,བཟོད་དཀའ་བ,rKTs (CC BY 4.0): Dzongkha abbreviations
bzoldan,བཟོལྡན,bzod ldan,བཟོད་ལྡན,rKTs (CC BY 4.0): Dzongkha abbreviations
ba'aMgling,བའྃགླིང,ba'am gling,བའམ་གླིང,rKTs (CC BY 4.0): Esukhia
ba'aMslobaMng,བའཾསློབཾང,ba'am slob ma dang,བའམ་སློབ་མ་དང,rKTs (CC BY 4.0): Esukhia
b.rad,བརད,bar chad,བར་ཆད,rKTs (CC BY 4.0)
barad,བརད,bar chad,བར་ཆད,rKTs (CC BY 4.0): Bacot écriture cursive Tibétaine
bar+cod,བརྕོད,bar chod,བར་ཆོད,rKTs (CC BY 4.0): Esukhia
barod,བརོད,bar chod,བར་ཆོད,rKTs (CC BY 4.0): Nima Hojer Lama The Genealogy of Ya-ngal Family of Dolpo
b.ru,བརུ,bar du,བར་དུ,rKTs (CC BY 4.0): Esukhia
b.re,བརེ,bar ber,བར་བེར,rKTs (CC BY 4.0): Dzongkha abbreviations
b.rakh^asaM,བརཁ༹སཾ,bar mtshams,བར་མཚམས,rKTs (CC BY 4.0): Dzongkha abbreviations
b.rang,བརང༌,bar snang,བར་སྣང༌,rKTs (CC BY 4.0): Dzongkha abbreviations
barang,བརང,bar snang,བར་སྣང,rKTs (CC BY 4.0): Nima Hojer Lama The Genealogy of Ya-ngal Family of Dolpo
brkyuMng,བརྐྱུཾང༌,brkyang bskum,བརྐྱང་བསྐུམ,rKTs (CC BY 4.0): Dzongkha abbreviations
brkyungm,བརྐྱུངམ,brkyung bskrum,བརྐྱུང་བསྐྲུམ,rKTs (CC BY 4.0): Bacot écriture cursive Tibétaine
brgalan,བརྒལན,brgal lan,བརྒལ་ལན,rKTs (CC BY 4.0): Dzongkha abbreviations
bad+yang,བདྱང,brgya dang,བརྒྱ་དང,rKTs (CC BY 4.0): Esukhia
brgyin,བརྒྱིན,brgya byin,བརྒྱ་བྱིན,rKTs (CC BY 4.0): Dzongkha abbreviations
bad+yartsa,བདྱརྩ,brgya rtsa,བརྒྱ་རྩ,rKTs (CC BY 4.0): Esukhia
bad+ya,བདྱ,brgya,བརྒྱ,rKTs (CC BY 4.0): Esukhia
brgyan+yi,བརྒྱནྱི,brgyan gyi,བརྒྱན་གྱི,rKTs (CC BY 4.0): Dzongkha abbreviations
brgyan+ya,བརྒྱནྱ,brgyan bya,བརྒྱན་བྱ,rKTs (CC BY 4.0): Dzongkha abbreviations
bad+yab,བདྱབ,brgyab,བརྒྱབ,rKTs (CC BY 4.0): Esukhia
brjoda'+di+e,བརྗོདའྡིེ་,brjod pa'i sde,བརྗོད་པའི་སྡེ་,rKTs (CC BY 4.0): Esukhia
brjoda'+di+e,བརྗོདའྡིེ་,brjod 'i sde,བརྗོད་འི་སྡེ་,rKTs (CC BY 4.0): Esukhia
brngan+ya,བརྔནྱ,brngan bya,བརྔན་བྱ,rKTs (CC BY 4.0): Dzongkha abbreviations
brngubya,བརྔུབྱ,brngub bya,བརྔུབ་བྱ,rKTs (CC BY 4.0): Dzongkha abbreviations
brtagso,བརྟགསོ,brtags so,བརྟགས་སོ,rKTs (CC BY 4.0): Nima Hojer Lama The Genealogy of Ya-ngal Family of Dolpo
brtanas,བརྟནས,brtan nas,བརྟན་ནས,rKTs (CC BY 4.0): Nima Hojer Lama The Genealogy of Ya-ngal Family of Dolpo
brtAs,བརྟཱས,brtas brtas,བརྟས་བརྟས,rKTs (CC BY 4.0): Dzongkha abbreviations
brtug,བརྟུག,brtul zhugs,བརྟུལ་ཞུགས,rKTs (CC BY 4.0): Bacot écriture cursive Tibétaine
brtugs,བརྟུགས,brtul zhugs,བརྟུལ་ཞུགས,rKTs (CC BY 4.0): Dzongkha abbreviations
brtuT,བརྟུཊ,brtul zhugs,བརྟུལ་ཞུགས,rKTs (CC BY 4.0): Dzongkha abbreviations
brtuluDa,བརྟུལུཌ་,brtul bzhugs,བརྟུལ་བཞུགས་,rKTs (CC BY 4.0): Esukhia
brtenas,བརྟེནས,brten nas,བརྟེན་ནས,rKTs (CC BY 4.0): Dzongkha abbreviations
brding,བརྡིང,brda rnying,བརྡ་རྙིང,rKTs (CC BY 4.0): Esukhia
bar+d+rodabango,བརྡྲོདབངོ༌,brda sprod dbang po,བརྡ་སྤྲོད་དབང་པོ,rKTs (CC BY 4.0): Dzongkha abbreviations
bar+d+rod,བརྡྲོད,brda sprod,བརྡ་སྤྲོད,rKTs (CC BY 4.0): Dzongkha abbreviations
brtsanakhang,བརྩནཁང,brtsan khang,བརྩན་ཁང་,rKTs (CC BY 4.0): Esukhia
brtsesaMse,བརྩེསྃསེ,brtse sems,བརྩེ་སེམས,rKTs (CC BY 4.0): Esukhia
brtsu+os,བརྩོུས,brtson 'grus,བརྩོན་འགྲུས,rKTs (CC BY 4.0)
brtson+rus,བརྩོནྲུས,brtson 'grus,བརྩོན་འགྲུས,rKTs (CC BY 4.0): Dzongkha abbreviations
brtsonrus,བརྩོནྲུས,brtson 'grus,བརྩོན་འགྲུས,rKTs (CC BY 4.0)
br+tsu+os,བྲྩོུས,brtson 'grus,བརྩོན་འགྲུས,rKTs (CC BY 4.0): Bacot écriture cursive Tibétaine
br+ts+ru+os,བྲྩྲོུས,brtson 'grus,བརྩོན་འགྲུས,rKTs (CC BY 4.0): Bacot écriture cursive Tibétaine
brlabya,བརླབྱ,brlab bya,བརླབ་བྱ,rKTs (CC BY 4.0): Dzongkha abbreviations
b.lasedas,བལསེདས,bal bsed 'das,བལ་བསེད་འདས,rKTs (CC BY 4.0): Esukhia
bldan,བལྡན,bal ldan,བལ་ལྡན,rKTs (CC BY 4.0): Dzongkha abbreviations
gtaM,གཏཾ,bltams,བལྟམས,rKTs (CC BY 4.0): Nima Hojer Lama The Genealogy of Ya-ngal Family of Dolpo
ltaM,ལྟཾ,bltams,བལྟམས,rKTs (CC BY 4.0): Nima Hojer Lama The Genealogy of Ya-ngal Family of Dolpo
bltaste,བལྟསྟེ,bltas te,བལྟས་ཏེ,rKTs (CC BY 4.0): Dzongkha abbreviations
bldabya,བལྡབྱ,bldab bya,བལྡབ་བྱ,rKTs (CC BY 4.0): Dzongkha abbreviations
bshaDa,བཤཌ་,bshags,བཤགས་,rKTs (CC BY 4.0): Esukhia
bshaD,བཤཌ,bshags,བཤགས,rKTs (CC BY 4.0): Nima Hojer Lama The Genealogy of Ya-ngal Family of Dolpo
bshangalaM,བཤངལཾ,bshang lam,བཤང་ལམ,rKTs (CC BY 4.0): Esukhia
bshadang,བཤདང༌,bshad dang,བཤད་དང༌,rKTs (CC BY 4.0): Dzongkha abbreviations
bashrub,བཤྲུབ,bshad sgrub,བཤད་སྒྲུབ,rKTs (CC BY 4.0): Dzongkha abbreviations
bsh+rub,བཤྲུབ,bshad sgrub,བཤད་སྒྲུབ,rKTs (CC BY 4.0): Bacot écriture cursive Tibétaine
bshad+s+g+rub,བཤདྶྒྲུབ,bshad sgrub,བཤད་སྒྲུབ,rKTs (CC BY 4.0): Esukhia
bash+naMs,བཤྣཾས,bshams nas,བཤམས་ནས,rKTs (CC BY 4.0): Esukhia
bshaMs,བཤཾས,bshams,བཤམས,rKTs (CC BY 4.0): Nima Hojer Lama The Genealogy of Ya-ngal Family of Dolpo
bsha'^e,བཤའེ༹,bsha' tshe,བཤའ་ཚེ,rKTs (CC BY 4.0): Dzongkha abbreviations
bshulaM,བཤུལཾ,bshul lam,བཤུལ་ལམ,rKTs (CC BY 4.0): Dzongkha abbreviations
bshegso,བཤེགསོ,bshegs so,བཤེགས་སོ,rKTs (CC BY 4.0): Nima Hojer Lama The Genealogy of Ya-ngal Family of Dolpo
bsheD,བཤེཌ,bshegs,བཤེགས,rKTs (CC BY 4.0): Nima Hojer Lama The Genealogy of Ya-ngal Family of Dolpo
bshain,བཤཻན,bshes gnyen,བཤེས་གཉེན,rKTs (CC BY 4.0): Bacot écriture cursive Tibétaine
bshene,བཤེནེ,bshes gnyen,བཤེས་གཉེན,rKTs (CC BY 4.0): Dzongkha abbreviations
bshesen,བཤེསེན,bshes gnyen,བཤེས་གཉེན,rKTs (CC BY 4.0): Dzongkha abbreviations
bash+yen,བཤྱེན,bshes gnyen,བཤེས་གཉེན,rKTs (CC BY 4.0): Dzongkha abbreviations
bsh+yain,བཤྱཻན,bshes gnyen,བཤེས་གཉེན,rKTs (CC BY 4.0): Bacot écriture cursive Tibétaine
bsho'idaskul,བཤོའིདསྐུལ,bsho'i 'das skul,བཤོའི་འདས་སྐུལ,rKTs (CC BY 4.0): Esukhia
bsholdan,བཤོལྡན,bshol ldan,བཤོལ་ལྡན,rKTs (CC BY 4.0): Dzongkha abbreviations
bshosu,བཤོསུ,bshos bu,བཤོས་བུ,rKTs (CC BY 4.0): Dzongkha abbreviations
bshosrangs,བཤོསྲངས,bshos drangs,བཤོས་དྲངས,rKTs (CC BY 4.0): Esukhia
bshosushes+chung,བཤོསུཤེསྖུང,bshos bu bshos chung,བཤོས་བུ་བཤོས་ཆུང,rKTs (CC BY 4.0): Esukhia
baM',བཾའ,bas mtha',བས་མཐའ,rKTs (CC BY 4.0): Dzongkha abbreviations
bso,བསོ་,bas so,བས་སོ་,rKTs (CC BY 4.0): Esukhia
bsagyur,བསགྱུར,bsag 'gyur,བསག་འགྱུར,rKTs (CC BY 4.0): Esukhia
bsaDanasngo,བསཌནསྔོ་,bsags nas bsngo,བསགས་ནས་བསྔོ་,rKTs (CC BY 4.0): Esukhia
bsaTa'i,བསཊའི,bsags pa'i,བསགས་པའི,rKTs (CC BY 4.0): Dzongkha abbreviations
bsaDasbyang,བསཌསྦྱང,bsags sbyang,བསགས་སྦྱང,rKTs (CC BY 4.0): Esukhia
bsaMdugatong,བསྃདུགཏོང,bsang bdug gtong,བསང་བདུག་གཏོང,rKTs (CC BY 4.0): Esukhia
bsaMchoMd,བསྃཆོཾད,bsang mchod,བསང་མཆོད,rKTs (CC BY 4.0): Esukhia
bsaMbuMsang,བསྃབུཾསང,bsang 'bum bsang,བསང་འབུམ་བསང,rKTs (CC BY 4.0): Esukhia
bsaMshugasangardzas,བསྃཤུགསངརྫས,bsang shug bsang rdzas,བསང་ཤུག་བསང་རྫས,rKTs (CC BY 4.0): Esukhia
bsang+nasanyesel,བསངྣསཉེསེལ,bsangs nas nyes sel,བསངས་ནས་ཉེས་སེལ,rKTs (CC BY 4.0): Esukhia
bsad+zin,བསདྯིན,bsad zin,བསད་ཟིན,rKTs (CC BY 4.0): Esukhia
bsadarmas,བསདརྨས,bsad rmas,བསད་རྨས,rKTs (CC BY 4.0): Esukhia
bsabagos,བསབགོས,bsab dgos,བསབ་དགོས,rKTs (CC BY 4.0): Esukhia
bsabar+yasab+nas,བསབརྱསབྣས,bsab par bya bsabs nas,བསབ་པར་བྱ་བསབས་ནས,rKTs (CC BY 4.0): Esukhia
bstaMn+yi,བསྟཾནྱི་,bsam gtan gyi,བསམ་གཏན་གྱི་,rKTs (CC BY 4.0): Esukhia
bsaMn,བསཾན,bsam gtan,བསམ་གཏན,rKTs (CC BY 4.0): Dzongkha abbreviations
bstaMn,བསྟཾན,bsam gtan,བསམ་གཏན,rKTs (CC BY 4.0)
bsa+taMn,བསྟཾན,bsam gtan,བསམ་གཏན,rKTs (CC BY 4.0): Nima Hojer Lama The Genealogy of Ya-ngal Family of Dolpo
bsa+daMn,བསྡཾན,bsam gtan,བསམ་གཏན,rKTs (CC BY 4.0): Nima Hojer Lama The Genealogy of Ya-ngal Family of Dolpo
bsaMzh+yi,བསཾཞྱི་,bsam gzhig,བསམ་གཞིག་,rKTs (CC BY 4.0): Esukhia
bstaMn+yi,བསྟཾནྱི་,bsam g.yan gyi,བསམ་གཡན་གྱི་,rKTs (CC BY 4.0): Esukhia
bsamyisiMkhyabasamikhyabasdus,བསམྱིསིཾཁྱབསམིཁྱབསྡུས,bsam gyis mi khyab bsam mi khyab bsdus,བསམ་གྱིས་མི་ཁྱབ་བསམ་མི་ཁྱབ་བསྡུས,rKTs (CC BY 4.0): Esukhia
bsaMngan,བསཾངན,bsam ngan,བསམ་ངན,rKTs (CC BY 4.0): Esukhia
bsa'i,བསའི་,bsam pa'i,བསམ་པའི་,rKTs (CC BY 4.0): Esukhia
bsaM'ikhyerasony+ra,བསཾའིཁྱེརསོཉྲ,bsam pa'i 'khyer so gsum,བསམ་པའི་འཁྱེར་སོ་གསུམ,rKTs (CC BY 4.0): Esukhia
bas+yoMDa,བསྱོཾཌ,bsam phyogs,བསམ་ཕྱོགས,rKTs (CC BY 4.0): Esukhia
bsaMzhinu,བསཾཞིནུ,bsam bzhin du,བསམ་བཞིན་དུ,rKTs (CC BY 4.0): Esukhia
bsaMrjod,བསཾརྗོད་,bsam brjod,བསམ་བརྗོད་,rKTs (CC BY 4.0): Esukhia
bsaMse'u'is+yang,བསཾསེའུའིསྱང,bsam bse'u'i gsang,བསམ་བསེའུའི་གསང,rKTs (CC BY 4.0): Esukhia
bseM'u,བསེཾའུ,bsam bse'u,བསམ་བསེའུ,rKTs (CC BY 4.0): Dzongkha abbreviations
bas+yuMngi,བསྱུཾངི་,bsam byung gi,བསམ་བྱུང་གི་,rKTs (CC BY 4.0): Esukhia
bas+yuMng,བསྱུཾང,bsam byung,བསམ་བྱུང,rKTs (CC BY 4.0): Esukhia
bsloM,བསློཾ,bsam blo,བསམ་བློ་,rKTs (CC BY 4.0): Esukhia
bsamano,བསམནོ་,bsam mno,བསམ་མནོ་,rKTs (CC BY 4.0)
bsaMtshuleDangi,བསཾཚུལེཌངི,bsam tshul legs shing,བསམ་ཚུལ་ལེགས་ཤིང,rKTs (CC BY 4.0): Esukhia
bsaMcharagosdur,བསཾཆརགོསྡུར,bsam 'char go bsdur,བསམ་འཆར་གོ་བསྡུར,rKTs (CC BY 4.0): Esukhia
bsaMchardu,བསཾཆརྡུ,bsam 'char bsdu,བསམ་འཆར་བསྡུ,rKTs (CC BY 4.0): Esukhia
bsaMpheladabangi,བསཾཕེལདབངི་,bsam 'phel dbang gi,བསམ་འཕེལ་དབང་གི་,rKTs (CC BY 4.0): Esukhia
bas+yaMsatsuglagakhang,བསྱཾསཙུགླགཁང,bsam yas gtsug lag khang,བསམ་ཡས་གཙུག་ལག་ཁང,rKTs (CC BY 4.0): Esukhia
bas+yaMsakar+chag,བསྱཾསཀརྖག,bsam yas dkar chag,བསམ་ཡས་དཀར་ཆག,rKTs (CC BY 4.0): Esukhia
bas+yaMsaMchiMsu,བསྱཾསཾཆིཾསུ,bsam yas mchims phu,བསམ་ཡས་མཆིམས་ཕུ,rKTs (CC BY 4.0): Esukhia
bsaMs,བསཾས,bsam yas,བསམ་ཡས,rKTs (CC BY 4.0)
bas+yaMs,བསྱཾས,bsam yas,བསམ་ཡས,rKTs (CC BY 4.0)
bas+yuMlasadas,བསྱུཾལསདས,bsam yul las 'das,བསམ་ཡུལ་ལས་འདས,rKTs (CC BY 4.0): Esukhia
bas+sheMs+yung,བསྴེཾསྱུང,bsam shes byung,བསམ་ཤེས་བྱུང,rKTs (CC BY 4.0): Esukhia
bseMs,བསེཾས,bsam shes,བསམ་ཤེས,rKTs (CC BY 4.0): Dzongkha abbreviations
basbyoMr,བསྦྱོཾར,bsam sbyor,བསམ་སྦྱོར,rKTs (CC BY 4.0): Esukhia
bsaM,བསྃ,bsam,བསམ,rKTs (CC BY 4.0)
bsarnas,བསརྣས,bsar nas,བསར་ནས,rKTs (CC BY 4.0): Esukhia
bsargyu,བསརྒྱུ,bsar rgyu,བསར་རྒྱུ,rKTs (CC BY 4.0): Esukhia
bsal+yegasgrub+r+jod,བསལྱེགསྒྲུབྲྗོད,bsal bya log sgrub rjod,བསལ་བྱ་ལོག་སྒྲུབ་རྗོད,rKTs (CC BY 4.0): Esukhia
bsalatshaDa,བསལཚཌ,bsal tshags,བསལ་ཚགས,rKTs (CC BY 4.0): Esukhia
bsal+yu,བསལྱུ,bsal rgyu,བསལ་རྒྱུ,rKTs (CC BY 4.0): Esukhia
bsigasiDa,བསིགསིཌ,bsig bsigs,བསིག་བསིགས,rKTs (CC BY 4.0): Esukhia
bsingakhu,བསིངཁུ,bsing khu,བསིང་ཁུ,rKTs (CC BY 4.0): Esukhia
bsingasnyiDa,བསིངསྙིཌ,bsing snyigs,བསིང་སྙིགས,rKTs (CC BY 4.0): Esukhia
bsing+nas,བསིངྣས,bsings nas,བསིངས་ནས,rKTs (CC BY 4.0): Esukhia
bsilakhang,བསིལཁང,bsil khang,བསིལ་ཁང,rKTs (CC BY 4.0): Esukhia
bsiladuDa,བསིལདུཌ,bsil gdugs,བསིལ་གདུགས,rKTs (CC BY 4.0): Esukhia
bsilayabarlungay+yabasil+rigaMs,བསིལཡབརླུངཡྱབསིལྲིགྃས,bsil g.yab rlung g.yab bsil ri gangs,བསིལ་གཡབ་རླུང་གཡབ་བསིལ་རི་གངས,rKTs (CC BY 4.0): Esukhia
bas+yib,བསྱིབ,bsil g.yab,བསིལ་གཡབ,rKTs (CC BY 4.0): Dzongkha abbreviations
bsil+ribasiljongasildan,བསིལྲིབསིལྗོངསིལྡན,bsil grib bsil ljongs bsil ldan,བསིལ་གྲིབ་བསིལ་ལྗོངས་བསིལ་ལྡན,rKTs (CC BY 4.0): Esukhia
bsila'itshal,བསིལའིཚལ,bsil ba'i tshal,བསིལ་བའི་ཚལ,rKTs (CC BY 4.0): Esukhia
bsilu,བསིལུ,bsil bu,བསིལ་བུ,rKTs (CC BY 4.0): Dzongkha abbreviations
bsil+zer+can,བསིལྯེརྕན,bsil zer can,བསིལ་ཟེར་ཅན,rKTs (CC BY 4.0): Esukhia
bsilaguDasil+man,བསིལགུཌསིལྨན,bsil 'gugs bsil sman,བསིལ་འགུགས་བསིལ་སྨན,rKTs (CC BY 4.0): Esukhia
bsilariDal+rang,བསིལརིཌལྲང,bsil rigs la grang,བསིལ་རིགས་ལ་གྲང,rKTs (CC BY 4.0): Esukhia
bsiljongs,བསིལྗོངས,bsil ljongs,བསིལ་ལྗོངས,rKTs (CC BY 4.0): Dzongkha abbreviations
bsildan,བསིལྡན,bsil ldan,བསིལ་ལྡན,rKTs (CC BY 4.0): Dzongkha abbreviations
bsilkaM,བསིལྐཾ་,bsil skam,བསིལ་སྐམ་,rKTs (CC BY 4.0): Esukhia
bsil+b+yinaMkhan+te,བསིལྦྱིནཾཁནྟེ,bsil sbyin mkhan te,བསིལ་སྦྱིན་མཁན་ཏེ,rKTs (CC BY 4.0): Esukhia
bsusmanashangalaMyarat+yong,བསུསྨནཤངལཾཡརཏྱོང,bsu sman bshang lam yar gtong,བསུ་སྨན་བཤང་ལམ་ཡར་གཏོང,rKTs (CC BY 4.0): Esukhia
bsugaMny+rephur,བསུགཾཉྲེཕུར,bsug mnyer phur,བསུག་མཉེར་ཕུར,rKTs (CC BY 4.0): Esukhia
bsungazhiMsungad,བསུངཞིཾསུངད,bsung zhim bsung ngad,བསུང་ཞིམ་བསུང་ངད,rKTs (CC BY 4.0): Esukhia
bsuMsrulasunas,བསུྃསྲུལསུནས,bsungs rul bsun nas,བསུངས་རུལ་བསུན་ནས,rKTs (CC BY 4.0): Esukhia
bsubyu'ang,བསུབྱུའང,bsub rgyu'ang,བསུབ་རྒྱུའང,rKTs (CC BY 4.0): Esukhia
bsub+nasadeMr,བསུབྣསདེཾར,bsubs nas med par,བསུབས་ནས་མེད་པར,rKTs (CC BY 4.0): Esukhia
bsuM,བསུཾ,bsum,བསུམ,rKTs (CC BY 4.0): Esukhia
bsi+usnabazhago,བསིུསྣབཞགོ་,bsums nas bzhag go,བསུམས་ནས་བཞག་གོ་,rKTs (CC BY 4.0): Esukhia
bse+o'aM,བསེོའྃ,bse bo'ang,བསེ་བོའང,rKTs (CC BY 4.0): Esukhia
bas+yebasakhreb+can,བསྱེབསཁྲེབྕན,bse yab bse khrab can,བསེ་ཡབ་བསེ་ཁྲབ་ཅན,rKTs (CC BY 4.0): Esukhia
bsre+u,བསྲེུ་,bse ru,བསེ་རུ་,rKTs (CC BY 4.0): Esukhia
bsro+ukaro,བསྲོུཀརོ,bse ru dkar bo,བསེ་རུ་དཀར་བོ,rKTs (CC BY 4.0): Esukhia
bsre+u,བསྲེུ,bse ru,བསེ་རུ,rKTs (CC BY 4.0): Esukhia
bas+she+ing,བསྴེིང,bse shing,བསེ་ཤིང,rKTs (CC BY 4.0): Esukhia
basbe+ur,བསྦེུར,bse sbur,བསེ་སྦུར,rKTs (CC BY 4.0): Esukhia
bseDa'i,བསེཌའི,bsegs pa'i,བསེགས་པའི,rKTs (CC BY 4.0): Esukhia
bseDa,བསེཌ,bsegs,བསེགས,rKTs (CC BY 4.0): Esukhia
bsengasaMsrazer,བསེངསྃསྲཟེར,bseng sangs 'dra zer,བསེང་སངས་འདྲ་ཟེར,rKTs (CC BY 4.0): Esukhia
bsenanyenesnying,བསེནཉེནེསྙིང,bsen gnyen bshes rnying,བསེན་གཉེན་བཤེས་རྙིང,rKTs (CC BY 4.0): Esukhia
bsenoMdon,བསེནོཾདོན,bsen mo gdon,བསེན་མོ་གདོན,rKTs (CC BY 4.0): Esukhia
bsoMdas phu+oTa'i,བསོཾདས་ཕོུཊའི,bsod nams phun tshogs pa'i,བསོད་ནམས་ཕུན་ཚོགས་པའི,rKTs (CC BY 4.0): Dzongkha abbreviations
bsodanaMs phru+ogs pa'i bkrigo,བསོདནཾས་ཕྲོུགས་པའི་བཀྲིགོ,bsod nams phun sum tsshogs pa'i bkra shis shog,བསོད་ནམས་ཕུན་སུམ་ཙཤོགས་པའི་བཀྲ་ཤིས་ཤོག,rKTs (CC BY 4.0): Bacot écriture cursive Tibétaine
bsod naMs,བསོད་ནཾས,bsod nams,བསོད་ནམས,rKTs (CC BY 4.0): Dzongkha abbreviations
bsodaMs,བསོདཾས,bsod nams,བསོད་ནམས,rKTs (CC BY 4.0)
bsoMdas,བསོཾདས,bsod nams,བསོད་ནམས,rKTs (CC BY 4.0): Tibetan Shorthand Contractions
bsoMs,བསོཾས,bsod nams,བསོད་ནམས,rKTs (CC BY 4.0): Dzongkha abbreviations
bsodaM,བསོདཾ,bsod nams,བསོད་ནམས,rKTs (CC BY 4.0): Nima Hojer Lama The Genealogy of Ya-ngal Family of Dolpo
bsnyaudaMs,བསྙཽདྃས,bsod snyoms,བསོད་སྙོམས,rKTs (CC BY 4.0): Esukhia
bs+nyoMds,བསྙོཾདས,bsod snyoms,བསོད་སྙོམས,rKTs (CC BY 4.0): Bacot écriture cursive Tibétaine
bsnyoMdas,བསྙོཾདས,bsod snyoms,བསོད་སྙོམས,rKTs (CC BY 4.0)
bskango,བསྐངོ,bskang ngo,བསྐང་ངོ,rKTs (CC BY 4.0): Dzongkha abbreviations
bskalon,བསྐལོན,bskal don,བསྐལ་དོན,rKTs (CC BY 4.0): Dzongkha abbreviations
bskalang,བསྐལང༌,bskal bzang,བསྐལ་བཟང༌,rKTs (CC BY 4.0): Dzongkha abbreviations
bskul+ya,བསྐུལྱ,bskul bya,བསྐུལ་བྱ,rKTs (CC BY 4.0): Dzongkha abbreviations
bskulatshig,བསྐུལཚིག,bskul tshig,བསྐུལ་ཚིག,rKTs (CC BY 4.0): Esukhia
bskulo,བསྐུལོ,bskul lo,བསྐུལ་ལོ,rKTs (CC BY 4.0): Dzongkha abbreviations
bskoraMphangs,བསྐོརཾཕངས,bskor ram 'phangs,བསྐོར་རམ་འཕངས,rKTs (CC BY 4.0): Esukhia
bskoste,བསྐོསྟེ,bskos te,བསྐོས་ཏེ,rKTs (CC BY 4.0): Dzongkha abbreviations
bskyiy+yar,བསྐྱིཡྱར,bskyi g.yar,བསྐྱི་གཡར,rKTs (CC BY 4.0): Esukhia
bskyi'i,བསྐྱིའི,bskyi'i,བསྐྱིའི,rKTs (CC BY 4.0): Esukhia
bskyungaste,བསྐྱུངསྟེ,bskyungs te,བསྐྱུངས་ཏེ,rKTs (CC BY 4.0): Dzongkha abbreviations
bskyedar,བསྐྱེདར,bskyed par,བསྐྱེད་པར,rKTs (CC BY 4.0): Dzongkha abbreviations
bskye+e+ed,བསྐྱེེེད,bskyed bskyed bskyed,བསྐྱེད་བསྐྱེད་བསྐྱེད,rKTs (CC BY 4.0): Tibetan Shorthand Contractions
bskye+ed,བསྐྱེེད,bskyed bskyed,བསྐྱེད་བསྐྱེད,rKTs (CC BY 4.0): Tibetan Shorthand Contractions
bsky^eTo,བསྐྱེ༹ཊོ,bskyed rdzogs,བསྐྱེད་རྫོགས,rKTs (CC BY 4.0): Dzongkha abbreviations
bskyed^aTo,བསྐྱེད༹ཊོ,bskyed rdzogs,བསྐྱེད་རྫོགས,rKTs (CC BY 4.0): Dzongkha abbreviations
bskyo+egs,བསྐྱོེགས,bskyed rdzogs,བསྐྱེད་རྫོགས,rKTs (CC BY 4.0): Bacot écriture cursive Tibétaine
bskyo+edgs,བསྐྱོེདགས,bskyed rdzogs,བསྐྱེད་རྫོགས,rKTs (CC BY 4.0): Bacot écriture cursive Tibétaine
bsgabya,བསྒབྱ,bsgab bya,བསྒབ་བྱ,rKTs (CC BY 4.0): Dzongkha abbreviations
bsgoM,བསྒོཾ,bsgom,བསྒོམ,rKTs (CC BY 4.0)
bd+yur ba,བངྱུར་བ,bsgyur ba,བསྒྱུར་བ,rKTs (CC BY 4.0): Dzongkha abbreviations
bng+yur ba,བངྱུར་བ,bsgyur ba,བསྒྱུར་བ,rKTs (CC BY 4.0): Dzongkha abbreviations
bsgrubya,བསྒྲུབྱ,bsgrub bya,བསྒྲུབ་བྱ,rKTs (CC BY 4.0): Dzongkha abbreviations
bsgriDa,བསྒྲིཌ་,bsgrigs,བསྒྲིགས་,rKTs (CC BY 4.0): Esukhia
bsgriDa,བསྒྲིཌ,bsgrigs,བསྒྲིགས,rKTs (CC BY 4.0): Esukhia
bsngaD,བསྔཌ,bsngags,བསྔགས,rKTs (CC BY 4.0): Nima Hojer Lama The Genealogy of Ya-ngal Family of Dolpo
bsngalo,བསྔལོ,bsngal lo,བསྔལ་ལོ,rKTs (CC BY 4.0): Dzongkha abbreviations
bsngaun,བསྔཽན,bsngo smon,བསྔོ་སྨོན,rKTs (CC BY 4.0): Dzongkha abbreviations
bsnyabya,བསྙབྱ,bsnyab bya,བསྙབ་བྱ,rKTs (CC BY 4.0): Dzongkha abbreviations
bsnyenas,བསྙེནས,bsnyen gnas,བསྙེན་གནས,rKTs (CC BY 4.0): Dzongkha abbreviations
bsnyur,བསྙུར,bsnyen bkur,བསྙེན་བཀུར,rKTs (CC BY 4.0)
bsnyu+en,བསྙེུན,bsnyen bkur,བསྙེན་བཀུར,rKTs (CC BY 4.0): Dzongkha abbreviations
bsnyu+er,བསྙེུར,bsnyen bkur,བསྙེན་བཀུར,rKTs (CC BY 4.0): Dzongkha abbreviations
snyenrub,སྙེནྲུབ,bsnyen sgrub,བསྙེན་སྒྲུབ,rKTs (CC BY 4.0): Nima Hojer Lama The Genealogy of Ya-ngal Family of Dolpo
snyeMs,སྙེཾས,bsnyems,བསྙེམས,rKTs (CC BY 4.0): Nima Hojer Lama The Genealogy of Ya-ngal Family of Dolpo
bstanas,བསྟནས,bstan nas,བསྟན་ནས,rKTs (CC BY 4.0): Nima Hojer Lama The Genealogy of Ya-ngal Family of Dolpo
bstano,བསྟནོ,bstan no,བསྟན་ནོ,rKTs (CC BY 4.0): Nima Hojer Lama The Genealogy of Ya-ngal Family of Dolpo
bstana'i,བསྟནའི,bstan pa'i,བསྟན་པའི,rKTs (CC BY 4.0)
bstanos,བསྟནོས,bstan bcos,བསྟན་བཅོས,rKTs (CC BY 4.0): Dzongkha abbreviations
bstons,བསྟོནས,bstan bcos,བསྟན་བཅོས,rKTs (CC BY 4.0): Bacot écriture cursive Tibétaine
bstos,བསྟོས,bstan bcos,བསྟན་བཅོས,rKTs (CC BY 4.0): Bacot écriture cursive Tibétaine
bstunngas,བསྟུནངས,bstan bsrung,བསྟན་བསྲུང,rKTs (CC BY 4.0): Bacot écriture cursive Tibétaine
bs+t+rung,བསྟྲུང,bstan bsrung,བསྟན་བསྲུང,rKTs (CC BY 4.0): Bacot écriture cursive Tibétaine
bas+t+runangs,བསྟྲུནངས,bstan bsrungs,བསྟན་བསྲུངས,rKTs (CC BY 4.0): Dzongkha abbreviations
bs+t+yur,བསྟྱུར,bstan 'gyur,བསྟན་འགྱུར,rKTs (CC BY 4.0): Dzongkha abbreviations
bstan+yur,བསྟནྱུར,bstan 'gyur,བསྟན་འགྱུར,rKTs (CC BY 4.0): Esukhia
bstadzin,བསྟཛིན,bstan 'dzin,བསྟན་འཛིན,rKTs (CC BY 4.0): Esukhia
bst^ani,བསྟ༹ནི,bstan 'dzin,བསྟན་འཛིན,rKTs (CC BY 4.0): Dzongkha abbreviations
bst^in,བསྟི༹ན,bstan 'dzin,བསྟན་འཛིན,rKTs (CC BY 4.0)
b^in,བི༹ན,bstan 'dzin,བསྟན་འཛིན,rKTs (CC BY 4.0): Bacot écriture cursive Tibétaine
b^ini,བི༹ནི,bstan 'dzin,བསྟན་འཛིན,rKTs (CC BY 4.0): Dzongkha abbreviations
st^in,སྟི༹ན,bstan 'dzin ,བསྟན་འཛིན ,rKTs (CC BY 4.0): Nima Hojer Lama The Genealogy of Ya-ngal Family of Dolpo
bstan+yong,བསྟནྱོང༌,bstan skyong,བསྟན་སྐྱོང༌,rKTs (CC BY 4.0)
bstonang,བསྟོནང༌,bstan skyong,བསྟན་སྐྱོང༌,rKTs (CC BY 4.0): Dzongkha abbreviations
bstonng,བསྟོནང,bstan skyong,བསྟན་སྐྱོང,rKTs (CC BY 4.0): Bacot écriture cursive Tibétaine
bas+t+runaM,བསྟྲུནཾ,bstan srung,བསྟན་སྲུང,rKTs (CC BY 4.0): Dzongkha abbreviations
bstodo,བསྟོདོ,bstod do,བསྟོད་དོ,rKTs (CC BY 4.0): Dzongkha abbreviations
bstonas,བསྟོནས,bston nas,བསྟོན་ནས,rKTs (CC BY 4.0): Nima Hojer Lama The Genealogy of Ya-ngal Family of Dolpo
bsd^u+ibd,བསྡིུ༹བད,bsdigs mdzub mdzad,བསྡིགས་མཛུབ་མཛད,rKTs (CC BY 4.0): Dzongkha abbreviations
bsd^u+ib,བསྡིུ༹བ,bsdigs mdzub,བསྡིགས་མཛུབ,rKTs (CC BY 4.0): Dzongkha abbreviations
bsd^u+ib,བསྡིུ༹བ,bsdigs 'dzub,བསྡིགས་འཛུབ,rKTs (CC BY 4.0): Bacot écriture cursive Tibétaine
bsd^u+ibmad,བསྡིུ༹བམད,bsdugs mdzub mdzad,བསྡུགས་མཛུབ་མཛད,rKTs (CC BY 4.0): Bacot écriture cursive Tibétaine
bsdusaMnge,བསྡུསཾངེ,bsdus ming,བསྡུས་མིང,rKTs (CC BY 4.0): Esukhia
bsdoDa,བསྡོཌ,bsdogs,བསྡོགས,rKTs (CC BY 4.0): Esukhia
bsn^ogs,བསྣོ༹གས,bsna tshogs,བསྣ་ཚོགས,rKTs (CC BY 4.0): Nima Hojer Lama The Genealogy of Ya-ngal Family of Dolpo
bsnaMs,བསྣཾས,bsnams,བསྣམས,rKTs (CC BY 4.0): Nima Hojer Lama The Genealogy of Ya-ngal Family of Dolpo
snaMs,སྣཾས,bsnams,བསྣམས,rKTs (CC BY 4.0): Nima Hojer Lama The Genealogy of Ya-ngal Family of Dolpo
bsnubya,བསྣུབྱ,bsnub bya,བསྣུབ་བྱ,rKTs (CC BY 4.0): Dzongkha abbreviations
bsru+ongar,བསྲོུངར,bsrung 'khor,བསྲུང་འཁོར,rKTs (CC BY 4.0): Dzongkha abbreviations
bsru+or,བསྲོུར,bsrung 'khor,བསྲུང་འཁོར,rKTs (CC BY 4.0): Bacot écriture cursive Tibétaine
bsrubya,བསྲུབྱ,bsrub bya,བསྲུབ་བྱ,rKTs (CC BY 4.0): Dzongkha abbreviations
bsrubaskyes,བསྲུབསྐྱེས,bsrubs skyes,བསྲུབས་སྐྱེས,rKTs (CC BY 4.0): Dzongkha abbreviations
sregasreg,སྲེགསྲེག,bsreg bsreg,བསྲེག་བསྲེག,rKTs (CC BY 4.0): Esukhia
bsreg^as,བསྲེག༹ས,bsreg rdzas,བསྲེག་རྫས,rKTs (CC BY 4.0): Dzongkha abbreviations
brlagyuraM,བརླགྱུརཾ,bslag 'gyur ram,བསླག་འགྱུར་རམ,rKTs (CC BY 4.0): Esukhia
slabsuM,སླབསུཾ,bslab gsum,བསླབ་གསུམ,rKTs (CC BY 4.0): Nima Hojer Lama The Genealogy of Ya-ngal Family of Dolpo
bslab+doM,བསླབྡོཾ་,bslab sdom,བསླབ་སྡོམ་,rKTs (CC BY 4.0): Esukhia
bslabya,བསླབྱ,bslab bya,བསླབ་བྱ,rKTs (CC BY 4.0): Dzongkha abbreviations
bslabyin,བསླབྱིན,bslab byin,བསླབ་བྱིན,rKTs (CC BY 4.0): Dzongkha abbreviations
bslabyang,བསླབྱང,bslab sbyang,བསླབ་སྦྱང,rKTs (CC BY 4.0): Dzongkha abbreviations
bslu'i,བསླུའི,bslu ba'i,བསླུ་བའི,rKTs (CC BY 4.0): Dzongkha abbreviations
bslu+ed,བསླེུད,bslu med,བསླུ་མེད,rKTs (CC BY 4.0)
bslu+edaM,བསླེུདཾ,bslu med,བསླུ་མེད,rKTs (CC BY 4.0): Dzongkha abbreviations
b+Ti,བྚི,bi Ti,བི་ཊི,rKTs (CC BY 4.0): Dzongkha abbreviations
buci+usaM,བུཅིུསྃ་,bu bcu gnyis sam,བུ་བཅུ་གཉིས་སམ་,rKTs (CC BY 4.0): Esukhia
bucol khang,བུཅོལ་ཁང,bu bcol khang,བུ་བཅོལ་ཁང,rKTs (CC BY 4.0): Dzongkha abbreviations
bu+edaM,བེུདཾ,bu med,བུ་མེད,rKTs (CC BY 4.0): Bacot écriture cursive Tibétaine
bumo,བུམོ,bu mo,བུ་མོ,rKTs (CC BY 4.0): Dzongkha abbreviations
bu+o,བོུ,bu mo,བུ་མོ,rKTs (CC BY 4.0)
bu+oM,བོུཾ,bu mo,བུ་མོ,rKTs (CC BY 4.0)
b^u,བུ༹,bu tsha,བུ་ཚ,rKTs (CC BY 4.0): Bacot écriture cursive Tibétaine
vu,བུ༹,bu tsha,བུ་ཚ,rKTs (CC BY 4.0): Dzongkha abbreviations
bu+on,བོུན,bu lon,བུ་ལོན,rKTs (CC BY 4.0): Dzongkha abbreviations
be+u,བེུ་,bu ste,བུ་སྟེ་,rKTs (CC BY 4.0): Esukhia
buganyis,བུགཉིས,bug gnyis,བུག་གཉིས,rKTs (CC BY 4.0): Dzongkha abbreviations
bug+pa,བུགྤ,bug pa,བུག་པ,rKTs (CC BY 4.0): Esukhia
budeM,བུདེཾ,bud med,བུད་མེད,rKTs (CC BY 4.0): Dzongkha abbreviations
bu+ed,བེུད,bud med,བུད་མེད,rKTs (CC BY 4.0)
bu+ing,བིུང༌,bud shing,བུད་ཤིང༌,rKTs (CC BY 4.0)
buM pa,བུཾ་པ,bum pa,བུམ་པ,rKTs (CC BY 4.0): Dzongkha abbreviations
buMn,བུཾན,bum mkhan,བུམ་མཁན,rKTs (CC BY 4.0): Dzongkha abbreviations
bumago,བུམགོ,bum mgo,བུམ་མགོ,rKTs (CC BY 4.0): Dzongkha abbreviations
buM stong,བུཾ་སྟོང༌,bum stong,བུམ་སྟོང༌,rKTs (CC BY 4.0): Dzongkha abbreviations
bultogadresa'i,བུལྟོགདྲེསའི,bul tog 'dres pa'i,བུལ་ཏོག་འདྲེས་པའི,rKTs (CC BY 4.0): Esukhia
be+on,བེོན,be con,བེ་ཅོན,rKTs (CC BY 4.0): Dzongkha abbreviations
bege'ang,བེགེའང,beg ge'ang,བེག་གེའང,rKTs (CC BY 4.0): Esukhia
bod+hisatwas,བོདྷིསཏྭས,bo d+hi satwas,བོ་དྷི་སཏྭས,rKTs (CC BY 4.0): Esukhia
bu+ong,བོུང༌,bong bu,བོང་བུ,rKTs (CC BY 4.0)
bod+yi,བོདྱི,bod kyi,བོད་ཀྱི,rKTs (CC BY 4.0)
bodang,བོདང,bod dang,བོད་དང,rKTs (CC BY 4.0): Esukhia
bodu,བོདུ,bod du,བོད་དུ,rKTs (CC BY 4.0): Dzongkha abbreviations
bodiMs,བོདིཾས,bod mis,བོད་མིས,rKTs (CC BY 4.0): Esukhia
bod+yigasar+k+run,བོདྱིགསརྐྲུན,bod yig gsar skrun,བོད་ཡིག་གསར་སྐྲུན,rKTs (CC BY 4.0): Esukhia
bon+yi,བོནྱི་,bon gyi,བོན་གྱི་,rKTs (CC BY 4.0): Esukhia
bonid,བོནིད,bon nyid,བོན་ཉིད,rKTs (CC BY 4.0): Dzongkha abbreviations
bonyid,བོཉིད,bon nyid,བོན་ཉིད,rKTs (CC BY 4.0): Nima Hojer Lama The Genealogy of Ya-ngal Family of Dolpo
bo+o+o+o+o+o+on,བོོོོོོོན,bon po sngon po gos sngon po,བོན་པོ་སྔོན་པོ་གོས་སྔོན་པོ,rKTs (CC BY 4.0): Bacot écriture cursive Tibétaine
baun,བཽན,bon po,བོན་པོ,rKTs (CC BY 4.0): Bacot écriture cursive Tibétaine
bono,བོནོ,bon po,བོན་པོ,rKTs (CC BY 4.0)
bon+son,བོནྶོན,bon son,བོན་སོན,rKTs (CC BY 4.0): Esukhia
boM chog,བོཾ་ཆོག,bom chog ,བོམ་ཆོག ,rKTs (CC BY 4.0): Nima Hojer Lama The Genealogy of Ya-ngal Family of Dolpo
byuM,བྱུཾ,bya khyung,བྱ་ཁྱུང,rKTs (CC BY 4.0): Dzongkha abbreviations
byadaka'i,བྱདཀའི་,bya dka'i,བྱ་དཀའི་,rKTs (CC BY 4.0): Esukhia
byatang ba,བྱཏང་བ,bya btang ba,བྱ་བཏང་བ,rKTs (CC BY 4.0): Dzongkha abbreviations
byal ma,བྱལ་མ,bya bal ma,བྱ་བལ་མ,rKTs (CC BY 4.0): Dzongkha abbreviations
bya'u+e,བྱའེུ,bya bye'u,བྱ་བྱེའུ,rKTs (CC BY 4.0): Dzongkha abbreviations
by^ogs,བྱོ༹གས,bya tshogs,བྱ་ཚོགས,rKTs (CC BY 4.0)
byarog,བྱརོག,bya rog,བྱ་རོག,rKTs (CC BY 4.0): Dzongkha abbreviations
byog,བྱོག,bya rog,བྱ་རོག,rKTs (CC BY 4.0)
b+y+rog,བྱྲོག,bya rog,བྱ་རོག,rKTs (CC BY 4.0): Bacot écriture cursive Tibétaine
byang chubsdaM',བྱང་ཆུབསྡཾའ,byang chub sems dpa',བྱང་ཆུབ་སེམས་དཔའ,rKTs (CC BY 4.0): Bacot écriture cursive Tibétaine
byungab seMda',བྱུངབ་སེཾདའ,byang chub sems dpa',བྱང་ཆུབ་སེམས་དཔའ,rKTs (CC BY 4.0): Dzongkha abbreviations
byungeM',བྱུངེཾའ,byang chub sems dpa',བྱང་ཆུབ་སེམས་དཔའ,rKTs (CC BY 4.0): Dzongkha abbreviations
byubaM seM',བྱུབཾ་སེཾའ,byang chub sems dpa',བྱང་ཆུབ་སེམས་དཔའ,rKTs (CC BY 4.0): Dzongkha abbreviations
byangub,བྱངུབ,byang chub,བྱང་ཆུབ,rKTs (CC BY 4.0): Dzongkha abbreviations
byungab,བྱུངབ,byang chub,བྱང་ཆུབ,rKTs (CC BY 4.0)
byub,བྱུབ,byang chub,བྱང་ཆུབ,rKTs (CC BY 4.0)
byuMng,བྱུཾང༌,byang chub,བྱང་ཆུབ,rKTs (CC BY 4.0): Dzongkha abbreviations
byuMb,བྱུཾབ,byang chub,བྱང་ཆུབ,rKTs (CC BY 4.0)
byangen,བྱངེན,byang chen,བྱང་ཆེན,rKTs (CC BY 4.0): Esukhia
byangu,བྱངུ༌,byang du,བྱང་དུ,rKTs (CC BY 4.0): Dzongkha abbreviations
byang+nas,བྱངྣས,byang nas,བྱང་ནས,rKTs (CC BY 4.0): Esukhia
byogs,བྱོགས,byang phyogs,བྱང་ཕྱོགས,rKTs (CC BY 4.0)
byongags,བྱོངགས,byang phyogs,བྱང་ཕྱོགས,rKTs (CC BY 4.0): Bacot écriture cursive Tibétaine
byangaM,བྱངྃ་,byang ma,བྱང་མ་,rKTs (CC BY 4.0): Esukhia
byangagrod,བྱངགྲོད,byang 'grod,བྱང་འགྲོད,rKTs (CC BY 4.0): Esukhia
byangar,བྱངར,byang shar,བྱང་ཤར,rKTs (CC BY 4.0)
byangaseMr,བྱངསེཾར,byang sems dkar,བྱང་སེམས་དཀར,rKTs (CC BY 4.0): Dzongkha abbreviations
byangeMs,བྱངེཾས,byang sems,བྱང་སེམས,rKTs (CC BY 4.0): Dzongkha abbreviations
byangasesaM,བྱངསེསྃ,byang sems,བྱང་སེམས,rKTs (CC BY 4.0): Esukhia
byangasne'ir,བྱངསྣེའིར,byang sne'i bar,བྱང་སྣེའི་བར,rKTs (CC BY 4.0): Esukhia
byadabyibs,བྱདབྱིབས,byad dbyibs,བྱད་དབྱིབས,rKTs (CC BY 4.0): Dzongkha abbreviations
byaMsen,བྱཾསེན,byams chen,བྱམས་ཆེན,rKTs (CC BY 4.0): Dzongkha abbreviations
byaMs,བྱཾས,byams,བྱམས,rKTs (CC BY 4.0): Dzongkha abbreviations
bya'ishing,བྱའིཤིང,bya'i shing,བྱའི་ཤིང,rKTs (CC BY 4.0): Esukhia
byaraMde+ebyi+eM,བྱརྃདེེབྱིེྃ,byar med de mi dbye,བྱར་མེད་དེ་མི་དབྱེ,rKTs (CC BY 4.0): Esukhia
byas+yaratshes,བྱསྱརཚེས,byas gsar tshes der,བྱས་གསར་ཚེས་དེར,rKTs (CC BY 4.0): Esukhia
byaste,བྱསྟེ་,byas te,བྱས་ཏེ་,rKTs (CC BY 4.0)
byasa'i,བྱསའི,byas pa'i,བྱས་པའི,rKTs (CC BY 4.0): Esukhia
byasar,བྱསར,byas par,བྱས་པར,rKTs (CC BY 4.0): Esukhia
byaso,བྱསོ,byas so,བྱས་སོ,rKTs (CC BY 4.0)
byini,བྱིནི,byi bzhin,བྱི་བཞིན,rKTs (CC BY 4.0)
byizhin,བྱིཞིན,byi bzhin,བྱི་བཞིན,rKTs (CC BY 4.0): Dzongkha abbreviations
byizung,བྱིཟུང,byi bzung,བྱི་བཟུང,rKTs (CC BY 4.0): Dzongkha abbreviations
b+y+l+li+ongang,བྱླླིོངང,byi long dang,བྱི་ལོང་དང,rKTs (CC BY 4.0): Esukhia
byin gyis brlab tu+ol,བྱིན་གྱིས་བརླབ་ཏོུལ,byin gyis brlab tu gsol,བྱིན་གྱིས་བརླབ་ཏུ་གསོལ,rKTs (CC BY 4.0): Dzongkha abbreviations
byinablisatu+ol,བྱིནབླིསཏོུལ,byin gyis brlab tu gsol,བྱིན་གྱིས་བརླབ་ཏུ་གསོལ,rKTs (CC BY 4.0): Dzongkha abbreviations
byin+libs tu+ol,བྱིནླིབས་ཏོུལ,byin gyis rlabs tu gsol,བྱིན་གྱིས་རླབས་ཏུ་གསོལ,rKTs (CC BY 4.0): Bacot écriture cursive Tibétaine
byinablis,བྱིནབླིས,byin gyis rlabs,བྱིན་གྱིས་རླབས,rKTs (CC BY 4.0): Dzongkha abbreviations
byinibs,བྱིནིབས,byin gyis rlabs,བྱིན་གྱིས་རླབས,rKTs (CC BY 4.0): Bacot écriture cursive Tibétaine
byin+libs,བྱིནླིབས,byin gyis rlabs,བྱིན་གྱིས་རླབས,rKTs (CC BY 4.0)
byin+yislobs,བྱིནྱིསློབས,byin gyis rlobs,བྱིན་གྱིས་རློབས,rKTs (CC BY 4.0): Dzongkha abbreviations
byin+yis,བྱིནྱིས,byin gyis,བྱིན་གྱིས,rKTs (CC BY 4.0): Dzongkha abbreviations
byi+en ngor,བྱིེན་ངོར,byin chen ngo mtshar,བྱིན་ཆེན་ངོ་མཚར,rKTs (CC BY 4.0): Dzongkha abbreviations
byino,བྱིནོ,byin no,བྱིན་ནོ,rKTs (CC BY 4.0)
byinarlas+yi,བྱིནརླསྱི,byin rlabs kyi,བྱིན་རླབས་ཀྱི,rKTs (CC BY 4.0): Esukhia
byin+labas+yis,བྱིནླབསྱིས,byin rlabs kyis,བྱིན་རླབས་ཀྱིས,rKTs (CC BY 4.0): Dzongkha abbreviations
byinabs,བྱིནབས,byin rlabs,བྱིན་རླབས,rKTs (CC BY 4.0): Dzongkha abbreviations
byinablas,བྱིནབླས,byin rlabs,བྱིན་རླབས,rKTs (CC BY 4.0): Dzongkha abbreviations
byinblas,བྱིནབླས,byin rlabs,བྱིན་རླབས,rKTs (CC BY 4.0): Bacot écriture cursive Tibétaine
byin+labs,བྱིནླབས,byin rlabs,བྱིན་རླབས,rKTs (CC BY 4.0)
byin+labs,བྱིནླབས,byin rlabs,བྱིན་རླབས,rKTs (CC BY 4.0): Nima Hojer Lama The Genealogy of Ya-ngal Family of Dolpo
byisanadas+yor,བྱིསནདསྱོར,byis nad gso bar,བྱིས་ནད་གསོ་བར,rKTs (CC BY 4.0): Esukhia
byisa'i,བྱིསའི,byis pa'i,བྱིས་པའི,rKTs (CC BY 4.0): Esukhia
byisrad,བྱིསྲད,byis srad,བྱིས་སྲད,rKTs (CC BY 4.0): Esukhia
byuDa,བྱུཌ་,byugs,བྱུགས་,rKTs (CC BY 4.0): Esukhia
byunga'+di+e,བྱུངའྡིེ་,byung ba'i sde,བྱུང་བའི་སྡེ་,rKTs (CC BY 4.0): Esukhia
byunga'+di+e,བྱུངའྡིེ,byung ba'i sde,བྱུང་བའི་སྡེ,rKTs (CC BY 4.0): Esukhia
byungang,བྱུངང་,byung byung,བྱུང་བྱུང་,rKTs (CC BY 4.0): Esukhia
byUl,བྱཱུལ,byul byul,བྱུལ་བྱུལ,rKTs (CC BY 4.0): Dzongkha abbreviations
byegad+yadangul+zangasoDa,བྱེགདྱདངུལྯངསོཌ་,bye brag brgyad dngul zangs sogs,བྱེ་བྲག་བརྒྱད་དངུལ་ཟངས་སོགས་,rKTs (CC BY 4.0): Esukhia
byeg,བྱེག,bye brag,བྱེ་བྲག,rKTs (CC BY 4.0): Dzongkha abbreviations
b+y+reg,བྱྲེག,bye brag,བྱེ་བྲག,rKTs (CC BY 4.0)
breg,བྲེག,bye brag,བྱེ་བྲག,rKTs (CC BY 4.0): Bacot écriture cursive Tibétaine
byeding,བྱེདིང༌,byed cing,བྱེད་ཅིང༌,rKTs (CC BY 4.0): Dzongkha abbreviations
byeda'i,བྱེདའི,byed pa'i,བྱེད་པའི,rKTs (CC BY 4.0): Esukhia
byedar,བྱེདར,byed par,བྱེད་པར,rKTs (CC BY 4.0): Dzongkha abbreviations
bye'ur ba,བྱེའུར་བ,bye'u 'ur ba,བྱེའུ་འུར་བ,rKTs (CC BY 4.0): Dzongkha abbreviations
byesu+ong,བྱེསོུང༌,byes su song,བྱེས་སུ་སོང༌,rKTs (CC BY 4.0): Dzongkha abbreviations
byonas,བྱོནས,byon nas,བྱོན་ནས,rKTs (CC BY 4.0): Nima Hojer Lama The Genealogy of Ya-ngal Family of Dolpo
byaung,བྱཽང༌,byol song,བྱོལ་སོང༌,rKTs (CC BY 4.0): Dzongkha abbreviations
byolong,བྱོལོང༌,byol song,བྱོལ་སོང༌,rKTs (CC BY 4.0): Dzongkha abbreviations
byong,བྱོང,byol song,བྱོལ་སོང,rKTs (CC BY 4.0): Tibetan Shorthand Contractions
byongags,བྱོངགས,byol song,བྱོལ་སོང,rKTs (CC BY 4.0): Bacot écriture cursive Tibétaine
byaulang,བྱཽལང,byol song,བྱོལ་སོང,rKTs (CC BY 4.0): Bacot écriture cursive Tibétaine
byo+ong,བྱོོང,byol song,བྱོལ་སོང,rKTs (CC BY 4.0): Tibetan Shorthand Contractions
byolasong,བྱོལསོང,byol song,བྱོལ་སོང,rKTs (CC BY 4.0): Esukhia
bragazer,བྲགཟེར,brag gzer,བྲག་གཟེར,rKTs (CC BY 4.0): Dzongkha abbreviations
bragayang,བྲགཡང,brag g.yang,བྲག་གཡང,rKTs (CC BY 4.0): Dzongkha abbreviations
bragaseng,བྲགསེང,brag gseng,བྲག་གསེང,rKTs (CC BY 4.0): Dzongkha abbreviations
b+r+nag,བྲྣག,brag nag,བྲག་ནག,rKTs (CC BY 4.0): Esukhia
brange,བྲངེ,brang breng,བྲང་བྲེང,rKTs (CC BY 4.0): Dzongkha abbreviations
brang+rusaMn,བྲངྲུསཾན,brang rus man,བྲང་རུས་མན,rKTs (CC BY 4.0): Esukhia
branu,བྲནུ,bran du,བྲན་དུ,rKTs (CC BY 4.0): Dzongkha abbreviations
brano,བྲནོ,bran po,བྲན་པོ,rKTs (CC BY 4.0): Dzongkha abbreviations
branoM,བྲནོཾ,bran mo,བྲན་མོ,rKTs (CC BY 4.0): Dzongkha abbreviations
brabya,བྲབྱ,brab bya,བྲབ་བྱ,rKTs (CC BY 4.0): Dzongkha abbreviations
br^eM,བྲེ༹ཾ,bram ze,བྲམ་ཟེ,rKTs (CC BY 4.0): Dzongkha abbreviations
brem,བྲེམ,bram ze,བྲམ་ཟེ,rKTs (CC BY 4.0)
breM,བྲེཾ,bram ze,བྲམ་ཟེ,rKTs (CC BY 4.0): Dzongkha abbreviations
braM,བྲཾ,bram,བྲམ,rKTs (CC BY 4.0): Nima Hojer Lama The Genealogy of Ya-ngal Family of Dolpo
bral+yi,བྲལྱི,bral gyi,བྲལ་གྱི,rKTs (CC BY 4.0): Esukhia
'brus,འབྲུས,bras bu,བྲས་བུ,rKTs (CC BY 4.0): Bacot écriture cursive Tibétaine
bris par,བྲིས་པར,bris pa dang par ma,བྲིས་པ་དང་པར་མ,rKTs (CC BY 4.0): Bacot écriture cursive Tibétaine
brubasu,བྲུབསུ,brubs su,བྲུབས་སུ,rKTs (CC BY 4.0): Dzongkha abbreviations
bruM,བྲུཾ,brum,བྲུམ,rKTs (CC BY 4.0): Nima Hojer Lama The Genealogy of Ya-ngal Family of Dolpo
breDa,བྲེཌ་,bregs,བྲེགས་,rKTs (CC BY 4.0): Esukhia
bro \u0fa6,བྲོ་ྦ,bro ba,བྲོ་བ་,rKTs (CC BY 4.0): Esukhia
braur ba,བྲཽར་བ,bro bor ba,བྲོ་བོར་བ,rKTs (CC BY 4.0): Dzongkha abbreviations
blen,བླེན,bla chen,བླ་ཆེན,rKTs (CC BY 4.0): Nima Hojer Lama The Genealogy of Ya-ngal Family of Dolpo
blardol,བླརྡོལ,bla brdol,བླ་བརྡོལ,rKTs (CC BY 4.0): Dzongkha abbreviations
blaMdaM pa,བླཾདཾ་པ,bla ma dang dam pa,བླ་མ་དང་དམ་པ,rKTs (CC BY 4.0): Dzongkha abbreviations
blidaM,བླིདཾ,bla ma dang yi dam,བླ་མ་དང་ཡི་དམ,rKTs (CC BY 4.0): Dzongkha abbreviations
bla slob,བླ་སློབ,bla ma dang slob pa,བླ་མ་དང་སློབ་པ,rKTs (CC BY 4.0): Bacot écriture cursive Tibétaine
blidaM,བླིདཾ,bla ma yi dam,བླ་མ་ཡི་དམ,rKTs (CC BY 4.0): Bacot écriture cursive Tibétaine
blaM sang+yas rino+e,བླཾ་སངྱས་རིནོེ,bla ma sangs rgyas rin po che,བླ་མ་སངས་རྒྱས་རིན་པོ་ཆེ,rKTs (CC BY 4.0): Dzongkha abbreviations
blaM,བླཾ,bla ma,བླ་མ,rKTs (CC BY 4.0)
blangs \u0f7e\u0f7abya,བླངས་ཾེབྱ་,blangs mi bya,བླངས་མི་བྱ་,rKTs (CC BY 4.0): Esukhia
bloMd,བློཾད,bla mchod,བླ་མཆོད,rKTs (CC BY 4.0): Dzongkha abbreviations
bl^oM,བློ༹ཾ,bla mtsho,བླ་མཚོ,rKTs (CC BY 4.0): Dzongkha abbreviations
blaM'aM,བླཾའཾ,bla ma'am,བླ་མའམ,rKTs (CC BY 4.0): Dzongkha abbreviations
blaM'i,བླཾའི,bla ma'i,བླ་མའི,rKTs (CC BY 4.0)
blaMr^in,བླཾརི༹ན,bla mar 'dzin,བླ་མར་འཛིན,rKTs (CC BY 4.0): Dzongkha abbreviations
blaMr,བླཾར,bla mar,བླ་མར,rKTs (CC BY 4.0)
blaMs,བླཾས,bla mas,བླ་མས,rKTs (CC BY 4.0): Dzongkha abbreviations
blas,བླས,bla mas,བླ་མས,rKTs (CC BY 4.0): Bacot écriture cursive Tibétaine
bleMd yuM,བླེཾད་ཡུཾ,bla med yum,བླ་མེད་ཡུམ,rKTs (CC BY 4.0): Dzongkha abbreviations
bled,བླེད,bla med,བླ་མེད,rKTs (CC BY 4.0): Dzongkha abbreviations
bledaM,བླེདཾ,bla med,བླ་མེད,rKTs (CC BY 4.0): Bacot écriture cursive Tibétaine
bleMd,བླེཾད,bla med,བླ་མེད,rKTs (CC BY 4.0): Dzongkha abbreviations
bluDa,བླུཌ,blugs,བླུགས,rKTs (CC BY 4.0): Esukhia
bluno,བླུནོ,blun po,བླུན་པོ,rKTs (CC BY 4.0): Dzongkha abbreviations
blu+on,བློུན,blun po,བླུན་པོ,rKTs (CC BY 4.0)
blaus,བླཽས,blo gros,བློ་གྲོས,rKTs (CC BY 4.0)
blos,བློས,blo gros,བློ་གྲོས,rKTs (CC BY 4.0)
blo+os,བློོས,blo gros,བློ་གྲོས,rKTs (CC BY 4.0): Tibetan Shorthand Contractions
bloos,བླཽས,blo gros,བློ་གྲོས ,rKTs (CC BY 4.0): Nima Hojer Lama The Genealogy of Ya-ngal Family of Dolpo
blon,བློན,blo dman,བློ་དམན,rKTs (CC BY 4.0): Bacot écriture cursive Tibétaine
blog,བློག,blo bag,བློ་བག,rKTs (CC BY 4.0): Dzongkha abbreviations
blocol ba,བློཅོལ་བ,blo bcol ba,བློ་བཅོལ་བ,rKTs (CC BY 4.0): Dzongkha abbreviations
blode ba,བློདེ་བ,blo bde ba,བློ་བདེ་བ,rKTs (CC BY 4.0): Dzongkha abbreviations
blobab,བློབབ,blo bab,བློ་བབ,rKTs (CC BY 4.0): Dzongkha abbreviations
blong,བློང༌,blo bzang,བློ་བཟང༌,rKTs (CC BY 4.0): Dzongkha abbreviations
blozang,བློཟང,blo bzang,བློ་བཟང,rKTs (CC BY 4.0): Dzongkha abbreviations
blobazo,བློབཟོ,blo bzo,བློ་བཟོ,rKTs (CC BY 4.0): Dzongkha abbreviations
blorlug pa,བློརླུག་པ,blo brlug pa,བློ་བརླུག་པ,rKTs (CC BY 4.0): Dzongkha abbreviations
blosgyur,བློསྒྱུར,blo bsgyur,བློ་བསྒྱུར,rKTs (CC BY 4.0): Dzongkha abbreviations
blu+og,བློུག,blo bug,བློ་བུག,rKTs (CC BY 4.0): Dzongkha abbreviations
blu+or,བློུར,blo bur,བློ་བུར,rKTs (CC BY 4.0)
blu+on,བློུན,blo mthun,བློ་མཐུན,rKTs (CC BY 4.0)
bl^o+in,བློི༹ན,blo 'dzin,བློ་འཛིན,rKTs (CC BY 4.0): Dzongkha abbreviations
bl^ol,བློ༹ལ,blo rtsal,བློ་རྩལ,rKTs (CC BY 4.0): Dzongkha abbreviations
blaung,བླཽང,blong blong,བློང་བློང,rKTs (CC BY 4.0): Dzongkha abbreviations
blo+en,བློེན,blon chen,བློན་ཆེན,rKTs (CC BY 4.0): Dzongkha abbreviations
blon 'bangs,བློན་འབངས,blon po dang 'bangs 'khor,བློན་པོ་དང་འབངས་འཁོར,rKTs (CC BY 4.0): Bacot écriture cursive Tibétaine
blaun,བླཽན,blon po,བློན་པོ,rKTs (CC BY 4.0)
blobon,བློབོན,blob dpon,བློབ་དཔོན,rKTs (CC BY 4.0): Nima Hojer Lama The Genealogy of Ya-ngal Family of Dolpo
mA,མཱ,ma ma,མ་མ,rKTs (CC BY 4.0): Dzongkha abbreviations
mraud,མྲཽད,ma mo srod,མ་མོ་སྲོད,rKTs (CC BY 4.0): Dzongkha abbreviations
mrig,མྲིག,ma rig,མ་རིག,rKTs (CC BY 4.0)
mus,མུས,ma lus,མ་ལུས,rKTs (CC BY 4.0)
musla_,མུསླ,ma lus,མ་ལུས,rKTs (CC BY 4.0): Dzongkha abbreviations
m+lus,མླུས,ma lus,མ་ལུས,rKTs (CC BY 4.0): Bacot écriture cursive Tibétaine
mkhano,མཁནོ,mkhan po,མཁན་པོ,rKTs (CC BY 4.0)
mkhanu,མཁནུ,mkhan bu,མཁན་བུ,rKTs (CC BY 4.0): Dzongkha abbreviations
mkhano,མཁནོ,mkhan mo,མཁན་མོ,rKTs (CC BY 4.0): Dzongkha abbreviations
khaMn,ཁྃན,mkhan,མཁན,rKTs (CC BY 4.0): Esukhia
mkhrub,མཁྲུབ,mkha' grub,མཁའ་གྲུབ,rKTs (CC BY 4.0): Bacot écriture cursive Tibétaine
mkhyings,མཁྱིངས,mkha' dbyings,མཁའ་དབྱིངས,rKTs (CC BY 4.0)
myings,མྱིངས,mkha' dbyings,མཁའ་དབྱིངས,rKTs (CC BY 4.0): Dzongkha abbreviations
mkhor,མཁོར,mkha' nor,མཁའ་ནོར,rKTs (CC BY 4.0): Dzongkha abbreviations
mkha'gro,མཁའགྲོ,mkha' 'gro,མཁའ་འགྲོ,rKTs (CC BY 4.0)
mkharo,མཁརོ,mkha' 'gro,མཁའ་འགྲོ,rKTs (CC BY 4.0): Dzongkha abbreviations
mkhro,མཁྲོ,mkha' 'gro,མཁའ་འགྲོ,rKTs (CC BY 4.0): Dzongkha abbreviations
mkhro',མཁྲོའ,mkha' 'gro,མཁའ་འགྲོ,rKTs (CC BY 4.0)
mro,མྲོ,mkha' 'gro,མཁའ་འགྲོ,rKTs (CC BY 4.0)
mkhro'i,མཁྲོའི,mkha' 'gro'i,མཁའ་འགྲོའི,rKTs (CC BY 4.0): Nima Hojer Lama The Genealogy of Ya-ngal Family of Dolpo
mkhalding,མཁལྡིང༌,mkha' lding,མཁའ་ལྡིང༌,rKTs (CC BY 4.0): Dzongkha abbreviations
mkh+ding,མཁྡིང,mkha' lding,མཁའ་ལྡིང,rKTs (CC BY 4.0): Bacot écriture cursive Tibétaine
mkhya'od,མཁྱའོད,mkha' spyod,མཁའ་སྤྱོད,rKTs (CC BY 4.0): Dzongkha abbreviations
mkhyod,མཁྱོད,mkha' spyod,མཁའ་སྤྱོད,rKTs (CC BY 4.0)
myod,མྱོད,mkha' spyod,མཁའ་སྤྱོད,rKTs (CC BY 4.0): Dzongkha abbreviations
mkha'+yo?d,མཁའྱ྄ོད,mkha' spyod,མཁའ་སྤྱོད,rKTs (CC BY 4.0): Esukhia
mkharje,མཁརྗེ,mkhar rje,མཁར་རྗེ,rKTs (CC BY 4.0): Dzongkha abbreviations
mkhasrub,མཁསྲུབ,mkhas grub,མཁས་གྲུབ,rKTs (CC BY 4.0)
mkhrub,མཁྲུབ,mkhas grub,མཁས་གྲུབ,rKTs (CC BY 4.0): Dzongkha abbreviations
mrub,མྲུབ,mkhas grub,མཁས་གྲུབ,rKTs (CC BY 4.0): Dzongkha abbreviations
mkhasa'i,མཁསའི་,mkhas pa'i,མཁས་པའི་,rKTs (CC BY 4.0): Esukhia
mkh^u+os,མཁོུ༹ས,mkhur tshos,མཁུར་ཚོས,rKTs (CC BY 4.0): Dzongkha abbreviations
myen pa,མྱེན་པ,mkhyen pa,མཁྱེན་པ,rKTs (CC BY 4.0): Dzongkha abbreviations
mkhyena'i,མཁྱེནའི,mkhyen pa'i,མཁྱེན་པའི,rKTs (CC BY 4.0): Dzongkha abbreviations
mkhyene,མཁྱེནེ,mkhyen brtse,མཁྱེན་བརྩེ,rKTs (CC BY 4.0): Dzongkha abbreviations
mkhye+e+en,མཁྱེེེན,mkhyen mkhyen mkhyen,མཁྱེན་མཁྱེན་མཁྱེན,rKTs (CC BY 4.0): Tibetan Shorthand Contractions
mkhyain,མཁྱཻན,mkhyen mkhyen,མཁྱེན་མཁྱེན,rKTs (CC BY 4.0): Dzongkha abbreviations
myenab,མྱེནབ,mkhyen rab,མཁྱེན་རབ,rKTs (CC BY 4.0): Dzongkha abbreviations
myeb,མྱེབ,mkhyen rab,མཁྱེན་རབ,rKTs (CC BY 4.0): Dzongkha abbreviations
myen,མྱེན,mkhyen,མཁྱེན,rKTs (CC BY 4.0)
mkhrano,མཁྲནོ,mkhran po,མཁྲན་པོ,rKTs (CC BY 4.0): Nima Hojer Lama The Genealogy of Ya-ngal Family of Dolpo
mkhreT pa,མཁྲེཊ་པ,mkhregs pa,མཁྲེགས་པ,rKTs (CC BY 4.0): Dzongkha abbreviations
mkhreTo,མཁྲེཊོ,mkhregs po,མཁྲེགས་པོ,rKTs (CC BY 4.0): Dzongkha abbreviations
mgo,མགོ,mag mog,མག་མོག,rKTs (CC BY 4.0): Dzongkha abbreviations
mgal+me,མགལྨེ,mgal me,མགལ་མེ,rKTs (CC BY 4.0): Dzongkha abbreviations
mgonyis,མགོཉིས,mgo gnyis,མགོ་གཉིས,rKTs (CC BY 4.0): Dzongkha abbreviations
mgotad,མགོཏད,mgo gtad,མགོ་གཏད,rKTs (CC BY 4.0): Dzongkha abbreviations
mgonon,མགོནོན,mgo gnon,མགོ་གནོན,rKTs (CC BY 4.0): Dzongkha abbreviations
mgozhug,མགོཞུག,mgo gzhug,མགོ་གཞུག,rKTs (CC BY 4.0): Dzongkha abbreviations
mgozer,མགོཟེར,mgo gzer,མགོ་གཟེར,rKTs (CC BY 4.0): Dzongkha abbreviations
mgoyoT,མགོཡོཊ,mgo g.yogs,མགོ་གཡོགས,rKTs (CC BY 4.0): Dzongkha abbreviations
mgosuM,མགོསུཾ,mgo gsum,མགོ་གསུམ,rKTs (CC BY 4.0): Dzongkha abbreviations
mgu+og pa,མགོུག་པ,mgo gug pa,མགོ་གུག་པ,rKTs (CC BY 4.0): Dzongkha abbreviations
mgru+ong,མགྲོུང,mgo grung,མགོ་གྲུང,rKTs (CC BY 4.0): Dzongkha abbreviations
myaugazos,མྱཽགཟོས,mgo nyog bzos,མགོ་ཉོག་བཟོས,rKTs (CC BY 4.0): Esukhia
mg+nyo+en,མགྙོེན,mgo brnyen,མགོ་བརྙེན,rKTs (CC BY 4.0): Bacot écriture cursive Tibétaine
mag+nyone,མགྙོནེ,mgo bsnyen,མགོ་བསྙེན,rKTs (CC BY 4.0): Dzongkha abbreviations
mg+nyo+en,མགྙོེན,mgo bsnyen,མགོ་བསྙེན,rKTs (CC BY 4.0): Bacot écriture cursive Tibétaine
mgro+en,མགྲོེན,mgo 'dren,མགོ་འདྲེན,rKTs (CC BY 4.0): Dzongkha abbreviations
myo,མྱོ་,mgo,མགོ་,rKTs (CC BY 4.0): Esukhia
myonakhangaM,མྱོནཁངཾ་,mgon khang ngam,མགོན་ཁང་ངམ་,rKTs (CC BY 4.0): Esukhia
mgaun,མགཽན,mgon po,མགོན་པོ,rKTs (CC BY 4.0): Bacot écriture cursive Tibétaine
mgono,མགོནོ,mgon po,མགོན་པོ,rKTs (CC BY 4.0): Dzongkha abbreviations
mgo+on,མགོོན,mgon po,མགོན་པོ,rKTs (CC BY 4.0): Tibetan Shorthand Contractions
myaun,མྱཽན,mgon po,མགོན་པོ,rKTs (CC BY 4.0): Bacot écriture cursive Tibétaine
mgyaugs,མགྱཽགས,mgyogs mgyogs,མགྱོགས་མགྱོགས,rKTs (CC BY 4.0): Dzongkha abbreviations
mgrinag,མགྲིནག,mgrin nag,མགྲིན་ནག,rKTs (CC BY 4.0): Dzongkha abbreviations
mrin pa,མྲིན་པ,mgrin pa,མགྲིན་པ,rKTs (CC BY 4.0): Dzongkha abbreviations
mrinazang,མྲིནཟང་,mgrin bzang,མགྲིན་བཟང་,rKTs (CC BY 4.0): Esukhia
mgri+on,མགྲིོན,mgrin sngon,མགྲིན་སྔོན,rKTs (CC BY 4.0): Dzongkha abbreviations
mrino,མྲིནོ,mgrin sngon,མགྲིན་སྔོན,rKTs (CC BY 4.0): Dzongkha abbreviations
mngo,མངོ༌,mang ngo,མང་ངོ༌,rKTs (CC BY 4.0): Dzongkha abbreviations
mngu,མངུ,mang du,མང་དུ,rKTs (CC BY 4.0): Esukhia
mngo,མངོ་,mang bo,མང་བོ་,rKTs (CC BY 4.0): Esukhia
mngaro,མངརོ,mang bor,མང་བོར,rKTs (CC BY 4.0): Esukhia
mngagazhug,མངགཞུག,mngag gzhug,མངག་གཞུག,rKTs (CC BY 4.0): Dzongkha abbreviations
mngug,མངུག,mngag gzhug,མངག་གཞུག,rKTs (CC BY 4.0): Dzongkha abbreviations
mnga'abangs,མངའབངས,mnga' 'bangs,མངའ་འབངས,rKTs (CC BY 4.0): Dzongkha abbreviations
mnga'og,མངའོག,mnga' 'og,མངའ་འོག,rKTs (CC BY 4.0): Dzongkha abbreviations
mngalu,མངལུ,mngal du,མངལ་དུ,rKTs (CC BY 4.0): Dzongkha abbreviations
mngon+yur,མངོནྱུར,mngon gyur,མངོན་གྱུར,rKTs (CC BY 4.0): Esukhia
mngonar,མངོནར,mngon par,མངོན་པར,rKTs (CC BY 4.0): Dzongkha abbreviations
mngor,མངོར,mngon par,མངོན་པར,rKTs (CC BY 4.0): Dzongkha abbreviations
mngonado,མངོནདོ,mngon brjod,མངོན་བརྗོད,rKTs (CC BY 4.0): Esukhia
mng^u+ol,མངོུ༹ལ,mngon tshul,མངོན་ཚུལ,rKTs (CC BY 4.0): Dzongkha abbreviations
mngose,མངོསེ,mngon shes,མངོན་ཤེས,rKTs (CC BY 4.0): Dzongkha abbreviations
mngo+es,མངོེས,mngon shes,མངོན་ཤེས,rKTs (CC BY 4.0): Bacot écriture cursive Tibétaine
n+yoMthong,ནྱོྃཐོང,mngon sum mthong,མངོན་སུམ་མཐོང,rKTs (CC BY 4.0): Esukhia
mngasuM,མངསུཾ,mngon sum,མངོན་སུམ,rKTs (CC BY 4.0): Dzongkha abbreviations
mngonum,མངོནུམ,mngon sum,མངོན་སུམ,rKTs (CC BY 4.0): Bacot écriture cursive Tibétaine
mngosuM,མངོསུཾ,mngon sum,མངོན་སུམ,rKTs (CC BY 4.0): Dzongkha abbreviations
mchung,མཆུང,mchan khung,མཆན་ཁུང,rKTs (CC BY 4.0): Dzongkha abbreviations
mchanu,མཆནུ,mchan bu,མཆན་བུ,rKTs (CC BY 4.0): Dzongkha abbreviations
mrel,མྲེལ,mchan 'grel,མཆན་འགྲེལ,rKTs (CC BY 4.0): Dzongkha abbreviations
mchigu,མཆིགུ,mchi gu,མཆི་གུ,rKTs (CC BY 4.0): Dzongkha abbreviations
mchind,མཆིནད,mchin nad,མཆིན་ནད,rKTs (CC BY 4.0): Dzongkha abbreviations
mchilham,མཆིལྷམ,mchil lham,མཆིལ་ལྷམ,rKTs (CC BY 4.0): Dzongkha abbreviations
mchiste,མཆིསྟེ,mchis te,མཆིས་ཏེ,rKTs (CC BY 4.0): Dzongkha abbreviations
chaMsi,ཆྃསི,mchis,མཆིས,rKTs (CC BY 4.0): Esukhia
mach+dair,མཆྡཻར,mche sder,མཆེ་སྡེར,rKTs (CC BY 4.0): Esukhia
\u0f83ched,ྃཆེད,mched,མཆེད,rKTs (CC BY 4.0): Esukhia
ch+yoMgi,ཆྱོྃགི,mchog gi,མཆོག་གི,rKTs (CC BY 4.0): Esukhia
mchogasuM,མཆོགསུཾ,mchog gsum,མཆོག་གསུམ,rKTs (CC BY 4.0): Dzongkha abbreviations
mchogi yais,མཆོགི་ཡཻས,mchog gi ye shes,མཆོག་གི་ཡེ་ཤེས,rKTs (CC BY 4.0): Dzongkha abbreviations
mchogi,མཆོགི,mchog gi,མཆོག་གི,rKTs (CC BY 4.0): Dzongkha abbreviations
mchogsuM,མཆོགསུཾ,mchog gsum,མཆོག་གསུམ,rKTs (CC BY 4.0): Nima Hojer Lama The Genealogy of Ya-ngal Family of Dolpo
mchogo,མཆོགོ,mchog go,མཆོག་གོ,rKTs (CC BY 4.0): Nima Hojer Lama The Genealogy of Ya-ngal Family of Dolpo
ch+yo+en,ཆྱོེན,mchog chen,མཆོག་ཆེན,rKTs (CC BY 4.0): Bacot écriture cursive Tibétaine
ch+yabyangs,ཆྱབྱངས,mchog dbyangs,མཆོག་དབྱངས,rKTs (CC BY 4.0): Esukhia
mchogran,མཆོགྲན,mchog bran,མཆོག་བྲན,rKTs (CC BY 4.0)
mchoyin,མཆོཡིན,mchog sbyin,མཆོག་སྦྱིན,rKTs (CC BY 4.0): Dzongkha abbreviations
mch+yo,མཆྱོ,mchog,མཆོག,rKTs (CC BY 4.0): Dzongkha abbreviations
ch+yo,ཆྱོ,mchog,མཆོག,rKTs (CC BY 4.0): Bacot écriture cursive Tibétaine
ch+ya,ཆྱ,mchog,མཆོག,rKTs (CC BY 4.0): Esukhia
mcho+is,མཆོིས,mchod gzhis,མཆོད་གཞིས,rKTs (CC BY 4.0): Dzongkha abbreviations
mchodo,མཆོདོ,mchod do,མཆོད་དོ,rKTs (CC BY 4.0): Dzongkha abbreviations
mchodar,མཆོདར,mchod par,མཆོད་པར,rKTs (CC BY 4.0): Dzongkha abbreviations
mch+taud,མཆྟཽད,mchod bstod,མཆོད་བསྟོད,rKTs (CC BY 4.0): Dzongkha abbreviations
mach+yon,མཆྱོན,mchod yon,མཆོད་ཡོན,rKTs (CC BY 4.0): Dzongkha abbreviations
mchoten,མཆོཏེན,mchod rten,མཆོད་རྟེན,rKTs (CC BY 4.0): Dzongkha abbreviations
mcho+en,མཆོེན,mchod rten,མཆོད་རྟེན,rKTs (CC BY 4.0)
mch+to+en,མཆྟོེན,mchod rten,མཆོད་རྟེན,rKTs (CC BY 4.0): Bacot écriture cursive Tibétaine
choMden,ཆོྃདེན,mchod rten,མཆོད་རྟེན,rKTs (CC BY 4.0): Esukhia
mchoden,མཆོདེན,mchod rten,མཆོད་རྟེན,rKTs (CC BY 4.0): Nima Hojer Lama The Genealogy of Ya-ngal Family of Dolpo
mchod^as,མཆོད༹ས,mchod rdzas,མཆོད་རྫས,rKTs (CC BY 4.0): Dzongkha abbreviations
ch+yaud,ཆྱཽད,mchod stod,མཆོད་སྟོད,rKTs (CC BY 4.0): Bacot écriture cursive Tibétaine
mch+taud,མཆྟཽད,mchod stod,མཆོད་སྟོད,rKTs (CC BY 4.0): Bacot écriture cursive Tibétaine
mro+in,མྲོིན,mchod sprin,མཆོད་སྤྲིན,rKTs (CC BY 4.0): Dzongkha abbreviations
ch+yo+ind,ཆྱོིནད,mchod sbyin,མཆོད་སྦྱིན,rKTs (CC BY 4.0): Bacot écriture cursive Tibétaine
mchodin,མཆོདིན,mchod sbyin,མཆོད་སྦྱིན,rKTs (CC BY 4.0): Dzongkha abbreviations
mchod+yin,མཆོདྱིན,mchod sbyin,མཆོད་སྦྱིན,rKTs (CC BY 4.0): Dzongkha abbreviations
mch+yo+idn,མཆྱོིདན,mchod sbyin,མཆོད་སྦྱིན,rKTs (CC BY 4.0): Bacot écriture cursive Tibétaine
mach+yo+in,མཆྱོིན,mchod sbyin,མཆོད་སྦྱིན,rKTs (CC BY 4.0): Dzongkha abbreviations
ch+yod,ཆྱོད,mchod,མཆོད,rKTs (CC BY 4.0)
choMd,ཆོཾད,mchod,མཆོད,rKTs (CC BY 4.0): Esukhia
mjalo,མཇལོ,mjalo,མཇལོ,rKTs (CC BY 4.0): Dzongkha abbreviations
mung,མུང,mjug byang,མཇུག་བྱང,rKTs (CC BY 4.0): Dzongkha abbreviations
mjugaM,མཇུགཾ,mjug ma,མཇུག་མ,rKTs (CC BY 4.0): Esukhia
mnyan+nyesaMnyan,མཉནྙེསྃཉན,mnyan nyes mnyan,མཉན་ཉེས་མཉན,rKTs (CC BY 4.0): Esukhia
mnyado,མཉདོ,mnyan yod,མཉན་ཡོད,rKTs (CC BY 4.0): Dzongkha abbreviations
mnyod,མཉོད,mnyan yod,མཉན་ཡོད,rKTs (CC BY 4.0)
\u0f83nyan+Yod,ྃཉནྻོད,mnyan yod,མཉན་ཡོད,rKTs (CC BY 4.0): Esukhia
mnyaMny+yer,མཉྃཉྱེར,mnyam gnyer,མཉམ་གཉེར,rKTs (CC BY 4.0): Esukhia
mnyaMdi,མཉཾདི,mnyam nyid,མཉམ་ཉིད,rKTs (CC BY 4.0)
mnyamid,མཉམིད,mnyam nyid,མཉམ་ཉིད,rKTs (CC BY 4.0): Bacot écriture cursive Tibétaine
mnyiMd,མཉིཾད,mnyam nyid,མཉམ་ཉིད,rKTs (CC BY 4.0): Tibetan Shorthand Contractions
mnyaMkrolaM,མཉྃཀྲོལྃ་,mnyam dkrol ma,མཉམ་དཀྲོལ་མ་,rKTs (CC BY 4.0): Esukhia
mnyaMng,མཉྃང་,mnyam dang,མཉམ་དང་,rKTs (CC BY 4.0): Esukhia
mnyuMsrasaMmanyuM,མཉུྃསྲསྃམཉུྃ,mnyam du bsres sam mnyam du,མཉམ་དུ་བསྲེས་སམ་མཉམ་དུ,rKTs (CC BY 4.0): Esukhia
mnyaM pa,མཉཾ་པ,mnyam pa,མཉམ་པ,rKTs (CC BY 4.0): Dzongkha abbreviations
mnyaM'ijugutshal,མཉྃའིཇུགུཚལ,mnyam pa'i 'jug tshul,མཉམ་པའི་འཇུག་ཚུལ,rKTs (CC BY 4.0): Esukhia
mnyaM'i,མཉྃའི,mnyam pa'i,མཉམ་པའི,rKTs (CC BY 4.0): Esukhia
mnyaMrag,མཉཾརག,mnyam par bzhag,མཉམ་པར་བཞག,rKTs (CC BY 4.0)
mnyaMraM,མཉྃརྃ་,mnyam par ma,མཉམ་པར་མ་,rKTs (CC BY 4.0): Esukhia
mnyaMr,མཉྃར,mnyam par,མཉམ་པར,rKTs (CC BY 4.0): Esukhia
mnyoMrajog,མཉོྃརཇོག,mnyam por 'jog,མཉམ་པོར་འཇོག,rKTs (CC BY 4.0): Esukhia
mnyoMr,མཉོྃར,mnyam por,མཉམ་པོར,rKTs (CC BY 4.0): Esukhia
mnyaMro,མཉཾརོ,mnyam por,མཉམ་པོར,rKTs (CC BY 4.0): Dzongkha abbreviations
mnyaMgos+yis,མཉྃགོསྱིས,mnyam bgos kyis,མཉམ་བགོས་ཀྱིས,rKTs (CC BY 4.0): Esukhia
mnyaMg,མཉཾག,mnyam bzhag,མཉམ་བཞག,rKTs (CC BY 4.0)
mnyaM,མཉྃ,mnyam bzhag,མཉམ་བཞག,rKTs (CC BY 4.0): Esukhia
mnyaMrazhaga'i,མཉྃརཞགའི,mnyam bar bzhag pa'i,མཉམ་བར་བཞག་པའི,rKTs (CC BY 4.0): Esukhia
mnyaMde,མཉྃདེ,mnyam med,མཉམ་མེད,rKTs (CC BY 4.0)
mnyaMgranaMnyaMgro,མཉྃགྲནྃཉྃགྲོ,mnyam 'gran mnyam 'gro,མཉམ་འགྲན་མཉམ་འགྲོ,rKTs (CC BY 4.0): Esukhia
mnyaMgroDanyaM,མཉྃགྲོཌཉྃ,mnyam 'grogs mnyam rgyug,མཉམ་འགྲོགས་མཉམ་རྒྱུག,rKTs (CC BY 4.0): Esukhia
mnyaMthung,མཉྃཐུང,mnyam 'thung,མཉམ་འཐུང,rKTs (CC BY 4.0): Esukhia
mnyeMbrel,མཉེྃབྲེལ,mnyam 'brel,མཉམ་འབྲེལ,rKTs (CC BY 4.0): Esukhia
mnyaMdzoMs,མཉྃཛོྃས,mnyam 'dzoms,མཉམ་འཛོམས,rKTs (CC BY 4.0): Esukhia
mnyaMse,མཉྃསེ,mnyam rjes,མཉམ་རྗེས,rKTs (CC BY 4.0): Esukhia
mnyaM,མཉྃ,mnyam,མཉམ,rKTs (CC BY 4.0): Esukhia
mnyaMs,མཉཾས,mnyams,མཉམས,rKTs (CC BY 4.0): Nima Hojer Lama The Genealogy of Ya-ngal Family of Dolpo
mnyeno,མཉེནོ,mnyen po,མཉེན་པོ,rKTs (CC BY 4.0): Esukhia
mnyenoM,མཉེནོྃ,mnyen mo,མཉེན་མོ,rKTs (CC BY 4.0): Esukhia
\u0f83nyan+l+cug,ྃཉནླྕུག,mnyen lcug,མཉེན་ལྕུག,rKTs (CC BY 4.0): Esukhia
mnyerasared,མཉེརསརེད,mnyes par byed,མཉེས་པར་བྱེད,rKTs (CC BY 4.0): Esukhia
mnyesanyosatshor,མཉེསཉོསཚོར,mnyes po mnyes tshor,མཉེས་པོ་མཉེས་ཚོར,rKTs (CC BY 4.0): Esukhia
mnyes+yas,མཉེསྱས,mnyes byas,མཉེས་བྱས,rKTs (CC BY 4.0): Esukhia
many+yes+yade,མཉྱེསྱདེ,mnyes byed,མཉེས་བྱེད,rKTs (CC BY 4.0): Esukhia
mnyesingaMnyes,མཉེསིངྃཉེས,mnyes shing mnyes,མཉེས་ཤིང་མཉེས,rKTs (CC BY 4.0): Esukhia
mth+ral,མཐྲལ,mtha bral,མཐ་བྲལ,rKTs (CC BY 4.0): Bacot écriture cursive Tibétaine
mthob,མཐོབ,mtha 'khob,མཐ་འཁོབ,rKTs (CC BY 4.0): Bacot écriture cursive Tibétaine
mtha'an,མཐའན,mtha' can,མཐའ་ཅན,rKTs (CC BY 4.0): Dzongkha abbreviations
mthagi,མཐགི་,mtha' dag gi,མཐའ་དག་གི་,rKTs (CC BY 4.0): Esukhia
math+dagi,མཐྡགི,mtha' dag gi,མཐའ་དག་གི,rKTs (CC BY 4.0): Esukhia
mtha'ag,མཐའག,mtha' dag,མཐའ་དག,rKTs (CC BY 4.0): Dzongkha abbreviations
math+dag,མཐྡག,mtha' dag,མཐའ་དག,rKTs (CC BY 4.0): Tibetan Shorthand Contractions
mathral,མཐྲལ,mtha' bral,མཐའ་བྲལ,rKTs (CC BY 4.0): Dzongkha abbreviations
mth^aMs,མཐ༹ཾས,mtha' mtshams,མཐའ་མཚམས,rKTs (CC BY 4.0): Dzongkha abbreviations
mthedaM,མཐེདཾ,mtha' med,མཐའ་མེད,rKTs (CC BY 4.0): Dzongkha abbreviations
mtha'ob,མཐའོབ,mtha' 'khob,མཐའ་འཁོབ,rKTs (CC BY 4.0): Dzongkha abbreviations
mthob,མཐོབ,mtha' 'khob,མཐའ་འཁོབ,rKTs (CC BY 4.0)
math+yaMs,མཐྱཾས,mtha' 'byams,མཐའ་འབྱམས,rKTs (CC BY 4.0): Dzongkha abbreviations
myaMs,མྱཾས,mtha' 'byams,མཐའ་འབྱམས,rKTs (CC BY 4.0): Dzongkha abbreviations
mtha'as,མཐའས,mtha' yas,མཐའ་ཡས,rKTs (CC BY 4.0): Dzongkha abbreviations
mthas,མཐས,mtha' yas,མཐའ་ཡས,rKTs (CC BY 4.0)
math+yas,མཐྱས,mtha' yas,མཐའ་ཡས,rKTs (CC BY 4.0): Dzongkha abbreviations
mth+yas,མཐྱས,mtha' yas,མཐའ་ཡས,rKTs (CC BY 4.0): Bacot écriture cursive Tibétaine
mtha'en,མཐའེན,mtha' rten,མཐའ་རྟེན,rKTs (CC BY 4.0): Dzongkha abbreviations
mtha'or,མཐའོར,mtha' skor,མཐའ་སྐོར,rKTs (CC BY 4.0): Dzongkha abbreviations
mthar+thugador+yo,མཐརྠུགདོརྱོ་,mthar thug der 'gro,མཐར་ཐུག་དེར་འགྲོ་,rKTs (CC BY 4.0): Esukhia
mtharug,མཐརུག,mthar thug,མཐར་ཐུག,rKTs (CC BY 4.0): Dzongkha abbreviations
mthurag,མཐུརག,mthar thug,མཐར་ཐུག,rKTs (CC BY 4.0)
mtharinas,མཐརིནས,mthar phyin nas,མཐར་ཕྱིན་ནས,rKTs (CC BY 4.0): Dzongkha abbreviations
mtharin,མཐརིན,mthar phyin,མཐར་ཕྱིན,rKTs (CC BY 4.0): Dzongkha abbreviations
mthirn,མཐིརན,mthar phyin,མཐར་ཕྱིན,rKTs (CC BY 4.0): Bacot écriture cursive Tibétaine
math+yin,མཐྱིན,mthar phyin,མཐར་ཕྱིན,rKTs (CC BY 4.0): Tibetan Shorthand Contractions
mth+yin,མཐྱིན,mthar phyin,མཐར་ཕྱིན,rKTs (CC BY 4.0): Bacot écriture cursive Tibétaine
math+yen,མཐྱེན,mthar mkhyen,མཐར་མཁྱེན,rKTs (CC BY 4.0): Dzongkha abbreviations
mthar+sono,མཐརྶོནོ,mthar son,མཐར་སོན,rKTs (CC BY 4.0): Esukhia
mthingag,མཐིངག,mthing nag,མཐིང་ནག,rKTs (CC BY 4.0)
mthimso,མཐིམསོ,mthims so,མཐིམས་སོ,rKTs (CC BY 4.0): Nima Hojer Lama The Genealogy of Ya-ngal Family of Dolpo
mthu+en,མཐེུན,mthu chen,མཐུ་ཆེན,rKTs (CC BY 4.0)
mthu+ob,མཐོུབ,mthu thob,མཐུ་ཐོབ,rKTs (CC BY 4.0): Dzongkha abbreviations
mth^ul,མཐུ༹ལ,mthu rtsal,མཐུ་རྩལ,rKTs (CC BY 4.0)
mth^us,མཐུ༹ས,mthu rdzas,མཐུ་རྫས,rKTs (CC BY 4.0): Dzongkha abbreviations
mthu+obs bdago,མཐོུབས་བདགོ,mthu stobs bdag po,མཐུ་སྟོབས་བདག་པོ,rKTs (CC BY 4.0): Dzongkha abbreviations
mthu+obs,མཐོུབས,mthu stobs,མཐུ་སྟོབས,rKTs (CC BY 4.0)
thudu,ཐུདུ་,mthun du,མཐུན་དུ་,rKTs (CC BY 4.0): Esukhia
mth+yu+ogs,མཐྱོུགས,mthun phyogs,མཐུན་ཕྱོགས,rKTs (CC BY 4.0): Dzongkha abbreviations
mth+yu+oT,མཐྱོུཊ,mthun phyogs,མཐུན་ཕྱོགས,rKTs (CC BY 4.0): Dzongkha abbreviations
mthu+ong,མཐོུང༌,mthun mong,མཐུན་མོང༌,rKTs (CC BY 4.0)
mthunMongas,མཐུནཾཨོངས,mthun mongs,མཐུན་མོངས,rKTs (CC BY 4.0): Nima Hojer Lama The Genealogy of Ya-ngal Family of Dolpo
mthu+en,མཐེུན,mthun rkyen,མཐུན་རྐྱེན,rKTs (CC BY 4.0): Dzongkha abbreviations
mthe+un,མཐེུན,mthun rkyen,མཐུན་རྐྱེན,rKTs (CC BY 4.0): Esukhia
mthun^as,མཐུན༹ས,mthun rdzas,མཐུན་རྫས,rKTs (CC BY 4.0): Dzongkha abbreviations
mthe+ong,མཐེོང༌,mthe bong,མཐེ་བོང༌,rKTs (CC BY 4.0): Dzongkha abbreviations
mtho+eng,མཐོེང,mthe bong,མཐེ་བོང,rKTs (CC BY 4.0)
mtho+isuM,མཐོིསུཾ,mtho ris gsum,མཐོ་རིས་གསུམ,rKTs (CC BY 4.0): Dzongkha abbreviations
mtho+i,མཐོི,mtho ris,མཐོ་རིས,rKTs (CC BY 4.0): Bacot écriture cursive Tibétaine
mtho+is,མཐོིས,mtho ris,མཐོ་རིས,rKTs (CC BY 4.0)
mth+ro+is,མཐྲོིས,mtho ris,མཐོ་རིས,rKTs (CC BY 4.0): Bacot écriture cursive Tibétaine
mthongaM,མཐོངཾ,mthong lam,མཐོང་ལམ,rKTs (CC BY 4.0): Dzongkha abbreviations
thoMngasride,ཐོཾངསྲིདེ,mthong srid de,མཐོང་སྲིད་དེ,rKTs (CC BY 4.0): Esukhia
mthono,མཐོནོ,mthon po,མཐོན་པོ,rKTs (CC BY 4.0): Dzongkha abbreviations
mtholo bshaT,མཐོལོ་བཤཊ,mthol lo bshags,མཐོལ་ལོ་བཤགས,rKTs (CC BY 4.0): Dzongkha abbreviations
mtholoT,མཐོལོཊ,mthol lo bshags,མཐོལ་ལོ་བཤགས,rKTs (CC BY 4.0): Dzongkha abbreviations
mdangasuM,མདངསུཾ,mdangs gsum,མདངས་གསུམ,rKTs (CC BY 4.0): Dzongkha abbreviations
mda'aphen pa,མདའཕེན་པ,mda' 'phen pa,མདའ་འཕེན་པ,rKTs (CC BY 4.0): Dzongkha abbreviations
mda'^ani,མདའ༹ནི,mda' 'dzin,མདའ་འཛིན,rKTs (CC BY 4.0): Dzongkha abbreviations
mdu+on,མདོུན,mdun na 'don,མདུན་ན་འདོན,rKTs (CC BY 4.0): Dzongkha abbreviations
mdunasus,མདུནསུས,mdun nas bsus,མདུན་ནས་བསུས,rKTs (CC BY 4.0): Esukhia
mdunakhrisu,མདུནཁྲིསུ,mdun 'khris su,མདུན་འཁྲིས་སུ,rKTs (CC BY 4.0): Esukhia
mde'usil+yur,མདེའུསིལྱུར,mde'u bsil myur,མདེའུ་བསིལ་མྱུར,rKTs (CC BY 4.0): Esukhia
mdo+encheno,མདོེནཆེནོ,mdo chen chen po,མདོ་ཆེན་ཆེན་པོ,rKTs (CC BY 4.0): Dzongkha abbreviations
mdo+en stongid,མདོེན་སྟོངིད,mdo chen stong nyid,མདོ་ཆེན་སྟོང་ཉིད,rKTs (CC BY 4.0): Dzongkha abbreviations
mdo+en,མདོེན,mdo chen,མདོ་ཆེན,rKTs (CC BY 4.0): Dzongkha abbreviations
mdobus,མདོབུས,mdo dbus,མདོ་དབུས,rKTs (CC BY 4.0): Dzongkha abbreviations
mdor ma,མདོར་མ,mdo dar ma,མདོ་དར་མ,rKTs (CC BY 4.0): Dzongkha abbreviations
mdaun,མདཽན,mdo don,མདོ་དོན,rKTs (CC BY 4.0): Dzongkha abbreviations
madron pa,མདྲོན་པ,mdo dran pa,མདོ་དྲན་པ,rKTs (CC BY 4.0): Dzongkha abbreviations
mode,མོདེ,mdo sde,མདོ་སྡེ,rKTs (CC BY 4.0): Esukhia
mdogi,མདོགི,mdog gi,མདོག་གི,rKTs (CC BY 4.0): Dzongkha abbreviations
mdongasel,མདོངསེལ,mdongs sel,མདོངས་སེལ,rKTs (CC BY 4.0): Dzongkha abbreviations
mdo'+di+e,མདོའྡིེ་,mdo'i sde,མདོའི་སྡེ་,rKTs (CC BY 4.0): Esukhia
mdu+os,མདོུས,mdor bsdus,མདོར་བསྡུས,rKTs (CC BY 4.0): Dzongkha abbreviations
m+ngag,མྔག,man ngag,མན་ངག,rKTs (CC BY 4.0): Esukhia
mngaMg,མངཾག,man ngag,མན་ངག,rKTs (CC BY 4.0): Dzongkha abbreviations
mnag,མནག,man ngag,མན་ངག,rKTs (CC BY 4.0): Dzongkha abbreviations
mnangag,མནངག,man ngag,མན་ངག,rKTs (CC BY 4.0): Dzongkha abbreviations
m+ngaMg,མྔཾག,man ngag,མན་ངག,rKTs (CC BY 4.0)
mnadu,མནདུ,man chad du,མན་ཆད་དུ,rKTs (CC BY 4.0): Dzongkha abbreviations
mand,མནད,man chad,མན་ཆད,rKTs (CC BY 4.0): Bacot écriture cursive Tibétaine
mnad,མནད,man chad,མན་ཆད,rKTs (CC BY 4.0): Dzongkha abbreviations
mnu,མནུ,man du,མན་དུ,rKTs (CC BY 4.0): Dzongkha abbreviations
mnu,མནུ,man mun,མན་མུན,rKTs (CC BY 4.0): Dzongkha abbreviations
manrel,མནྲེལ,mna' 'brel,མནའ་འབྲེལ,rKTs (CC BY 4.0): Dzongkha abbreviations
mnalaM,མནལཾ,mnal lam,མནལ་ལམ,rKTs (CC BY 4.0): Dzongkha abbreviations
mnaltos,མནལྟོས,mnal ltos,མནལ་ལྟོས,rKTs (CC BY 4.0): Dzongkha abbreviations
maM,མཾ,mam,མམ,rKTs (CC BY 4.0): Dzongkha abbreviations
mtshis,མཚིས,mtshan gnyis,མཚན་གཉིས,rKTs (CC BY 4.0): Dzongkha abbreviations
mtshid,མཚིད,mtshan nyid,མཚན་ཉིད,rKTs (CC BY 4.0)
m^id,མི༹ད,mtshan nyid,མཚན་ཉིད,rKTs (CC BY 4.0): Dzongkha abbreviations
mtshaMned pa,མཚཾནེད་པ,mtshan ma med pa,མཚན་མ་མེད་པ,rKTs (CC BY 4.0): Dzongkha abbreviations
tsh+ledaMpa,ཚླེདཾཔ,mtshan ma med pa,མཚན་མ་མེད་པ,rKTs (CC BY 4.0): Dzongkha abbreviations
m^anaM,མ༹ནཾ,mtshan ma,མཚན་མ,rKTs (CC BY 4.0): Dzongkha abbreviations
mtshanaM,མཚནཾ,mtshan ma,མཚན་མ,rKTs (CC BY 4.0): Dzongkha abbreviations
mtshaMn,མཚཾན,mtshan mkhan,མཚན་མཁན,rKTs (CC BY 4.0): Dzongkha abbreviations
mtshano,མཚནོ,mtshan mtshon,མཚན་མཚོན,rKTs (CC BY 4.0): Dzongkha abbreviations
mtshanoM'i,མཚནོཾའི,mtshan mo'i,མཚན་མོའི,rKTs (CC BY 4.0): Esukhia
mtshan^ad,མཚན༹ད,mtshan tshad,མཚན་ཚད,rKTs (CC BY 4.0)
mtshan+zuM,མཚནྯུྃ,mtshan zum,མཚན་ཟུམ,rKTs (CC BY 4.0): Esukhia
matsh+laMn,མཚླཾན,mtshan ldan ma,མཚན་ལྡན་མ,rKTs (CC BY 4.0): Dzongkha abbreviations
mtsh+dan,མཚྡན,mtshan ldan,མཚན་ལྡན,rKTs (CC BY 4.0)
matsh+lan,མཚླན,mtshan ldan,མཚན་ལྡན,rKTs (CC BY 4.0): Dzongkha abbreviations
mtshand,མཚནད,mtshan shad,མཚན་ཤད,rKTs (CC BY 4.0): Esukhia
m^an,མ༹ན,mtshan,མཚན,rKTs (CC BY 4.0): Dzongkha abbreviations
mtshamas+yi,མཚམསྱི,mtshams kyi,མཚམས་ཀྱི,rKTs (CC BY 4.0): Dzongkha abbreviations
mtshaMd,མཚཾད,mtshams chad,མཚམས་ཆད,rKTs (CC BY 4.0): Dzongkha abbreviations
mtshaMcad,མཚཾཅད,mtshams bcad,མཚམས་བཅད,rKTs (CC BY 4.0): Dzongkha abbreviations
mtsh+tsamd,མཚྩམད,mtshams bcad,མཚམས་བཅད,rKTs (CC BY 4.0): Bacot écriture cursive Tibétaine
mtshamd,མཚམད,mtshams brgyad,མཚམས་བརྒྱད,rKTs (CC BY 4.0): Bacot écriture cursive Tibétaine
matsh+yaMd,མཚྱྃད,mtshams brgyad,མཚམས་བརྒྱད,rKTs (CC BY 4.0): Esukhia
mtshAms,མཚཱམས,mtshams mtshams,མཚམས་མཚམས,rKTs (CC BY 4.0): Dzongkha abbreviations
mtsheMd,mtsheMd,mtshams med,མཚམས་མེད,rKTs (CC BY 4.0): Dzongkha abbreviations
mtshuMs,མཚུཾས,mtshams zhus,མཚམས་ཞུས,rKTs (CC BY 4.0): Dzongkha abbreviations
matsh+zhuMs,མཚྮུཾས,mtshams zhus,མཚམས་ཞུས,rKTs (CC BY 4.0): Tibetan Shorthand Contractions
'tshums,འཚུམས,mtshams zhus,མཚམས་ཞུས,rKTs (CC BY 4.0): Bacot écriture cursive Tibétaine
m^aMsu,མཾ༹སུ,mtshams su,མཚམས་སུ,rKTs (CC BY 4.0): Dzongkha abbreviations
mtshaMsu,མཚཾསུུ,mtshams su,མཚམས་སུ,rKTs (CC BY 4.0): Dzongkha abbreviations
tshamsu,ཚམསུ,mtshams su,མཚམས་སུ,rKTs (CC BY 4.0): Nima Hojer Lama The Genealogy of Ya-ngal Family of Dolpo
mtsh+ruMb,མཚྲུཾབ,mtshams sgrub,མཚམས་སྒྲུབ,rKTs (CC BY 4.0): Dzongkha abbreviations
mtsh+rumb,མཚྲུམབ,mtshams sgrub,མཚམས་སྒྲུབ,rKTs (CC BY 4.0): Bacot écriture cursive Tibétaine
mtshamasprin,མཚམསྤྲིན,mtshams sprin,མཚམས་སྤྲིན,rKTs (CC BY 4.0): Dzongkha abbreviations
mtshaMsprin,མཚཾསྤྲིན,mtshams sprin,མཚམས་སྤྲིན,rKTs (CC BY 4.0): Dzongkha abbreviations
mtshaMs+yor,མཚཾསྱོར,mtshams sbyor,མཚམས་སྦྱོར,rKTs (CC BY 4.0): Dzongkha abbreviations
mtsh+yamsor,མཚྱམསོར,mtshams sbyor,མཚམས་སྦྱོར,rKTs (CC BY 4.0): Bacot écriture cursive Tibétaine
matsh+yoMr,མཚྱོཾར,mtshams sbyor,མཚམས་སྦྱོར,rKTs (CC BY 4.0): Dzongkha abbreviations
mtsh+yomr,མཚྱོམར,mtshams sbyor,མཚམས་སྦྱོར,rKTs (CC BY 4.0): Bacot écriture cursive Tibétaine
m^aMs,མ༹ཾས,mtshams,མཚམས,rKTs (CC BY 4.0): Dzongkha abbreviations
mtshaMs,མཚཾས,mtshams,མཚམས,rKTs (CC BY 4.0): Dzongkha abbreviations
matsh+long,མཚློང༌,mtsho glang,མཚོ་གླང༌,rKTs (CC BY 4.0): Dzongkha abbreviations
matsh+longi,མཚློངི༌,mtsho gling,མཚོ་གླིང༌,rKTs (CC BY 4.0): Dzongkha abbreviations
mtsh+lo+ing,མཚློིང,mtsho gling,མཚོ་གླིང,rKTs (CC BY 4.0): Bacot écriture cursive Tibétaine
mtshu+ong,མཚོུང,mtsho byung,མཚོ་བྱུང,rKTs (CC BY 4.0): Dzongkha abbreviations
matsh+yol,མཚྱོལ,mtsho rgyal,མཚོ་རྒྱལ,rKTs (CC BY 4.0): Dzongkha abbreviations
mtsh+yol,མཚྱོལ,mtsho rgyal,མཚོ་རྒྱལ,rKTs (CC BY 4.0): Bacot écriture cursive Tibétaine
matsh+yose,མཚྱོསེ,mtsho skyes,མཚོ་སྐྱེས,rKTs (CC BY 4.0): Dzongkha abbreviations
mtsh+yo+es,མཚྱོེས,mtsho skyes,མཚོ་སྐྱེས,rKTs (CC BY 4.0): Bacot écriture cursive Tibétaine
motsho soDa,མོཚོ་སོཌ,mtsho sogs,མཚོ་སོགས,rKTs (CC BY 4.0): Esukhia
m^ano,མ༹ནོ,mtshon,མཚོན,rKTs (CC BY 4.0): Dzongkha abbreviations
mdzangaslun,མཛངསླུན,mdzangs blun,མཛངས་བླུན,rKTs (CC BY 4.0): Dzongkha abbreviations
mdzad du+ol,མཛད་དོུལ,mdzad du gsol,མཛད་དུ་གསོལ,rKTs (CC BY 4.0): Dzongkha abbreviations
mdzadu+ol,མཛདོུལ,mdzad du gsol,མཛད་དུ་གསོལ,rKTs (CC BY 4.0): Dzongkha abbreviations
m^ada'i,མ༹དའི,mdzad pa'i,མཛད་པའི,rKTs (CC BY 4.0): Dzongkha abbreviations
my^ang,མྱ༹ང,mdzad byang,མཛད་བྱང,rKTs (CC BY 4.0): Dzongkha abbreviations
m^ad,མ༹ད,mdzad,མཛད,rKTs (CC BY 4.0)
mdzas+she,མཛསྴེ,mdza' bshes,མཛའ་བཤེས,rKTs (CC BY 4.0): Dzongkha abbreviations
mdza'o,མཛའོ,mdza' bo,མཛའ་བོ,rKTs (CC BY 4.0): Dzongkha abbreviations
mdzun,མཛུན,mdza' mthun,མཛའ་མཐུན,rKTs (CC BY 4.0): Dzongkha abbreviations
m^esa'i,མེ༹སའི,mdzes pa'i,མཛེས་པའི,rKTs (CC BY 4.0): Dzongkha abbreviations
m^esdan,མེ༹སྡན,mdzes ldan,མཛེས་ལྡན,rKTs (CC BY 4.0): Dzongkha abbreviations
m^esdug,མེ༹སྡུག,mdzes sdug,མཛེས་སྡུག,rKTs (CC BY 4.0): Dzongkha abbreviations
m^es,མེ༹ས,mdzes,མཛེས,rKTs (CC BY 4.0): Dzongkha abbreviations
mdzauM,མཛཽྃ,mdzo mo,མཛོ་མོ,rKTs (CC BY 4.0): Esukhia
madz+sor,མཛྶོར,mdzo sar,མཛོ་སར,rKTs (CC BY 4.0): Esukhia
m^adopon,མ༹དོཔོན,mdzod dpon,མཛོད་དཔོན,rKTs (CC BY 4.0): Dzongkha abbreviations
m^adog,མ༹དོག,mdzod bdag,མཛོད་བདག,rKTs (CC BY 4.0): Dzongkha abbreviations
m^odni,མོ༹དནི,mdzod 'dzin,མཛོད་འཛིན,rKTs (CC BY 4.0): Bacot écriture cursive Tibétaine
m^ado+in,མ༹དོིན,mdzod ldan,མཛོད་ལྡན,rKTs (CC BY 4.0): Dzongkha abbreviations
m^aldon,མ༹ལྡོན,mdzod ldan,མཛོད་ལྡན,rKTs (CC BY 4.0): Dzongkha abbreviations
m^ado,མ༹དོ,mdzod,མཛོད,rKTs (CC BY 4.0): Dzongkha abbreviations
mar medzad,མར་མེཛད,mar me mdzad,མར་མེ་མཛད,rKTs (CC BY 4.0): Dzongkha abbreviations
mer^ad,མེར༹ད,mar me mdzad,མར་མེ་མཛད,rKTs (CC BY 4.0): Dzongkha abbreviations
mare,མརེ,mar me,མར་མེ,rKTs (CC BY 4.0): Dzongkha abbreviations
mer,མེར,mar me,མར་མེ,rKTs (CC BY 4.0): Bacot écriture cursive Tibétaine
myib,མྱིབ,mi khyab,མི་ཁྱབ,rKTs (CC BY 4.0)
\u0f83n+yisa'i,ྃནྱིསའི,mi gnas pa'i,མི་གནས་པའི,rKTs (CC BY 4.0): Esukhia
n+yiMs,ནྱིཾས,mi gnas,མི་གནས,rKTs (CC BY 4.0): Esukhia
miy+yo,མིཡྱོ་,mi g.yo,མི་གཡོ་,rKTs (CC BY 4.0): Esukhia
m+chigo,མྖིགོ,mi chog,མི་ཆོག,rKTs (CC BY 4.0): Esukhia
ming,མིང,mi dang,མི་དང,rKTs (CC BY 4.0): Esukhia
mikhas,མིཁས,mi mkhas,མི་མཁས,rKTs (CC BY 4.0): Dzongkha abbreviations
migo,མིགོ,mi mgo,མི་མགོ,rKTs (CC BY 4.0): Dzongkha abbreviations
mingon pa,མིངོན་པ,mi mngon pa,མི་མངོན་པ,rKTs (CC BY 4.0): Dzongkha abbreviations
michog,མིཆོག,mi mchog,མི་མཆོག,rKTs (CC BY 4.0): Dzongkha abbreviations
mijed,མིཇེད,mi mjed,མི་མཇེད,rKTs (CC BY 4.0): Dzongkha abbreviations
minyaM pa,མིཉཾ་པ,mi mnyam pa,མི་མཉམ་པ,rKTs (CC BY 4.0): Dzongkha abbreviations
mithunanyi,མིཐུནཉི,mi mthun nyi,མི་མཐུན་ཉི,rKTs (CC BY 4.0): Dzongkha abbreviations
mithun+nyi,མིཐུནྙི,mi mthun nyi,མི་མཐུན་ཉི,rKTs (CC BY 4.0): Dzongkha abbreviations
mithun,མིཐུན,mi mthun,མི་མཐུན,rKTs (CC BY 4.0): Dzongkha abbreviations
mu+in,མིུན,mi mthun,མི་མཐུན,rKTs (CC BY 4.0): Dzongkha abbreviations
mi+usatshod,མིུསཚོད,mi nus tshod,མི་ནུས་ཚོད,rKTs (CC BY 4.0): Esukhia
\u0f83byi,ྃབྱི,mi bya,མི་བྱ,rKTs (CC BY 4.0): Esukhia
myi+ode,མྱིོདེ,mi byed do,མི་བྱེད་དོ,rKTs (CC BY 4.0): Esukhia
myide,མྱིདེ,mi byed,མི་བྱེད,rKTs (CC BY 4.0): Esukhia
myi'o,མྱིའོ་,mi b+y+'o,མི་བྱྰོ་,rKTs (CC BY 4.0): Esukhia
mikhregiMsal,མིཁྲེགིྃསལ,mi mkhreg mi gsal,མི་མཁྲེག་མི་གསལ,rKTs (CC BY 4.0): Esukhia
mngi',མངིའ,mi mnga',མི་མངའ,rKTs (CC BY 4.0): Esukhia
minyalanyaMn+yas+yidarlung,མིཉལཉྃནྱསྱིདརླུང,mi mnyam mnyam gnas kyi rlung,མི་མཉམ་མཉམ་གནས་ཀྱི་རླུང,rKTs (CC BY 4.0): Esukhia
mithunartaDa,མིཐུནརྟཌ,mi mthun brtags,མི་མཐུན་བརྟགས,rKTs (CC BY 4.0): Esukhia
mithunal,མིཐུནལ,mi mthun la,མི་མཐུན་ལ,rKTs (CC BY 4.0): Esukhia
mithun,མིཐུན,mi mthun,མི་མཐུན,rKTs (CC BY 4.0): Esukhia
mi+i,མིི,mi mi,མི་མི,rKTs (CC BY 4.0): Esukhia
myu+ir,མྱིུར,mi 'gyur,མི་འགྱུར,rKTs (CC BY 4.0)
mi+yur,མིྱུར,mi 'gyur,མི་འགྱུར,rKTs (CC BY 4.0): Nima Hojer Lama The Genealogy of Ya-ngal Family of Dolpo
mri,མྲི,mi 'dra,མི་འདྲ,rKTs (CC BY 4.0): Esukhia
mi 'phrodanyi,མི་འཕྲོདཉི,mi 'phrod nyi,མི་འཕྲོད་ཉི,rKTs (CC BY 4.0): Dzongkha abbreviations
mi 'phrod+nyi,མི་འཕྲོདྙི,mi 'phrod nyi,མི་འཕྲོད་ཉི,rKTs (CC BY 4.0): Tibetan Shorthand Contractions
mi 'phrod+nyi,མི་འཕྲོདྙི,mi 'phrod nyi,མི་འཕྲོད་ཉི,rKTs (CC BY 4.0): Dzongkha abbreviations
mri+odnyi,མྲིོདཉི,mi 'phrod nyi,མི་འཕྲོད་ཉི,rKTs (CC BY 4.0): Dzongkha abbreviations
\u0f83r+ny+yobes,ྃརྙྱོབེས,mi rnyob slebs,མི་རྙོབ་སླེབས,rKTs (CC BY 4.0): Esukhia
\u0f83liDe,ྃལིཌེ་,mi legs,མི་ལེགས་,rKTs (CC BY 4.0): Esukhia
\u0f83lci+oDadeM,ྃལྕིོཌདེྃ,mi lcogs med,མི་ལྕོགས་མེད,rKTs (CC BY 4.0): Esukhia
misu,མིསུ,mi lus,མི་ལུས,rKTs (CC BY 4.0): Dzongkha abbreviations
mislus,མིསླུས,mi lus,མི་ལུས,rKTs (CC BY 4.0): Dzongkha abbreviations
mu+is,མིུས,mi lus,མི་ལུས,rKTs (CC BY 4.0): Bacot écriture cursive Tibétaine
m+lu+is,མླིུས,mi lus,མི་ལུས,rKTs (CC BY 4.0)
\u0f72\u0f83sbyor,ིྃསྦྱོར,mi sbyor,མི་སྦྱོར,rKTs (CC BY 4.0): Esukhia
mislob,མིསློབ,mi slob,མི་སློབ,rKTs (CC BY 4.0): Esukhia
m+loMb,མློྃབ,mi slob,མི་སློབ,rKTs (CC BY 4.0): Esukhia
migacig,མིགཅིག,mig gcig,མིག་གཅིག,rKTs (CC BY 4.0): Dzongkha abbreviations
miganyis,མིགཉིས,mig gnyis,མིག་གཉིས,rKTs (CC BY 4.0): Dzongkha abbreviations
migadangs pa,མིགདངས་པ,mig gdangs pa,མིག་གདངས་པ,rKTs (CC BY 4.0): Dzongkha abbreviations
migayer,མིགཡེར,mig g.yer,མིག་གཡེར,rKTs (CC BY 4.0): Dzongkha abbreviations
migasuM pa,མིགསུཾ་པ,mig gsum pa,མིག་གསུམ་པ,rKTs (CC BY 4.0): Dzongkha abbreviations
migi,མིགི,mig gi,མིག་གི,rKTs (CC BY 4.0): Dzongkha abbreviations
dmir,དམིར,mig dmar,མིག་དམར,rKTs (CC BY 4.0)
mir,མིར,mig dmar,མིག་དམར,rKTs (CC BY 4.0)
mru+il,མྲིུལ,mig 'phrul,མིག་འཕྲུལ,rKTs (CC BY 4.0): Dzongkha abbreviations
mingugs,མིངུགས,ming gzugs,མིང་གཟུགས,rKTs (CC BY 4.0): Tibetan Shorthand Contractions
mying,མྱིང༌,ming byang,མིང་བྱང༌,rKTs (CC BY 4.0): Dzongkha abbreviations
ming+s+te,མིངྶྟེ,ming ste,མིང་སྟེ,rKTs (CC BY 4.0): Esukhia
mring,མྲིང,ming sring,མིང་སྲིང,rKTs (CC BY 4.0): Esukhia
minaM,མིནཾ,min nam,མིན་ནམ,rKTs (CC BY 4.0): Dzongkha abbreviations
mino,མིནོ,min no,མིན་ནོ,rKTs (CC BY 4.0): Dzongkha abbreviations
myud,མྱུད,mu khyud,མུ་ཁྱུད,rKTs (CC BY 4.0): Dzongkha abbreviations
mu+e,མེུ,mu ge,མུ་གེ,rKTs (CC BY 4.0)
mu+e'i bskal pa,མེུའི་བསྐལ་པ,mu ge'i bskal pa,མུ་གེའི་བསྐལ་པ,rKTs (CC BY 4.0): Dzongkha abbreviations
mu+ig,མིུག,mu tig,མུ་ཏིག,rKTs (CC BY 4.0)
mu+ed,མེུད,mu med,མུ་མེད,rKTs (CC BY 4.0): Dzongkha abbreviations
mu+en,མེུན,mu men,མུ་མེན,rKTs (CC BY 4.0)
mu+egs,མེུགས,mu snyegs,མུ་སྙེགས,rKTs (CC BY 4.0): Tibetan Shorthand Contractions
mu+egs,མེུགས,mu stegs,མུ་སྟེགས,rKTs (CC BY 4.0)
mu+eT,མེུཊ,mu stegs,མུ་སྟེགས,rKTs (CC BY 4.0): Dzongkha abbreviations
m+tu+egs,མྟེུགས,mu stegs,མུ་སྟེགས,rKTs (CC BY 4.0): Bacot écriture cursive Tibétaine
m+tu+eT,མྟེུཊ,mu stegs,མུ་སྟེགས,rKTs (CC BY 4.0): Dzongkha abbreviations
mugi,མུགི,mug gi,མུག་གི,rKTs (CC BY 4.0): Nima Hojer Lama The Genealogy of Ya-ngal Family of Dolpo
munag,མུནག,mun nag,མུན་ནག,rKTs (CC BY 4.0): Dzongkha abbreviations
mreDo,མྲེཌོ་,me grogs,མེ་གྲོགས་,rKTs (CC BY 4.0): Esukhia
mesuM,མེསུཾ,me gsum,མེ་གསུམ,rKTs (CC BY 4.0): Dzongkha abbreviations
me+togis,མེྟོགིས,me tog gis,མེ་ཏོག་གིས,rKTs (CC BY 4.0): Nima Hojer Lama The Genealogy of Ya-ngal Family of Dolpo
m+te+ogaMr,མྟེོགྃར,me tog dmar,མེ་ཏོག་དམར,rKTs (CC BY 4.0): Esukhia
m+te+ogasero,མྟེོགསེརོ,me tog ser bo,མེ་ཏོག་སེར་བོ་,rKTs (CC BY 4.0): Esukhia
m+te+ogasmug+con,མྟེོགསྨུགྕོན,me tog smug po can,མེ་ཏོག་སྨུག་པོ་ཅན,rKTs (CC BY 4.0): Esukhia
mego,མེགོ,me tog,མེ་ཏོག,rKTs (CC BY 4.0): Dzongkha abbreviations
metog,མེཏོག,me tog,མེ་ཏོག,rKTs (CC BY 4.0): Dzongkha abbreviations
m+te+og,མྟེོག,me tog,མེ་ཏོག,rKTs (CC BY 4.0): Dzongkha abbreviations
mo+eg,མོེག,me tog,མེ་ཏོག,rKTs (CC BY 4.0)
m+to+eg,མྟོེག,me tog,མེ་ཏོག,rKTs (CC BY 4.0)
m+tego,མྟེགོ,me tog,མེ་ཏོག,rKTs (CC BY 4.0): Esukhia
me+tog,མེྟོག,me tog,མེ་ཏོག,rKTs (CC BY 4.0): Nima Hojer Lama The Genealogy of Ya-ngal Family of Dolpo
m^e,མེ༹,me btsa',མེ་བཙའ,rKTs (CC BY 4.0): Dzongkha abbreviations
mekha',མེཁའ,me mkha',མེ་མཁའ,rKTs (CC BY 4.0): Dzongkha abbreviations
megal,མེགལ,me mgal,མེ་མགལ,rKTs (CC BY 4.0): Dzongkha abbreviations
meched pa,མེཆེད་པ,me mched pa,མེ་མཆེད་པ,rKTs (CC BY 4.0): Dzongkha abbreviations
menyam gsang,མེཉམ་གསང,me mnyam gsang,མེ་མཉམ་གསང,rKTs (CC BY 4.0): Dzongkha abbreviations
medag,མེདག,me mdag,མེ་མདག,rKTs (CC BY 4.0)
meda',མེདའ,me mda',མེ་མདའ,rKTs (CC BY 4.0): Dzongkha abbreviations
metshams,མེཚམས,me mtshams,མེ་མཚམས,rKTs (CC BY 4.0): Dzongkha abbreviations
mu+er,མེུར,me mur,མེ་མུར,rKTs (CC BY 4.0): Dzongkha abbreviations
me+o,མེོ,me mo,མེ་མོ,rKTs (CC BY 4.0): Dzongkha abbreviations
m^es,མེ༹ས,me rdzas,མེ་རྫས,rKTs (CC BY 4.0): Dzongkha abbreviations
me l^en,མེ་ལེ༹ན,me la tshe can,མེ་ལ་ཚེ་ཅན,rKTs (CC BY 4.0): Dzongkha abbreviations
m+leskyes,མླེསྐྱེས,me las skyes,མེ་ལས་སྐྱེས,rKTs (CC BY 4.0): Dzongkha abbreviations
mengo,མེངོ༌,me long,མེ་ལོང༌,rKTs (CC BY 4.0): Dzongkha abbreviations
m+le+ong,མླེོང༌,me long,མེ་ལོང༌,rKTs (CC BY 4.0): Dzongkha abbreviations
mo+eng,མོེང,me long,མེ་ལོང,rKTs (CC BY 4.0)
m+lo+eng,མློེང,me long,མེ་ལོང,rKTs (CC BY 4.0): Bacot écriture cursive Tibétaine
myengo,མྱེངོ,me long,མེ་ལོང,rKTs (CC BY 4.0): Esukhia
me+long,མེློང,me long,མེ་ལོང,rKTs (CC BY 4.0): Nima Hojer Lama The Genealogy of Ya-ngal Family of Dolpo
mter,མཏེར,me ltar,མེ་ལྟར,rKTs (CC BY 4.0): Bacot écriture cursive Tibétaine
m+ter,མྟེར,me ltar,མེ་ལྟར,rKTs (CC BY 4.0): Dzongkha abbreviations
m+he,མྷེ,me lha,མེ་ལྷ,rKTs (CC BY 4.0)
medo,མེདོ,med do,མེད་དོ,rKTs (CC BY 4.0): Dzongkha abbreviations
medar gyurig,མེདར་གྱུརིག,med par gyur cig,མེད་པར་གྱུར་ཅིག,rKTs (CC BY 4.0): Dzongkha abbreviations
medar,མེདར,med par,མེད་པར,rKTs (CC BY 4.0): Dzongkha abbreviations
mair,མཻར,mer mer,མེར་མེར,rKTs (CC BY 4.0): Dzongkha abbreviations
mel^e,མེལེ༹,mel tshe,མེལ་ཚེ,rKTs (CC BY 4.0): Dzongkha abbreviations
mele,མེལེ,mel tshe,མེལ་ཚེ,rKTs (CC BY 4.0): Dzongkha abbreviations
mes dbon,མེས་དབོན,mes po dang tsha bo,མེས་པོ་དང་ཚ་བོ,rKTs (CC BY 4.0): Bacot écriture cursive Tibétaine
mu+os,མོུས,mo gus,མོ་གུས,rKTs (CC BY 4.0): Bacot écriture cursive Tibétaine
m+ru+aug,མྲཽུག,mo grus drag po,མོ་གྲུས་དྲག་པོ,rKTs (CC BY 4.0): Bacot écriture cursive Tibétaine
m^on,མོ༹ན,mo mtshan,མོ་མཚན,rKTs (CC BY 4.0): Dzongkha abbreviations
myu+od,མྱོུད,mo rgyud,མོ་རྒྱུད,rKTs (CC BY 4.0): Dzongkha abbreviations
monru,མོནྲུ,mon gru,མོན་གྲུ,rKTs (CC BY 4.0)
monre,མོནྲེ,mon gre,མོན་གྲེ,rKTs (CC BY 4.0): Dzongkha abbreviations
monre,མོནྲེ,mon dre,མོན་དྲེ,rKTs (CC BY 4.0): Tibetan Shorthand Contractions
mron,མྲོན,mon sran,མོན་སྲན,rKTs (CC BY 4.0): Dzongkha abbreviations
mru+ogo,མྲོུགོ,mos gus drag po,མོས་གུས་དྲག་པོ,rKTs (CC BY 4.0): Dzongkha abbreviations
mu+os,མོུས,mos gus,མོས་གུས,rKTs (CC BY 4.0): Dzongkha abbreviations
mosgoM,མོསྒོཾ,mos sgom,མོས་སྒོམ,rKTs (CC BY 4.0): Dzongkha abbreviations
mospyod,མོསྤྱོད,mos spyod,མོས་སྤྱོད,rKTs (CC BY 4.0): Dzongkha abbreviations
myaned,མྱནེད,mya ngan med,མྱ་ངན་མེད,rKTs (CC BY 4.0): Dzongkha abbreviations
myangan,མྱངན,mya ngan,མྱ་ངན,rKTs (CC BY 4.0): Dzongkha abbreviations
myan,མྱན,mya ngan,མྱ་ངན,rKTs (CC BY 4.0)
myaMn,མྱཾན,mya ngan,མྱ་ངན,rKTs (CC BY 4.0): Dzongkha abbreviations
myago,མྱགོ,myag myog,མྱག་མྱོག,rKTs (CC BY 4.0): Dzongkha abbreviations
maDa,མཌ་,myags,མྱགས་,rKTs (CC BY 4.0): Esukhia
myangan,མྱངན,myang ngan,མྱང་ངན,rKTs (CC BY 4.0): Nima Hojer Lama The Genealogy of Ya-ngal Family of Dolpo
myUr,མྱཱུར,myur myur,མྱུར་མྱུར,rKTs (CC BY 4.0): Dzongkha abbreviations
myongar,མྱོངར,myong bar,མྱོང་བར,rKTs (CC BY 4.0): Dzongkha abbreviations
tsagi,ཙགི,tsag tsig,ཙག་ཙིག,rKTs (CC BY 4.0): Dzongkha abbreviations
ts+dan,ཙྡན,tsan dan,ཙན་དན,rKTs (CC BY 4.0)
tsAb,ཙཱབ,tsab tsab,ཙབ་ཙབ,rKTs (CC BY 4.0): Dzongkha abbreviations
tsabu,ཙབུ,tsab tsub,ཙབ་ཙུབ,rKTs (CC BY 4.0): Dzongkha abbreviations
tsaM,ཙཾ,tsam,ཙམ,rKTs (CC BY 4.0)
tsitsi,ཙིཙི,tsi tsi,ཙི་ཙི,rKTs (CC BY 4.0): Esukhia
tsitshe'abru,ཙིཚེའབྲུ,tsi tshe 'bru,ཙི་ཚེ་འབྲུ,rKTs (CC BY 4.0): Esukhia
tsogu,ཙོགུ,tsog pu,ཙོག་པུ,rKTs (CC BY 4.0): Dzongkha abbreviations
tshoMs kha,ཚོཾས་ཁ་,tsha mos kha,ཚ་མོས་ཁ་,rKTs (CC BY 4.0): Esukhia
tshazer,ཚཟེར,tsha zer,ཚ་ཟེར,rKTs (CC BY 4.0): Esukhia
tshagsu,ཚགསུ,tshags su,ཚགས་སུ,rKTs (CC BY 4.0): Nima Hojer Lama The Genealogy of Ya-ngal Family of Dolpo
tshang^i,ཚངི༹,tshang tshing,ཚང་ཚིང,rKTs (CC BY 4.0): Dzongkha abbreviations
tshangasar,ཚངསར,tshangs par,ཚངས་པར,rKTs (CC BY 4.0): Esukhia
tshaMsred,ཚཾསྲེད,tshangs phyed,ཚངས་ཕྱེད,rKTs (CC BY 4.0): Esukhia
tshangaskul,ཚངསྐུལ,tshangs bskul,ཚངས་བསྐུལ,rKTs (CC BY 4.0): Dzongkha abbreviations
tshangaskud,ཚངསྐུད,tshangs skud,ཚངས་སྐུད,rKTs (CC BY 4.0): Dzongkha abbreviations
tshangaskyes,ཚངསྐྱེས,tshangs skyes,ཚངས་སྐྱེས,rKTs (CC BY 4.0): Dzongkha abbreviations
tshangaspyod,ཚངསྤྱོད,tshangs spyod,ཚངས་སྤྱོད,rKTs (CC BY 4.0): Dzongkha abbreviations
tshangasras,ཚངསྲས,tshangs sras,ཚངས་སྲས,rKTs (CC BY 4.0): Dzongkha abbreviations
tshadagung,ཚདགུང,tshad dgung,ཚད་དགུང,rKTs (CC BY 4.0): Dzongkha abbreviations
tshadus,ཚདུས,tshad dus,ཚད་དུས,rKTs (CC BY 4.0): Dzongkha abbreviations
tshadaM,ཚདཾ,tshad ma,ཚད་མ,rKTs (CC BY 4.0): Dzongkha abbreviations
tsh+mad,ཚྨད,tshad ma,ཚད་མ,rKTs (CC BY 4.0): Dzongkha abbreviations
tshadaMr^in,ཚདཾརི༹ན,tshad mar 'dzin,ཚད་མར་འཛིན,rKTs (CC BY 4.0): Dzongkha abbreviations
tshadeM,ཚདེཾ,tshad med,ཚད་མེད,rKTs (CC BY 4.0): Dzongkha abbreviations
tshaMded,ཚྃདེད,tshad med,ཚད་མེད,rKTs (CC BY 4.0): Esukhia
tshadas,ཚདས,tshad yas,ཚད་ཡས,rKTs (CC BY 4.0): Dzongkha abbreviations
tshAn rig pa,ཚཱན་རིག་པ,tshan tshan rig pa,ཚན་ཚན་རིག་པ,rKTs (CC BY 4.0): Dzongkha abbreviations
tsham^o,ཚམོ༹,tsham tshom,ཚམ་ཚོམ,rKTs (CC BY 4.0): Dzongkha abbreviations
tsharu,ཚརུ,tshar bu,ཚར་བུ,rKTs (CC BY 4.0): Dzongkha abbreviations
tshiguMng,ཚིགུྃང,tshi gu mang,ཚི་གུ་མང,rKTs (CC BY 4.0): Esukhia
tshiganyan,ཚིགཉན,tshig gnyan,ཚིག་གཉན,rKTs (CC BY 4.0): Esukhia
tshigasuM,ཚིགསུཾ,tshig gsum,ཚིག་གསུམ,rKTs (CC BY 4.0): Dzongkha abbreviations
tshigsuM,ཚིགསུཾ,tshig gsum,ཚིག་གསུམ,rKTs (CC BY 4.0): Nima Hojer Lama The Genealogy of Ya-ngal Family of Dolpo
tshigi,ཚིགི,tshig gi,ཚིག་གི,rKTs (CC BY 4.0): Dzongkha abbreviations
tshigis,ཚིགིས,tshig gis,ཚིག་གིས,rKTs (CC BY 4.0): Dzongkha abbreviations
tsh+nyigo,ཚྙིགོ,tshig nyog,ཚིག་ཉོག,rKTs (CC BY 4.0): Esukhia
bcad lhug,བཅད་ལྷུག,tshig bcad dang lhug ma,ཚིག་བཅད་དང་ལྷུག་མ,rKTs (CC BY 4.0): Bacot écriture cursive Tibétaine
tshigang,ཚིགང་,tshig rkang,ཚིག་རྐང་,rKTs (CC BY 4.0): Esukhia
tshigad,ཚིགད,tshigs bcad,ཚིགས་བཅད,rKTs (CC BY 4.0): Dzongkha abbreviations
tshigasad,ཚིགསད,tshigs bcad,ཚིགས་བཅད,rKTs (CC BY 4.0): Dzongkha abbreviations
tshigasud,ཚིགསུད,tshigs su bcad,ཚིགས་སུ་བཅད,rKTs (CC BY 4.0): Dzongkha abbreviations
tshigasul,ཚིགསུལ,tshigs sul,ཚིགས་སུལ,rKTs (CC BY 4.0): Dzongkha abbreviations
tshiDa,ཚིཌ,tshigs,ཚིགས,rKTs (CC BY 4.0): Esukhia
tshuD,ཚུཌ,tshugs,ཚུགས,rKTs (CC BY 4.0): Nima Hojer Lama The Genealogy of Ya-ngal Family of Dolpo
tshunadu,ཚུནདུ,tshun chad du,ཚུན་ཆད་དུ,rKTs (CC BY 4.0): Dzongkha abbreviations
tshul+riMsuM,ཚུལྲིྃསུྃ་,tshul khrims gsum,ཚུལ་ཁྲིམས་གསུམ་,rKTs (CC BY 4.0): Esukhia
tshul+rims,ཚུལྲིམས,tshul khrims,ཚུལ་ཁྲིམས,rKTs (CC BY 4.0): Tibetan Shorthand Contractions
tshu+ims,ཚིུམས,tshul khrims,ཚུལ་ཁྲིམས,rKTs (CC BY 4.0)
tshu+il+raMs,ཚིུལྲཾས,tshul khrims,ཚུལ་ཁྲིམས,rKTs (CC BY 4.0): Dzongkha abbreviations
tshu+r^u+is,ཚུྲིུ༹ས,tshul khrims,ཚུལ་ཁྲིམས,rKTs (CC BY 4.0): Dzongkha abbreviations
tshrulim,ཚྲུལིམ,tshul khrims,ཚུལ་ཁྲིམས,rKTs (CC BY 4.0): Nima Hojer Lama The Genealogy of Ya-ngal Family of Dolpo
tsh+r^u+iMs_,ཚྲིུ༹ཾས,tshul khrims,ཚུལ་ཁྲིམས,rKTs (CC BY 4.0): Dzongkha abbreviations
tshulugs,ཚུལུགས,tshul lugs,ཚུལ་ལུགས,rKTs (CC BY 4.0): Dzongkha abbreviations
tshuluT,ཚུལུཊ,tshul lugs,ཚུལ་ལུགས,rKTs (CC BY 4.0): Dzongkha abbreviations
tshuldan,ཚུལྡན,tshul ldan,ཚུལ་ལྡན,rKTs (CC BY 4.0)
tshe bsod,ཚེ་བསོད,tshe dang bsod nams,ཚེ་དང་བསོད་ནམས,rKTs (CC BY 4.0): Bacot écriture cursive Tibétaine
tshedapagedaM,ཚེདཔགེདཾ,tshe dpag med,ཚེ་དཔག་མེད,rKTs (CC BY 4.0): Dzongkha abbreviations
tshe+dang,ཚེྡང,tshe dbang,ཚེ་དབང,rKTs (CC BY 4.0): Nima Hojer Lama The Genealogy of Ya-ngal Family of Dolpo
tshesod,ཚེསོད,tshe bsod,ཚེ་བསོད,rKTs (CC BY 4.0): Dzongkha abbreviations
tshed,ཚེད,tshe tshad,ཚེ་ཚད,rKTs (CC BY 4.0): Dzongkha abbreviations
tshe+e,ཚེེ,tshe tshe,ཚེ་ཚེ,rKTs (CC BY 4.0): Dzongkha abbreviations
tshedas,ཚེདས,tshe 'das,ཚེ་འདས,rKTs (CC BY 4.0): Dzongkha abbreviations
tsh+des,ཚྡེས,tshe 'das,ཚེ་འདས,rKTs (CC BY 4.0)
tshengi,ཚེངི༌,tshe ring,ཚེ་རིང༌,rKTs (CC BY 4.0): Dzongkha abbreviations
tshe+ing+yonarog,ཚེིངྱོནརོག,tshe ring lo brgya lon par shog,ཚེ་རིང་ལོ་བརྒྱ་ལོན་པར་ཤོག,rKTs (CC BY 4.0): Dzongkha abbreviations
tshedan,ཚེདན,tshe ldan,ཚེ་ལྡན,rKTs (CC BY 4.0): Dzongkha abbreviations
tsh+den,ཚྡེན,tshe ldan,ཚེ་ལྡན,rKTs (CC BY 4.0): Tibetan Shorthand Contractions
tsh+rego,ཚྲེགོ,tshe srog,ཚེ་སྲོག,rKTs (CC BY 4.0): Dzongkha abbreviations
tsh+ro+eg,ཚྲོེག,tshe srog,ཚེ་སྲོག,rKTs (CC BY 4.0): Bacot écriture cursive Tibétaine
tshe+uM,ཚེུཾ,tshem bu,ཚེམ་བུ,rKTs (CC BY 4.0): Dzongkha abbreviations
tsheraM,ཚེརཾ,tsher ma,ཚེར་མ,rKTs (CC BY 4.0): Dzongkha abbreviations
tshes+yi,ཚེསྱི,tshes kyi,ཚེས་ཀྱི,rKTs (CC BY 4.0): Dzongkha abbreviations
tshesa'i,ཚེསའི,tshes pa'i,ཚེས་པའི,rKTs (CC BY 4.0): Dzongkha abbreviations
tshoTadag,ཚོཊདག,tshogs bdag,ཚོགས་བདག,rKTs (CC BY 4.0): Dzongkha abbreviations
bsag sbyang,བསག་སྦྱང,tshogs bsag pa dang sdig pa sbyang ba,ཚོགས་བསག་པ་དང་སྡིག་པ་སྦྱང་བ,rKTs (CC BY 4.0): Bacot écriture cursive Tibétaine
tshogasbyor,ཚོགསྦྱོར,tshogs sbyor,ཚོགས་སྦྱོར,rKTs (CC BY 4.0): Dzongkha abbreviations
tshogsu,ཚོགསུ,tshogs su,ཚོགས་སུ,rKTs (CC BY 4.0): Nima Hojer Lama The Genealogy of Ya-ngal Family of Dolpo
tshoD,ཚོཌ,tshogs,ཚོགས,rKTs (CC BY 4.0): Nima Hojer Lama The Genealogy of Ya-ngal Family of Dolpo
tshoDa,ཚོཌ,tshogs,ཚོགས,rKTs (CC BY 4.0): Esukhia
tshono,ཚོནོ,tshon po,ཚོན་པོ,rKTs (CC BY 4.0): Dzongkha abbreviations
tshon^i,ཚོནི༹,tshon rtsi,ཚོན་རྩི,rKTs (CC BY 4.0): Dzongkha abbreviations
tshu+oM,ཚོུཾ,tshom bu,ཚོམ་བུ,rKTs (CC BY 4.0)
tshoMs,ཚོཾས,tshoms,ཚོམས,rKTs (CC BY 4.0): Nima Hojer Lama The Genealogy of Ya-ngal Family of Dolpo
chos+yi,ཆོསྱི་,tshos kyi,ཚོས་ཀྱི་,rKTs (CC BY 4.0): Esukhia
ch+goso,ཆྒོསོ,tshos gos,ཚོས་གོས་,rKTs (CC BY 4.0): Esukhia
tshosla,ཚོསླ,tshos sla,ཚོས་སླ,rKTs (CC BY 4.0): Dzongkha abbreviations
dzam+bu'+chi+us+yer,ཛམྦུའྖིུསྱེར,dzam+bu'i chu gser,ཛམྦུའི་ཆུ་གསེར,rKTs (CC BY 4.0): Esukhia
wan,ཝན,wa can,ཝ་ཅན,rKTs (CC BY 4.0): Dzongkha abbreviations
warnaMs+yismras pa,ཝརྣཾསྱིསྨྲས་པ,wa rnams kyis smras pa,ཝ་རྣམས་ཀྱིས་སྨྲས་པ,rKTs (CC BY 4.0): Dzongkha abbreviations
wale,ཝལེ,wa le,ཝ་ལེ,rKTs (CC BY 4.0): Dzongkha abbreviations
wale,ཝལེ,wal le,ཝལ་ལེ,rKTs (CC BY 4.0): Dzongkha abbreviations
zh+nye,ཞྙེ,zha nye,ཞ་ཉེ,rKTs (CC BY 4.0): Esukhia
zhagasuM,ཞགསུཾ,zhag gsum,ཞག་གསུམ,rKTs (CC BY 4.0)
zhagsuM,ཞགསུཾ,zhag gsum,ཞག་གསུམ,rKTs (CC BY 4.0): Nima Hojer Lama The Genealogy of Ya-ngal Family of Dolpo
zhagaphul+yiMde,ཞགཕུལྱིྃདེ,zhag 'phul mi byed,ཞག་འཕུལ་མི་བྱེད,rKTs (CC BY 4.0): Esukhia
zhaDa,ཞཌ་,zhags,ཞགས་,rKTs (CC BY 4.0): Esukhia
zhangu,ཞངུ,zhang zhung,ཞང་ཞུང,rKTs (CC BY 4.0): Dzongkha abbreviations
zhabas+yi,ཞབསྱི,zhabs kyi,ཞབས་ཀྱི,rKTs (CC BY 4.0): Dzongkha abbreviations
zhabas+yis,ཞབསྱིས,zhabs kyis,ཞབས་ཀྱིས,rKTs (CC BY 4.0): Dzongkha abbreviations
zh+yu,ཞྱུ,zhabs kyu,ཞབས་ཀྱུ,rKTs (CC BY 4.0): Dzongkha abbreviations
zhabasaM,ཞབསཾ,zhabs ma,ཞབས་མ,rKTs (CC BY 4.0): Dzongkha abbreviations
zh+ren,ཞྲེན,zhabs 'dren,ཞབས་འདྲེན,rKTs (CC BY 4.0): Dzongkha abbreviations
zh+ring,ཞྲིང,zhabs 'bring,ཞབས་འབྲིང,rKTs (CC BY 4.0): Dzongkha abbreviations
zhabasu,ཞབསུ,zhabs su,ཞབས་སུ,rKTs (CC BY 4.0): Dzongkha abbreviations
zhabasen,ཞབསེན,zhabs sen,ཞབས་སེན,rKTs (CC BY 4.0): Esukhia
zharo,ཞརོ,zhar zhor,ཞར་ཞོར,rKTs (CC BY 4.0): Dzongkha abbreviations
zhal gdaMs,ཞལ་གདཾས,zhal gdams,ཞལ་གདམས,rKTs (CC BY 4.0): Dzongkha abbreviations
zhal+yi gdaMs pa,ཞལྱི་གདཾས་པ,zhal gyi gdams pa,ཞལ་གྱི་གདམས་པ,rKTs (CC BY 4.0): Dzongkha abbreviations
zhal+yi,ཞལྱི,zhal gyi,ཞལ་གྱི,rKTs (CC BY 4.0): Dzongkha abbreviations
zhaMlas,ཞཾལས,zhal zas,ཞལ་ཟས,rKTs (CC BY 4.0): Dzongkha abbreviations
zhal^as,ཞལ༹ས,zhal zas,ཞལ་ཟས,rKTs (CC BY 4.0): Bacot écriture cursive Tibétaine
zhalas,ཞལས,zhal zas,ཞལ་ཟས,rKTs (CC BY 4.0): Dzongkha abbreviations
zh^as,ཞ༹ས,zhal zas,ཞལ་ཟས,rKTs (CC BY 4.0)
zhalag,ཞལག,zhal lag,ཞལ་ལག,rKTs (CC BY 4.0): Dzongkha abbreviations
zhalnga,ཞལྔ,zhal lnga,ཞལ་ལྔ,rKTs (CC BY 4.0): Dzongkha abbreviations
zhalce,ཞལྕེ,zhal lce,ཞལ་ལྕེ,rKTs (CC BY 4.0)
zhalngar,ཞལྔར,zhal sngar,ཞལ་སྔར,rKTs (CC BY 4.0): Dzongkha abbreviations
zhi+o,ཞིོ,zhi khro,ཞི་ཁྲོ,rKTs (CC BY 4.0): Dzongkha abbreviations
zho+i,ཞོི,zhi khro,ཞི་ཁྲོ,rKTs (CC BY 4.0): Bacot écriture cursive Tibétaine
zhin+yas+yi,ཞིནྱསྱི,zhi gnas kyi,ཞི་གནས་ཀྱི,rKTs (CC BY 4.0): Esukhia
zhu+il,ཞིུལ,zhi dul,ཞི་དུལ,rKTs (CC BY 4.0): Dzongkha abbreviations
zh+rig,ཞྲིག,zhi drag,ཞི་དྲག,rKTs (CC BY 4.0): Dzongkha abbreviations
zhi'i,ཞིའི,zhi ba'i,ཞི་བའི,rKTs (CC BY 4.0): Esukhia
zhigis,ཞིགིས,zhig gis,ཞིག་གིས,rKTs (CC BY 4.0): Nima Hojer Lama The Genealogy of Ya-ngal Family of Dolpo
zhingakhaMsu,ཞིངཁཾསུ,zhing khams su,ཞིང་ཁམས་སུ,rKTs (CC BY 4.0): Dzongkha abbreviations
zhingasuM,ཞིངསུཾ,zhing khams su,ཞིང་ཁམས་སུ,rKTs (CC BY 4.0): Dzongkha abbreviations
zhingmas,ཞིངམས,zhing khams,ཞིང་ཁམས,rKTs (CC BY 4.0): Bacot écriture cursive Tibétaine
zhingasaM,ཞིངསཾ,zhing khams,ཞིང་ཁམས,rKTs (CC BY 4.0): Dzongkha abbreviations
zhisaM,ཞིསཾ,zhing khams,ཞིང་ཁམས,rKTs (CC BY 4.0): Dzongkha abbreviations
zhingeT,ཞིངེཊ,zhing gshegs,ཞིང་གཤེགས,rKTs (CC BY 4.0): Dzongkha abbreviations
zhingen,ཞིངེན,zhing chen,ཞིང་ཆེན,rKTs (CC BY 4.0): Dzongkha abbreviations
zhi+engn,ཞིེངན,zhing chen,ཞིང་ཆེན,rKTs (CC BY 4.0): Bacot écriture cursive Tibétaine
zhing+nas,ཞིངྣས,zhing nas,ཞིང་ནས,rKTs (CC BY 4.0): Esukhia
zhing+ba'o,ཞིངྦའོ་,zhing ba'o,ཞིང་བའོ་,rKTs (CC BY 4.0): Esukhia
zhings,ཞིངས,zhing las,ཞིང་ལས,rKTs (CC BY 4.0): Dzongkha abbreviations
zh+yise,ཞྱིསེ,zhing skyes,ཞིང་སྐྱེས,rKTs (CC BY 4.0): Dzongkha abbreviations
zhing+yo,ཞིངྱོ༌,zhing skyong,ཞིང་སྐྱོང༌,rKTs (CC BY 4.0): Dzongkha abbreviations
zh+yo+ing,ཞྱོིང,zhing skyong,ཞིང་སྐྱོང,rKTs (CC BY 4.0): Bacot écriture cursive Tibétaine
zhibasher,ཞིབཤེར,zhib bsher,ཞིབ་བཤེར,rKTs (CC BY 4.0): Dzongkha abbreviations
zhibaMthong,ཞིབཾཐོང,zhib mthong,ཞིབ་མཐོང,rKTs (CC BY 4.0): Esukhia
zhibso,ཞིབསོ,zhibs so,ཞིབས་སོ,rKTs (CC BY 4.0): Nima Hojer Lama The Genealogy of Ya-ngal Family of Dolpo
zhiM,ཞིྃ་,zhim,ཞིམ་,rKTs (CC BY 4.0)
zhu+ol,ཞོུལ,zhu gsol,ཞུ་གསོལ,rKTs (CC BY 4.0)
zhu+en,ཞེུན,zhu chen,ཞུ་ཆེན,rKTs (CC BY 4.0)
zhur,ཞུར,zhu bar,ཞུ་བར,rKTs (CC BY 4.0): Dzongkha abbreviations
zhuMn,ཞུཾན,zhu mkhan,ཞུ་མཁན,rKTs (CC BY 4.0): Dzongkha abbreviations
zhu+id,ཞིུད,zhu mchid,ཞུ་མཆིད,rKTs (CC BY 4.0): Dzongkha abbreviations
zhu+ing,ཞིུང༌,zhu zhing,ཞུ་ཞིང༌,rKTs (CC BY 4.0)
zhu+ig,ཞིུག,zhu yig,ཞུ་ཡིག,rKTs (CC BY 4.0)
zhugasla,ཞུགསླ,zhugs sla,ཞུགས་སླ,rKTs (CC BY 4.0): Dzongkha abbreviations
zhuDa,ཞུཌ་,zhugs,ཞུགས་,rKTs (CC BY 4.0): Esukhia
zhunaMsris,ཞུནཾསྲིས,zhun mas bris,ཞུན་མས་བྲིས་,rKTs (CC BY 4.0): Esukhia
zhuban,ཞུབན,zhub can,ཞུབ་ཅན,rKTs (CC BY 4.0): Dzongkha abbreviations
zhuben,ཞུབེན,zhub chen,ཞུབ་ཆེན,rKTs (CC BY 4.0): Dzongkha abbreviations
zhumed,ཞུམེད,zhum med,ཞུམ་མེད,rKTs (CC BY 4.0): Dzongkha abbreviations
zhu+eMd,ཞེུཾད,zhum med,ཞུམ་མེད,rKTs (CC BY 4.0): Dzongkha abbreviations
zhUm,ཞཱུམ,zhum zhum,ཞུམ་ཞུམ,rKTs (CC BY 4.0): Dzongkha abbreviations
zhuso,ཞུསོ,zhus so,ཞུས་སོ,rKTs (CC BY 4.0): Dzongkha abbreviations
zhesuM,ཞེསུཾ,zhe gsum,ཞེ་གསུམ,rKTs (CC BY 4.0): Dzongkha abbreviations
zh+reg,ཞྲེག,zhe drag,ཞེ་དྲག,rKTs (CC BY 4.0): Dzongkha abbreviations
zhu+eso,ཞེུསོ,zhe zhus so,ཞེ་ཞུས་སོ,rKTs (CC BY 4.0): Bacot écriture cursive Tibétaine
zh+deng,ཞྡེང༌,zhe sdang,ཞེ་སྡང༌,rKTs (CC BY 4.0)
zhesdang,ཞེསྡང,zhe sdang,ཞེ་སྡང,rKTs (CC BY 4.0): Bacot écriture cursive Tibétaine
zhenaT,ཞེནཊ,zhen chags,ཞེན་ཆགས,rKTs (CC BY 4.0): Dzongkha abbreviations
zhesunga'i don,ཞེསུངའི་དོན,zhes gsung ba'i don,ཞེས་གསུང་བའི་དོན,rKTs (CC BY 4.0): Dzongkha abbreviations
zh+yengos,ཞྱེངོས,zhes gsung so,ཞེས་གསུང་སོ,rKTs (CC BY 4.0): Bacot écriture cursive Tibétaine
zhesungs pa,ཞེསུངས་པ,zhes gsungs pa,ཞེས་གསུངས་པ,rKTs (CC BY 4.0): Dzongkha abbreviations
zhu+engaso,ཞེུངསོ,zhes gsungs so,ཞེས་གསུངས་སོ,rKTs (CC BY 4.0): Dzongkha abbreviations
zhesungaso,ཞེསུངསོ,zhes gsungs so,ཞེས་གསུངས་སོ,rKTs (CC BY 4.0): Dzongkha abbreviations
zhesapo,ཞེསཔོ་,zhes pa'o,ཞེས་པའོ་,rKTs (CC BY 4.0): Esukhia
zhes'o,ཞེསའོ,zhes pa'o,ཞེས་པའོ,rKTs (CC BY 4.0): Nima Hojer Lama The Genealogy of Ya-ngal Family of Dolpo
zhes+jod pa,ཞེསྗོད,zhes brjod pa,ཞེས་བརྗོད་པ,rKTs (CC BY 4.0): Dzongkha abbreviations
zhestaud,ཞེསྟཽད,zhes bstod do,ཞེས་བསྟོད་དོ,rKTs (CC BY 4.0): Bacot écriture cursive Tibétaine
zhestodo,ཞེསྟོདོ,zhes bstod do,ཞེས་བསྟོད་དོ,rKTs (CC BY 4.0): Dzongkha abbreviations
zhu+eso,ཞེུསོ,zhes zhus so,ཞེས་ཞུས་སོ,rKTs (CC BY 4.0): Dzongkha abbreviations
zheso,ཞེསོ,zhes so,ཞེས་སོ,rKTs (CC BY 4.0): Dzongkha abbreviations
zhesoDa,ཞེསོཌ་,zhes sogs,ཞེས་སོགས་,rKTs (CC BY 4.0): Esukhia
zh+nyol,ཞྙོལ,zho snyal,ཞོ་སྙལ,rKTs (CC BY 4.0): Esukhia
zhod+cho,ཞོདྖོ,zhod che,ཞོད་ཆེ,rKTs (CC BY 4.0): Esukhia
zakhang,ཟཁངྀ,za khang,ཟ་ཁང,rKTs (CC BY 4.0): Esukhia
z+yed,ཟྱེད,za byed,ཟ་བྱེད,rKTs (CC BY 4.0)
zaM,ཟྃ་,za ma,ཟ་མ་,rKTs (CC BY 4.0): Esukhia
zazhing,ཟཞིང,za zhing,ཟ་ཞིང,rKTs (CC BY 4.0): Esukhia
zag+cas+zagegad,ཟགྕསྯགེགད,zag bcas zag med,ཟག་བཅས་ཟག་མེད,rKTs (CC BY 4.0): Esukhia
zagedaM,ཟགེདཾ,zag med,ཟག་མེད,rKTs (CC BY 4.0): Bacot écriture cursive Tibétaine
zageMd,ཟགེཾད,zag med,ཟག་མེད,rKTs (CC BY 4.0): Dzongkha abbreviations
zagaMde,ཟགྃདེ,zag med,ཟག་མེད,rKTs (CC BY 4.0): Esukhia
zed,ཟེད,zag med,ཟག་མེད,rKTs (CC BY 4.0): Esukhia
zangasay+ya',ཟངསཡྱའ,zangs g.ya',ཟངས་གཡའ,rKTs (CC BY 4.0): Esukhia
zangalcaDa,ཟངལྕཌ,zangs lcags,ཟངས་ལྕགས,rKTs (CC BY 4.0): Esukhia
zade,ཟདེ,zad de,ཟད་དེ,rKTs (CC BY 4.0): Dzongkha abbreviations
zad+yed,ཟདྱེད,zad byed,ཟད་བྱེད,rKTs (CC BY 4.0): Esukhia
zabarling,ཟབརླིང,zab brling,ཟབ་བརླིང,rKTs (CC BY 4.0): Dzongkha abbreviations
zaboM,ཟབོཾ,zab mo,ཟབ་མོ,rKTs (CC BY 4.0)
zabasu,ཟབསུ,zabs su,ཟབས་སུ,rKTs (CC BY 4.0): Dzongkha abbreviations
zamu,ཟམུ,zam zum,ཟམ་ཟུམ,rKTs (CC BY 4.0): Dzongkha abbreviations
zaM,ཟྃ,zam,ཟམ,rKTs (CC BY 4.0)
zaru,ཟརུ,zar zur,ཟར་ཟུར,rKTs (CC BY 4.0): Dzongkha abbreviations
zasany+ya,ཟསཉྱ,zas gnyag,ཟས་གཉག,rKTs (CC BY 4.0): Esukhia
zasang,ཟསང་,zas dang,ཟས་དང་,rKTs (CC BY 4.0): Esukhia
zas+cud,ཟསྕུད,zas bcud,ཟས་བཅུད,rKTs (CC BY 4.0): Esukhia
zasod,ཟསོད,zas bsod,ཟས་བསོད,rKTs (CC BY 4.0): Dzongkha abbreviations
zasu,ཟསུ,zas su,ཟས་སུ,rKTs (CC BY 4.0): Dzongkha abbreviations
zIng,ཟཱིང,zing zing,ཟིང་ཟིང,rKTs (CC BY 4.0): Dzongkha abbreviations
zinad+yang,ཟིནདྱང,zin kyang,ཟིན་ཀྱང,rKTs (CC BY 4.0): Esukhia
zinar,ཟིནར,zin par,ཟིན་པར,rKTs (CC BY 4.0): Dzongkha abbreviations
zu+ing,ཟིུང༌,zin phung,ཟིན་ཕུང༌,rKTs (CC BY 4.0): Dzongkha abbreviations
zIm,ཟཱིམ,zim zim,ཟིམ་ཟིམ,rKTs (CC BY 4.0): Dzongkha abbreviations
zilaM,ཟིལཾ,zil ma,ཟིལ་མ,rKTs (CC BY 4.0): Dzongkha abbreviations
zungig,ཟུངིག,zung gcig,ཟུང་གཅིག,rKTs (CC BY 4.0): Dzongkha abbreviations
zung^ud,ཟུངུ༹ད,zung tshud,ཟུང་ཚུད,rKTs (CC BY 4.0): Dzongkha abbreviations
zungag,ཟུངག,zung 'jug,ཟུང་འཇུག,rKTs (CC BY 4.0): Dzongkha abbreviations
zungug,ཟུངུག,zung 'jug,ཟུང་འཇུག,rKTs (CC BY 4.0): Dzongkha abbreviations
zu+uMg,ཟུུཾག,zung 'jug,ཟུང་འཇུག,rKTs (CC BY 4.0): Bacot écriture cursive Tibétaine
zung+rel,ཟུངྲེལ,zung 'brel,ཟུང་འབྲེལ,rKTs (CC BY 4.0): Esukhia
zungor,ཟུངོར,zung sbyor,ཟུང་སྦྱོར,rKTs (CC BY 4.0): Dzongkha abbreviations
zung+yor,ཟུངྱོར,zung sbyor,ཟུང་སྦྱོར,rKTs (CC BY 4.0): Dzongkha abbreviations
zuM,ཟུཾ,zum,ཟུམ,rKTs (CC BY 4.0)
zer+can,ཟེརྕན,zer can,ཟེར་ཅན,rKTs (CC BY 4.0): Esukhia
zerangi,ཟེརངི,zer zhing,ཟེར་ཞིང,rKTs (CC BY 4.0): Esukhia
zero,ཟེརོ,zer ro,ཟེར་རོ,rKTs (CC BY 4.0): Dzongkha abbreviations
z+nos,ཟྣོས,zos nas,ཟོས་ནས,rKTs (CC BY 4.0): Esukhia
zlaM gsu+ims,ཟླཾ་གསིུམས,zla gam gsum gyis,ཟླ་གམ་གསུམ་གྱིས,rKTs (CC BY 4.0): Bacot écriture cursive Tibétaine
zlaMn,ཟླཾན,zla gam can,ཟླ་གམ་ཅན,rKTs (CC BY 4.0): Dzongkha abbreviations
zlaM,ཟླཾ,zla gam,ཟླ་གམ,rKTs (CC BY 4.0)
zlo,ཟློ,zla bo,ཟླ་བོ,rKTs (CC BY 4.0): Dzongkha abbreviations
zl^an,ཟླ༹ན,zla mtshan,ཟླ་མཚན,rKTs (CC BY 4.0): Dzongkha abbreviations
zl^esaM,ཟླེ༹སཾ,zla mdzes ma,ཟླ་མཛེས་མ,rKTs (CC BY 4.0): Dzongkha abbreviations
zl^es,ཟླེ༹ས,zla tshes,ཟླ་ཚེས,rKTs (CC BY 4.0): Dzongkha abbreviations
zler,ཟླེར,zla zer,ཟླ་ཟེར,rKTs (CC BY 4.0): Dzongkha abbreviations
zl^in,ཟླི༹ན,zla 'dzin,ཟླ་འཛིན,rKTs (CC BY 4.0)
zlu+oM,ཟློུཾ,zlum po,ཟླུམ་པོ,rKTs (CC BY 4.0)
zlUm,ཟླཱུམ,zlum zlum,ཟླུམ་ཟླུམ,rKTs (CC BY 4.0): Dzongkha abbreviations
zloskyon,ཟློསྐྱོན,zlos skyon,ཟློས་སྐྱོན,rKTs (CC BY 4.0): Dzongkha abbreviations
'kharil,འཁརིལ,'khar gsil,འཁར་གསིལ,rKTs (CC BY 4.0): Dzongkha abbreviations
'kharnga,འཁརྔ,'khar rnga,འཁར་རྔ,rKTs (CC BY 4.0): Dzongkha abbreviations
'kh^o+in,འཁོི༹ན,'khon 'dzin,འཁོན་འཛིན,rKTs (CC BY 4.0): Dzongkha abbreviations
'on,འོན,'khon,འཁོན,rKTs (CC BY 4.0): Esukhia
'khobaM,འཁོབྃ,'khob bam,འཁོབ་བམ,rKTs (CC BY 4.0): Esukhia
'khobal,འཁོབལ,'khob bal,འཁོབ་བལ,rKTs (CC BY 4.0): Dzongkha abbreviations
'aro+i,འརོི་,'khor gyi,འཁོར་གྱི་,rKTs (CC BY 4.0): Esukhia
'khorangs,འཁོརངས,'khor dang bcas,འཁོར་དང་བཅས,rKTs (CC BY 4.0)
'arongs,འརོངས,'khor dang bcas,འཁོར་དང་བཅས,rKTs (CC BY 4.0): Dzongkha abbreviations
'rongs,འྲོངས,'khor dng bcas,འཁོར་དང་བཅས,rKTs (CC BY 4.0): Bacot écriture cursive Tibétaine
'khor 'das,འཁོར་འདས,'khor ba dang myang 'das,འཁོར་བ་དང་མྱང་འདས,rKTs (CC BY 4.0): Bacot écriture cursive Tibétaine
'aro'i,འརོའི,'khor ba'i,འཁོར་བའི,rKTs (CC BY 4.0): Esukhia
'khoras,འཁོརས,'khor bcas,འཁོར་བཅས,rKTs (CC BY 4.0)
'khors,འཁོརས,'khor bcas,འཁོར་བཅས,rKTs (CC BY 4.0): Bacot écriture cursive Tibétaine
'aros,འརོས,'khor bcas,འཁོར་བཅས,rKTs (CC BY 4.0): Dzongkha abbreviations
'ros,འྲོས,'khor bcas,འཁོར་བཅས,rKTs (CC BY 4.0): Bacot écriture cursive Tibétaine
'khorangs,༅ཁོརངས,'khor bsrungs,འཁོར་བསྲུངས,rKTs (CC BY 4.0): Bacot écriture cursive Tibétaine
'khru+orangs,འཁྲོུརངས,'khor bsrungs,འཁོར་བསྲུངས,rKTs (CC BY 4.0): Bacot écriture cursive Tibétaine
'aru+ongs,འརོུངས,'khor bsrungs,འཁོར་བསྲུངས,rKTs (CC BY 4.0): Dzongkha abbreviations
'orungs,འོརུངས,'khor bsrungs,འཁོར་བསྲུངས,rKTs (CC BY 4.0): Dzongkha abbreviations
'+ruorang,འྲུཨོརང,'khor bsrungs,འཁོར་བསྲུངས,rKTs (CC BY 4.0): Bacot écriture cursive Tibétaine
'+ru+ogns,འྲོུགནས,'khor bsrungs,འཁོར་བསྲུངས,rKTs (CC BY 4.0): Bacot écriture cursive Tibétaine
'arodaso,འརོདསོ,'khor 'das so,འཁོར་འདས་སོ,rKTs (CC BY 4.0): Esukhia
'khoras,འཁོརས,'khor 'das,འཁོར་འདས,rKTs (CC BY 4.0)
'khordas,འཁོརྡས,'khor 'das,འཁོར་འདས,rKTs (CC BY 4.0): Dzongkha abbreviations
'kh+dors,འཁྡོརས,'khor 'das,འཁོར་འདས,rKTs (CC BY 4.0): Bacot écriture cursive Tibétaine
'kh+dos,འཁྡོས,'khor 'das,འཁོར་འདས,rKTs (CC BY 4.0): Bacot écriture cursive Tibétaine
'aro yugi,འརོ་ཡུགི,'khor yug gi,འཁོར་ཡུག་གི,rKTs (CC BY 4.0): Dzongkha abbreviations
'khorgyal,འཁོརྒྱལ,'khor rgyal,འཁོར་རྒྱལ,rKTs (CC BY 4.0): Dzongkha abbreviations
'khoro sdoM pa,འཁོརོ་སྡོཾ་པ,'khor lo sdom pa,འཁོར་ལོ་སྡོམ་པ,rKTs (CC BY 4.0): Dzongkha abbreviations
'khaur,འཁཽར,'khor lo,འཁོར་ལོ,rKTs (CC BY 4.0)
'khoro,འཁོརོ,'khor lo,འཁོར་ལོ,rKTs (CC BY 4.0)
'kho+or,འཁོོར,'khor lo,འཁོར་ལོ,rKTs (CC BY 4.0): Tibetan Shorthand Contractions
'or,འོར,'khor lo,འཁོར་ལོ,rKTs (CC BY 4.0): Bacot écriture cursive Tibétaine
'oro,འོརོ,'khor lo,འཁོར་ལོ,rKTs (CC BY 4.0): Dzongkha abbreviations
'arau,འརཽ,'khor lo,འཁོར་ལོ,rKTs (CC BY 4.0): Esukhia
'aur,འཽར,'khor lo,འཁོར་ལོ,rKTs (CC BY 4.0): Esukhia
'khaurar,འཁཽརར,'khor lor,འཁོར་ལོར,rKTs (CC BY 4.0): Dzongkha abbreviations
'aro,འརོ,'khor,འཁོར,rKTs (CC BY 4.0): Esukhia
'or,འོར,'khor,འཁོར,rKTs (CC BY 4.0): Esukhia
'khyago,འཁྱགོ,khyag 'khyog,འཁྱག་འཁྱོག,rKTs (CC BY 4.0): Dzongkha abbreviations
'khyaMs,འཁྱཾས,'khyams,འཁྱམས,rKTs (CC BY 4.0): Dzongkha abbreviations
'khyaro,འཁྱརོ,'khyar 'khyor,འཁྱར་འཁྱོར,rKTs (CC BY 4.0): Dzongkha abbreviations
'khrigyor,འཁྲིགྱོར,'khrig sbyor,འཁྲིག་སྦྱོར,rKTs (CC BY 4.0): Dzongkha abbreviations
'khril+yor,འཁྲིལྱོར,'khril sbyor,འཁྲིལ་སྦྱོར,rKTs (CC BY 4.0): Bacot écriture cursive Tibétaine
'khr^u+od,འཁྲོུ༹ད,'khrug rtsod,འཁྲུག་རྩོད,rKTs (CC BY 4.0): Dzongkha abbreviations
'khrungo,འཁྲུངོ༌,'khrug long,འཁྲུག་ལོང༌,rKTs (CC BY 4.0): Dzongkha abbreviations
'khrungaskar,འཁྲུངསྐར,'khrungs skar,འཁྲུངས་སྐར,rKTs (CC BY 4.0): Dzongkha abbreviations
'khruMso,འཁྲུཾསོ,'khrungs so,འཁྲུངས་སོ,rKTs (CC BY 4.0): Esukhia
khrungso,ཁྲུངསོ,'khrungs so ,འཁྲུངས་སོ ,rKTs (CC BY 4.0): Nima Hojer Lama The Genealogy of Ya-ngal Family of Dolpo
'khru+or,འཁྲོུར,'khrul 'khor,འཁྲུལ་འཁོར,rKTs (CC BY 4.0)
'khru+oro,འཁྲོུརོ,'khrul 'khor,འཁྲུལ་འཁོར,rKTs (CC BY 4.0): Dzongkha abbreviations
'gageMd,འགགེཾད,'gag med,འགག་མེད,rKTs (CC BY 4.0): Dzongkha abbreviations
'geMd,འགེཾད,'gag med,འགག་མེད,rKTs (CC BY 4.0): Dzongkha abbreviations
'gem+d,འགེམྡ,'gag med,འགག་མེད,rKTs (CC BY 4.0): Bacot écriture cursive Tibétaine
'gagaMed,འགགཾཨེད,'gag med,འགག་མེད,rKTs (CC BY 4.0): Nima Hojer Lama The Genealogy of Ya-ngal Family of Dolpo
'gig,འགིག,ga' zhig,འགའ་ཞིག,rKTs (CC BY 4.0): Dzongkha abbreviations
'gigi,འགིགི,'ga' zhig gi,འགའ་ཞིག་གི,rKTs (CC BY 4.0): Dzongkha abbreviations
'gal+yen b.rad,འགལྱེན་བརད,'gal rkyen bar chad,འགལ་རྐྱེན་བར་ཆད,rKTs (CC BY 4.0): Dzongkha abbreviations
'gal+yen,འགལྱེན,'gal rkyen,འགལ་རྐྱེན,rKTs (CC BY 4.0)
'guDa,འགུཌ་,'gugs,འགུགས་,rKTs (CC BY 4.0): Esukhia
'gumasu,འགུམསུ,'gums su,འགུམས་སུ,rKTs (CC BY 4.0): Dzongkha abbreviations
'gau,འགཽ,'go bo,འགོ་བོ,rKTs (CC BY 4.0): Dzongkha abbreviations
'gong,འགོང,'gong po,འགོང་པོ,rKTs (CC BY 4.0): Bacot écriture cursive Tibétaine
'gongo,འགོངོ,'gong po,འགོང་པོ,rKTs (CC BY 4.0): Dzongkha abbreviations
'gonga'i,འགོངའི,'gong ba'i,འགོང་བའི,rKTs (CC BY 4.0): Dzongkha abbreviations
'godaka'o,འགོདཀའོ་,'god dka'a'o,འགོད་དཀའའོ་,rKTs (CC BY 4.0): Esukhia
'gono,འགོནོ,'gon po,འགོན་པོ,rKTs (CC BY 4.0): Nima Hojer Lama The Genealogy of Ya-ngal Family of Dolpo
g'o',གའོའ,'go',འགོའ,rKTs (CC BY 4.0): Nima Hojer Lama The Genealogy of Ya-ngal Family of Dolpo
'gyaru,འགྱརུ,'gyar 'gyur,འགྱར་འགྱུར,rKTs (CC BY 4.0): Dzongkha abbreviations
'gyu+ed,འགྱེུད,'gyu byed,འགྱུ་བྱེད,rKTs (CC BY 4.0)
'gyured,འགྱུརེད,'gyur med,འགྱུར་མེད,rKTs (CC BY 4.0)
'gyureMd,འགྱུརེཾད,'gyur med,འགྱུར་མེད,rKTs (CC BY 4.0): Dzongkha abbreviations
'gyuro,འགྱུརོ,'gyur ro,འགྱུར་རོ,rKTs (CC BY 4.0): Dzongkha abbreviations
'gyoD,འགྱོཌ,'gyogs,འགྱོགས,rKTs (CC BY 4.0): Nima Hojer Lama The Genealogy of Ya-ngal Family of Dolpo
'griMs,འགྲིཾས,'grims,འགྲིམས,rKTs (CC BY 4.0): Dzongkha abbreviations
'grubya,འགྲུབྱ,'grub bya,འགྲུབ་བྱ,rKTs (CC BY 4.0)
'grubyor,འགྲུབྱོར,'grub sbyor,འགྲུབ་སྦྱོར,rKTs (CC BY 4.0)
'gru+or,འགྲོུར,'grub sbyor,འགྲུབ་སྦྱོར,rKTs (CC BY 4.0): Dzongkha abbreviations
'grauT,འགྲཽཊ,'gro grogs,འགྲོ་གྲོགས,rKTs (CC BY 4.0): Dzongkha abbreviations
'groon,འགྲཽན,'gro don,འགྲོ་དོན,rKTs (CC BY 4.0): Nima Hojer Lama The Genealogy of Ya-ngal Family of Dolpo
'gru+og,འགྲོུག,'gro drug,འགྲོ་དྲུག,rKTs (CC BY 4.0): Dzongkha abbreviations
'gru+og,འགྲོུག,'gro drug,འགྲོ་དྲུག,rKTs (CC BY 4.0): Bacot écriture cursive Tibétaine
'gro sdod,འགྲོ་སྡོད,'gro ba dang sdad pa,འགྲོ་བ་དང་སྡད་པ,rKTs (CC BY 4.0): Bacot écriture cursive Tibétaine
'gron,འགྲོན,'gro mgan,འགྲོ་མགན,rKTs (CC BY 4.0): Bacot écriture cursive Tibétaine
'graun,འགྲཽན,'gro mgon,འགྲོ་མགོན,rKTs (CC BY 4.0)
'groon,འགྲཽན,'gro mgon,འགྲོ་མགོན,rKTs (CC BY 4.0): Nima Hojer Lama The Genealogy of Ya-ngal Family of Dolpo
'grogyurang,འགྲོགྱུརང,'gro 'gyur dang,འགྲོ་འགྱུར་དང,rKTs (CC BY 4.0): Esukhia
'gronu,འགྲོནུ,'gron bu,འགྲོན་བུ,rKTs (CC BY 4.0): Dzongkha abbreviations
'chagaso,འཆགསོ,'chags so,འཆགས་སོ,rKTs (CC BY 4.0): Dzongkha abbreviations
'chaTo,འཆཊོ,'chags so,འཆགས་སོ,rKTs (CC BY 4.0): Dzongkha abbreviations
'chabyed,འཆབྱེད,'chab byed,འཆབ་བྱེད,rKTs (CC BY 4.0): Dzongkha abbreviations
'chalo,འཆལོ,'chal lo,འཆལ་ལོ,rKTs (CC BY 4.0): Dzongkha abbreviations
'chig,འཆིག,chi bdag,འཆི་བདག,rKTs (CC BY 4.0): Dzongkha abbreviations
'ach+dig,འཆྡིག,'chi bdag,འཆི་བདག,rKTs (CC BY 4.0): Tibetan Shorthand Contractions
'chi medabang mo,འཆི་མེདབང་མོ,'chi med dbang mo,འཆི་མེད་དབང་མོ,rKTs (CC BY 4.0): Dzongkha abbreviations
'chide+oM,འཆིདེོཾ,'chi med dbang mo,འཆི་མེད་དབང་མོ,rKTs (CC BY 4.0): Dzongkha abbreviations
'chide,འཆིདེ,'chi med,འཆི་མེད,rKTs (CC BY 4.0): Dzongkha abbreviations
'chi+ed,འཆིེད,'chi med,འཆི་མེད,rKTs (CC BY 4.0): Bacot écriture cursive Tibétaine
'chi+or,འཆིོར,'chi sbyor,འཆི་སྦྱོར,rKTs (CC BY 4.0): Dzongkha abbreviations
'ch+yi+or,འཆྱིོར,'chi sbyor,འཆི་སྦྱོར,rKTs (CC BY 4.0): Dzongkha abbreviations
'ach+yo+ir,འཆྱོིར,'chi sbyor,འཆི་སྦྱོར,rKTs (CC BY 4.0): Tibetan Shorthand Contractions
'choskyob,འཆོསྐྱོབ,'chos skyob,འཆོས་སྐྱོབ,rKTs (CC BY 4.0): Dzongkha abbreviations
'jab^e,འཇབེ༹,'jab tse,འཇབ་ཙེ,rKTs (CC BY 4.0): Dzongkha abbreviations
'jaMl+yings,འཇཾལྱིངས,'jam dpal gyi dbyangs,འཇམ་དཔལ་གྱི་དབྱངས,rKTs (CC BY 4.0): Dzongkha abbreviations
'jaMl+yi,འཇཾལྱི,'jam dpal gyi,འཇམ་དཔལ་གྱི,rKTs (CC BY 4.0): Dzongkha abbreviations
'jaMl+yis,འཇཾལྱིས,'jam dpal gyis,འཇམ་དཔལ་གྱིས,rKTs (CC BY 4.0): Dzongkha abbreviations
'jaMl rdo+e,འཇཾལ་རྡོེ,'jam dpal rdo rje,འཇམ་དཔལ་རྡོ་རྗེ,rKTs (CC BY 4.0): Dzongkha abbreviations
'jaMl,འཇཾལ,'jam dpal,འཇམ་དཔལ,rKTs (CC BY 4.0)
'jaMngs,འཇཾངས,'jam dbyangs,འཇམ་དབྱངས,rKTs (CC BY 4.0): Dzongkha abbreviations
'jaMyangs,འཇཾཡངས,'jam dbyangs,འཇམ་དབྱངས,rKTs (CC BY 4.0): Dzongkha abbreviations
'aj+yaMngs,འཇྱཾངས,'jam dbyangs,འཇམ་དབྱངས,rKTs (CC BY 4.0): Dzongkha abbreviations
'j+yaMngs,འཇྱཾངས,'jam dbyangs,འཇམ་དབྱངས,rKTs (CC BY 4.0): Bacot écriture cursive Tibétaine
'jamagon,འཇམགོན,'jam mgon,འཇམ་མགོན,rKTs (CC BY 4.0): Dzongkha abbreviations
'jaMgon,འཇཾགོན,'jam mgon,འཇམ་མགོན,rKTs (CC BY 4.0): Dzongkha abbreviations
'jamanyen,འཇམཉེན,'jam mnyen,འཇམ་མཉེན,rKTs (CC BY 4.0): Dzongkha abbreviations
'j^aMse,འཇ༹ཾསེ,'jam mdzes,འཇམ་མཛེས,rKTs (CC BY 4.0): Dzongkha abbreviations
'jaMrdor,འཇཾརྡོར,'jam rdor,འཇམ་རྡོར,rKTs (CC BY 4.0): Esukhia
'jaMng,འཇཾང༌,'jam ljang,འཇམ་ལྗང༌,rKTs (CC BY 4.0): Dzongkha abbreviations
'jaM,འཇཾ,'jam,འཇམ,rKTs (CC BY 4.0): Dzongkha abbreviations
'ôn,འôན་,'ja' chon,འཇའ་ཆོན,rKTs (CC BY 4.0): Bacot écriture cursive Tibétaine
'jon,འཇོན,'ja' chon,འཇའ་ཆོན,rKTs (CC BY 4.0): Bacot écriture cursive Tibétaine
'j^on,འཇོ༹ན,'ja' tshon,འཇའ་ཚོན,rKTs (CC BY 4.0): Dzongkha abbreviations
j^on,ཇོ༹ན,'ja' tshon,འཇའ་ཚོན,rKTs (CC BY 4.0): Nima Hojer Lama The Genealogy of Ya-ngal Family of Dolpo
ja'odang,ཇའོདང,'ja' 'od dang,འཇའ་འོད་དང,rKTs (CC BY 4.0): Nima Hojer Lama The Genealogy of Ya-ngal Family of Dolpo
'ja'od,འཇའོད,'ja' 'od,འཇའ་འོད,rKTs (CC BY 4.0): Dzongkha abbreviations
'jo'd,འཇོའད,'ja' 'od,འཇའ་འོད,rKTs (CC BY 4.0): Bacot écriture cursive Tibétaine
'jig+nyi,འཇིགྙི,'jig nyi,འཇིག་ཉི,rKTs (CC BY 4.0)
'jigren,འཇིགྲེན,'jig 'dren,འཇིག་འདྲེན,rKTs (CC BY 4.0): Dzongkha abbreviations
'jigaserathub,འཇིགསེརཐུབ,'jig gser thub,འཇིག་གསེར་ཐུབ,rKTs (CC BY 4.0): Esukhia
'jigen gsuM,འཇིགེན་གསུཾ,'jig rten gsum,འཇིག་རྟེན་གསུམ,rKTs (CC BY 4.0): Dzongkha abbreviations
'ani+eme'isradi,འནིེམེའིསྲདི,'jig rten mi'i srid pa,འཇིག་རྟེན་མིའི་སྲིད་པ,rKTs (CC BY 4.0): Esukhia
'jigen,འཇིགེན,'jig rten,འཇིག་རྟེན,rKTs (CC BY 4.0)
'jine,འཇིནེ,'jig rten,འཇིག་རྟེན,rKTs (CC BY 4.0): Dzongkha abbreviations
'ji+en,འཇིེན,'jig rten,འཇིག་རྟེན,rKTs (CC BY 4.0): Bacot écriture cursive Tibétaine
'iten,འིཏེན,'jig rten,འཇིག་རྟེན,rKTs (CC BY 4.0): Dzongkha abbreviations
'ine,འིནེ,'jig rten,འཇིག་རྟེན,rKTs (CC BY 4.0)
'i+en,འིེན,'jig rten,འཇིག་རྟེན,rKTs (CC BY 4.0): Bacot écriture cursive Tibétaine
'jiDen,འཇིཌེན,'jigs rten,འཇིགས་རྟེན,rKTs (CC BY 4.0): Nima Hojer Lama The Genealogy of Ya-ngal Family of Dolpo
'jiTed,འཇིཊེད,'jigs byed,འཇིགས་བྱེད,rKTs (CC BY 4.0): Dzongkha abbreviations
'j+yide,འཇྱིདེ,'jigs byed,འཇིགས་བྱེད,rKTs (CC BY 4.0): Dzongkha abbreviations
'j+yi+ed,འཇྱིེད,'jigs byed,འཇིགས་བྱེད,rKTs (CC BY 4.0): Bacot écriture cursive Tibétaine
'jiTedaM,འཇིཊེདཾ,'jigs med,འཇིགས་མེད,rKTs (CC BY 4.0): Dzongkha abbreviations
'jiT su,འཇིཊ་སུ,'jigs su,འཇིགས་སུ,rKTs (CC BY 4.0): Dzongkha abbreviations
'jigaskrag,འཇིགསྐྲག,jigs skrag,འཇིགས་སྐྲག,rKTs (CC BY 4.0): Dzongkha abbreviations
'jiD,འཇིཌ,'jigs,འཇིགས,rKTs (CC BY 4.0): Nima Hojer Lama The Genealogy of Ya-ngal Family of Dolpo
'jibyed,འཇིབྱེད,'jib byed,འཇིབ་བྱེད,rKTs (CC BY 4.0): Dzongkha abbreviations
'ju+og,འཇོུག,jug ldog,འཇུག་ལྡོག,rKTs (CC BY 4.0): Dzongkha abbreviations
'juMd,འཇུཾད,'jur mdud,འཇུར་མདུད,rKTs (CC BY 4.0): Dzongkha abbreviations
'jo+eg,འཇོེག,'jo sgeg,འཇོ་སྒེག,rKTs (CC BY 4.0): Dzongkha abbreviations
'jogos,འཇོགོས,'jog dgos,འཇོག་དགོས,rKTs (CC BY 4.0): Dzongkha abbreviations
'j+yode,འཇྱོདེ,'joms byed,འཇོམས་བྱེད,rKTs (CC BY 4.0): Dzongkha abbreviations
'j+yomd,འཇྱོམད,'joms byed,འཇོམས་བྱེད,rKTs (CC BY 4.0): Bacot écriture cursive Tibétaine
'joMs,འཇོཾས,'joms,འཇོམས,rKTs (CC BY 4.0): Dzongkha abbreviations
'jolo,འཇོལོ,'jol mo,འཇོལ་མོ,rKTs (CC BY 4.0): Dzongkha abbreviations
'jaul,འཇཽལ,'jol 'jol,འཇོལ་འཇོལ,rKTs (CC BY 4.0): Dzongkha abbreviations
'thadaM,འཐདཾ,'thad dam,འཐད་དམ,rKTs (CC BY 4.0): Dzongkha abbreviations
'thabral,འཐབྲལ,'thab bral,འཐབ་བྲལ,rKTs (CC BY 4.0): Dzongkha abbreviations
'thAs,འཐཱས,'thas 'thas,འཐས་འཐས,rKTs (CC BY 4.0): Dzongkha abbreviations
'thUl,འཐཱུལ,'thul 'thul,འཐུལ་འཐུལ,rKTs (CC BY 4.0): Dzongkha abbreviations
'thorlung,འཐོརླུང,'thor rlung,འཐོར་རླུང,rKTs (CC BY 4.0): Dzongkha abbreviations
'dabadag,འདབདག,'dab bdag,འདབ་བདག,rKTs (CC BY 4.0): Esukhia
'dabazang,འདབཟང,'dab bzang,འདབ་བཟང,rKTs (CC BY 4.0): Dzongkha abbreviations
'dabargya,འདབརྒྱ,'dab brgya,འདབ་བརྒྱ,rKTs (CC BY 4.0): Dzongkha abbreviations
'dabargyad,འདབརྒྱད,'dab brgyad,འདབ་བརྒྱད,rKTs (CC BY 4.0): Esukhia
'dabasu,འདབསུ,'dabs su,འདབས་སུ,rKTs (CC BY 4.0): Dzongkha abbreviations
'd^aMb,འདཾ༹བ,'dam rdzab,འདམ་རྫབ,rKTs (CC BY 4.0): Dzongkha abbreviations
'daM,འདཾ,'dam,འདམ,rKTs (CC BY 4.0): Dzongkha abbreviations
'darang,འདརང,'dar dang,འདར་དང,rKTs (CC BY 4.0): Esukhia
'dasar,འདསར,'das par,འདས་པར,rKTs (CC BY 4.0): Dzongkha abbreviations
'daso,འདསོ,'das so,འདས་སོ,rKTs (CC BY 4.0): Nima Hojer Lama The Genealogy of Ya-ngal Family of Dolpo
'dig,འདིག,di dag,འདི་དག,rKTs (CC BY 4.0): Dzongkha abbreviations
'di+es,འདིེས,'di bzhes,འདི་བཞེས,rKTs (CC BY 4.0): Dzongkha abbreviations
'direT,འདིརེཊ,'dir gshegs,འདིར་གཤེགས,rKTs (CC BY 4.0): Dzongkha abbreviations
'du+ed,འདེུད,'du byed,འདུ་བྱེད,rKTs (CC BY 4.0)
'dru+od,འདྲོུད,'du 'phrod,འདུ་འཕྲོད,rKTs (CC BY 4.0): Dzongkha abbreviations
'drul,འདྲུལ,'du 'bral,འདུ་འབྲལ,rKTs (CC BY 4.0)
'd^u+i,འདིུ༹,'du 'dzi,འདུ་འཛི,rKTs (CC BY 4.0)
'du+es,འདེུས,'du shes,འདུ་ཤེས,rKTs (CC BY 4.0)
'duganas,འདུགནས,'dug gnas,འདུག་གནས,rKTs (CC BY 4.0): Dzongkha abbreviations
'dugin,འདུགིན,'dug gin,འདུག་གིན,rKTs (CC BY 4.0): Dzongkha abbreviations
'dugo,འདུགོ,'dug go,འདུག་གོ,rKTs (CC BY 4.0): Esukhia
'dulidzanach+yoM,འདུལིཛནཆྱོྃ,'dun 'dzin mchog,འདུན་འཛིན་མཆོག,rKTs (CC BY 4.0): Esukhia
'dul+yed,འདུལྱེད,'dul byed,འདུལ་བྱེད,rKTs (CC BY 4.0): Dzongkha abbreviations
'duso,འདུསོ,'dus so,འདུས་སོ,rKTs (CC BY 4.0)
'debasapo,འདེབསཔོ,'debs pa'o,འདེབས་པའོ,rKTs (CC BY 4.0): Esukhia
'debasu,འདེབསུ,'debs su,འདེབས་སུ,rKTs (CC BY 4.0): Dzongkha abbreviations
'dru+og,འདྲོུག,do drug,འདོ་དྲུག,rKTs (CC BY 4.0): Dzongkha abbreviations
'dodi,འདོདི,'dod kyi,འདོད་ཀྱི,rKTs (CC BY 4.0): Esukhia
'dodaMs,འདོདཾས,'dod khams,འདོད་ཁམས,rKTs (CC BY 4.0): Dzongkha abbreviations
'dodgs,འདོདགས,'dod chags,འདོད་ཆགས,rKTs (CC BY 4.0): Bacot écriture cursive Tibétaine
'dodaT,འདོདཊ,'dod chags,འདོད་ཆགས,rKTs (CC BY 4.0): Dzongkha abbreviations
'dodagu,འདོདགུ,'dod dgu,འདོད་དགུ,rKTs (CC BY 4.0): Dzongkha abbreviations
'du+os,འདོུས,'dod dus,འདོད་དུས,rKTs (CC BY 4.0): Dzongkha abbreviations
'dodral,འདོདྲལ,'dod bral,འདོད་བྲལ,rKTs (CC BY 4.0): Dzongkha abbreviations
'daudn,འདཽདན,'dod yon,འདོད་ཡོན,rKTs (CC BY 4.0): Bacot écriture cursive Tibétaine
'dodon,འདོདོན,'dod yon,འདོད་ཡོན,rKTs (CC BY 4.0): Dzongkha abbreviations
'doon,འདཽན,'dod yon,འདོད་ཡོན,rKTs (CC BY 4.0): Nima Hojer Lama The Genealogy of Ya-ngal Family of Dolpo
'doldan,འདོལྡན,'dod ldan,འདོད་ལྡན,rKTs (CC BY 4.0): Dzongkha abbreviations
'dodasredajigred,འདོདསྲེདཇིགྲེད,'dod sred 'jig dred,འདོད་སྲེད་འཇིག་དྲེད,rKTs (CC BY 4.0): Esukhia
'doMn,འདོཾན,'don mkhan,འདོན་མཁན,rKTs (CC BY 4.0): Dzongkha abbreviations
'daul,འདཽལ,'dol 'dol,འདོལ་འདོལ,rKTs (CC BY 4.0): Dzongkha abbreviations
'dolaM,འདོལྃ,'dol lam,འདོལ་ལམ,rKTs (CC BY 4.0): Esukhia
'drape,འདྲཔེ,'dra dpe,འདྲ་དཔེ,rKTs (CC BY 4.0): Dzongkha abbreviations
'drekar,འདྲེཀར,'dre dkar,འདྲེ་དཀར,rKTs (CC BY 4.0): Dzongkha abbreviations
'dres^al,འདྲེས༹ལ,'dres tshal,འདྲེས་ཚལ,rKTs (CC BY 4.0): Dzongkha abbreviations
'droDa,འདྲོཌ་,'drogs,འདྲོགས་,rKTs (CC BY 4.0): Esukhia
'phya'i,འཕྱའི,'phags pa'i,འཕགས་པའི,rKTs (CC BY 4.0): Esukhia
'phagaso,འཕགསོ,'phags so,འཕགས་སོ,rKTs (CC BY 4.0): Dzongkha abbreviations
'phagaskyeso,འཕགསྐྱེསོ,'phags skyes po,འཕགས་སྐྱེས་པོ,rKTs (CC BY 4.0): Dzongkha abbreviations
'phya,འཕྱ,'phags,འཕགས,rKTs (CC BY 4.0): Esukhia
'pheMn,འཕེཾན,'phen mkhan,འཕེན་མཁན,rKTs (CC BY 4.0): Dzongkha abbreviations
'phebso,འཕེབསོ,'phebs so,འཕེབས་སོ,rKTs (CC BY 4.0): Nima Hojer Lama The Genealogy of Ya-ngal Family of Dolpo
'phel+yi,འཕེལྱི,'phel gyi,འཕེལ་གྱི,rKTs (CC BY 4.0): Dzongkha abbreviations
'phel+nyi,འཕེལྙི,'phel nyi,འཕེལ་ཉི,rKTs (CC BY 4.0)
'phel+yogs,འཕེལྱོགས,'phel phyogs,འཕེལ་ཕྱོགས,rKTs (CC BY 4.0): Dzongkha abbreviations
'phel+yoT,འཕེལྱོཊ,'phel phyogs,འཕེལ་ཕྱོགས,rKTs (CC BY 4.0): Dzongkha abbreviations
'phye+oT,འཕྱེོཊ,'phel phyogs,འཕེལ་ཕྱོགས,rKTs (CC BY 4.0): Dzongkha abbreviations
'phrong,འཕྲོང,'pho brang,འཕོ་བྲང,rKTs (CC BY 4.0): Nima Hojer Lama The Genealogy of Ya-ngal Family of Dolpo
'phongaskyobaM,འཕོངསྐྱོབཾ,'phongs skyob ma,འཕོངས་སྐྱོབ་མ,rKTs (CC BY 4.0): Dzongkha abbreviations
'phren,འཕྲེན,'phra chen,འཕྲ་ཆེན,rKTs (CC BY 4.0)
phrisrubaraMdzad,ཕྲིསྲུབརྃཛད་,'phrin las 'grub par mdzod,འཕྲིན་ལས་འགྲུབ་པར་མཛོད་,rKTs (CC BY 4.0): Esukhia
phrisgrubs,ཕྲིསྒྲུབས,'phrin las sgrubs,འཕྲིན་ལས་སྒྲུབས,rKTs (CC BY 4.0): Esukhia
phris,ཕྲིས,'phrin las,འཕྲིན་ལས,rKTs (CC BY 4.0): Tibetan Shorthand Contractions
'phrinas,འཕྲིནས,'phrin las,འཕྲིན་ལས,rKTs (CC BY 4.0): Dzongkha abbreviations
'phris,འཕྲིས,'phrin las,འཕྲིན་ལས,rKTs (CC BY 4.0)
'phrulor,འཕྲུལོར,'phrul 'khor,འཕྲུལ་འཁོར,rKTs (CC BY 4.0)
'phru+or,འཕྲོུར,'phrul 'khor,འཕྲུལ་འཁོར,rKTs (CC BY 4.0): Dzongkha abbreviations
'phredu,འཕྲེདུ,'phred du,འཕྲེད་དུ,rKTs (CC BY 4.0): Dzongkha abbreviations
'phrinas,འཕྲིནས,'phrin las,འཕྲིན་ལས,rKTs (CC BY 4.0): Nima Hojer Lama The Genealogy of Ya-ngal Family of Dolpo
'phrogaso,འཕྲོགསོ,'phrogs so,འཕྲོགས་སོ,rKTs (CC BY 4.0): Dzongkha abbreviations
'bagu,འབགུ,'bag 'bug,འབག་འབུག,rKTs (CC BY 4.0): Dzongkha abbreviations
'badar,འབདར,'bad par,འབད་པར,rKTs (CC BY 4.0): Dzongkha abbreviations
'beMd,འབེཾད,'bad med,འབད་མེད,rKTs (CC BY 4.0): Dzongkha abbreviations
'avol,འབོ༹ལ,'bad rtsol,འབད་རྩོལ,rKTs (CC BY 4.0): Dzongkha abbreviations
'babyed,འབབྱེད,'bab byed,འབབ་བྱེད,rKTs (CC BY 4.0): Dzongkha abbreviations
'bagi,འབགི,ba' zhig,འབའ་ཞིག,rKTs (CC BY 4.0): Dzongkha abbreviations
'bairu,འབཻརུ,'ba' re 'bur re,འབའ་རེ་འབུར་རེ,rKTs (CC BY 4.0): Dzongkha abbreviations
'baru,འབརུ,'bar 'bur,འབར་འབུར,rKTs (CC BY 4.0): Dzongkha abbreviations
'biDade,འབིཌདེ,'bigs byed,འབིགས་བྱེད,rKTs (CC BY 4.0): Esukhia
'biDa,འབིཌ,'bigs,འབིགས,rKTs (CC BY 4.0): Esukhia
'bugrog+sag+sag+sag+sigagulanas,འབུགྲོགྶགྶགྶགྶིགགུལནས,'bu grog sag sag sag sig 'gul nas,འབུ་གྲོག་སག་སག་སག་སིག་འགུལ་ནས,rKTs (CC BY 4.0): Esukhia
'bunag,འབུནག,'bu nag,འབུ་ནག,rKTs (CC BY 4.0): Esukhia
'buMg,འབུཾག,'bum phrag,འབུམ་ཕྲག,rKTs (CC BY 4.0): Dzongkha abbreviations
'bruMg,འབྲུཾག,'bum phrag,འབུམ་ཕྲག,rKTs (CC BY 4.0): Bacot écriture cursive Tibétaine
'bumo,འབུམོ་,'bum mo,འབུམ་མོ་,rKTs (CC BY 4.0): Esukhia
'buM,འབུཾ,'bum,འབུམ,rKTs (CC BY 4.0): Dzongkha abbreviations
'bUr,འབཱུར,'bur 'bur,འབུར་འབུར,rKTs (CC BY 4.0): Dzongkha abbreviations
'bodungo,འབོདུངོ༌,'bod du 'ong,འབོད་དུ་འོང༌,rKTs (CC BY 4.0): Dzongkha abbreviations
'byaMs pa,འབྱཾས་པ,'byams pa,འབྱམས་པ,rKTs (CC BY 4.0): Dzongkha abbreviations
'byungs,འབྱུངས,'byung khungs,འབྱུང་ཁུངས,rKTs (CC BY 4.0): Dzongkha abbreviations
'byungs,འབྱུངས,'byung gnas,འབྱུང་གནས,rKTs (CC BY 4.0)
'byungo,འབྱུངོ༌,'byung po,འབྱུང་པོ,rKTs (CC BY 4.0): Dzongkha abbreviations
'byu+ong,འབྱོུང,'byung po,འབྱུང་པོ,rKTs (CC BY 4.0): Bacot écriture cursive Tibétaine
'buM,འབུཾ,'bum,འབུམ,rKTs (CC BY 4.0): Nima Hojer Lama The Genealogy of Ya-ngal Family of Dolpo
'byaMs,འབྱཾས,'byams,འབྱམས,rKTs (CC BY 4.0): Nima Hojer Lama The Genealogy of Ya-ngal Family of Dolpo
'byu+ed,འབྱེུད,'byed sdud,འབྱེད་སྡུད,rKTs (CC BY 4.0): Dzongkha abbreviations
'braladuM,འབྲལདུྃ,'bral 'dum,འབྲལ་འདུམ,rKTs (CC BY 4.0): Esukhia
'brasakar,འབྲསཀར,'bras dkar,འབྲས་དཀར,rKTs (CC BY 4.0): Esukhia
'brasage,འབྲསགེ,'bras dge,འབྲས་དགེ,rKTs (CC BY 4.0): Esukhia
'bras buzhi,འབྲས་བུཞི,'bras bu bzhi,འབྲས་བུ་བཞི,rKTs (CC BY 4.0): Dzongkha abbreviations
'brusaskyed,འབྲུསསྐྱེད,'bras bu bskyed,འབྲས་བུ་བསྐྱེད,rKTs (CC BY 4.0): Esukhia
'brus,འབྲུས,'bras bu,འབྲས་བུ,rKTs (CC BY 4.0)
'braseno,འབྲསེནོ,'bras rjen po,འབྲས་རྗེན་པོ,rKTs (CC BY 4.0): Dzongkha abbreviations
'brasen,འབྲསེན,'bras rjen,འབྲས་རྗེན,rKTs (CC BY 4.0): Dzongkha abbreviations
'brasil,འབྲསིལ,'bras sil,འབྲས་སིལ,rKTs (CC BY 4.0): Dzongkha abbreviations
'braspungs,འབྲསྤུངས,'bras spungs,འབྲས་སྤུངས,rKTs (CC BY 4.0): Dzongkha abbreviations
'brungs,འབྲུངས,'bras spungs,འབྲས་སྤུངས,rKTs (CC BY 4.0): Dzongkha abbreviations
'bru+ogs,འབྲོུགས,'bru bogs,འབྲུ་བོགས,rKTs (CC BY 4.0): Dzongkha abbreviations
'br^u,འབྲུ༹,'bru tsha,འབྲུ་ཚ,rKTs (CC BY 4.0): Dzongkha abbreviations
'brusmano,འབྲུསྨནོ་,'bru sman no,འབྲུ་སྨན་ནོ,rKTs (CC BY 4.0): Esukhia
'brugi lo,འབྲུགི་ལོ,'brug gi lo,འབྲུག་གི་ལོ,rKTs (CC BY 4.0): Dzongkha abbreviations
'brugi,འབྲུགི,'brug gi,འབྲུག་གི,rKTs (CC BY 4.0): Dzongkha abbreviations
'bruM bu,འབྲུཾ་བུ,'brum bu,འབྲུམ་བུ,rKTs (CC BY 4.0): Dzongkha abbreviations
'breleMd,འབྲེལེཾད,'brel med,འབྲེལ་མེད,rKTs (CC BY 4.0): Dzongkha abbreviations
'tshabu,འཚབུ,'tshab 'tshub,འཚབ་འཚུབ,rKTs (CC BY 4.0): Dzongkha abbreviations
'tshaMr,འཚཾར,'tsham par,འཚམ་པར,rKTs (CC BY 4.0): Dzongkha abbreviations
'tshuM,འཚུཾ,'tsham zhu,འཚམ་ཞུ,rKTs (CC BY 4.0): Dzongkha abbreviations
'tshaMde,འཚཾདེ,'tshams med,འཚམས་མེད,rKTs (CC BY 4.0): Dzongkha abbreviations
'tshemd,འཚེམད,'tshams med,འཚམས་མེད,rKTs (CC BY 4.0): Bacot écriture cursive Tibétaine
'tshuMs,འཚུཾས,'tshams zhus,འཚམས་ཞུས,rKTs (CC BY 4.0): Dzongkha abbreviations
'^aMsu,འཾ༹སུ,'tshams su,འཚམས་སུ,rKTs (CC BY 4.0): Dzongkha abbreviations
'tshaMs,འཚཾས,'tshams,འཚམས,rKTs (CC BY 4.0): Dzongkha abbreviations
'tsharo,འཚརོ,'tshar mo,འཚར་མོ,rKTs (CC BY 4.0): Dzongkha abbreviations
'tshUb,འཚཱུབ,'tshub 'tshub,འཚུབ་འཚུབ,rKTs (CC BY 4.0): Dzongkha abbreviations
'tsh+yo+ed,འཚྱོེད,'tshe skyong,འཚེ་སྐྱོང,rKTs (CC BY 4.0): Bacot écriture cursive Tibétaine
'tshos^i,འཚོསི༹,'tsho tshis,འཚོ་ཚིས,rKTs (CC BY 4.0): Dzongkha abbreviations
'tsho+is,འཚོིས,'tsho tshis,འཚོ་ཚིས,rKTs (CC BY 4.0): Dzongkha abbreviations
'atsh+yong,འཚྱོང༌,'tsho skyong,འཚོ་སྐྱོང༌,rKTs (CC BY 4.0): Dzongkha abbreviations
'dzagadzogong,འཛགཛོགོང་,'dzag 'dzog gong,འཛག་འཛོག་གོང་,rKTs (CC BY 4.0): Esukhia
'^angaspyod,འ༹ངསྤྱོད,'dzangs spyod,འཛངས་སྤྱོད,rKTs (CC BY 4.0): Dzongkha abbreviations
'^ad,འ༹ད,'dzad,འཛད,rKTs (CC BY 4.0): Dzongkha abbreviations
'^ano,འ༹ནོ,'dzan po,འཛན་པོ,rKTs (CC BY 4.0): Dzongkha abbreviations
'dz+ling,འཛླིང༌,'dzam gling,འཛམ་གླིང༌,rKTs (CC BY 4.0): Dzongkha abbreviations
'dz+laming,འཛླམིང,'dzam gling,འཛམ་གླིང,rKTs (CC BY 4.0): Bacot écriture cursive Tibétaine
'adz+ling,འཛླིང,'dzam gling,འཛམ་གླིང,rKTs (CC BY 4.0): Esukhia
'dzaM+ling,འཛཾ+ལིང,'dzam gling,འཛམ་གླིང,rKTs (CC BY 4.0): Nima Hojer Lama The Genealogy of Ya-ngal Family of Dolpo
'dzaM+lim,འཛཾ+ལིམ,'dzam glim,འཛམ་གླིམ,rKTs (CC BY 4.0): Nima Hojer Lama The Genealogy of Ya-ngal Family of Dolpo
'^uM,འུཾ༹,'dzam bu,འཛམ་བུ,rKTs (CC BY 4.0): Dzongkha abbreviations
'dzaM,འཛཾ,'dzam,འཛམ,rKTs (CC BY 4.0): Nima Hojer Lama The Genealogy of Ya-ngal Family of Dolpo
'^in pa,འི༹ན་པ,'dzin pa,འཛིན་པ,rKTs (CC BY 4.0): Dzongkha abbreviations
'^inaM,འི༹ནཾ,'dzin ma,འཛིན་མ,rKTs (CC BY 4.0): Dzongkha abbreviations
'dineMd,འདིནེཾད་,'dzin med,འཛིན་མེད་,rKTs (CC BY 4.0): Esukhia
'^in,འི༹ན,'dzin,འཛིན,rKTs (CC BY 4.0)
'dzuMg,འཛུཾག,dzum bag,འཛུམ་བག,rKTs (CC BY 4.0): Dzongkha abbreviations
'dzUm,འཛཱུམ,'dzum 'dzum,འཛུམ་འཛུམ,rKTs (CC BY 4.0): Dzongkha abbreviations
'dzeMde,འཛེཾདེ,'dzem med,འཛེམ་མེད,rKTs (CC BY 4.0): Dzongkha abbreviations
'dzA+ong,འཛཱོང,'dzong 'dzong,འཛོང་འཛོང,rKTs (CC BY 4.0): Dzongkha abbreviations
'dzaung,འཛཽང,'dzong 'dzong,འཛོང་འཛོང,rKTs (CC BY 4.0): Dzongkha abbreviations
'dzemed,འཛེམེད,'dzom med,འཛོམ་མེད,rKTs (CC BY 4.0): Dzongkha abbreviations
'dzoMs,འཛོཾས,'dzoms,འཛོམས,rKTs (CC BY 4.0): Nima Hojer Lama The Genealogy of Ya-ngal Family of Dolpo
'aru,འརུ,'ar 'ur,འར་འུར,rKTs (CC BY 4.0): Dzongkha abbreviations
'alo,འལོ,'al 'ol,འལ་འོལ,rKTs (CC BY 4.0): Dzongkha abbreviations
'ubasdus,འུབསྡུས,'ubs bsdus,འུབས་བསྡུས,rKTs (CC BY 4.0): Dzongkha abbreviations
'ur+chaslaskra,འུརྖསླསྐྲ,'ur cha slas skra,འུར་ཆ་སླས་སྐྲ,rKTs (CC BY 4.0): Esukhia
'Ur,འཱུར,'ur 'ur,འུར་འུར,rKTs (CC BY 4.0): Dzongkha abbreviations
'urdo,འུརྡོ,'ur rdo,འུར་རྡོ,rKTs (CC BY 4.0): Dzongkha abbreviations
'^u+oMni,འོུཾ༹ནི,'o ma 'dzin,འོ་མ་འཛིན,rKTs (CC BY 4.0): Dzongkha abbreviations
'oM,འོཾ,'o ma,འོ་མ,rKTs (CC BY 4.0)
'othung,འོཐུང,'o 'thung,འོ་འཐུང,rKTs (CC BY 4.0): Dzongkha abbreviations
'odzin,འོཛིན,'o 'dzin,འོ་འཛིན,rKTs (CC BY 4.0): Dzongkha abbreviations
'ogazhi,འོགཞི,'og gzhi,འོག་གཞི,rKTs (CC BY 4.0): Dzongkha abbreviations
'ogiso,འོགིསོ,'og gi gos,འོག་གི་གོས,rKTs (CC BY 4.0): Esukhia
'ogi,འོགི,'og gi,འོག་གི,rKTs (CC BY 4.0): Dzongkha abbreviations
'ogis,འོགིས,'og gis,འོག་གིས,rKTs (CC BY 4.0): Nima Hojer Lama The Genealogy of Ya-ngal Family of Dolpo
'og+tu,འོགྟུ,'og tu,འོག་ཏུ,rKTs (CC BY 4.0): Esukhia
'ogaM,འོགཾ,'og ma,འོག་མ,rKTs (CC BY 4.0): Dzongkha abbreviations
'ogin,འོགིན,'og min,འོག་མིན,rKTs (CC BY 4.0)
'oged,འོགེད,'og med,འོག་མེད,rKTs (CC BY 4.0): Dzongkha abbreviations
'ogatshud,འོགཚུད,'og tshud,འོག་ཚུད,rKTs (CC BY 4.0): Esukhia
'ogakhrug,འོགཁྲུག,'og 'khrug,འོག་འཁྲུག,rKTs (CC BY 4.0): Esukhia
'oM,འོཾ,'ong,འོང,rKTs (CC BY 4.0): Esukhia
'od+yis,འོདྱིས,'od kyis,འོད་ཀྱིས,rKTs (CC BY 4.0): Esukhia
'odas+yal,འོདསྱལ,'od gsal,འོད་གསལ,rKTs (CC BY 4.0): Esukhia
'odal,འོདལ,'od gsal,འོད་གསལ,rKTs (CC BY 4.0)
'odan,འོདན,'od can,འོད་ཅན,rKTs (CC BY 4.0): Dzongkha abbreviations
'odakar can,འོདཀར་ཅན,'od dkar can,འོད་དཀར་ཅན,rKTs (CC BY 4.0): Dzongkha abbreviations
'odakar,འོདཀར,'od dkar,འོད་དཀར,rKTs (CC BY 4.0)
'odar,འོདར,'od dkar,འོད་དཀར,rKTs (CC BY 4.0): Dzongkha abbreviations
'o+edar,འོེདར,'od dkar,འོད་དཀར,rKTs (CC BY 4.0): Bacot écriture cursive Tibétaine
'odpaged,འོདཔགེད,'od dpag med,འོད་དཔག་མེད,rKTs (CC BY 4.0): Bacot écriture cursive Tibétaine
'odapageMd,འོདཔགེཾད,'od dpag med,འོད་དཔག་མེད,rKTs (CC BY 4.0): Dzongkha abbreviations
'odamar,འོདམར,'od dmar,འོད་དམར,rKTs (CC BY 4.0): Dzongkha abbreviations
'odu,འོདུ,'od du,འོད་དུ,rKTs (CC BY 4.0): Bacot écriture cursive Tibétaine
'odrengan,འོདྲེངན,'od phreng can,འོད་ཕྲེང་ཅན,rKTs (CC BY 4.0): Dzongkha abbreviations
'odun,འོདུན,'od bdun,འོད་བདུན,rKTs (CC BY 4.0): Dzongkha abbreviations
'od+yed,འོདྱེད,'od byed,འོད་བྱེད,rKTs (CC BY 4.0): Esukhia
'od^es,འོདེ༹ས,'od mdzes,འོད་མཛེས,rKTs (CC BY 4.0): Dzongkha abbreviations
'oderan,འོདེརན,'od zer can,འོད་ཟེར་ཅན,rKTs (CC BY 4.0): Dzongkha abbreviations
'oderabyangeMs,འོདེརབྱངེཾས,'od zer byang sems,འོད་ཟེར་བྱང་སེམས,rKTs (CC BY 4.0): Dzongkha abbreviations
'odareb+zung,འོདརེབྯུང,'od zer rab zung,འོད་ཟེར་རབ་ཟུང,rKTs (CC BY 4.0): Esukhia
'oder,འོདེར,'od zer,འོད་ཟེར,rKTs (CC BY 4.0): Dzongkha abbreviations
'o+ed^ar,འོེད༹ར,'od zer,འོད་ཟེར,rKTs (CC BY 4.0): Bacot écriture cursive Tibétaine
'o+er,འོེར,'od zer,འོད་ཟེར,rKTs (CC BY 4.0)
'od^er,འོདེ༹ར,'od zer,འོད་ཟེར,rKTs (CC BY 4.0): Nima Hojer Lama The Genealogy of Ya-ngal Family of Dolpo
'odu,འོདུ,'od 'phur,འོད་འཕུར,rKTs (CC BY 4.0): Dzongkha abbreviations
'odro,འོདྲོ,'od 'phro,འོད་འཕྲོ,rKTs (CC BY 4.0): Esukhia
'odaphrosbyang,འོདཕྲོསྦྱང,'od 'phros sbyang,འོད་འཕྲོས་སྦྱང,rKTs (CC BY 4.0): Esukhia
'draus,འདྲཽས,'od 'phros,འོད་འཕྲོས,rKTs (CC BY 4.0): Bacot écriture cursive Tibétaine
'odros,འོདྲོས,'od 'phros,འོད་འཕྲོས,rKTs (CC BY 4.0): Dzongkha abbreviations
'od^er,འོདེ༹ར,'od 'tsher,འོད་འཚེར,rKTs (CC BY 4.0): Dzongkha abbreviations
'oldan,འོལྡན,'od ldan,འོད་ལྡན,rKTs (CC BY 4.0): Dzongkha abbreviations
'od+dan,འོདྡན,'od ldan,འོད་ལྡན,rKTs (CC BY 4.0): Esukhia
'odrung,འོདྲུང,'od srung,འོད་སྲུང,rKTs (CC BY 4.0): Esukhia
'odrungasde,འོདྲུངསྡེ,'od srungs sde,འོད་སྲུངས་སྡེ,rKTs (CC BY 4.0): Dzongkha abbreviations
'odrungs,འོདྲུངས,'od srungs,འོད་སྲུངས,rKTs (CC BY 4.0): Dzongkha abbreviations
'omu,འོམུ,'om bu,འོམ་བུ,rKTs (CC BY 4.0): Dzongkha abbreviations
'ores,འོརེས,'or res,འོར་རེས,rKTs (CC BY 4.0): Dzongkha abbreviations
'ol^od,འོལོ༹ད,'ol tshod,འོལ་ཚོད,rKTs (CC BY 4.0): Dzongkha abbreviations
'ol+yi,འོལྱི,'ol spyi,འོལ་སྤྱི,rKTs (CC BY 4.0): Dzongkha abbreviations
'osu+e,འོསེུ,'os su che,འོས་སུ་ཆེ,rKTs (CC BY 4.0): Dzongkha abbreviations
y^anas,ཡ༹ནས,ya mtshan nas,ཡ་མཚན་ནས,rKTs (CC BY 4.0): Dzongkha abbreviations
y^an,ཡ༹ན,ya mtshan,ཡ་མཚན,rKTs (CC BY 4.0): Dzongkha abbreviations
yaMtshan,ཡྃཚན,ya mtshan,ཡ་མཚན,rKTs (CC BY 4.0): Esukhia
y+yo,ཡྱོ,ya yo,ཡ་ཡོ,rKTs (CC BY 4.0): Dzongkha abbreviations
yaire,ཡཻརེ,ya re yer re,ཡ་རེ་ཡེར་རེ,rKTs (CC BY 4.0): Dzongkha abbreviations
yang+gi,ཡངྒི་,yang gi,ཡང་གི་,rKTs (CC BY 4.0): Esukhia
yangal,ཡངལ,yang ngal,ཡང་ངལ,rKTs (CC BY 4.0): Nima Hojer Lama The Genealogy of Ya-ngal Family of Dolpo
yang dgalas,ཡང་དགལས,yang dag gsal,ཡང་དག་གསལ,rKTs (CC BY 4.0): Dzongkha abbreviations
y+raMg th+ya,ཡྲཾག་ཐྱ,yang dag thugs,ཡང་དག་ཐུགས,rKTs (CC BY 4.0): Dzongkha abbreviations
y+ngaMga'ibod,ཡྔཾགའིབོད,yang dag pa'i bod,ཡང་དག་པའི་བོད,rKTs (CC BY 4.0): Esukhia
yang+dagar,ཡངྡགར,yang dag par,ཡང་དག་པར,rKTs (CC BY 4.0): Esukhia
yangadag,ཡངདག,yang dag,ཡང་དག,rKTs (CC BY 4.0): Dzongkha abbreviations
y+daMg,ཡྡཾག,yang dag,ཡང་དག,rKTs (CC BY 4.0): Dzongkha abbreviations
y+raMg,ཡྲཾག,yang dag,ཡང་དག,rKTs (CC BY 4.0): Dzongkha abbreviations
y+ngaM,ཡྔྃ་,yang ma,ཡང་མ་,rKTs (CC BY 4.0): Esukhia
yangaMde'i,ཡངྃདེའི,yang med pa'i,ཡང་མེད་པའི,rKTs (CC BY 4.0): Esukhia
yaMngeda'i,ཡྃངེདའི,yang med pa'i,ཡང་མེད་པའི,rKTs (CC BY 4.0): Esukhia
y+ngang,ཡྔང་,yang yang,ཡང་ཡང་,rKTs (CC BY 4.0): Esukhia
yaMspa,ཡྃསྤ་,yangs pa,ཡངས་པ་,rKTs (CC BY 4.0): Esukhia
yangod,ཡངོད,yang 'bod,ཡང་འབོད,rKTs (CC BY 4.0): Dzongkha abbreviations
yangangasoMs,ཡངངསོཾས,yang yang soms,ཡང་ཡང་སོམས,rKTs (CC BY 4.0): Dzongkha abbreviations
yangang,ཡངང༌,yang yang,ཡང་ཡང༌,rKTs (CC BY 4.0): Dzongkha abbreviations
yAng,ཡཱང,yang yang,ཡང་ཡང,rKTs (CC BY 4.0): Dzongkha abbreviations
yangng,ཡངང,yang yang,ཡང་ཡང,rKTs (CC BY 4.0): Bacot écriture cursive Tibétaine
yaMsing,ཡྃསིང,yangs shing,ཡངས་ཤིང,rKTs (CC BY 4.0): Esukhia
yan+kong,ཡནྐོང༌,yan kong,ཡན་ཀོང༌,rKTs (CC BY 4.0): Dzongkha abbreviations
yan+yi,ཡནྱི་,yan gyi,ཡན་གྱི་,rKTs (CC BY 4.0): Esukhia
yanadu,ཡནདུ,yan chad du,ཡན་ཆད་དུ,rKTs (CC BY 4.0): Dzongkha abbreviations
yand,ཡནད,yan chad,ཡན་ཆད,rKTs (CC BY 4.0)
yanad,ཡནད,yan chad,ཡན་ཆད,rKTs (CC BY 4.0): Nima Hojer Lama The Genealogy of Ya-ngal Family of Dolpo
ya+nad,ཡྣད,yan chad,ཡན་ཆད,rKTs (CC BY 4.0): Nima Hojer Lama The Genealogy of Ya-ngal Family of Dolpo
yanu,ཡནུ,yan du,ཡན་དུ,rKTs (CC BY 4.0): Dzongkha abbreviations
yanagi,ཡནགི,yan lag gi,ཡན་ལག་གི,rKTs (CC BY 4.0): Dzongkha abbreviations
yanagan,ཡནགན,yan lag can,ཡན་ལག་ཅན,rKTs (CC BY 4.0): Dzongkha abbreviations
yan+lagaci+us,ཡནླགཅིུས,yan lag bcu gnyis,ཡན་ལག་བཅུ་གཉིས,rKTs (CC BY 4.0): Esukhia
yanag,ཡནག,yan lag,ཡན་ལག,rKTs (CC BY 4.0)
yan+lag,ཡནླག,yan lag,ཡན་ལག,rKTs (CC BY 4.0): Dzongkha abbreviations
y+lag,ཡླག,yan lag,ཡན་ལག,rKTs (CC BY 4.0)
yab sras,ཡབ་སྲས,yab dang sras,ཡབ་དང་སྲས,rKTs (CC BY 4.0): Bacot écriture cursive Tibétaine
yubaM,ཡུབཾ,yab yum,ཡབ་ཡུམ,rKTs (CC BY 4.0): Bacot écriture cursive Tibétaine
yuM,ཡུཾ,yab yum,ཡབ་ཡུམ,rKTs (CC BY 4.0): Dzongkha abbreviations
yuMb,ཡུཾབ,yab yum,ཡབ་ཡུམ,rKTs (CC BY 4.0): Dzongkha abbreviations
yuMab,ཡུཾཨབ,yab yum,ཡབ་ཡུམ,rKTs (CC BY 4.0): Nima Hojer Lama The Genealogy of Ya-ngal Family of Dolpo
yabo,ཡབོ,yab yob,ཡབ་ཡོབ,rKTs (CC BY 4.0): Dzongkha abbreviations
yabras,ཡབྲས,yab sras,ཡབ་སྲས,rKTs (CC BY 4.0): Dzongkha abbreviations
yuM,ཡུཾ,yam bu,ཡམ་བུ,rKTs (CC BY 4.0): Dzongkha abbreviations
yamo,ཡམོ,yam yom,ཡམ་ཡོམ,rKTs (CC BY 4.0): Dzongkha abbreviations
yaM,ཡཾ,yam,ཡམ,rKTs (CC BY 4.0): Nima Hojer Lama The Genealogy of Ya-ngal Family of Dolpo
yAl,ཡཱལ,yal yal,ཡལ་ཡལ,rKTs (CC BY 4.0): Dzongkha abbreviations
yalal,ཡལལ,yal yal,ཡལ་ཡལ,rKTs (CC BY 4.0): Dzongkha abbreviations
yalu,ཡལུ,yal yul,ཡལ་ཡུལ,rKTs (CC BY 4.0): Dzongkha abbreviations
yalong,ཡལོང༌,yal song,ཡལ་སོང༌,rKTs (CC BY 4.0): Dzongkha abbreviations
yastaT,ཡསྟཊ,yas stags,ཡས་སྟགས,rKTs (CC BY 4.0): Dzongkha abbreviations
yastags,ཡསྟགས,yas stabs,ཡས་སྟབས,rKTs (CC BY 4.0): Dzongkha abbreviations
yi+eslob+dusro,ཡིེསློབྡུསྲོ་,yi ge slob dus sro,ཡི་གེ་སློབ་དུས་སྲོ་,rKTs (CC BY 4.0): Esukhia
yige,ཡིགེ,yi ge,ཡི་གེ,rKTs (CC BY 4.0): Dzongkha abbreviations
yi+e,ཡིེ,yi ge,ཡི་གེ,rKTs (CC BY 4.0)
yigasar+k+run,ཡིགསརྐྲུན,yig gsar skrun,ཡིག་གསར་སྐྲུན,rKTs (CC BY 4.0): Esukhia
yi daM,ཡི་དཾ,yi dam,ཡི་དམ,rKTs (CC BY 4.0): Dzongkha abbreviations
yidaM,ཡིདཾ,yi dam,ཡི་དམ,rKTs (CC BY 4.0): Bacot écriture cursive Tibétaine
yige,ཡིགེ,yig ge,ཡིག་གེ,rKTs (CC BY 4.0): Nima Hojer Lama The Genealogy of Ya-ngal Family of Dolpo
yige'i,ཡིགེའི,yig ge'i,ཡིག་གེའི,rKTs (CC BY 4.0): Nima Hojer Lama The Genealogy of Ya-ngal Family of Dolpo
yiger,ཡིགེར,yig ger,ཡིག་གེར,rKTs (CC BY 4.0): Nima Hojer Lama The Genealogy of Ya-ngal Family of Dolpo
yidaga',ཡིདགའ,yid dga',ཡིད་དགའ,rKTs (CC BY 4.0): Dzongkha abbreviations
yidabang,ཡིདབང༌,yid dbang,ཡིད་དབང༌,rKTs (CC BY 4.0): Dzongkha abbreviations
yidaM,ཡིདཾ,yid dam,ཡིད་དམ,rKTs (CC BY 4.0): Nima Hojer Lama The Genealogy of Ya-ngal Family of Dolpo
yidu+ong,ཡིདོུང༌,yid du 'ong,ཡིད་དུ་འོང༌,rKTs (CC BY 4.0): Dzongkha abbreviations
yidu,ཡིདུ,yid du,ཡིད་དུ,rKTs (CC BY 4.0): Esukhia
yino,ཡིནོ་,yin no,ཡིན་ནོ་,rKTs (CC BY 4.0)
y+ningi,ཡྣིངི,yin zhing,ཡིན་ཞིང,rKTs (CC BY 4.0): Esukhia
y+nil,ཡྣིལ,yin la,ཡིན་ལ,rKTs (CC BY 4.0): Esukhia
yining,ཡིནིང༌,yid bzhin dbang,ཡིད་བཞིན་དབང༌,rKTs (CC BY 4.0): Dzongkha abbreviations
yidnu+iro,ཡིདནིུརོ,yid bzhin nor bu,ཡིད་བཞིན་ནོར་བུ,rKTs (CC BY 4.0): Bacot écriture cursive Tibétaine
yidin,ཡིདིན,yid bzhin nor bu,ཡིད་བཞིན་ནོར་བུ,rKTs (CC BY 4.0): Bacot écriture cursive Tibétaine
yidinur,ཡིདིནུར,yid bzhin nor bu,ཡིད་བཞིན་ནོར་བུ,rKTs (CC BY 4.0): Dzongkha abbreviations
yinoru,ཡིནོརུ,yid bzhin nor bu,ཡིད་བཞིན་ནོར་བུ,rKTs (CC BY 4.0): Dzongkha abbreviations
yidani,ཡིདནི,yid bzhin,ཡིད་བཞིན,rKTs (CC BY 4.0): Dzongkha abbreviations
yidamug,ཡིདམུག,yid mug,ཡིད་མུག,rKTs (CC BY 4.0): Dzongkha abbreviations
yid laskyes,ཡིད་ལསྐྱེས,yid las skyes,ཡིད་ལས་སྐྱེས,rKTs (CC BY 4.0): Dzongkha abbreviations
yin+yi,ཡིནྱི,yin gyi,ཡིན་གྱི,rKTs (CC BY 4.0): Dzongkha abbreviations
yinamin,ཡིནམིན,yin nam min,ཡིན་ནམ་མིན,rKTs (CC BY 4.0): Dzongkha abbreviations
yinaM,ཡིནཾ,yin nam,ཡིན་ནམ,rKTs (CC BY 4.0)
yino,ཡིནོ,yin no,ཡིན་ནོ,rKTs (CC BY 4.0): Dzongkha abbreviations
yinar,ཡིནར,yin par,ཡིན་པར,rKTs (CC BY 4.0): Dzongkha abbreviations
yugi,ཡུགི,yug gi,ཡུག་གི,rKTs (CC BY 4.0): Dzongkha abbreviations
yunas,ཡུནས,yun gnas,ཡུན་གནས,rKTs (CC BY 4.0): Dzongkha abbreviations
yuni,ཡུནི་,yun ni,ཡུན་ནི་,rKTs (CC BY 4.0): Esukhia
yuniM,ཡུནིྃ,yun mi,ཡུན་མི,rKTs (CC BY 4.0): Esukhia
yun+ringagin,ཡུནྲིངགིན,yun sring gin,ཡུན་སྲིང་གིན,rKTs (CC BY 4.0): Esukhia
yun+ringasig,ཡུནྲིངསིག,yun srings shig,ཡུན་སྲིངས་ཤིག,rKTs (CC BY 4.0): Esukhia
yu+enaM,ཡེུནཾ,yum chen,ཡུམ་ཆེན,rKTs (CC BY 4.0): Bacot écriture cursive Tibétaine
yu+eMn,ཡེུཾན,yum chen,ཡུམ་ཆེན,rKTs (CC BY 4.0): Dzongkha abbreviations
yuMen,ཡུཾཨེན,yum chen,ཡུམ་ཆེན,rKTs (CC BY 4.0): Nima Hojer Lama The Genealogy of Ya-ngal Family of Dolpo
sras17,སྲས༡༧,yum sras bcu bdun,ཡུམ་སྲས་བཅུ་བདུན,rKTs (CC BY 4.0): Esukhia
yuM,ཡུཾ,yum,ཡུམ,rKTs (CC BY 4.0)
yuraM,ཡུརཾ,yur ma,ཡུར་མ,rKTs (CC BY 4.0): Dzongkha abbreviations
yulan,ཡུལན,yul can,ཡུལ་ཅན,rKTs (CC BY 4.0): Dzongkha abbreviations
yulteyul+rug,ཡུལྟེཡུལྲུག,yul te yul drug,ཡུལ་ཏེ་ཡུལ་དྲུག,rKTs (CC BY 4.0): Esukhia
yulab+nus,ཡུལབྣུས,yul dbus nas,ཡུལ་དབུས་ནས,rKTs (CC BY 4.0): Esukhia
yulaM,ཡུལྃ,yul lam,ཡུལ་ལམ,rKTs (CC BY 4.0): Esukhia
yulnga,ཡུལྔ,yul lnga,ཡུལ་ལྔ,rKTs (CC BY 4.0): Dzongkha abbreviations
yuljongs,ཡུལྗོངས,yul ljongs,ཡུལ་ལྗོངས,rKTs (CC BY 4.0): Dzongkha abbreviations
yulha,ཡུལྷ,yul lha,ཡུལ་ལྷ,rKTs (CC BY 4.0): Dzongkha abbreviations
yulaMs,ཡུལཾས,yul longs,ཡུལ་ལོངས,rKTs (CC BY 4.0): Esukhia
yulkad,ཡུལྐད,yul skad,ཡུལ་སྐད,rKTs (CC BY 4.0): Esukhia
yais thige,ཡཻས་ཐིགེ,ye shes thig le,ཡེ་ཤེས་ཐིག་ལེ,rKTs (CC BY 4.0): Dzongkha abbreviations
yais mtha'as,ཡཻས་མཐའས,ye shes mtha' yas,ཡེ་ཤེས་མཐའ་ཡས,rKTs (CC BY 4.0): Dzongkha abbreviations
yais^od,ཡཻསོ༹ད,ye shes mdzod,ཡེ་ཤེས་མཛོད,rKTs (CC BY 4.0): Dzongkha abbreviations
yai seMda',ཡཻ་སེཾདའ,ye shes sems dpa',ཡེ་ཤེས་སེམས་དཔའ,rKTs (CC BY 4.0): Dzongkha abbreviations
yaisaMda',ཡཻསཾདའ,ye shes sems dpa',ཡེ་ཤེས་སེམས་དཔའ,rKTs (CC BY 4.0): Bacot écriture cursive Tibétaine
yaisku,ཡཻསྐུ,ye shes sku,ཡེ་ཤེས་སྐུ,rKTs (CC BY 4.0): Dzongkha abbreviations
yais,ཡཻས,ye shes,ཡེ་ཤེས,rKTs (CC BY 4.0)
yees,ཡཻས,ye shes,ཡེ་ཤེས,rKTs (CC BY 4.0): Nima Hojer Lama The Genealogy of Ya-ngal Family of Dolpo
yeme ba,ཡེམེ་བ,yem me ba,ཡེམ་མེ་བ,rKTs (CC BY 4.0): Dzongkha abbreviations
yo'i,ཡོའི,yo ba'i,ཡོ་བའི,rKTs (CC BY 4.0): Esukhia
y+yode,ཡྱོདེ་,yo byad de,ཡོ་བྱད་དེ་,rKTs (CC BY 4.0): Esukhia
y+yod,ཡོྱད,yo byad,ཡོ་བྱད,rKTs (CC BY 4.0)
y+yod,ཡྱོད,yo byed,ཡོ་བྱེད,rKTs (CC BY 4.0): Esukhia
yo khyogrongaMkhan,ཡོ་ཁྱོགྲོངཾཁན,yo 'khyog srong mkhan,ཡོ་འཁྱོག་སྲོང་མཁན,rKTs (CC BY 4.0): Esukhia
yongs 'joMs,ཡོངས་འཇོཾས,yongs 'joms,ཡོངས་འཇོམས,rKTs (CC BY 4.0): Dzongkha abbreviations
yoMngs,ཡོཾངས,yongs 'joms,ཡོངས་འཇོམས,rKTs (CC BY 4.0): Dzongkha abbreviations
yangaugs,ཡངཽགས,yongs rdzogs,ཡོངས་རྫོགས,rKTs (CC BY 4.0): Bacot écriture cursive Tibétaine
yong^oT,ཡོངོ༹ཊ,yongs rdzogs,ཡོངས་རྫོགས,rKTs (CC BY 4.0): Dzongkha abbreviations
yongasru+ol,ཡོངསྲོུལ,yongs su grol,ཡོངས་སུ་གྲོལ,rKTs (CC BY 4.0): Dzongkha abbreviations
yongasu rdzogaso,ཡོངསུ་རྫོགསོ,yongs su rdzogs so,ཡོངས་སུ་རྫོགས་སོ,rKTs (CC BY 4.0): Dzongkha abbreviations
yongasu,ཡོངསུ,yongs su,ཡོངས་སུ,rKTs (CC BY 4.0): Dzongkha abbreviations
yoMsu,ཡོཾསུ,yongs su,ཡོངས་སུ,rKTs (CC BY 4.0): Esukhia
yongasrung,ཡོངསྲུང༌,yongs srung,ཡོངས་སྲུང༌,rKTs (CC BY 4.0): Dzongkha abbreviations
yodagu,ཡོདགུ,yod dgu,ཡོད་དགུ,rKTs (CC BY 4.0): Dzongkha abbreviations
yodaM,ཡོདཾ,yod dam,ཡོད་དམ,rKTs (CC BY 4.0): Dzongkha abbreviations
yode,ཡོདེ,yod de,ཡོད་དེ,rKTs (CC BY 4.0): Nima Hojer Lama The Genealogy of Ya-ngal Family of Dolpo
yodo,ཡོདོ,yod do,ཡོད་དོ,rKTs (CC BY 4.0): Dzongkha abbreviations
yoda'i,ཡོདའི,yod pa'i,ཡོད་པའི,rKTs (CC BY 4.0): Dzongkha abbreviations
yodar,ཡོདར,yod par,ཡོད་པར,rKTs (CC BY 4.0): Dzongkha abbreviations
Dar,ཌར,yod par,ཡོད་པར,rKTs (CC BY 4.0): Esukhia
yonas,ཡོནས,yon gnas,ཡོན་གནས,rKTs (CC BY 4.0): Dzongkha abbreviations
y+tonod,ཡོྟནོད,yon tan 'od,ཡོན་ཏན་འོད,rKTs (CC BY 4.0): Dzongkha abbreviations
y+ton rgyer,ཡོྟན་རྒྱེར,yon tan rgya cher,ཡོན་ཏན་རྒྱ་ཆེར,rKTs (CC BY 4.0): Dzongkha abbreviations
y+ton,ཡོྟན,yon tan,ཡོན་ཏན,rKTs (CC BY 4.0)
yo+tan,ཡོྟན,yon tan,ཡོན་ཏན,rKTs (CC BY 4.0): Nima Hojer Lama The Genealogy of Ya-ngal Family of Dolpo
yonag,ཡོནག,yon bdag,ཡོན་བདག,rKTs (CC BY 4.0)
yaund,ཡཽནད,yon mchod,ཡོན་མཆོད,rKTs (CC BY 4.0)
yaum,ཡཽམ,yom yom,ཡོམ་ཡོམ,rKTs (CC BY 4.0): Dzongkha abbreviations
yolo,ཡོལོ,yol go,ཡོལ་གོ,rKTs (CC BY 4.0): Dzongkha abbreviations
rba,རྦ,ra ba,ར་བ,rKTs (CC BY 4.0): Esukhia
r+yodaMkhano,རྱོདྃཁནོ,ra byed mkhan no,ར་བྱེད་མཁན་ནོ,rKTs (CC BY 4.0): Esukhia
ra yiganyis pa,ར་ཡིགཉིས་པ,ra yig gnyis pa,ར་ཡིག་གཉིས་པ,rKTs (CC BY 4.0): Dzongkha abbreviations
rangan,རངན,rang gzhan,རང་གཞན,rKTs (CC BY 4.0): Dzongkha abbreviations
rangazhan,རངཞན,rang gzhan,རང་གཞན,rKTs (CC BY 4.0): Esukhia
ranga'or,རངའོར,rang 'khor,རང་འཁོར,rKTs (CC BY 4.0): Esukhia
rangi,རངི༌,rang gi,རང་གི,rKTs (CC BY 4.0): Dzongkha abbreviations
rangis,རངིས,rang gis,རང་གིས,rKTs (CC BY 4.0): Dzongkha abbreviations
rangol,རངོལ,rang grol,རང་གྲོལ,rKTs (CC BY 4.0): Dzongkha abbreviations
rongal,རོངལ,rang grol,རང་གྲོལ,rKTs (CC BY 4.0): Bacot écriture cursive Tibétaine
rangag,རངག,rang cag,རང་ཅག,rKTs (CC BY 4.0): Dzongkha abbreviations
rangasu,རངསུ,rang chas su,རང་ཆས་སུ,rKTs (CC BY 4.0): Dzongkha abbreviations
rangany+yis,རངཉྱིས,rang nyid kyis,རང་ཉིད་ཀྱིས,rKTs (CC BY 4.0): Dzongkha abbreviations
rangid 1 po,རངིད་༡་པོ,rang nyid gcig po,རང་ཉིད་གཅིག་པོ,rKTs (CC BY 4.0): Dzongkha abbreviations
rangid,རངིད,rang nyid,རང་ཉིད,rKTs (CC BY 4.0)
rangin,རངིན,rang bzhin,རང་བཞིན,rKTs (CC BY 4.0): Dzongkha abbreviations
ringan,རིངན,rang bzhin,རང་བཞིན,rKTs (CC BY 4.0): Bacot écriture cursive Tibétaine
r+b+yung,རྦྱུང,rang byung,རང་བྱུང༌,rKTs (CC BY 4.0): Dzongkha abbreviations
r+yungaM,རྱུངཾ,rang byung,རང་བྱུང,rKTs (CC BY 4.0): Dzongkha abbreviations
rang^an,རང༹ན,rang mtshan,རང་མཚན,rKTs (CC BY 4.0): Dzongkha abbreviations
raMng^an,རཾང༹ན,rang mtshan,རང་མཚན,rKTs (CC BY 4.0): Dzongkha abbreviations
r+r+yung,རྲྱུང,rang 'byung,རང་འབྱུང,rKTs (CC BY 4.0): Bacot écriture cursive Tibétaine
rangang,རངང༌,rang rang,རང་རང༌,rKTs (CC BY 4.0)
rangig,རངིག,rang rig,རང་རིག,rKTs (CC BY 4.0): Dzongkha abbreviations
rango,རངོ,rang rong,རང་རོང,rKTs (CC BY 4.0): Dzongkha abbreviations
rang+sor,རངྶོར,rang sor,རང་སོར,rKTs (CC BY 4.0): Esukhia
rangasa'i,རངསའི,rangs pa'i,རངས་པའི,rKTs (CC BY 4.0): Dzongkha abbreviations
ranapa'o,རནཔའོ་,ran pa'o,རན་པའོ,rKTs (CC BY 4.0): Esukhia
rabaz+yaDabageMd,རབཟྱཌབགེཾད,rab gzugs bag med,རབ་གཟུགས་བག་མེད,rKTs (CC BY 4.0): Esukhia
rabad,རབད,rab chad,རབ་ཆད,rKTs (CC BY 4.0): Dzongkha abbreviations
rabd,རབད,rab chad,རབ་ཆད,rKTs (CC BY 4.0): Bacot écriture cursive Tibétaine
reMn,རེཾན,rab chen,རབ་ཆེན,rKTs (CC BY 4.0): Dzongkha abbreviations
raba',རབའ,rab dga',རབ་དགའ,rKTs (CC BY 4.0): Dzongkha abbreviations
rabaga',རབགའ,rab dga',རབ་དགའ,rKTs (CC BY 4.0): Esukhia
rabyungi,རབྱུངི་,rab byung gi,རབ་བྱུང་གི་,rKTs (CC BY 4.0): Esukhia
rabarjid,རབརྗིད,rab brjid,རབ་བརྗིད,rKTs (CC BY 4.0): Dzongkha abbreviations
rabartan,རབརྟན,rab brtan,རབ་བརྟན,rKTs (CC BY 4.0): Dzongkha abbreviations
rabasags,རབསགས,rab bsags,རབ་བསགས,rKTs (CC BY 4.0): Dzongkha abbreviations
rabasngaT,རབསྔཊ,rab bsngags,རབ་བསྔགས,rKTs (CC BY 4.0): Dzongkha abbreviations
rabyung,རབྱུང༌,rab byung,རབ་བྱུང༌,rKTs (CC BY 4.0)
rabyed,རབྱེད,rab byed,རབ་བྱེད,rKTs (CC BY 4.0): Dzongkha abbreviations
rabedaM,རབེདཾ,rab med,རབ་མེད,rKTs (CC BY 4.0): Dzongkha abbreviations
rabyos,རབྱོས,rab myos,རབ་མྱོས,rKTs (CC BY 4.0): Dzongkha abbreviations
rabyaMs,རབྱཾས,rab 'byams,རབ་འབྱམས,rKTs (CC BY 4.0)
rabyor,རབྱོར,rab 'byor,རབ་འབྱོར,rKTs (CC BY 4.0)
rabi,རབི,rab rib,རབ་རིབ,rKTs (CC BY 4.0): Dzongkha abbreviations
rib,རིབ,rab rib,རབ་རིབ,rKTs (CC BY 4.0): Dzongkha abbreviations
rabong,རབོང༌,rab stong,རབ་སྟོང༌,rKTs (CC BY 4.0): Dzongkha abbreviations
rabas+yi,རབསྱི་,rabs kyi,རབས་ཀྱི་,rKTs (CC BY 4.0): Esukhia
ramu,རམུ,ram bu,རམ་བུ,rKTs (CC BY 4.0): Dzongkha abbreviations
raMtsi,རྃཙི,ram rtsi,རམ་རྩི,rKTs (CC BY 4.0): Esukhia
raM,རྃ,ram,རམ,rKTs (CC BY 4.0)
ral+ri,རལིྲ,ral gri,རལ་གྲི,rKTs (CC BY 4.0)
ralang,རལང,ral dang,རལ་དང,rKTs (CC BY 4.0): Esukhia
ralan,རལན,ral ba can,རལ་བ་ཅན,rKTs (CC BY 4.0): Dzongkha abbreviations
ral+yaMs,རལྱཾས,ral 'khyams,རལ་འཁྱམས,rKTs (CC BY 4.0): Dzongkha abbreviations
ralcog,རལྕོག,ral lcog,རལ་ལྕོག,rKTs (CC BY 4.0): Dzongkha abbreviations
ras+yu'o,རསྱུའོ,ras rgyu'o,རས་རྒྱུའོ,rKTs (CC BY 4.0): Esukhia
ring,རིང,ri dang,རི་དང,rKTs (CC BY 4.0): Esukhia
ri+o,རིོ,ri bo,རི་བོ,rKTs (CC BY 4.0): Dzongkha abbreviations
ro+i,རོི,ri bo,རི་བོ,rKTs (CC BY 4.0): Bacot écriture cursive Tibétaine
ringon,རིངོན,ri bong can,རི་བོང་ཅན,rKTs (CC BY 4.0): Dzongkha abbreviations
rikha'+ri,རིཁའྲི་,ri mkha' ri,རི་མཁའ་རི་,rKTs (CC BY 4.0): Esukhia
ngari \u0f7c\u0f7e,ངརི་ོཾ,ri mo,རི་མོ་,rKTs (CC BY 4.0): Esukhia
ri+oM,རིོྃ་,ri mo,རི་མོ་,rKTs (CC BY 4.0): Esukhia
roM,རོྃ་,ri mo,རི་མོ་,rKTs (CC BY 4.0): Esukhia
ri+oM'i,རིོྃའི,ri mo'i,རི་མོའི,rKTs (CC BY 4.0): Esukhia
rib,རིབ,ri rab,རི་རབ,rKTs (CC BY 4.0)
ribs,རིབས,ri rabs,རི་རབས,rKTs (CC BY 4.0): Nima Hojer Lama The Genealogy of Ya-ngal Family of Dolpo
r+yi+u,རྱིུ,ri rgyu,རི་རྒྱུ,rKTs (CC BY 4.0): Esukhia
risul,རིསུལ,ri sul,རི་སུལ,rKTs (CC BY 4.0): Esukhia
riganaslob,རིགནསློབ,rig gnas slob,རིག་གནས་སློབ,rKTs (CC BY 4.0): Dzongkha abbreviations
riganas,རིགནས,rig gnas,རིག་གནས,rKTs (CC BY 4.0): Dzongkha abbreviations
rigasuM,རིགསུཾ,rig gsum,རིག་གསུམ,rKTs (CC BY 4.0): Dzongkha abbreviations
rigan,རིགན,rig can,རིག་ཅན,rKTs (CC BY 4.0): Dzongkha abbreviations
rigrug,རིགྲུག,rig pa drug,རིག་པ་དྲུག,rKTs (CC BY 4.0): Bacot écriture cursive Tibétaine
riga'istan+cos,རིགའིསྟནྕོས,rig pa'i bstan bcos,རིག་པའི་བསྟན་བཅོས,rKTs (CC BY 4.0): Esukhia
rigyed,རིགྱེད,rig byed,རིག་བྱེད,rKTs (CC BY 4.0): Esukhia
rig^in,རིགི༹ན,rig 'dzin,རིག་འཛིན,rKTs (CC BY 4.0)
rIg,རཱིག,rig rig,རིག་རིག,rKTs (CC BY 4.0): Dzongkha abbreviations
rig^al,རིག༹ལ,rig rtsal,རིག་རྩལ,rKTs (CC BY 4.0): Dzongkha abbreviations
rigasuMgon,རིགསུཾགོན,rigs gsum mgon po,རིགས་གསུམ་མགོན་པོ,rKTs (CC BY 4.0): Dzongkha abbreviations
rigasuM,རིགསུཾ,rigs gsum,རིགས་གསུམ,rKTs (CC BY 4.0): Dzongkha abbreviations
rigsum,རིགསུམ,rigs gsum,རིགས་གསུམ,rKTs (CC BY 4.0): Bacot écriture cursive Tibétaine
riTan,རིཊན,rigs can,རིགས་ཅན,rKTs (CC BY 4.0): Dzongkha abbreviations
rigrug,རིགྲུག,rigs drug,རིགས་དྲུག,rKTs (CC BY 4.0): Dzongkha abbreviations
ru+is,རིུས,rigs rus,རིགས་རུས,rKTs (CC BY 4.0): Dzongkha abbreviations
rig+nga,རིགྔ,rigs lnga,རིགས་ལྔ,rKTs (CC BY 4.0): Bacot écriture cursive Tibétaine
rig+ngas,རིགྔས,rigs lnga,རིགས་ལྔ,rKTs (CC BY 4.0): Dzongkha abbreviations
rigasngaT,རིགསྔཊ,rigs sngags,རིགས་སྔགས,rKTs (CC BY 4.0): Dzongkha abbreviations
rigsu,རིགསུ,rigs su,རིགས་སུ,rKTs (CC BY 4.0): Nima Hojer Lama The Genealogy of Ya-ngal Family of Dolpo
riD,རིཌ,rigs,རིགས,rKTs (CC BY 4.0): Nima Hojer Lama The Genealogy of Ya-ngal Family of Dolpo
riDa,རིཌ་,rigs,རིགས་,rKTs (CC BY 4.0): Esukhia
ru+ing,རིུང,ring thung,རིང་ཐུང,rKTs (CC BY 4.0): Dzongkha abbreviations
ringargyud,རིངརྒྱུད,ring brgyud,རིང་བརྒྱུད,rKTs (CC BY 4.0): Esukhia
rid+rel,རིངྲེལ,ring bsrel,རིང་བསྲེལ,rKTs (CC BY 4.0): Dzongkha abbreviations
ring+rel,རིངྲེལ,ring bsrel,རིང་བསྲེལ,rKTs (CC BY 4.0): Dzongkha abbreviations
ri+ong,རིོང,ring song,རིང་སོང,rKTs (CC BY 4.0): Esukhia
ringsu,རིངསུ,rings su,རིངས་སུ,rKTs (CC BY 4.0): Nima Hojer Lama The Genealogy of Ya-ngal Family of Dolpo
rinango,རིནངོ་,rin gong,རིན་གོང་,rKTs (CC BY 4.0): Esukhia
rine,རིནེ,rin cen,རིན་ཅེན,rKTs (CC BY 4.0): Dzongkha abbreviations
rine gsuM,རིནེ་གསུཾ,rin chen gsum,རིན་ཆེན་གསུམ,rKTs (CC BY 4.0): Dzongkha abbreviations
rinech+ya,རིནེཆྱ་,rin chen mchog,རིན་ཆེན་མཆོག་,rKTs (CC BY 4.0): Esukhia
ri+enru+ob,རིེནྲོུབ,rin chen don grub,རིན་ཆེན་དོན་གྲུབ,rKTs (CC BY 4.0): Dzongkha abbreviations
rine rnaM gsum,རིནེ་རྣཾ་གསུམ,rin chen rnam gsum,རིན་ཆེན་རྣམ་གསུམ,rKTs (CC BY 4.0): Dzongkha abbreviations
rine,རིནེ,rin chen,རིན་ཆེན,rKTs (CC BY 4.0)
re+in,རེིན,rin chen,རིན་ཆེན,rKTs (CC BY 4.0): Bacot écriture cursive Tibétaine
rin+thang,རིནྠང་,rin thang,རིན་ཐང,rKTs (CC BY 4.0): Esukhia
rino+e,རིནོེ,rin po che,རིན་པོ་ཆེ,rKTs (CC BY 4.0)
ro+i+en,རོིེན,rin po che,རིན་པོ་ཆེ,rKTs (CC BY 4.0): Bacot écriture cursive Tibétaine
rin+zang,རིནྯང,rin bzang,རིན་བཟང,rKTs (CC BY 4.0): Esukhia
rin^in,རིནི༹ན,rin 'dzin,རིན་འཛིན,rKTs (CC BY 4.0): Nima Hojer Lama The Genealogy of Ya-ngal Family of Dolpo
riM,རིྃ་,rim,རིམ་,rKTs (CC BY 4.0): Esukhia
riMchenos,རིྃཆེནོས,rim chen pos,རིམ་ཆེན་པོས,rKTs (CC BY 4.0): Esukhia
ripaMni+u,རིཔྃནིུ,rim pa bzhin du,རིམ་པ་བཞིན་དུ,rKTs (CC BY 4.0): Esukhia
riMr,རིཾར,rim par,རིམ་པར,rKTs (CC BY 4.0): Esukhia
riraM,རིརྃ,rim par,རིམ་པར,rKTs (CC BY 4.0): Esukhia
riMsad,རིཾསད,rims cad,རིམས་ཅད,rKTs (CC BY 4.0): Dzongkha abbreviations
risaM,རིསྃ,rims,རིམས,rKTs (CC BY 4.0): Esukhia
ri'ir,རིའིར,ri'i bar,རིའི་བར,rKTs (CC BY 4.0): Esukhia
ri'osilasuM,རིའོསིལསུཾ,ri'o bsil gsum,རིའོ་བསིལ་གསུམ,rKTs (CC BY 4.0): Esukhia
ro'i,རོའི,ri'o,རིའོ,rKTs (CC BY 4.0): Esukhia
rilu,རིལུ,ril bu,རིལ་བུ,rKTs (CC BY 4.0)
rilaM,རིལཾ,ril ma,རིལ་མ,rKTs (CC BY 4.0): Dzongkha abbreviations
riladzin,རིལཛིན,ril 'dzin,རིལ་འཛིན,rKTs (CC BY 4.0): Esukhia
ris+rug,རིསྲུག,ris drug,རིས་དྲུག,rKTs (CC BY 4.0): Nima Hojer Lama The Genealogy of Ya-ngal Family of Dolpo
ru+on,རོུན,ru dpon,རུ་དཔོན,rKTs (CC BY 4.0): Dzongkha abbreviations
r^un,རུ༹ན,ru mtshan,རུ་མཚན,rKTs (CC BY 4.0): Dzongkha abbreviations
r^u+on,རོུ༹ན,ru mtshon,རུ་མཚོན,rKTs (CC BY 4.0): Dzongkha abbreviations
ru+on,རོུན,ru mtshon,རུ་མཚོན,rKTs (CC BY 4.0)
r^u+ings,རིུ༹ངས,ru 'dzings,རུ་འཛིངས,rKTs (CC BY 4.0): Dzongkha abbreviations
ruM,རུྃ,rum,རུམ,rKTs (CC BY 4.0)
rul+sungs,རུལྶུངས,rul sungs,རུལ་སུངས,rKTs (CC BY 4.0): Esukhia
rusan,རུསན,rus can,རུས་ཅན,rKTs (CC BY 4.0): Dzongkha abbreviations
rusa'i,རུསའི,rus pa'i,རུས་པའི,rKTs (CC BY 4.0): Esukhia
ruskyed,རུསྐྱེད,rus bskyed,རུས་བསྐྱེད,rKTs (CC BY 4.0): Esukhia
rus^er,རུསེ༹ར,rus mdzer,རུས་མཛེར,rKTs (CC BY 4.0): Dzongkha abbreviations
r^u+od,རོུ༹ད,rus mdzod,རུས་མཛོད,rKTs (CC BY 4.0): Dzongkha abbreviations
rusbal+yi,རུསྦལྱི,rus sbal gyi,རུས་སྦལ་གྱི,rKTs (CC BY 4.0): Dzongkha abbreviations
rusbalan,རུསྦལན,rus sbal can,རུས་སྦལ་ཅན,rKTs (CC BY 4.0): Dzongkha abbreviations
rusbal,རུསྦལ,rus sbal,རུས་སྦལ,rKTs (CC BY 4.0): Dzongkha abbreviations
rusbos,རུསྦོས,rus sbos,རུས་སྦོས,rKTs (CC BY 4.0): Dzongkha abbreviations
rel,རེལ,re ral,རེ་རལ,rKTs (CC BY 4.0): Dzongkha abbreviations
rai,རཻ,re re,རེ་རེ,rKTs (CC BY 4.0)
rair,རཻར,re rer,རེ་རེར,rKTs (CC BY 4.0): Dzongkha abbreviations
reMs,རེཾས,rengs,རེངས,rKTs (CC BY 4.0): Esukhia
redo,རེདོ,red do,རེད་དོ,rKTs (CC BY 4.0): Dzongkha abbreviations
raim,རཻམ,rem rem,རེམ་རེམ,rKTs (CC BY 4.0): Dzongkha abbreviations
resaz+ya'ang,རེསཟྱའང,res gza' dang,རེས་གཟའ་དང,rKTs (CC BY 4.0): Esukhia
resaz+ya'aMthunaM,རེསཟྱའཾཐུནཾ,res gza' mthun nam,རེས་གཟའ་མཐུན་ནམ,rKTs (CC BY 4.0): Esukhia
rotsa,རོཙ་,ro tsa,རོ་ཙ་,rKTs (CC BY 4.0): Esukhia
r^o,རོ༹,ro tsa,རོ་ཙ,rKTs (CC BY 4.0): Dzongkha abbreviations
ro+in,རོིན,ro 'dzin,རོ་འཛིན,rKTs (CC BY 4.0): Dzongkha abbreviations
ru+ol ba,རོུལ་བ,ro rul ba,རོ་རུལ་བ,rKTs (CC BY 4.0): Dzongkha abbreviations
roge,རོགེ,rog ge,རོག་གེ,rKTs (CC BY 4.0): Dzongkha abbreviations
rogo,རོགོ,rog go,རོག་གོ,rKTs (CC BY 4.0): Dzongkha abbreviations
roDa,རོཌ་,rogs,རོགས་,rKTs (CC BY 4.0): Esukhia
rungol,རུངོལ,rong yul,རོང་ཡུལ,rKTs (CC BY 4.0): Dzongkha abbreviations
ru+ol,རོུལ,rong yul,རོང་ཡུལ,rKTs (CC BY 4.0)
rovam,རོབ༹མ,rob tsam,རོབ་ཙམ,rKTs (CC BY 4.0): Dzongkha abbreviations
rolakhug,རོལཁུག,rol khug,རོལ་ཁུག,rKTs (CC BY 4.0): Esukhia
rolte,རོལྟེ,rol te,རོལ་ཏེ,rKTs (CC BY 4.0): Esukhia
rol+rug,རོལྲུག,rol drug,རོལ་དྲུག,rKTs (CC BY 4.0): Esukhia
rol+na,རོལྣ་,rol na,རོལ་ན་,rKTs (CC BY 4.0): Esukhia
rol^o,རོལོ༹,rol mtsho,རོལ་མཚོ,rKTs (CC BY 4.0): Dzongkha abbreviations
roloM,རོལོཾ,rol mo,རོལ་མོ,rKTs (CC BY 4.0): Dzongkha abbreviations
rol+mo,རོལྨོ,rol mo,རོལ་མོ,rKTs (CC BY 4.0): Dzongkha abbreviations
rkangamyong,རྐངམྱོང,rkang mgo dang,རྐང་མགོ་དང,rKTs (CC BY 4.0): Esukhia
rkang+son,རྐངྶོན,rkang sen,རྐང་སེན,rKTs (CC BY 4.0): Esukhia
rkang+sor,རྐངྶོར,rkang sor,རྐང་སོར,rKTs (CC BY 4.0): Esukhia
rkyode,རྐྱོདེ,rko byed,རྐོ་བྱེད,rKTs (CC BY 4.0): Esukhia
rkyyang,རྐྱྱང,rkyang rkyang,རྐྱང་རྐྱང,rKTs (CC BY 4.0): Dzongkha abbreviations
rkyenroTar,རྐྱེནྲོཊར,rkyen ngan grogs shar,རྐྱེན་ངན་གྲོགས་ཤར,rKTs (CC BY 4.0): Dzongkha abbreviations
rkyenang,རྐྱེནང,rkyen dang,རྐྱེན་དང,rKTs (CC BY 4.0): Esukhia
rgi,རྒི,rga shi,རྒ་ཤི,rKTs (CC BY 4.0)
rgan+chaDa,རྒནྖཌ་,rgan chags,རྒན་ཆགས་,rKTs (CC BY 4.0): Esukhia
rgano,རྒནོ,rgan po,རྒན་པོ,rKTs (CC BY 4.0): Dzongkha abbreviations
rganoM,རྒནོཾ,rgan mo,རྒན་མོ,rKTs (CC BY 4.0): Dzongkha abbreviations
rgas+yang,རྒསྱང,rgas kyang,རྒས་ཀྱང,rKTs (CC BY 4.0): Esukhia
rgas+thunaMtshas,རྒསྠུནྃཚས,rgas thun mtshams,རྒས་ཐུན་མཚམས,rKTs (CC BY 4.0): Esukhia
r+g+rum,རྒྲུམ,rgun 'brum,རྒུན་འབྲུམ,rKTs (CC BY 4.0)
rgoda'i,རྒོདའི,rgod pa'i,རྒོད་པའི,rKTs (CC BY 4.0): Esukhia
rgya bod,རྒྱ་བོད,rgya gar dang bod,རྒྱ་གར་དང་བོད,rKTs (CC BY 4.0): Bacot écriture cursive Tibétaine
rgyar,རྒྱར,rgya gar,རྒྱ་གར,rKTs (CC BY 4.0): Bacot écriture cursive Tibétaine
rgya graM,རྒྱ་གྲཾ,rgya gram,རྒྱ་གྲམ,rKTs (CC BY 4.0): Dzongkha abbreviations
r+g+y+ram,རྒྱྲམ,rgya gram,རྒྱ་གྲམ,rKTs (CC BY 4.0): Bacot écriture cursive Tibétaine
d+ye,དྱེ་,rgya che,རྒྱ་ཆེ་,rKTs (CC BY 4.0): Esukhia
d+yan+ye+ode,དྱནྱེོདེ,rgya chen po byed,རྒྱ་ཆེན་པོ་བྱེད,rKTs (CC BY 4.0): Esukhia
d+yane+o,དྱནེོ,rgya chen po,རྒྱ་ཆེན་པོ,rKTs (CC BY 4.0): Esukhia
rgyer,རྒྱེར,rgya cher,རྒྱ་ཆེར,rKTs (CC BY 4.0): Dzongkha abbreviations
rgya bod,རྒྱ་བོད,rgya nag dang bod,རྒྱ་ནག་དང་བོད,rKTs (CC BY 4.0): Bacot écriture cursive Tibétaine
d+yanagang,དྱནགང,rgya nag dang,རྒྱ་ནག་དང,rKTs (CC BY 4.0): Esukhia
rgyag,རྒྱག,rgya nag,རྒྱ་ནག,rKTs (CC BY 4.0): Bacot écriture cursive Tibétaine
rgyod,རྒྱོད,rgya bod,རྒྱ་བོད,rKTs (CC BY 4.0): Dzongkha abbreviations
rgyamo,རྒྱམོ,rgya mtsho,རྒྱ་མཚོ,rKTs (CC BY 4.0): Tibetan Shorthand Contractions
rgy^o,རྒྱོ༹,rgya mtsho,རྒྱ་མཚོ,rKTs (CC BY 4.0)
rgy^oM,རྒྱོཾ༹,rgya mtsho,རྒྱ་མཚོ,rKTs (CC BY 4.0): Dzongkha abbreviations
rgy^om,རྒྱོ༹མ,rgya mtsho,རྒྱ་མཚོ,rKTs (CC BY 4.0): Bacot écriture cursive Tibétaine
r+tsho,རྪོ,rgya mtsho,རྒྱ་མཚོ,rKTs (CC BY 4.0): Tibetan Shorthand Contractions
d+yaMtsho,དྱཾཚོ,rgya mtsho,རྒྱ་མཚོ,rKTs (CC BY 4.0): Esukhia
dyoM^,དྱོཾ༹,rgya mtsho,རྒྱ་མཚོ,rKTs (CC BY 4.0): Nima Hojer Lama The Genealogy of Ya-ngal Family of Dolpo
d+yatsho'i,དྱཚོའི,rgya mtsho'i,རྒྱ་མཚོའི,rKTs (CC BY 4.0): Esukhia
rgyoM'i,རྒྱོཾའི,rgya mtsho'i,རྒྱ་མཚོའི,rKTs (CC BY 4.0): Dzongkha abbreviations
d+y^or,ངྱོ༹ར,rgya mtshor,རྒྱ་མཚོར,rKTs (CC BY 4.0): Dzongkha abbreviations
ng+y^or,ངྱོ༹ར,rgya mtshor,རྒྱ་མཚོར,rKTs (CC BY 4.0): Dzongkha abbreviations
rgy^oMr,རྒྱོ༹ཾར,rgya mtshor,རྒྱ་མཚོར,rKTs (CC BY 4.0): Dzongkha abbreviations
d+yaM'i,དྱྃའི,rgya ma'i,རྒྱ་མའི,rKTs (CC BY 4.0): Esukhia
rgyA,རྒྱཱ,rgya rgya,རྒྱ་རྒྱ,rKTs (CC BY 4.0): Dzongkha abbreviations
d+yarnyingadaM'azhun,དྱརྙིངདྃའཞུན,rgya rnyi mda' gzhu can,རྒྱ་རྙི་མདའ་གཞུ་ཅན,rKTs (CC BY 4.0): Esukhia
d+ya,དྱ,rgya,རྒྱ,rKTs (CC BY 4.0): Esukhia
d+yag,ངྱག,rgyag,རྒྱག,rKTs (CC BY 4.0): Dzongkha abbreviations
ng+yag,ངྱག,rgyag,རྒྱག,rKTs (CC BY 4.0): Dzongkha abbreviations
rgyan+yi,རྒྱནྱི,rgyan gyi,རྒྱན་གྱི,rKTs (CC BY 4.0): Dzongkha abbreviations
d+yano,དྱནོ,rgyan no,རྒྱན་ནོ,rKTs (CC BY 4.0): Esukhia
d+yan,དྱན,rgyan,རྒྱན,rKTs (CC BY 4.0): Esukhia
rgyabakra,རྒྱབཀྲ,rgyab bkra,རྒྱབ་བཀྲ,rKTs (CC BY 4.0): Dzongkha abbreviations
rgyabashul,རྒྱབཤུལ,rgyab bshul,རྒྱབ་བཤུལ,rKTs (CC BY 4.0): Dzongkha abbreviations
d+yab,དྱབ,rgyab,རྒྱབ,rKTs (CC BY 4.0): Esukhia
d+yal+khab,དྱལྑབ,rgyal khab,རྒྱལ་ཁབ,rKTs (CC BY 4.0): Esukhia
rgyal+riMs,རྒྱལྲིཾས,rgyal khrims,རྒྱལ་ཁྲིམས,rKTs (CC BY 4.0): Dzongkha abbreviations
d+yalen sde 9,ངྱལེན་སྡེ་༩,rgyal chen sde dgu,རྒྱལ་ཆེན་སྡེ་དགུ,rKTs (CC BY 4.0): Dzongkha abbreviations
ng+yalen sde 9,ངྱལེན་སྡེ་༩,rgyal chen sde dgu,རྒྱལ་ཆེན་སྡེ་དགུ,rKTs (CC BY 4.0): Dzongkha abbreviations
rgyalen,རྒྱལེན,rgyal chen,རྒྱལ་ཆེན,rKTs (CC BY 4.0)
len,ལེན,rgyal chen,རྒྱལ་ཆེན,rKTs (CC BY 4.0): Dzongkha abbreviations
rgyal blon,རྒྱལ་བློན,rgyal po dang blon po,རྒྱལ་པོ་དང་བློན་པོ,rKTs (CC BY 4.0): Bacot écriture cursive Tibétaine
rgyalo,རྒྱལོ,rgyal po,རྒྱལ་པོ,rKTs (CC BY 4.0)
rgyol,རྒྱོལ,rgyal po,རྒྱལ་པོ,rKTs (CC BY 4.0)
rgyalo'i gdung d+yud,རྒྱལོའི་གདུང་ངྱུད,rgyal po'i gdung rgyud,རྒྱལ་པོའི་གདུང་རྒྱུད,rKTs (CC BY 4.0): Dzongkha abbreviations
rgyalo'i gdung ng+yud,རྒྱལོའི་གདུང་ངྱུད,rgyal po'i gdung rgyud,རྒྱལ་པོའི་གདུང་རྒྱུད,rKTs (CC BY 4.0): Dzongkha abbreviations
rgyalo'i,རྒྱལོའི,rgyal po'i,རྒྱལ་པོའི,rKTs (CC BY 4.0): Dzongkha abbreviations
rgyalos,རྒྱལོས,rgyal pos,རྒྱལ་པོས,rKTs (CC BY 4.0): Dzongkha abbreviations
rgyalaM,རྒྱལཾ,rgyal pham,རྒྱལ་ཕམ,rKTs (CC BY 4.0): Dzongkha abbreviations
rgyala'i,རྒྱལའི,rgyal ba'i,རྒྱལ་བའི,rKTs (CC BY 4.0): Dzongkha abbreviations
d+yalba,དྱལྦ,rgyal ba,རྒྱལ་བ,rKTs (CC BY 4.0): Esukhia
d+yalo,དྱལོ་,rgyal bo,རྒྱལ་བོ་,rKTs (CC BY 4.0): Esukhia
d+yal+lo,དྱལློ་,rgyal bo zla,རྒྱལ་བོ་ཟླ་,rKTs (CC BY 4.0): Esukhia
d+yalo'o,དྱལོའོ་,rgyal bo'o,རྒྱལ་བོའོ་,rKTs (CC BY 4.0): Esukhia
rgyal+yud,རྒྱལྱུད,rgyal brgyud,རྒྱལ་བརྒྱུད,rKTs (CC BY 4.0): Dzongkha abbreviations
rgyalu,རྒྱལུ,rgyal bu,རྒྱལ་བུ,rKTs (CC BY 4.0)
rgyal+yed,རྒྱལྱེད,rgyal byed,རྒྱལ་བྱེད,rKTs (CC BY 4.0): Dzongkha abbreviations
rgyalon,རྒྱལོན,rgyal blon,རྒྱལ་བློན,rKTs (CC BY 4.0): Tibetan Shorthand Contractions
d+yalaMchu,དྱལྃཆུ,rgyal mchu,རྒྱལ་མཆུ,rKTs (CC BY 4.0): Esukhia
d+yalatshano,དྱལཚནོ,rgyal mtshan no,རྒྱལ་མཚན་ནོ,rKTs (CC BY 4.0): Esukhia
rgy^an,རྒྱ༹ན,rgyal mtshan,རྒྱལ་མཚན,rKTs (CC BY 4.0): Dzongkha abbreviations
rgyal^an,རྒྱལ༹ན,rgyal mtshan,རྒྱལ་མཚན,rKTs (CC BY 4.0)
d+yaMtshan,དྱྃཚན,rgyal mtshan,རྒྱལ་མཚན,rKTs (CC BY 4.0): Esukhia
dyal^an,དྱལ༹ན,rgyal mtshan,རྒྱལ་མཚན,rKTs (CC BY 4.0): Nima Hojer Lama The Genealogy of Ya-ngal Family of Dolpo
dyalM^an,དྱལཾ༹ཨན,rgyal mtshan,རྒྱལ་མཚན,rKTs (CC BY 4.0): Nima Hojer Lama The Genealogy of Ya-ngal Family of Dolpo
dyalMo,དྱལཾཨོ,rgyal mo,རྒྱལ་མོ,rKTs (CC BY 4.0): Nima Hojer Lama The Genealogy of Ya-ngal Family of Dolpo
d+yal tshab,ངྱལ་ཚབ,rgyal tshab,རྒྱལ་ཚབ,rKTs (CC BY 4.0): Dzongkha abbreviations
ng+yal tshab,ངྱལ་ཚབ,rgyal tshab,རྒྱལ་ཚབ,rKTs (CC BY 4.0): Dzongkha abbreviations
d+yal^ab,ངྱལ༹བ,rgyal tshab,རྒྱལ་ཚབ,rKTs (CC BY 4.0): Dzongkha abbreviations
ng+yal^ab,ངྱལ༹བ,rgyal tshab,རྒྱལ་ཚབ,rKTs (CC BY 4.0): Dzongkha abbreviations
rgyal^ab,རྒྱལ༹བ,rgyal tshab,རྒྱལ་ཚབ,rKTs (CC BY 4.0): Dzongkha abbreviations
d+yalatshoDa,དྱལཚོཌ་,rgyal tshogs,རྒྱལ་ཚོགས་,rKTs (CC BY 4.0): Esukhia
d+yal sa,ངྱལ་ས,rgyal sa,རྒྱལ་ས,rKTs (CC BY 4.0): Dzongkha abbreviations
ng+yal sa,ངྱལ་ས,rgyal sa,རྒྱལ་ས,rKTs (CC BY 4.0): Dzongkha abbreviations
rgyalod,རྒྱལོད,rgyal stod,རྒྱལ་སྟོད,rKTs (CC BY 4.0): Dzongkha abbreviations
rgyald,རྒྱལད,rgyal smad,རྒྱལ་སྨད,rKTs (CC BY 4.0): Dzongkha abbreviations
rgyal+ras,རྒྱལྲས,rgyal sras,རྒྱལ་སྲས,rKTs (CC BY 4.0)
d+yal+ras+cheno,དྱལྲསྖེནོ་,rgyal sras chen po,རྒྱལ་སྲས་ཆེན་པོ་,rKTs (CC BY 4.0): Esukhia
d+yasridar,དྱསྲིདར,rgyal srid dar,རྒྱལ་སྲིད་དར,rKTs (CC BY 4.0): Esukhia
d+yal+rid7,དྱལྲིད༧,rgyal srid bdun,རྒྱལ་སྲིད་བདུན,rKTs (CC BY 4.0): Esukhia
rgyal+rid,རྒྱལྲིད,rgyal srid,རྒྱལ་སྲིད,rKTs (CC BY 4.0)
d+yasatsuglagakhangi,དྱསཙུགླགཁངི,rgyas gtsug lag khang gi,རྒྱས་གཙུག་ལག་ཁང་གི,rKTs (CC BY 4.0): Esukhia
d+yas pa,ངྱས་པ,rgyas pa,རྒྱས་པ,rKTs (CC BY 4.0): Dzongkha abbreviations
ng+yas pa,ངྱས་པ,rgyas pa,རྒྱས་པ,rKTs (CC BY 4.0): Dzongkha abbreviations
d+yasa'+di+e,དྱསའྡིེ་,rgyas pa'i sde,རྒྱས་པའི་སྡེ་,rKTs (CC BY 4.0): Esukhia
rgyasar,རྒྱསར,rgyas par,རྒྱས་པར,rKTs (CC BY 4.0): Dzongkha abbreviations
d+yasashad,དྱསཤད,rgyas bshad,རྒྱས་བཤད,rKTs (CC BY 4.0): Esukhia
d+yasing,དྱསིང,rgyas shing,རྒྱས་ཤིང,rKTs (CC BY 4.0): Esukhia
dyaso,དྱསོ,rgyas so,རྒྱས་སོ,rKTs (CC BY 4.0): Nima Hojer Lama The Genealogy of Ya-ngal Family of Dolpo
d+yas,དྱས,rgyas,རྒྱས,rKTs (CC BY 4.0): Esukhia
d+yas,དྱས,rgyas,རྒྱས,rKTs (CC BY 4.0): Esukhia
rgy^un,རྒྱུ༹ན,rgyu mtshan,རྒྱུ་མཚན,rKTs (CC BY 4.0): Dzongkha abbreviations
rgyu+ed,རྒྱེུད,rgyu med,རྒྱུ་མེད,rKTs (CC BY 4.0)
rgyuMde,རྒྱུྃདེ,rgyu med,རྒྱུ་མེད,rKTs (CC BY 4.0): Esukhia
rgyu+en,རྒྱེུན,rgyu rkyen,རྒྱུ་རྐྱེན,rKTs (CC BY 4.0)
rgyu+or yonag,རྒྱོུར་ཡོནག,rgyu sbyor yon bdag,རྒྱུ་སྦྱོར་ཡོན་བདག,rKTs (CC BY 4.0): Dzongkha abbreviations
rgyu+or,རྒྱོུར,rgyu sbyor,རྒྱུ་སྦྱོར,rKTs (CC BY 4.0)
rgyu,རྒྱུ,rgyu,རྒྱུ,rKTs (CC BY 4.0): Esukhia
rgyudag pa,རྒྱུདག་པ,rgyud dag pa,རྒྱུད་དག་པ,rKTs (CC BY 4.0): Dzongkha abbreviations
rgyudo,རྒྱུདོ,rgyud do,རྒྱུད་དོ,rKTs (CC BY 4.0): Nima Hojer Lama The Genealogy of Ya-ngal Family of Dolpo
d+yud,ངྱུད,rgyud,རྒྱུད,rKTs (CC BY 4.0): Dzongkha abbreviations
ng+yud,ངྱུད,rgyud,རྒྱུད,rKTs (CC BY 4.0): Dzongkha abbreviations
rgyunu,རྒྱུནུ,rgyun du,རྒྱུན་དུ,rKTs (CC BY 4.0): Esukhia
d+yun mi 'chad,ངྱུན་མི་འཆད,rgyun mi 'chad,རྒྱུན་མི་འཆད,rKTs (CC BY 4.0): Dzongkha abbreviations
ng+yun mi 'chad,ངྱུན་མི་འཆད,rgyun mi 'chad,རྒྱུན་མི་འཆད,rKTs (CC BY 4.0): Dzongkha abbreviations
rgyunaMthud,རྒྱུནྃཐུད,rgyun mthun,རྒྱུན་མཐུན་,rKTs (CC BY 4.0): Esukhia
rgyun+yaMs,རྒྱུནྱཾས,rgyun 'byams,རྒྱུན་འབྱམས,rKTs (CC BY 4.0): Dzongkha abbreviations
rgyuMs,རྒྱུཾས,rgyun 'byams,རྒྱུན་འབྱམས,rKTs (CC BY 4.0): Dzongkha abbreviations
rgy^u ni,རྒྱུ༹་ནི,rgyun 'dzin,རྒྱུན་འཛིན,rKTs (CC BY 4.0): Dzongkha abbreviations
d+yun,ངྱུན,rgyun,རྒྱུན,rKTs (CC BY 4.0): Dzongkha abbreviations
ng+yun,ངྱུན,rgyun,རྒྱུན,rKTs (CC BY 4.0): Dzongkha abbreviations
rgyaub,རྒྱཽབ,rgyob rgyob,རྒྱོབ་རྒྱོབ,rKTs (CC BY 4.0): Dzongkha abbreviations
rngabu,རྔབུ,rngab rngub,རྔབ་རྔུབ,rKTs (CC BY 4.0): Dzongkha abbreviations
rngaMs,རྔཾས,rngams,རྔམས,rKTs (CC BY 4.0): Dzongkha abbreviations
rngog+zer,རྔོགྯེར,rngog zer,རྔོག་ཟེར,rKTs (CC BY 4.0): Esukhia
rjenas,རྗེནས,rje nas,རྗེ་ནས,rKTs (CC BY 4.0): Esukhia
rjetsun,རྗེཙུན,rje btsun,རྗེ་བཙུན,rKTs (CC BY 4.0): Esukhia
rju+en^a,རྗེུན༹,rje btsun,རྗེ་བཙུན,rKTs (CC BY 4.0): Tibetan Shorthand Contractions
rju+en,རྗེུན,rje btsun,རྗེ་བཙུན,rKTs (CC BY 4.0): Bacot écriture cursive Tibétaine
rdzu+en,རྫེུན,rje btsun,རྗེ་བཙུན,rKTs (CC BY 4.0): Dzongkha abbreviations
rdzen,རྫེན,rje btsun,རྗེ་བཙུན,rKTs (CC BY 4.0): Dzongkha abbreviations
rjesor,རྗེསོར,rjes gsor,རྗེས་གསོར,rKTs (CC BY 4.0): Dzongkha abbreviations
rjes+thob,རྗེསྠོབ,rjes thob,རྗེས་ཐོབ,rKTs (CC BY 4.0): Esukhia
rjesran,རྗེསྲན,rjes dran,རྗེས་དྲན,rKTs (CC BY 4.0): Dzongkha abbreviations
rjesaM,རྗེསཾ,rjes ma,རྗེས་མ,rKTs (CC BY 4.0)
rjesajug,རྗེསཇུག,rjes 'jug,རྗེས་འཇུག,rKTs (CC BY 4.0): Esukhia
rjesu,རྗེསུ,rjes su,རྗེས་སུ,rKTs (CC BY 4.0): Dzongkha abbreviations
rjeso,རྗེསོ,rjes so,རྗེས་སོ,rKTs (CC BY 4.0): Esukhia
rjesor,རྗེསོར,rjes sor,རྗེས་སོར,rKTs (CC BY 4.0): Dzongkha abbreviations
rjeskyes,རྗེསྐྱེས,rjes skyes,རྗེས་སྐྱེས,rKTs (CC BY 4.0): Dzongkha abbreviations
rnyan+yi,རྙནྱི,rnyan gyi,རྙན་གྱི,rKTs (CC BY 4.0): Esukhia
rnying+khungs,རྙིངྑུངས,rnying khungs,རྙིང་ཁུངས,rKTs (CC BY 4.0): Esukhia
rnyinge,རྙིངེ,rnying nge,རྙིང་ངེ,rKTs (CC BY 4.0): Esukhia
rnying+cas+yos,རྙིངྕསྱོས,rnying bcos byas,རྙིང་བཅོས་བྱས,rKTs (CC BY 4.0): Esukhia
rnyingastan,རྙིངསྟན,rnying bstan,རྙིང་བསྟན,rKTs (CC BY 4.0): Esukhia
rnyingaM,རྙིངྃ་,rnying ma,རྙིང་མ་,rKTs (CC BY 4.0): Esukhia
rnyingatshad,རྙིངཚད,rnying tshad,རྙིང་ཚད,rKTs (CC BY 4.0): Esukhia
rnying+Rul,རྙིངྼུལ,rnying rul,རྙིང་རུལ,rKTs (CC BY 4.0): Esukhia
rnying+r+yudakar+chag,རྙིངྲྱུདཀརྖག,rnying rgyud dkas chag,རྙིང་རྒྱུད་དཀས་ཆག,rKTs (CC BY 4.0): Esukhia
rnyi+ungal,རྙིུངལ,rnying shul,རྙིང་ཤུལ,rKTs (CC BY 4.0): Esukhia
rnying+rul,རྙིངྲུལ,rnying hrul,རྙིང་ཧྲུལ,rKTs (CC BY 4.0): Esukhia
rnyir+zinar,རྙིརྯིནར,rnyir zin 'dra,རྙིར་ཟིན་འདྲ,rKTs (CC BY 4.0): Esukhia
rnyil+nad,རྙིལྣད,rnyil nad,རྙིལ་ནད,rKTs (CC BY 4.0): Esukhia
rnyed+thub,རྙེདྠུབ,rnyed thub,རྙེད་ཐུབ,rKTs (CC BY 4.0): Esukhia
rnyedaka',རྙེདཀའ,rnyed dka',རྙེད་དཀའ,rKTs (CC BY 4.0): Esukhia
rnyeda'i,རྙེདའི,rnyed pa'i,རྙེད་པའི,rKTs (CC BY 4.0): Esukhia
rnyedar,རྙེདར,rnyed par,རྙེད་པར,rKTs (CC BY 4.0): Esukhia
rnyedakuraM,རྙེདཀུརྃ་,rnyed bkur mi,རྙེད་བཀུར་མི་,rKTs (CC BY 4.0): Esukhia
rnyedartson,རྙེདརྩོན,rnyed brtson,རྙེད་བརྩོན,rKTs (CC BY 4.0): Esukhia
rnyedatshol,རྙེདཚོལ,rnyed tshol,རྙེད་ཚོལ,rKTs (CC BY 4.0): Esukhia
rnyograzos,རྙོགྲཟོས,rnyog gra bzos,རྙོག་གྲ་བཟོས,rKTs (CC BY 4.0): Esukhia
rnyogadzing,རྙོགཛིང,rnyog 'dzing,རྙོག་འཛིང,rKTs (CC BY 4.0): Esukhia
rnyoni,རྙོནི,rnyon ni,རྙོན་ནི,rKTs (CC BY 4.0): Esukhia
rnyobagi,རྙོབགི,rnyobs shig,རྙོབས་ཤིག,rKTs (CC BY 4.0): Esukhia
r+t+nor,རྟྣོར,rta nor,རྟ་ནོར,rKTs (CC BY 4.0): Esukhia
rtargod,རྟརྒོད,rta rgod,རྟ་རྒོད,rKTs (CC BY 4.0): Esukhia
r+t+sar,རྟྶར,rta sar,རྟ་སར,rKTs (CC BY 4.0): Esukhia
rta,རྟ,rta,རྟ,rKTs (CC BY 4.0): Esukhia
rta,རྟ,rta,རྟ,rKTs (CC BY 4.0): Esukhia
r+t+rin,རྟྲིན,rta mgrin,རྟ་མགྲིན,rKTs (CC BY 4.0)
rta d+yugs,ངྱུགས,rta rgyugs,རྟ་རྒྱུགས,rKTs (CC BY 4.0): Dzongkha abbreviations
rta ng+yugs,ངྱུགས,rta rgyugs,རྟ་རྒྱུགས,rKTs (CC BY 4.0): Dzongkha abbreviations
rta d+yuT,ངྱུཊ,rta rgyugs,རྟ་རྒྱུགས,rKTs (CC BY 4.0): Dzongkha abbreviations
rta ng+yuT,ངྱུཊ,rta rgyugs,རྟ་རྒྱུགས,rKTs (CC BY 4.0): Dzongkha abbreviations
rtaganas,རྟགནས,rtag gnas,རྟག་གནས,rKTs (CC BY 4.0): Dzongkha abbreviations
rtag+tu,རྟགྟུ,rtag tu,རྟག་ཏུ,rKTs (CC BY 4.0): Tibetan Shorthand Contractions
rtagloMs,རྟགློཾས,rtag longs,རྟག་ལོངས,rKTs (CC BY 4.0): Esukhia
rtag+l+tas,རྟགླྟས,rtag ltas,རྟག་ལྟས,rKTs (CC BY 4.0): Esukhia
rtagasu,རྟགསུ,rtags su,རྟགས་སུ,rKTs (CC BY 4.0): Dzongkha abbreviations
rtagso,རྟགསོ,rtags so,རྟགས་སོ,rKTs (CC BY 4.0): Nima Hojer Lama The Genealogy of Ya-ngal Family of Dolpo
rtaD,རྟཌ,rtags,རྟགས,rKTs (CC BY 4.0): Nima Hojer Lama The Genealogy of Ya-ngal Family of Dolpo
rtaDa,རྟཌ,rtags,རྟགས,rKTs (CC BY 4.0): Esukhia
rtabo,རྟབོ,rtab rtob,རྟབ་རྟོབ,rKTs (CC BY 4.0): Dzongkha abbreviations
rtingaM,རྟིངྃ་,rting ma,རྟིང་མ་,rKTs (CC BY 4.0): Esukhia
rtening 'brelung,རྟེནིང་འབྲེལུང༌,rten cing 'brel 'byung,རྟེན་ཅིང་འབྲེལ་འབྱུང༌,rKTs (CC BY 4.0): Dzongkha abbreviations
rtenel,རྟེནེལ,rten 'brel,རྟེན་འབྲེལ,rKTs (CC BY 4.0): Dzongkha abbreviations
rte+ele,རྟེེལེ,rten 'brel,རྟེན་འབྲེལ,rKTs (CC BY 4.0): Dzongkha abbreviations
r+t+re+el,རྟྲེེལ,rten 'brel,རྟེན་འབྲེལ,rKTs (CC BY 4.0)
rtoge,རྟོགེ,rtog ge,རྟོག་གེ,rKTs (CC BY 4.0): Dzongkha abbreviations
rtogi,རྟོགི་,rtog gi,རྟོག་གི་,rKTs (CC BY 4.0): Esukhia
rtogyedang,རྟོགྱེདང,rtog byed dang,རྟོག་བྱེད་དང,rKTs (CC BY 4.0): Esukhia
rtoD,རྟོཌ,rtogs,རྟོགས,rKTs (CC BY 4.0): Nima Hojer Lama The Genealogy of Ya-ngal Family of Dolpo
stoD,སྟོཌ,rtogs,རྟོགས,rKTs (CC BY 4.0): Nima Hojer Lama The Genealogy of Ya-ngal Family of Dolpo
rtoDa,རྟོཌ་,rtogs,རྟོགས་,rKTs (CC BY 4.0): Esukhia
rtoDa'i,རྟོཌའི,rtogs pa'i,རྟོགས་པའི,rKTs (CC BY 4.0): Esukhia
rtogasu,རྟོགསུ,rtogs su,རྟོགས་སུ,rKTs (CC BY 4.0): Dzongkha abbreviations
rtoTu,རྟོཊུ,rtogs su,རྟོགས་སུ,rKTs (CC BY 4.0): Dzongkha abbreviations
rtoDo,རྟོཌོ,rtogs so,རྟོགས་སོ་,rKTs (CC BY 4.0): Esukhia
rtoDa,རྟོཌ,rtogs,རྟོགས,rKTs (CC BY 4.0): Esukhia
rdar+yed,རྡརྱེད,rdar byed,རྡར་བྱེད,rKTs (CC BY 4.0): Esukhia
rd^u+eT,རྡེུ༹ཊ,rdul brtsegs,རྡུལ་བརྩེགས,rKTs (CC BY 4.0): Dzongkha abbreviations
rduldan,རྡུལྡན,rdul ldan,རྡུལ་ལྡན,rKTs (CC BY 4.0): Dzongkha abbreviations
rdos+yiraMda'as+yir,རྡོསྱིརཾདའསྱིར,rdo gsir mda' gsir,རྡོ་གསིར་མདའ་གསིར,rKTs (CC BY 4.0): Esukhia
rdo+e gzhonu,རྡོེ་གཞོནུ,rdo rje gzhon nu,རྡོ་རྗེ་གཞོན་ནུ,rKTs (CC BY 4.0): Dzongkha abbreviations
rdo+e dpaldan tshul+ris,རྡོེ་དཔལྡན་ཚུལིྲས,rdo rje dpal ldan tshul khrims,རྡོ་རྗེ་དཔལ་ལྡན་ཚུལ་ཁྲིམས,rKTs (CC BY 4.0): Dzongkha abbreviations
rdo+engs,རྡོེངས,rdo rje dbyangs,རྡོ་རྗེ་དབྱངས,rKTs (CC BY 4.0): Dzongkha abbreviations
rdo+eng,རྡོེང༌,rdo rje 'chang,རྡོ་རྗེ་འཆང༌,rKTs (CC BY 4.0)
rdo+e'^in,རྡོེའི༹ན,rdo rje 'dzin,རྡོ་རྗེ་འཛིན,rKTs (CC BY 4.0): Dzongkha abbreviations
rdo+e'eM,རྡོེའེཾ,rdo rje sems dpa',རྡོ་རྗེ་སེམས་དཔའ,rKTs (CC BY 4.0): Dzongkha abbreviations
rdo+e+edaMs,རྡོེེདཾས,rdo rje sems dpa',རྡོ་རྗེ་སེམས་དཔའ,rKTs (CC BY 4.0): Bacot écriture cursive Tibétaine
rdo+e,རྡོེ,rdo rje,རྡོ་རྗེ,rKTs (CC BY 4.0)
rdore,རྡོརེ,rdo rje,རྡོ་རྗེ,rKTs (CC BY 4.0): Nima Hojer Lama The Genealogy of Ya-ngal Family of Dolpo
rdo+e'i,རྡོེའི,rdo rje'i,རྡོ་རྗེའི,rKTs (CC BY 4.0): Esukhia
rdo+e'i,རྡོེའི,rdo rje'i,རྡོ་རྗེའི,rKTs (CC BY 4.0): Esukhia
rdo+e'o,རྡོེའོ་,rdo rje'o,རྡོ་རྗེའོ་,rKTs (CC BY 4.0): Esukhia
r+d+solo,རྡྶོལོ,rdo sol,རྡོ་སོལ,rKTs (CC BY 4.0): Esukhia
rna,རྣ,rna,རྣ,rKTs (CC BY 4.0): Esukhia
rnaMy+yeng,རྣཾཡྱེང,rnam g.yeng,རྣམ་གཡེང,rKTs (CC BY 4.0): Esukhia
rnangaMs,རྣངཾས,rnam grangs,རྣམ་གྲངས,rKTs (CC BY 4.0): Tibetan Shorthand Contractions
rnaMngs,རྣཾངས,rnam grangs,རྣམ་གྲངས,rKTs (CC BY 4.0): Bacot écriture cursive Tibétaine
r+n+raMngas,རྣྲཾངས,rnam grangs,རྣམ་གྲངས,rKTs (CC BY 4.0)
r+n+roMl,རྣྲོཾལ,rnam grol,རྣམ་གྲོལ,rKTs (CC BY 4.0): Dzongkha abbreviations
rnaMr,རྣཾར,rnam thar,རྣམ་ཐར,rKTs (CC BY 4.0)
r+n+thaMr,རྣྠྃར་,rnam thar,རྣམ་ཐར་,rKTs (CC BY 4.0): Esukhia
r+n+roMs,རྣྲོཾས,rnam thos sras,རྣམ་ཐོས་སྲས,rKTs (CC BY 4.0)
rnaMg,རྣཾག,rnam dag,རྣམ་དག,rKTs (CC BY 4.0): Dzongkha abbreviations
rnamg,རྣམག,rnam dag,རྣམ་དག,rKTs (CC BY 4.0): Bacot écriture cursive Tibétaine
rnaMrag,རྣཾརག,rnam par dag,རྣམ་པར་དག,rKTs (CC BY 4.0): Dzongkha abbreviations
rnamrag,རྣམྲག,rnam par dag,རྣམ་པར་དག,rKTs (CC BY 4.0): Bacot écriture cursive Tibétaine
rnam pargyal,རྣམ་པརྒྱལ,rnam par rgyal,རྣམ་པར་རྒྱལ,rKTs (CC BY 4.0): Dzongkha abbreviations
rnaMrang^ad,རྣཾརང༹ད,rnam par snang mdzad,རྣམ་པར་སྣང་མཛད,rKTs (CC BY 4.0): Dzongkha abbreviations
rnarmang^ad,རྣརྨང༹ད,rnam par snang mdzad,རྣམ་པར་སྣང་མཛད,rKTs (CC BY 4.0): Bacot écriture cursive Tibétaine
rnaMr,རྣཾར,rnam par,རྣམ་པར,rKTs (CC BY 4.0)
rnaMar,རྣཾཨར,rnam par,རྣམ་པར,rKTs (CC BY 4.0): Nima Hojer Lama The Genealogy of Ya-ngal Family of Dolpo
rnamakhyen,རྣམཁྱེན,rnam mkhyen,རྣམ་མཁྱེན,rKTs (CC BY 4.0): Dzongkha abbreviations
rnaMne,རྣཾནེ,rnam mkhyen,རྣམ་མཁྱེན,rKTs (CC BY 4.0): Dzongkha abbreviations
r+n+yeMn,རྣྱེཾན,rnam mkhyen,རྣམ་མཁྱེན,rKTs (CC BY 4.0): Bacot écriture cursive Tibétaine
rnal+yor,རྣལྱོར,rnam 'byor,རྣམ་འབྱོར,rKTs (CC BY 4.0): Esukhia
r+n+yamal,རྣྱམལ,rnam rgyal,རྣམ་རྒྱལ,rKTs (CC BY 4.0): Bacot écriture cursive Tibétaine
r+n+yaMl,རྣྱཾལ,rnam rgyal,རྣམ་རྒྱལ,rKTs (CC BY 4.0): Dzongkha abbreviations
rnoMg,རྣོཾག,rnam rtog,རྣམ་རྟོག,rKTs (CC BY 4.0): Dzongkha abbreviations
rnomg,རྣོམག,rnam rtog,རྣམ་རྟོག,rKTs (CC BY 4.0): Bacot écriture cursive Tibétaine
rnaMse,རྣཾསེ,rnam shes,རྣམ་ཤེས,rKTs (CC BY 4.0)
rneMs,རྣེཾས,rnam shes,རྣམ་ཤེས,rKTs (CC BY 4.0): Tibetan Shorthand Contractions
rnems,རྣེམས,rnam sehs,རྣམ་སེཧས,rKTs (CC BY 4.0): Bacot écriture cursive Tibétaine
rnaMng,རྣཾང༌,rnam snang,རྣམ་སྣང༌,rKTs (CC BY 4.0): Dzongkha abbreviations
rnaMng^ad,རྣཾང༹ད,rnam snang mdzad,རྣམ་སྣང་མཛད,rKTs (CC BY 4.0): Dzongkha abbreviations
rnamang,རྣམང,rnam snang,རྣམ་སྣང,rKTs (CC BY 4.0): Bacot écriture cursive Tibétaine
rnaMs,རྣཾས,rnam sras,རྣམ་སྲས,rKTs (CC BY 4.0): Bacot écriture cursive Tibétaine
r+n+raMs,རྣྲཾས,rnam sras,རྣམ་སྲས,rKTs (CC BY 4.0): Dzongkha abbreviations
rnaM,རྣྃ,rnam,རྣམ,rKTs (CC BY 4.0): Esukhia
rnaMs+yang,རྣཾསྱང༌,rnams kyang,རྣམས་ཀྱང༌,rKTs (CC BY 4.0): Dzongkha abbreviations
rnaMs+yi,རྣཾསྱི,rnams kyi,རྣམས་ཀྱི,rKTs (CC BY 4.0)
rnaMsuM,རྣཾསུཾ,rnams gsum,རྣམས་གསུམ,rKTs (CC BY 4.0): Esukhia
rnaMssuM,རྣཾསསུཾ,rnams gsum,རྣམས་གསུམ,rKTs (CC BY 4.0): Nima Hojer Lama The Genealogy of Ya-ngal Family of Dolpo
rnaMsang,རྣྃསང,rnams dang,རྣམས་དང,rKTs (CC BY 4.0): Esukhia
rnaMsni,རྣྃསྣི་,rnams ni,རྣམས་ནི་,rKTs (CC BY 4.0): Esukhia
rnaMsar,རྣཾསར,rnams par,རྣམས་པར,rKTs (CC BY 4.0): Nima Hojer Lama The Genealogy of Ya-ngal Family of Dolpo
rnaMsaMrephul,རྣཾསཾརེཕུལ,rnams mer phul,རྣམས་མེར་ཕུལ,rKTs (CC BY 4.0): Esukhia
rnaMsatshozhing,རྣྃསཚོཞིང,rnams 'tsho zhing,རྣམས་འཚོ་ཞིང,rKTs (CC BY 4.0): Esukhia
rnaMslob,རྣཾསློབ,rnams slob,རྣམས་སློབ,rKTs (CC BY 4.0): Esukhia
rnaMsu,རྣཾསུ,rnams su,རྣམས་སུ,rKTs (CC BY 4.0)
rnaMs,རྣཾས,rnams,རྣམས,rKTs (CC BY 4.0)
rnasaM,རྣསཾ,rnams,རྣམས,rKTs (CC BY 4.0): Tibetan Shorthand Contractions
rnal+yo+is,རྣལྱོིས,rnal 'byor gyis,རྣལ་འབྱོར་གྱིས,rKTs (CC BY 4.0): Esukhia
rnal+yoMr,རྣལྱོཾར,rnal 'byor ma,རྣལ་འབྱོར་མ,rKTs (CC BY 4.0): Dzongkha abbreviations
rnal+b+yor,རྣལྦྱོར,rnal 'byor,རྣལ་འབྱོར,rKTs (CC BY 4.0): Dzongkha abbreviations
rnal+yor,རྣལྱོར,rnal 'byor,རྣལ་འབྱོར,rKTs (CC BY 4.0)
rnor,རྣོར,rnal 'byor,རྣལ་འབྱོར,rKTs (CC BY 4.0): Bacot écriture cursive Tibétaine
r+n+yor,རྣྱོར,rnal 'byor,རྣལ་འབྱོར,rKTs (CC BY 4.0)
rnoraM,རྣོརཾ,rno ngar,རྣོ་ངར,rKTs (CC BY 4.0): Esukhia
rnobalaphrogyedo,རྣོབལཕྲོགྱེདོ,rno dbal 'phrog byed do,རྣོ་དབལ་འཕྲོག་བྱེད་དོ,rKTs (CC BY 4.0): Esukhia
rbado,རྦདོ,rbad rbod,རྦད་རྦོད,rKTs (CC BY 4.0): Dzongkha abbreviations
rbaudang,རྦཽདང,rbod gtong,རྦོད་གཏོང,rKTs (CC BY 4.0): Bacot écriture cursive Tibétaine
rbodong,རྦོདོང༌,rbod stong,རྦོད་སྟོང༌,rKTs (CC BY 4.0): Dzongkha abbreviations
rbaudang,རྦཽདང,rbod stong,རྦོད་སྟོང,rKTs (CC BY 4.0): Bacot écriture cursive Tibétaine
rmen,རྨེན,rma chen,རྨ་ཆེན,rKTs (CC BY 4.0): Dzongkha abbreviations
rmya che+on las+yung,རྨྱ་ཆེོན་ལསྱུང༌,rma bya chen mo las 'byung,རྨ་བྱ་ཆེན་མོ་ལས་འབྱུང༌,rKTs (CC BY 4.0): Dzongkha abbreviations
r+m+ya,རྨྱ,rma bya,རྨ་བྱ,rKTs (CC BY 4.0): Bacot écriture cursive Tibétaine
rmya,རྨྱ,rma bya,རྨ་བྱ,rKTs (CC BY 4.0): Dzongkha abbreviations
rm^an,རྨ༹ན,rma mtshan,རྨ་མཚན,rKTs (CC BY 4.0): Dzongkha abbreviations
rmadu byung,རྨདུ་བྱུང༌,rmad du byung,རྨད་དུ་བྱུང༌,rKTs (CC BY 4.0): Dzongkha abbreviations
rmadu,རྨདུ,rmad du,རྨད་དུ,rKTs (CC BY 4.0): Esukhia
rnaMsang,རྣཾསང,rmas dang,རྨས་དང,rKTs (CC BY 4.0): Esukhia
rmaskyonatang,རྨསྐྱོནཏང,rmas skyon btang,རྨས་སྐྱོན་བཏང,rKTs (CC BY 4.0): Esukhia
rmiM,རྨིཾ,rmi lam,རྨི་ལམ,rKTs (CC BY 4.0)
rmuDa,རྨུཌ་,rmugs,རྨུགས་,rKTs (CC BY 4.0): Esukhia
rmuno,རྨུནོ,rmun po,རྨུན་པོ,rKTs (CC BY 4.0): Dzongkha abbreviations
rmongasbre,རྨོངསྦྲེ,rmongs sbre,རྨོངས་སྦྲེ,rKTs (CC BY 4.0): Dzongkha abbreviations
rmoso,རྨོསོ,rmos so,རྨོས་སོ,rKTs (CC BY 4.0): Esukhia
rtson,རྩོན,rtsa bton,རྩ་བཏོན,rKTs (CC BY 4.0): Tibetan Shorthand Contractions
r+ts+yad,རྩྱད,rtsa brgyad,རྩ་བརྒྱད,rKTs (CC BY 4.0)
rtsag^i,རྩགི༹,rtsa tshig,རྩ་ཚིག,rKTs (CC BY 4.0): Dzongkha abbreviations
r+ts+rel,རྩྲེལ,rtsa 'grel,རྩ་འགྲེལ,rKTs (CC BY 4.0): Dzongkha abbreviations
r+ts+yud,རྩྱུད,rtsa rgyud,རྩ་རྒྱུད,rKTs (CC BY 4.0): Dzongkha abbreviations
rtsagi,རྩགི,rtsag rtsig,རྩག་རྩིག,rKTs (CC BY 4.0): Dzongkha abbreviations
r+ts+yengar,རྩྱེངར,rtsang gyer,རྩང་གྱེར,rKTs (CC BY 4.0): Dzongkha abbreviations
r+ts+yeMr,རྩྱེཾར,rtsang gyer,རྩང་གྱེར,rKTs (CC BY 4.0): Bacot écriture cursive Tibétaine
r+ts+yuMr,རྩྱུཾར,rtsang brgyur,རྩང་བརྒྱུར,rKTs (CC BY 4.0): Bacot écriture cursive Tibétaine
rtsungar,རྩུངར,rtsang bskur,རྩང་བསྐུར,rKTs (CC BY 4.0): Dzongkha abbreviations
rtsungal,རྩུངལ,rtsang bskul,རྩང་བསྐུལ,rKTs (CC BY 4.0): Dzongkha abbreviations
rtsuMl,རྩུཾལ,rtsang bskul,རྩང་བསྐུལ,rKTs (CC BY 4.0): Bacot écriture cursive Tibétaine
rtsul,རྩུལ,rtsang bskul,རྩང་བསྐུལ,rKTs (CC BY 4.0): Dzongkha abbreviations
r+ts+toMd,རྩྟོཾད,rtsang bstod,རྩང་བསྟོད,rKTs (CC BY 4.0): Bacot écriture cursive Tibétaine
rtsangi,རྩངི,rtsang rtsing,རྩང་རྩིང,rKTs (CC BY 4.0): Dzongkha abbreviations
r+ts+tod,རྩྟོད,rtsang stod,རྩང་སྟོད,rKTs (CC BY 4.0): Dzongkha abbreviations
rtsabu,རྩབུ,rtsab rtsub,རྩབ་རྩུབ,rKTs (CC BY 4.0): Dzongkha abbreviations
rtsulo,རྩུལོ,rtsal du gsol,རྩལ་དུ་གསོལ,rKTs (CC BY 4.0): Dzongkha abbreviations
r+tsu+ol,རྩོུལ,rtsal du gsol,རྩལ་དུ་གསོལ,rKTs (CC BY 4.0): Bacot écriture cursive Tibétaine
rtsaldan,རྩལྡན,rtsal ldan,རྩལ་ལྡན,rKTs (CC BY 4.0): Dzongkha abbreviations
r+ts+rub,རྩྲུབ,rtsal sgrub,རྩལ་སྒྲུབ,rKTs (CC BY 4.0)
rtsishing,རྩིཤིང,rtsi shing,རྩི་ཤིང,rKTs (CC BY 4.0): Esukhia
rtsigazo,རྩིགཟོ,rtsig bzo,རྩིག་བཟོ,rKTs (CC BY 4.0): Esukhia
rtsigsu,རྩིགསུ,rtsigs su,རྩིགས་སུ,rKTs (CC BY 4.0): Nima Hojer Lama The Genealogy of Ya-ngal Family of Dolpo
rtsibasgo,རྩིབསྒོ,rtsibs sgo,རྩིབས་སྒོ,rKTs (CC BY 4.0): Dzongkha abbreviations
rtsubo,རྩུབོ,rtsub po,རྩུབ་པོ,rKTs (CC BY 4.0): Dzongkha abbreviations
rtsu+eMn,རྩེུཾན,rtse gsum can,རྩེ་གསུམ་ཅན,rKTs (CC BY 4.0): Dzongkha abbreviations
r+ts+rug,རྩྲུག,rtse drug,རྩེ་དྲུག,rKTs (CC BY 4.0): Dzongkha abbreviations
r+ts+ru+eg,རྩྲེུག,rtse drug,རྩེ་དྲུག,rKTs (CC BY 4.0): Bacot écriture cursive Tibétaine
r+ts+rung,རྩྲུང༌,rtse drung,རྩེ་དྲུང༌,rKTs (CC BY 4.0): Dzongkha abbreviations
rtse+oMn,རྩེོཾན,rtse mo can,རྩེ་མོ་ཅན,rKTs (CC BY 4.0): Dzongkha abbreviations
r+ts+nge+oM,རྩྔེོཾ,rtse mo lnga,རྩེ་མོ་ལྔ,rKTs (CC BY 4.0): Dzongkha abbreviations
r+ts+mo+em,རྩྨོེམ,rtse mo lnga,རྩེ་མོ་ལྔ,rKTs (CC BY 4.0): Bacot écriture cursive Tibétaine
rtse+o,རྩེོ,rtse mo,རྩེ་མོ,rKTs (CC BY 4.0): Dzongkha abbreviations
rtse+oM,རྩེོཾ,rtse mo,རྩེ་མོ,rKTs (CC BY 4.0)
rtso+e,རྩོེ,rtse mo,རྩེ་མོ,rKTs (CC BY 4.0): Bacot écriture cursive Tibétaine
rtseM,རྩེྃ་,rtse mo,རྩེ་མོ་,rKTs (CC BY 4.0): Esukhia
r+ts+yel,རྩྱེལ,rtse rgyal,རྩེ་རྒྱལ,rKTs (CC BY 4.0)
r+ts+yud,རྩྱུད,rtse rgyud,རྩེ་རྒྱུད,rKTs (CC BY 4.0): Dzongkha abbreviations
r+ts+yu+ed,རྩྱེུད,rtse rgyud,རྩེ་རྒྱུད,rKTs (CC BY 4.0): Bacot écriture cursive Tibétaine
r+ts+nge,རྩྔེ,rtse lnga,རྩེ་ལྔ,rKTs (CC BY 4.0)
rtsedaga',རྩེདགའ,rtsed dga',རྩེད་དགའ,rKTs (CC BY 4.0): Dzongkha abbreviations
rtsenas,རྩེནས,rtsen gnas,རྩེན་གནས,rKTs (CC BY 4.0): Dzongkha abbreviations
rtsen+son,རྩེནྶོན,rtser son,རྩེར་སོན,rKTs (CC BY 4.0): Esukhia
rtsodeM,རྩོདེཾ,rtsod med,རྩོད་མེད,rKTs (CC BY 4.0): Dzongkha abbreviations
rtsoldan,རྩོལྡན,rtsod ldan,རྩོད་ལྡན,rKTs (CC BY 4.0): Dzongkha abbreviations
rtsomakhan,རྩོམཁན,rtsom mkhan,རྩོམ་མཁན,rKTs (CC BY 4.0): Dzongkha abbreviations
rdzanu,རྫནུ,rdzan rdzun,རྫན་རྫུན,rKTs (CC BY 4.0): Dzongkha abbreviations
rdzaban,རྫབན,rdzab can,རྫབ་ཅན,rKTs (CC BY 4.0): Dzongkha abbreviations
rdzabo,རྫབོ,rdzab rdzob,རྫབ་རྫོབ,rKTs (CC BY 4.0): Dzongkha abbreviations
rdzas+yi,རྫསྱི,rdzas kyi,རྫས་ཀྱི,rKTs (CC BY 4.0): Dzongkha abbreviations
r+dz+yis,རྫྱིས,rdzas kyis,རྫས་ཀྱིས,rKTs (CC BY 4.0): Dzongkha abbreviations
rdzu 'phrulnga,རྫུ་འཕྲུལྔ,rdzu 'phrul lnga,རྫུ་འཕྲུལ་ལྔ,rKTs (CC BY 4.0): Dzongkha abbreviations
r+dz+rulnga,རྫྲུལྔ,rdzu 'phrul lnga,རྫུ་འཕྲུལ་ལྔ,rKTs (CC BY 4.0): Dzongkha abbreviations
rdzu+ul,རྫུུལ,rdzu 'phrul,རྫུ་འཕྲུལ,rKTs (CC BY 4.0): Bacot écriture cursive Tibétaine
r+dz+rul,རྫྲུལ,rdzu 'phrul,རྫུ་འཕྲུལ,rKTs (CC BY 4.0)
rdzrul,རྫྲུལ,rdzu 'phrul,རྫུ་འཕྲུལ,rKTs (CC BY 4.0): Nima Hojer Lama The Genealogy of Ya-ngal Family of Dolpo
rdzus \u0f7e,རྫུས་ཾ,rdzus ma'am,རྫུས་མའམ,rKTs (CC BY 4.0): Esukhia
rdzuskyes,རྫུསྐྱེས,rdzus skyes,རྫུས་སྐྱེས,rKTs (CC BY 4.0): Dzongkha abbreviations
rdzu+es,རྫེུས,rdzus skyes,རྫུས་སྐྱེས,rKTs (CC BY 4.0)
rdzu+en,རྫེུན,rdze btsun,རྫེ་བཙུན,rKTs (CC BY 4.0): Tibetan Shorthand Contractions
rdzoTen,རྫོཊེན,rdzogs chen,རྫོགས་ཆེན,rKTs (CC BY 4.0): Dzongkha abbreviations
rdzo+egsan,རྫོེགསན,rdzogs chen,རྫོགས་ཆེན,rKTs (CC BY 4.0): Bacot écriture cursive Tibétaine
rdzoDen,རྫོཌེན,rdzogs chen,རྫོགས་ཆེན,rKTs (CC BY 4.0): Nima Hojer Lama The Genealogy of Ya-ngal Family of Dolpo
rdzoDa'i,རྫོཌའི,rdzogs pa'i,རྫོགས་པའི,rKTs (CC BY 4.0): Esukhia
rdzogasangs,རྫོགསངས,rdzogs sangs,རྫོགས་སངས,rKTs (CC BY 4.0): Dzongkha abbreviations
rdzauDa,རྫཽཌ་,rdzogs so,རྫོགས་སོ་,rKTs (CC BY 4.0): Esukhia
rdzoDa,རྫོཌ,rdzogs,རྫོགས,rKTs (CC BY 4.0): Esukhia
rdzoT,རྫོཊ,rdzogs,རྫོགས,rKTs (CC BY 4.0): Dzongkha abbreviations
rdzoD,རྫོཌ,rdzogs,རྫོགས,rKTs (CC BY 4.0): Nima Hojer Lama The Genealogy of Ya-ngal Family of Dolpo
r+dz+ro+ung,རྫྲོུང༌,rdzong srung,རྫོང་སྲུང༌,rKTs (CC BY 4.0): Dzongkha abbreviations
rlangasarong,རླངསརོང,rlangs 'khor,རླངས་འཁོར,rKTs (CC BY 4.0): Esukhia
rlano,རླནོ,rlan rlon,རླན་རློན,rKTs (CC BY 4.0): Dzongkha abbreviations
rlung gru+i,རླུང་གྲིུ,rlung gi gru,རླུང་གི་གྲུ,rKTs (CC BY 4.0): Dzongkha abbreviations
rlonapa,རློནཔ,rlon pa,རློན་པ,rKTs (CC BY 4.0): Esukhia
rlomaMni,རློམྃནི,rlon min,རློན་མིན,rKTs (CC BY 4.0): Esukhia
rlaub,རླཽབ,rlob rlob,རློབ་རློབ,rKTs (CC BY 4.0): Dzongkha abbreviations
rloM,རློྃ,rlom,རློམ,rKTs (CC BY 4.0): Esukhia
l+ru,ལྲུ,la khru,ལ་ཁྲུ,rKTs (CC BY 4.0): Esukhia
lakhro,ལཁྲོ,la khro,ལ་ཁྲོ,rKTs (CC BY 4.0): Esukhia
las+yang,ལསྱང,la gsang,ལ་གསང,rKTs (CC BY 4.0): Esukhia
las+yal+zhag+ceso,ལསྱལྮགྕེསོ,la gsal zhag ceso,ལ་གསལ་ཞག་ཅེསོ,rKTs (CC BY 4.0): Esukhia
l+ling,ལླིང,la gling,ལ་གླིང,rKTs (CC BY 4.0): Esukhia
lngan,ལྔན,la ngan,ལ་ངན,rKTs (CC BY 4.0): Esukhia
latu,ལཏུ,la tu,ལ་ཏུ,rKTs (CC BY 4.0): Dzongkha abbreviations
ladon,ལདོན,la don,ལ་དོན,rKTs (CC BY 4.0): Dzongkha abbreviations
ladagongs,ལདགོངས,la dgos,ལ་དགོས,rKTs (CC BY 4.0): Esukhia
l+yatshalo,ལྱཚལོ,la phyag 'tshal lo,ལ་ཕྱག་འཚལ་ལོ,rKTs (CC BY 4.0): Esukhia
l^as,ལ༹ས,la btsas,ལ་བཙས,rKTs (CC BY 4.0): Dzongkha abbreviations
larten,ལརྟེན,la brten,ལ་བརྟེན,rKTs (CC BY 4.0): Esukhia
laskyon,ལསྐྱོན,la bskyon,ལ་བསྐྱོན,rKTs (CC BY 4.0): Esukhia
laMkhas,ལྃཁས,la mkhas,ལ་མཁས,rKTs (CC BY 4.0): Esukhia
leMr,ལེཾར,la mer,ལ་མེར,rKTs (CC BY 4.0): Esukhia
l^uT pa,ལུ༹ཊ་པ,la tshugs pa,ལ་ཚུགས་པ,rKTs (CC BY 4.0): Dzongkha abbreviations
l+zhibadapyadabyas,ལྮིབདཔྱདབྱས,la zhib dpyad byas,ལ་ཞིབ་དཔྱད་བྱས,rKTs (CC BY 4.0): Esukhia
l+shang,ལྴང,la sha dang,ལ་ཤ་དང,rKTs (CC BY 4.0): Esukhia
loDa,ལོཌ་,la sogs,ལ་སོགས་,rKTs (CC BY 4.0): Esukhia
laDo,ལཌོ,la sogs,ལ་སོགས,rKTs (CC BY 4.0): Esukhia
ldang,ལྡང,la sdang,ལ་སྡང,rKTs (CC BY 4.0): Esukhia
l+ralen+yedagos,ལྲལེནྱེདགོས,la sral len byed dgos,ལ་སྲལ་ལེན་བྱེད་དགོས,rKTs (CC BY 4.0): Esukhia
l+rusgangor+ze,ལྲུསྒངོརྯེ,la srus gong zer,ལ་སྲུས་གོང་ཟེར,rKTs (CC BY 4.0): Esukhia
l+red,ལྲེད,la sred,ལ་སྲེད,rKTs (CC BY 4.0): Esukhia
l+rol+ye,ལྲོལྱེ་,la srol phye,ལ་སྲོལ་ཕྱེ་,rKTs (CC BY 4.0): Esukhia
laganyis,ལགཉིས,lag gnyis,ལག་གཉིས,rKTs (CC BY 4.0): Dzongkha abbreviations
lagadub,ལགདུབ,lag gdub,ལག་གདུབ,rKTs (CC BY 4.0): Dzongkha abbreviations
lagayas,ལགཡས,lag g.yas,ལག་གཡས,rKTs (CC BY 4.0): Dzongkha abbreviations
lagayon,ལགཡོན,lag g.yon,ལག་གཡོན,rKTs (CC BY 4.0): Dzongkha abbreviations
lagi,ལགི,lag gi,ལག་གི,rKTs (CC BY 4.0): Dzongkha abbreviations
lagis,ལགིས,lag gis,ལག་གིས,rKTs (CC BY 4.0): Dzongkha abbreviations
lagro,ལགྲོ,lag 'gro,ལག་འགྲོ,rKTs (CC BY 4.0): Dzongkha abbreviations
lag^in,ལགི༹ན,lag 'dzin,ལག་འཛིན,rKTs (CC BY 4.0): Dzongkha abbreviations
lagen,ལགེན,lag len,ལག་ལེན,rKTs (CC BY 4.0): Dzongkha abbreviations
laglen,ལགླེན,lag len,ལག་ལེན,rKTs (CC BY 4.0): Esukhia
lagasaM,ལགསཾ,lags sam,ལགས་སམ,rKTs (CC BY 4.0): Dzongkha abbreviations
lag+sen,ལགྶེན,lag sen,ལག་སེན,rKTs (CC BY 4.0): Esukhia
lag+sor,ལགྶོར,lag sor,ལག་སོར,rKTs (CC BY 4.0): Esukhia
laDa,ལཌ་,lags,ལགས་,rKTs (CC BY 4.0): Esukhia
laD,ལཌ,lags,ལགས,rKTs (CC BY 4.0): Nima Hojer Lama The Genealogy of Ya-ngal Family of Dolpo
lang^o,ལངོ༹,lang 'tsho,ལང་འཚོ,rKTs (CC BY 4.0): Tibetan Shorthand Contractions
langi,ལངི,lang ling,ལང་ལིང,rKTs (CC BY 4.0): Dzongkha abbreviations
lango,ལངོ,lang long,ལང་ལོང,rKTs (CC BY 4.0): Dzongkha abbreviations
lanaD,ལནཌ,lan chags,ལན་ཆགས,rKTs (CC BY 4.0): Nima Hojer Lama The Genealogy of Ya-ngal Family of Dolpo
lan+rug+tu,ལནྲུགྟུ,lan drug tu,ལན་དྲུག་ཏུ,rKTs (CC BY 4.0): Esukhia
lanu,ལནུ,lan bu,ལན་བུ,rKTs (CC BY 4.0): Dzongkha abbreviations
lan^ar,ལན༹ར,lan tshar,ལན་ཚར,rKTs (CC BY 4.0): Dzongkha abbreviations
lanatshwa'itshong,ལནཚྭའིཚོང,lan tshwa'i mtsho dang,ལན་ཚྭའི་མཚོ་དང,rKTs (CC BY 4.0): Esukhia
lan+w^a,ལནྭ༹,lan tshwa,ལན་ཚྭ,rKTs (CC BY 4.0): Dzongkha abbreviations
labo,ལབོ,lab lob,ལབ་ལོབ,rKTs (CC BY 4.0): Dzongkha abbreviations
lamyi,ལམྱི་,lam gyi,ལམ་གྱི་,rKTs (CC BY 4.0): Esukhia
leMn,ལེཾན,lam chen,ལམ་ཆེན,rKTs (CC BY 4.0): Esukhia
laMng,ལྃང,lam dang,ལམ་དང,rKTs (CC BY 4.0): Esukhia
lamado,ལམདོ,lam mdo,ལམ་མདོ,rKTs (CC BY 4.0): Dzongkha abbreviations
loMd,ལོཾད,lam mdo,ལམ་མདོ,rKTs (CC BY 4.0): Dzongkha abbreviations
lame ba,ལམེ་བ,lam me ba,ལམ་མེ་བ,rKTs (CC BY 4.0): Dzongkha abbreviations
lamed pa,ལམེད་པ,lam med pa,ལམ་མེད་པ,rKTs (CC BY 4.0): Dzongkha abbreviations
lngaM,ལྔྃ,lam lnga,ལམ་ལྔ,rKTs (CC BY 4.0): Esukhia
lngaM'o,ལྔྃའོ་,lam lnga'o,ལམ་ལྔའོ་,rKTs (CC BY 4.0): Esukhia
leMsoDa,ལེྃསོཌ,lam shes sogs,ལམ་ཤེས་སོགས,rKTs (CC BY 4.0): Esukhia
laM,ལྃ,lam,ལམ,rKTs (CC BY 4.0)
la'angashesar,ལའངཤེསར,la'ang shes par,ལའང་ཤེས་པར,rKTs (CC BY 4.0): Esukhia
la'iphyingasnisazh+ying,ལའིཕྱིངསྣིསཞྱིང,la'i phyi ngos ni sa gzhi dang,ལའི་ཕྱི་ངོས་ནི་ས་གཞི་དང,rKTs (CC BY 4.0): Esukhia
la'iph+y+rubuDa,ལའིཕྱྲུབུཌ,la'i phyi ru dbugs,ལའི་ཕྱི་རུ་དབུགས,rKTs (CC BY 4.0): Esukhia
las+yi',ལསྱིའ,las kyi mtha',ལས་ཀྱི་མཐའ,rKTs (CC BY 4.0): Dzongkha abbreviations
las+yi rnaMsmin,ལསྱི་རྣཾསྨིན,las kyi rnam smin,ལས་ཀྱི་རྣམ་སྨིན,rKTs (CC BY 4.0): Dzongkha abbreviations
las+yi,ལསྱི,las kyi,ལས་ཀྱི,rKTs (CC BY 4.0)
las+yis,ལསྱིས,las kyis,ལས་ཀྱིས,rKTs (CC BY 4.0): Esukhia
lasrub,ལསྲུབ,las grub,ལས་གྲུབ,rKTs (CC BY 4.0): Dzongkha abbreviations
laste,ལསྟེ,las te,ལས་ཏེ,rKTs (CC BY 4.0): Esukhia
las+thar,ལསྠར,las thar,ལས་ཐར,rKTs (CC BY 4.0): Esukhia
l^ang,ལ༹ང༌,las bzang,ལས་བཟང༌,rKTs (CC BY 4.0): Dzongkha abbreviations
lasang,ལསང,las bzang,ལས་བཟང,rKTs (CC BY 4.0): Tibetan Shorthand Contractions
las+yang,ལསྱང༌,las byang,ལས་བྱང༌,rKTs (CC BY 4.0)
l+yang,ལྱང༌,las byang,ལས་བྱང༌,rKTs (CC BY 4.0)
las^an,ལས༹ན,las tshan,ལས་ཚན,rKTs (CC BY 4.0): Dzongkha abbreviations
ldas,ལྡས,las 'das,ལས་འདས,rKTs (CC BY 4.0): Esukhia
l+ras,ལྲས,las 'bras,ལས་འབྲས,rKTs (CC BY 4.0): Dzongkha abbreviations
las+yala'itshanaM,ལསྱལའིཚནཾ,las rgyal ba'i mtshan ma,ལས་རྒྱལ་བའི་མཚན་མ,rKTs (CC BY 4.0): Esukhia
lAs bcaus,ལཱས་བཅཽས,las las bcos bcos,ལས་ལས་བཅོས་བཅོས,rKTs (CC BY 4.0): Dzongkha abbreviations
lasgrib,ལསྒྲིབ,las sgrib,ལས་སྒྲིབ,rKTs (CC BY 4.0): Dzongkha abbreviations
lasoD,ལསོཌ,las sogs,ལས་སོགས,rKTs (CC BY 4.0): Nima Hojer Lama The Genealogy of Ya-ngal Family of Dolpo
lasnyanaMgi,ལསྙནཾགི,las snyan ngag gi,ལས་སྙན་ངག་གི,rKTs (CC BY 4.0): Esukhia
laslo,ལསློ,las sla po,ལས་སླ་པོ,rKTs (CC BY 4.0): Dzongkha abbreviations
lasla,ལསླ,las sla,ལས་སླ,rKTs (CC BY 4.0): Dzongkha abbreviations
ling,ལིང,li dang,ལི་དང,rKTs (CC BY 4.0): Esukhia
l-i,ལྀ་,li li,ལི་ལི་,rKTs (CC BY 4.0): Esukhia
ling+ga,ལིངྒ,ling ga,ལིང་ག,rKTs (CC BY 4.0): Dzongkha abbreviations
lI+u,ལཱིུ,lU i,ལཱུ་ཨི,rKTs (CC BY 4.0): Esukhia
lugilo,ལུགིལོ,lug gi lo,ལུག་གི་ལོ,rKTs (CC BY 4.0): Dzongkha abbreviations
lugi,ལུགི,lug gi,ལུག་གི,rKTs (CC BY 4.0): Dzongkha abbreviations
lUg,ལཱུག,lug lug,ལུག་ལུག,rKTs (CC BY 4.0): Dzongkha abbreviations
lug+s+teskye,ལུགྶྟེསྐྱེ,lug ste skye,ལུག་སྟེ་སྐྱེ,rKTs (CC BY 4.0): Esukhia
l+yang,ལྱང,lugs dang,ལུགས་དང,rKTs (CC BY 4.0): Esukhia
lungasrol+zango'i,ལུངསྲོལྯངོའི,lugs srol bzang bo'i,ལུགས་སྲོལ་བཟང་བོའི,rKTs (CC BY 4.0): Esukhia
lugsu,ལུགསུ,lugs su,ལུགས་སུ,rKTs (CC BY 4.0): Nima Hojer Lama The Genealogy of Ya-ngal Family of Dolpo
luD,ལུཌ,lugs,ལུགས,rKTs (CC BY 4.0): Nima Hojer Lama The Genealogy of Ya-ngal Family of Dolpo
luDa,ལུཌ,lugs,ལུགས,rKTs (CC BY 4.0): Esukhia
lungubastana'i,ལུངུབསྟནའི,lung du bstan pa'i,ལུང་དུ་བསྟན་པའི,rKTs (CC BY 4.0): Esukhia
lunga'i,ལུངའི་,lung pa'i,ལུང་པའི་,rKTs (CC BY 4.0): Esukhia
lungana'i,ལུངནའི,lung bstan pa'i,ལུང་བསྟན་པའི,rKTs (CC BY 4.0): Dzongkha abbreviations
lungaMstan,ལུངྃསྟན,lung bstan ma,ལུང་བསྟན་མ,rKTs (CC BY 4.0): Esukhia
lungan,ལུངན,lung bstan,ལུང་བསྟན,rKTs (CC BY 4.0)
lung+tan,ལུངྟན,lung bstan,ལུང་བསྟན,rKTs (CC BY 4.0): Dzongkha abbreviations
lungon,ལུངོན,lung ston,ལུང་སྟོན,rKTs (CC BY 4.0): Dzongkha abbreviations
lungsu,ལུངསུ,lungs su,ལུངས་སུ,rKTs (CC BY 4.0): Nima Hojer Lama The Genealogy of Ya-ngal Family of Dolpo
lum+bi'i gnas,ལུམྦིའི་གནས,lum bi'i gnas,ལུམ་བིའི་གནས,rKTs (CC BY 4.0): Dzongkha abbreviations
lum+bi'i tshal,ལུམྦིའི་ཚལ,lum bi'i tshal,ལུམ་བིའི་ཚལ,rKTs (CC BY 4.0): Dzongkha abbreviations
lus+yi,ལུསྱི,lus kyi,ལུས་ཀྱི,rKTs (CC BY 4.0): Esukhia
lusangig3,ལུསངིག༣,lus ngag yid gsum,ལུས་ངག་ཡིད་གསུམ,rKTs (CC BY 4.0): Dzongkha abbreviations
lus+yangid3,ལུསྱངིད༣,lus ngag yid gsum,ལུས་ངག་ཡིད་གསུམ,rKTs (CC BY 4.0): Dzongkha abbreviations
luMgid,ལུཾགིད,lus ngag yid,ལུས་ངག་ཡིད,rKTs (CC BY 4.0): Bacot écriture cursive Tibétaine
lus+yaMdi gsum,ལུསྱཾདི་གསུམ,lus ngag yid,ལུས་ངག་ཡིད,rKTs (CC BY 4.0): Bacot écriture cursive Tibétaine
lu+u+idaM,ལིུུདཾ,lus ngag yid,ལུས་ངག་ཡིད,rKTs (CC BY 4.0): Bacot écriture cursive Tibétaine
lusan,ལུསན,lus can,ལུས་ཅན,rKTs (CC BY 4.0): Dzongkha abbreviations
lusadreg,ལུསདྲེག,lus dreg,ལུས་དྲེག,rKTs (CC BY 4.0): Esukhia
lusu,ལུསུ,lus su,ལུས་སུ,rKTs (CC BY 4.0): Esukhia
lu+eMs,ལེུཾས,lus sems,ལུས་སེམས,rKTs (CC BY 4.0): Dzongkha abbreviations
luskyes,ལུསྐྱེས,lus skyes,ལུས་སྐྱེས,rKTs (CC BY 4.0): Dzongkha abbreviations
luskyob,ལུསྐྱོབ,lus skyob,ལུས་སྐྱོབ,rKTs (CC BY 4.0): Dzongkha abbreviations
lustobs,ལུསྟོབས,lus stobs,ལུས་སྟོབས,rKTs (CC BY 4.0): Dzongkha abbreviations
lusrung,ལུསྲུང༌,lus srung,ལུས་སྲུང༌,rKTs (CC BY 4.0): Dzongkha abbreviations
lusro,ལུསྲོ,lus sro,ལུས་སྲོ,rKTs (CC BY 4.0): Esukhia
l^en,ལེ༹ན,le tshan,ལེ་ཚན,rKTs (CC BY 4.0): Dzongkha abbreviations
leg,ལེག,le lag,ལེ་ལག,rKTs (CC BY 4.0): Dzongkha abbreviations
le+o,ལེོ,le lo,ལེ་ལོ,rKTs (CC BY 4.0): Dzongkha abbreviations
le+o'i,ལེོའི,le lo'i,ལེ་ལོའི,rKTs (CC BY 4.0): Esukhia
leDa,ལེཌ་,legs,ལེགས་,rKTs (CC BY 4.0): Esukhia
leDagrub+s+s+te,ལེཌགྲུབྶྶྟེ་,legs grub ste,ལེགས་གྲུབ་སྟེ,rKTs (CC BY 4.0): Esukhia
legasung,ལེགསུང༌,legs gsung,ལེགས་གསུང༌,rKTs (CC BY 4.0): Dzongkha abbreviations
leDa'i,ལེཌའི་,legs pa'i,ལེགས་པའི་,rKTs (CC BY 4.0): Esukhia
leDa'i,ལེཌའི,legs pa'i,ལེགས་པའི,rKTs (CC BY 4.0): Esukhia
leTar,ལེཊར,legs par,ལེགས་པར,rKTs (CC BY 4.0): Dzongkha abbreviations
leTad,ལེཊད,legs bshad,ལེགས་བཤད,rKTs (CC BY 4.0): Dzongkha abbreviations
leg+danaM,ལེགྡནཾ,legs ldan ma,ལེགས་ལྡན་མ,rKTs (CC BY 4.0): Dzongkha abbreviations
leg+dan,ལེགྡན,legs ldan,ལེགས་ལྡན,rKTs (CC BY 4.0): Dzongkha abbreviations
ldegan,ལྡེགན,legs ldan,ལེགས་ལྡན,rKTs (CC BY 4.0): Bacot écriture cursive Tibétaine
lden,ལྡེན,legs ldan,ལེགས་ལྡན,rKTs (CC BY 4.0): Bacot écriture cursive Tibétaine
legaso,ལེགསོ,legs so,ལེགས་སོ,rKTs (CC BY 4.0): Dzongkha abbreviations
legso,ལེགསོ,legs so,ལེགས་སོ,rKTs (CC BY 4.0): Nima Hojer Lama The Genealogy of Ya-ngal Family of Dolpo
logaskyes,ལོགསྐྱེས,legs skyes,ལེགས་སྐྱེས,rKTs (CC BY 4.0): Dzongkha abbreviations
legasbyar,ལེགསྦྱར,legs sbyar,ལེགས་སྦྱར,rKTs (CC BY 4.0)
lebyar,ལེབྱར,legs sbyar,ལེགས་སྦྱར,rKTs (CC BY 4.0): Dzongkha abbreviations
legyinaM,ལེགྱིནཾ,legs sbyin ma,ལེགས་སྦྱིན་མ,rKTs (CC BY 4.0): Dzongkha abbreviations
leT,ལེཊ,legs,ལེགས,rKTs (CC BY 4.0): Dzongkha abbreviations
leDa,ལེཌ,legs,ལེགས,rKTs (CC BY 4.0): Esukhia
leD,ལེཌ,legs,ལེགས,rKTs (CC BY 4.0): Nima Hojer Lama The Genealogy of Ya-ngal Family of Dolpo
lenags,ལེནགས,len chags,ལེན་ཆགས,rKTs (CC BY 4.0): Bacot écriture cursive Tibétaine
lenaT,ལེནཊ,len chags,ལེན་ཆགས,rKTs (CC BY 4.0): Dzongkha abbreviations
lenu,ལེནུ,len du,ལེན་དུ,rKTs (CC BY 4.0): Dzongkha abbreviations
lena'i,ལེནའི,len pa'i,ལེན་པའི,rKTs (CC BY 4.0): Esukhia
lenutshalade,ལེནུཚལདེ,len tshul bde,ལེན་ཚུལ་བདེ,rKTs (CC BY 4.0): Esukhia
lebeb,ལེབེབ,leb leb,ལེབ་ལེབ,rKTs (CC BY 4.0): Dzongkha abbreviations
lbe,ལྦེ,leb,ལེབ,rKTs (CC BY 4.0): Esukhia
le'udangaro,ལེའུདངརོ,le'u dang por,ལེའུ་དང་བོར,rKTs (CC BY 4.0): Esukhia
lngo+o,ལྔོོ་,lo ngo,ལོ་ངོ་,rKTs (CC BY 4.0): Esukhia
l+cho+en,ལྖོེན,lo chen,ལོ་ཆེན,rKTs (CC BY 4.0): Esukhia
lo paN,ལོ་པཎ,lo tsA ba dang paN+Di ta,ལོ་ཙཱ་བ་དང་པཎྜི་ཏ,rKTs (CC BY 4.0): Bacot écriture cursive Tibétaine
lo+egs,ལོེགས,lo legs,ལོ་ལེགས,rKTs (CC BY 4.0): Dzongkha abbreviations
laun,ལཽན,lo lon,ལོ་ལོན,rKTs (CC BY 4.0): Dzongkha abbreviations
l+sor,ལྶོར,lo sar,ལོ་སར,rKTs (CC BY 4.0): Esukhia
l+k+yo,ལྐྱོ,lo skya,ལོ་སྐྱ,rKTs (CC BY 4.0): Esukhia
logaM,ལོགཾ,log gam,ལོག་གམ,rKTs (CC BY 4.0): Dzongkha abbreviations
logayem,ལོགཡེམ,log g.yem,ལོག་གཡེམ,rKTs (CC BY 4.0): Dzongkha abbreviations
logren,ལོགྲེན,log 'dren,ལོག་འདྲེན,rKTs (CC BY 4.0)
l+ro+en,ལྲོེན,log 'dren,ལོག་འདྲེན,rKTs (CC BY 4.0): Bacot écriture cursive Tibétaine
log^o,ལོགོ༹,log 'tsho,ལོག་འཚོ,rKTs (CC BY 4.0): Dzongkha abbreviations
laug,ལཽག,log log,ལོག་ལོག,rKTs (CC BY 4.0): Dzongkha abbreviations
logasu,ལོགསུ,logs su,ལོགས་སུ,rKTs (CC BY 4.0): Dzongkha abbreviations
loDa,ལོཌ་,logs,ལོགས་,rKTs (CC BY 4.0): Esukhia
logad+yab+shul,ལོགདྱབྴུལ,logs brgyab shul,ལོགས་བརྒྱབ་ཤུལ,rKTs (CC BY 4.0): Esukhia
longadeMr,ལོངདེྃར,long med par,ལོང་མེད་པར,rKTs (CC BY 4.0): Esukhia
longasa'i,ལོངསའི་,longs pa'i,ལོངས་པའི་,rKTs (CC BY 4.0): Esukhia
loMsa'i,ལོཾསའི་,longs pa'i,ལོངས་པའི་,rKTs (CC BY 4.0): Esukhia
longasig,ལོངསིག,longs shig,ལོངས་ཤིག,rKTs (CC BY 4.0): Esukhia
longasku,ལོངསྐུ,longs sku,ལོངས་སྐུ,rKTs (CC BY 4.0)
longaspyad pa,ལོངསྤྱད་པ,longs spyad pa,ལོངས་སྤྱད་པ,rKTs (CC BY 4.0): Dzongkha abbreviations
longodaTo,ལོངོདཊོ,longs spyod rdzogs,ལོངས་སྤྱོད་རྫོགས,rKTs (CC BY 4.0): Dzongkha abbreviations
longaspyod,ལོངསྤྱོད,longs spyod,ལོངས་སྤྱོད,rKTs (CC BY 4.0)
longas+yod,ལོངསྱོད,longs spyod,ལོངས་སྤྱོད,rKTs (CC BY 4.0): Dzongkha abbreviations
l+yongod,ལྱོངོད,longs spyod,ལོངས་སྤྱོད,rKTs (CC BY 4.0): Dzongkha abbreviations
l+yaud,ལྱཽད,longs spyod,ལོངས་སྤྱོད,rKTs (CC BY 4.0): Dzongkha abbreviations
lyongod,ལྱོངོད,longs spyod,ལོངས་སྤྱོད,rKTs (CC BY 4.0): Nima Hojer Lama The Genealogy of Ya-ngal Family of Dolpo
l+yo+o+ongdags,ལྱོོོངདགས,longs sbyod rdzogs,ལོུངས་སྦྱོད་རྫོགས,rKTs (CC BY 4.0): Bacot écriture cursive Tibétaine
longsbyod,ལོངསྦྱོད,longs sbyod,ལོངས་སྦྱོད,rKTs (CC BY 4.0): Bacot écriture cursive Tibétaine
l+yaungd,ལྱཽངད,longs sbyod,ལོངས་སྦྱོད,rKTs (CC BY 4.0): Bacot écriture cursive Tibétaine
loMs,ལོཾས,longs,ལོངས,rKTs (CC BY 4.0): Esukhia
lorngog,ལོརྔོག,lor rngog,ལོར་རྔོག,rKTs (CC BY 4.0): Esukhia
lkogasod+zer,ལྐོགསོདྯེར,lkog gsod zer,ལྐོག་གསོད་ཟེར,rKTs (CC BY 4.0): Esukhia
l+ng+cha'i,ལྔྖའི་,lnga cha'i,ལྔ་ཆའི་,rKTs (CC BY 4.0): Esukhia
lngo,ལྔོ,lnga bo,ལྔ་བོ,rKTs (CC BY 4.0): Esukhia
lng^an,ལྔ༹ན,lnga tshan,ལྔ་ཚན,rKTs (CC BY 4.0): Dzongkha abbreviations
l+ng+s+de,ལྔྶྡེ,lnga sde,ལྔ་སྡེ,rKTs (CC BY 4.0): Esukhia
lnga,ལྔ,lnga,ལྔ,rKTs (CC BY 4.0): Esukhia
lnga,ལྔ,lnga,ལྔ,rKTs (CC BY 4.0): Esukhia
lcaDa,ལྕཌ་,lcags,ལྕགས་,rKTs (CC BY 4.0): Esukhia
lcagyuM,ལྕགྱུྃ,lcags kyu ma,ལྕགས་ཀྱུ་མ,rKTs (CC BY 4.0): Esukhia
lcakyu,ལྕཀྱུ,lcags kyu,ལྕགས་ཀྱུ,rKTs (CC BY 4.0): Bacot écriture cursive Tibétaine
lcagu,ལྕགུ,lcags kyu,ལྕགས་ཀྱུ,rKTs (CC BY 4.0): Dzongkha abbreviations
lcuT,ལྕུཊ,lcags kyu,ལྕགས་ཀྱུ,rKTs (CC BY 4.0): Dzongkha abbreviations
lcakyu'i,ལྕཀྱུའི,lcags kyu'i,ལྕགས་ཀྱུའི,rKTs (CC BY 4.0): Esukhia
lcakyu'o,ལྕཀྱུའོ,lcags kyu'o,ལྕགས་ཀྱུའོ,rKTs (CC BY 4.0): Esukhia
lcakyus,ལྕཀྱུས,lcags kyus,ལྕགས་ཀྱུས,rKTs (CC BY 4.0): Esukhia
l+c+yoT,ལྕྱོཊ,lcags kyo,ལྕགས་ཀྱོ,rKTs (CC BY 4.0): Dzongkha abbreviations
lcakyo,ལྕཀྱོ,lcags kyo,ལྕགས་ཀྱོ,rKTs (CC BY 4.0): Esukhia
lcaDagaMr,ལྕཌགྃར,lcags mkhar,ལྕགས་མཁར,rKTs (CC BY 4.0): Esukhia
lcaDaMda',ལྕཌྃདའ,lcags mda',ལྕགས་མདའ,rKTs (CC BY 4.0): Esukhia
lcaDadaMng,ལྕཌདྃང,lcags mdong,ལྕགས་མདོང,rKTs (CC BY 4.0): Esukhia
lcaDaMgi,ལྕཌྃགི,lcags mig,ལྕགས་མིག,rKTs (CC BY 4.0): Esukhia
lcaDoM,ལྕཌོྃ་,lcags mo,ལྕགས་མོ་,rKTs (CC BY 4.0): Esukhia
lcaDasog,ལྕཌསོག,lcags sog,ལྕགས་སོག,rKTs (CC BY 4.0): Esukhia
lcaDaslang,ལྕཌསླང,lcags slang,ལྕགས་སླང,rKTs (CC BY 4.0): Esukhia
lcagaskud,ལྕགསྐུད,lcags skud,ལྕགས་སྐུད,rKTs (CC BY 4.0): Dzongkha abbreviations
l+c+rog,ལྕྲོག,lcags sgrog,ལྕགས་སྒྲོག,rKTs (CC BY 4.0): Dzongkha abbreviations
lcagasgrog,ལྕགསྒྲོག,lcags sgrog,ལྕགས་སྒྲོག,rKTs (CC BY 4.0): Tibetan Shorthand Contractions
lcagsgrog,ལྕགསྒྲོག,lcags sgrog,ལྕགས་སྒྲོག,rKTs (CC BY 4.0): Bacot écriture cursive Tibétaine
l+c+rog,ལྕྲོག,lcags sgrog,ལྕགས་སྒྲོག,rKTs (CC BY 4.0): Bacot écriture cursive Tibétaine
lcaT,ལྕཊ,lcags,ལྕགས,rKTs (CC BY 4.0): Tibetan Shorthand Contractions
lcaDa,ལྕཌ་,lcags,ལྕགས,rKTs (CC BY 4.0): Esukhia
lcaD,ལྕཌ,lcags,ལྕགས ,rKTs (CC BY 4.0): Nima Hojer Lama The Genealogy of Ya-ngal Family of Dolpo
lcangaM,ལྕངྃ,lcang ma,ལྕང་མ,rKTs (CC BY 4.0): Esukhia
lcango,ལྕངོ,lcang lo,ལྕང་ལོ,rKTs (CC BY 4.0): Esukhia
lcang+k+ya'i,ལྕངྐྱའི,lcang skya'i,ལྕང་སྐྱའི,rKTs (CC BY 4.0): Esukhia
l+c+raMl,ལྕྲྃལ,lcam dral,ལྕམ་དྲལ,rKTs (CC BY 4.0)
lcoM,ལྕོྃ,lcam mo,ལྕམ་མོ,rKTs (CC BY 4.0): Esukhia
l+c+raMngi,ལྕྲྃངི,lcam sring,ལྕམ་སྲིང,rKTs (CC BY 4.0): Esukhia
lcaM,ལྕྃ,lcam,ལྕམ,rKTs (CC BY 4.0)
lcigagu,ལྕིགགུ,lcig gu,ལྕིག་གུ,rKTs (CC BY 4.0): Dzongkha abbreviations
lci+ig,ལྕིིག,lcig lcig,ལྕིག་ལྕིག,rKTs (CC BY 4.0): Dzongkha abbreviations
lcig+cig,ལྕིགྕིག,lcig lcig,ལྕིག་ལྕིག,rKTs (CC BY 4.0): Esukhia
lciDa,ལྕིཌ་,lcigs,ལྕིགས་,rKTs (CC BY 4.0): Esukhia
lcid+yis,ལྕིདྱིས,lcid kyis,ལྕིད་ཀྱིས,rKTs (CC BY 4.0): Esukhia
lcugu,ལྕུགུ,lcug gu,ལྕུག་གུ,rKTs (CC BY 4.0): Esukhia
lcugaM,ལྕུགྃ་,lcug ma,ལྕུག་མ་,rKTs (CC BY 4.0): Esukhia
lcugu,ལྕུགུ,lcug gu,ལྕུག་གུ,rKTs (CC BY 4.0): Dzongkha abbreviations
lcuDa,ལྕུཌ་,lcugs,ལྕུགས་,rKTs (CC BY 4.0): Esukhia
lcuDa,ལྕུཌ་,lcugs,ལྕུགས་,rKTs (CC BY 4.0): Esukhia
lcungauM,ལྕུངཽྃ,lcung mo,ལྕུང་མོ,rKTs (CC BY 4.0): Esukhia
lcuM,ལྕུཾ,lcung,ལྕུང,rKTs (CC BY 4.0): Esukhia
lc^uM,ལྕུཾ༹,lcum rtsa,ལྕུམ་རྩ,rKTs (CC BY 4.0): Dzongkha abbreviations
lcuMrtsa,ལྕུྃརྩ་,lcum rtsa,ལྕུམ་རྩ་,rKTs (CC BY 4.0): Esukhia
lcuM,ལྕུྃ,lcum,ལྕུམ,rKTs (CC BY 4.0): Esukhia
l+c+che+ung,ལྕྖེུང,lce chung,ལྕེ་ཆུང,rKTs (CC BY 4.0): Esukhia
lcedeM,ལྕེདེྃ,lce med,ལྕེ་མེད,rKTs (CC BY 4.0): Esukhia
lcetsha,ལྕེཚ,lce tsha,ལྕེ་ཚ,rKTs (CC BY 4.0): Esukhia
lcertsa,ལྕེརྩ,lce rtsa,ལྕེ་རྩ,rKTs (CC BY 4.0): Esukhia
lcertse,ལྕེརྩེ,lce rtse,ལྕེ་རྩེ,rKTs (CC BY 4.0): Esukhia
lcebyed,ལྕེབྱེད,lceb byed,ལྕེབ་བྱེད,rKTs (CC BY 4.0): Dzongkha abbreviations
lcog^e,ལྕོགེ༹,lcog tse,ལྕོག་ཙེ,rKTs (CC BY 4.0): Dzongkha abbreviations
lcaug,ལྕཽག,lcog lcog,ལྕོག་ལྕོག,rKTs (CC BY 4.0): Dzongkha abbreviations
lcoDa,ལྕོཌ་,lcogs,ལྕོགས་,rKTs (CC BY 4.0): Esukhia
lcongo,ལྕོངོ,lcong mo,ལྕོང་མོ,rKTs (CC BY 4.0): Dzongkha abbreviations
ljangal,ལྗངལ,ljang gsal,ལྗང་གསལ,rKTs (CC BY 4.0): Dzongkha abbreviations
ljangl,ལྗངལ,ljang gsal,ལྗང་གསལ,rKTs (CC BY 4.0): Bacot écriture cursive Tibétaine
ljag,ལྗག,ljang nag,ལྗང་ནག,rKTs (CC BY 4.0): Bacot écriture cursive Tibétaine
ljer,ལྗེར,ljang ser,ལྗང་སེར,rKTs (CC BY 4.0): Dzongkha abbreviations
ljani,ལྗནི,ljan ljin,ལྗན་ལྗིན,rKTs (CC BY 4.0): Dzongkha abbreviations
l+jAb,ལྗཱབ,ljab ljab,ལྗབ་ལྗབ,rKTs (CC BY 4.0): Dzongkha abbreviations
ljabi,ལྗབི,ljab ljib,ལྗབ་ལྗིབ,rKTs (CC BY 4.0): Dzongkha abbreviations
lta'i,ལྟའི་,lta ba'i,ལྟ་བའི་,rKTs (CC BY 4.0): Esukhia
ltu,ལྟུ,lta bu,ལྟ་བུ,rKTs (CC BY 4.0)
ltu'i,ལྟུའི,lta bu'i,ལྟ་བུའི,rKTs (CC BY 4.0)
ltu'o,ལྟུའོ་,lta bu'o,ལྟ་བུའོ་,rKTs (CC BY 4.0): Esukhia
ltus,ལྟུས,lta bus,ལྟ་བུས,rKTs (CC BY 4.0): Dzongkha abbreviations
l+t+yed,ལྟྱེད,lta byed,ལྟ་བྱེད,rKTs (CC BY 4.0): Esukhia
l+h+re,ལྷྲེ,lta 'der,ལྟ་འདེར,rKTs (CC BY 4.0): Bacot écriture cursive Tibétaine
lta,ལྟ,lta,ལྟ,rKTs (CC BY 4.0): Esukhia
ltagacod,ལྟགཅོད,ltag gcod,ལྟག་གཅོད,rKTs (CC BY 4.0): Dzongkha abbreviations
ltagi,ལྟགི,ltag ltig,ལྟག་ལྟིག,rKTs (CC BY 4.0): Dzongkha abbreviations
ltor,ལྟོར་,ltar ngo,ལྟར་ངོ་,rKTs (CC BY 4.0): Esukhia
ltarlas,ལྟརླས,ltar las,ལྟར་ལས,rKTs (CC BY 4.0): Esukhia
ltaste,ལྟསྟེ,ltas de,ལྟས་དེ,rKTs (CC BY 4.0): Esukhia
ltur,ལྟུར,ltung bar,ལྟུང་བར,rKTs (CC BY 4.0): Dzongkha abbreviations
lteMre,ལྟེཾརེ,ltem mer,ལྟེམ་མེར,rKTs (CC BY 4.0): Dzongkha abbreviations
ltu'i,ལྟུའི,ltu bu'i,ལྟུ་བུའི,rKTs (CC BY 4.0): Esukhia
ltungadai,ལྟུངདཻ,ltung byed de,ལྟུང་བྱེད་དེ,rKTs (CC BY 4.0): Esukhia
ltebaM,ལྟེབྃ,lteb ma,ལྟེབ་མ,rKTs (CC BY 4.0): Esukhia
ltauso,ལྟཽསོ་,lto gos so,ལྟོ་གོས་སོ་,rKTs (CC BY 4.0): Esukhia
lto'ingiM,ལྟོའིངིཾ,lto ba'i ming,ལྟོ་བའི་མིང,rKTs (CC BY 4.0): Esukhia
ltosaMde,ལྟོསྃདེ,ltos med,ལྟོས་མེད,rKTs (CC BY 4.0): Esukhia
ldabi,ལྡབི,ldab ldib,ལྡབ་ལྡིབ,rKTs (CC BY 4.0): Dzongkha abbreviations
ldabo,ལྡབོ,ldab ldob,ལྡབ་ལྡོབ,rKTs (CC BY 4.0): Dzongkha abbreviations
ldamu,ལྡམུ,ldam ldum,ལྡམ་ལྡུམ,rKTs (CC BY 4.0): Dzongkha abbreviations
ldari,ལྡརི,ldar ldir,ལྡར་ལྡིར,rKTs (CC BY 4.0): Dzongkha abbreviations
lding+khang,ལྡིངྑང,lding khang,ལྡིང་ཁང,rKTs (CC BY 4.0): Esukhia
lduM,ལྡུྃ་,ldum,ལྡུམ་,rKTs (CC BY 4.0): Esukhia
ldeMgi,ལྡེྃགི,lde mig,ལྡེ་མིག,rKTs (CC BY 4.0): Esukhia
ldeme ba,ལྡེམེ་བ,ldem me ba,ལྡེམ་མེ་བ,rKTs (CC BY 4.0): Dzongkha abbreviations
ldaim,ལྡཻམ,ldem ldem,ལྡེམ་ལྡེམ,rKTs (CC BY 4.0): Dzongkha abbreviations
ldeM,ལྡེཾ,ldem,ལྡེམ,rKTs (CC BY 4.0)
ldeMse ldem,ལྡེཾསེ་ལྡེམ,ldems se ldem,ལྡེམས་སེ་ལྡེམ,rKTs (CC BY 4.0): Dzongkha abbreviations
ldogaran+yas,ལྡོགརནྱས,ldog par gnas,ལྡོག་པར་གནས,rKTs (CC BY 4.0): Esukhia
ldogla \u0f7esri+un,ལྡོགླ་ཾསྲིུན,ldog zla mi srun,ལྡོག་ཟླ་མི་སྲུན,rKTs (CC BY 4.0): Esukhia
ldogla,ལྡོགླ,ldog zla,ལྡོག་ཟླ,rKTs (CC BY 4.0): Esukhia
ldobaskyen pa,ལྡོབསྐྱེན་པ,ldobs skyen pa,ལྡོབས་སྐྱེན་པ,rKTs (CC BY 4.0): Dzongkha abbreviations
lhen,ལྷེན,lha gshen,ལྷ་གཤེན,rKTs (CC BY 4.0): Nima Hojer Lama The Genealogy of Ya-ngal Family of Dolpo
lhen,ལྷེན,lha chen,ལྷ་ཆེན,rKTs (CC BY 4.0)
l+h+rug,ལྷྲུག,lha drug,ལྷ་དྲུག,rKTs (CC BY 4.0): Dzongkha abbreviations
lh^aMs,ལྷ༹ཾས,lha mtshams,ལྷ་མཚམས,rKTs (CC BY 4.0)
lhaMs,ལྷཾས,lha mtshams,ལྷ་མཚམས,rKTs (CC BY 4.0): Dzongkha abbreviations
lhin,ལྷིན,lha min,ལྷ་མིན,rKTs (CC BY 4.0): Dzongkha abbreviations
lhoM dpalungan,ལྷོཾ་དཔལུངན,lha mo dpal lung bstan,ལྷ་མོ་དཔལ་ལུང་བསྟན,rKTs (CC BY 4.0): Dzongkha abbreviations
lhoM noMg,ལྷོཾ་ནོཾག,lha mo nag mo,ལྷ་མོ་ནག་མོ,rKTs (CC BY 4.0): Dzongkha abbreviations
lhoM,ལྷོཾ,lha mo,ལྷ་མོ,rKTs (CC BY 4.0)
lhaMo,ལྷཾཨོ,lha mo,ལྷ་མོ,rKTs (CC BY 4.0): Nima Hojer Lama The Genealogy of Ya-ngal Family of Dolpo
lhagos,ལྷགོས,lha tshogs,ལྷ་ཚོགས,rKTs (CC BY 4.0): Dzongkha abbreviations
lh^ogs,ལྷོ༹གས,lha tshogs,ལྷ་ཚོགས,rKTs (CC BY 4.0): Tibetan Shorthand Contractions
lhogs,ལྷོགས,lha tshogs,ལྷ་ཚོགས,rKTs (CC BY 4.0): Bacot écriture cursive Tibétaine
lh^oT,ལྷོ༹ཊ,lha tshogs,ལྷ་ཚོགས,rKTs (CC BY 4.0): Dzongkha abbreviations
lhre'i,ལྷྲེའི,lha 'dre'i,ལྷ་འདྲེའི,rKTs (CC BY 4.0): Nima Hojer Lama The Genealogy of Ya-ngal Family of Dolpo
l+h+re,ལྷྲེ,lha 'dre,ལྷ་འདྲེ,rKTs (CC BY 4.0): Dzongkha abbreviations
lh^as,ལྷ༹ས,lha rdzas,ལྷ་རྫས,rKTs (CC BY 4.0)
lhan+da,ལྷནྡ,lha ldan,ལྷ་ལྡན,rKTs (CC BY 4.0): Dzongkha abbreviations
lhas,ལྷས,lha sras,ལྷ་སྲས,rKTs (CC BY 4.0): Dzongkha abbreviations
lhi+end,ལྷིེནད,lha srin sde brgyad,ལྷ་སྲིན་སྡེ་བརྒྱད,rKTs (CC BY 4.0): Bacot écriture cursive Tibétaine
l+h+rined,ལྷྲིནེད,lha srin sde brgyad,ལྷ་སྲིན་སྡེ་བརྒྱད,rKTs (CC BY 4.0): Dzongkha abbreviations
l+h+rin,ལྷྲིན,lha srin,ལྷ་སྲིན,rKTs (CC BY 4.0)
l+h+rung,ལྷྲུང༌,lha srung,ལྷ་སྲུང༌,rKTs (CC BY 4.0)
lhaganas,ལྷགནས,lhag gnas,ལྷག་གནས,rKTs (CC BY 4.0): Dzongkha abbreviations
lhagi,ལྷགི,lhag gi,ལྷག་གི,rKTs (CC BY 4.0): Dzongkha abbreviations
lhage ba,ལྷགེ་བ,lhag ge ba,ལྷག་གེ་བ,rKTs (CC BY 4.0): Dzongkha abbreviations
lhagaM,ལྷགཾ,lhag ma,ལྷག་མ,rKTs (CC BY 4.0): Dzongkha abbreviations
lhago,ལྷགོ,lhag lhog,ལྷག་ལྷོག,rKTs (CC BY 4.0): Dzongkha abbreviations
lhag+song,ལྷགྶོང,lhag song,ལྷག་སོང,rKTs (CC BY 4.0): Esukhia
lhange,ལྷངེ,lhang nge,ལྷང་ངེ,rKTs (CC BY 4.0): Nima Hojer Lama The Genealogy of Ya-ngal Family of Dolpo
lheMd,ལྷེཾད,lhad med,ལྷད་མེད,rKTs (CC BY 4.0): Esukhia
lha1,ལྷ༡,lhan cig,ལྷན་ཅིག,rKTs (CC BY 4.0): Esukhia
lhange,ལྷངེ༌,lhang nge,ལྷང་ངེ༌,rKTs (CC BY 4.0): Dzongkha abbreviations
lhangang,ལྷངང༌,lhang lhang,ལྷང་ལྷང༌,rKTs (CC BY 4.0): Dzongkha abbreviations
lhAng,ལྷཱང,lhang lhang,ལྷང་ལྷང,rKTs (CC BY 4.0): Dzongkha abbreviations
lhig,ལྷིག,lhan gcig,ལྷན་གཅིག,rKTs (CC BY 4.0): Tibetan Shorthand Contractions
lhanig,ལྷནིག,lhan cig,ལྷན་ཅིག,rKTs (CC BY 4.0): Dzongkha abbreviations
lhig,ལྷིག,lhan cig,ལྷན་ཅིག,rKTs (CC BY 4.0)
lhinag,ལྷིནག,lhan cig,ལྷན་ཅིག,rKTs (CC BY 4.0): Bacot écriture cursive Tibétaine
lhane,ལྷནེ,lhan ne,ལྷན་ནེ,rKTs (CC BY 4.0): Dzongkha abbreviations
lhan^oT,ལྷནོ༹ཊ,lhan tshogs,ལྷན་ཚོགས,rKTs (CC BY 4.0): Tibetan Shorthand Contractions
l+h+yas,ལྷྱས,lhan rgyas,ལྷན་རྒྱས,rKTs (CC BY 4.0)
l+h+yes,ལྷྱེས,lhan skyes,ལྷན་སྐྱེས,rKTs (CC BY 4.0)
lhabu,ལྷབུ,lhab lhub,ལྷབ་ལྷུབ,rKTs (CC BY 4.0): Dzongkha abbreviations
lhame,ལྷམེ,lham me,ལྷམ་མེ,rKTs (CC BY 4.0): Dzongkha abbreviations
lhaM,ལྷྃ,lham,ལྷམ,rKTs (CC BY 4.0)
lhaskos,ལྷསྐོས,lhas bskos,ལྷས་བསྐོས,rKTs (CC BY 4.0): Dzongkha abbreviations
lhuger,ལྷུགེར,lhug ger,ལྷུག་གེར,rKTs (CC BY 4.0): Dzongkha abbreviations
lhUg,ལྷཱུག,lhug lhug,ལྷུག་ལྷུག,rKTs (CC BY 4.0): Dzongkha abbreviations
lhugalaM'i,ལྷུགལྃའི,lhug spel ma'i,ལྷུག་སྤེལ་མའི,rKTs (CC BY 4.0): Esukhia
lju+engad,ལྗེུངད,lhung bthed,ལྷུང་བཐེད,rKTs (CC BY 4.0): Bacot écriture cursive Tibétaine
lhung^ed,ལྷུངེ༹ད,lhung bzed,ལྷུང་བཟེད,rKTs (CC BY 4.0): Dzongkha abbreviations
l+h+ru+ib,ལྷྲིུབ,lhun gyis grub,ལྷུན་གྱིས་གྲུབ,rKTs (CC BY 4.0)
lhunrub,ལྷུནྲུབ,lhun grub,ལྷུན་གྲུབ,rKTs (CC BY 4.0): Tibetan Shorthand Contractions
lhub,ལྷུབ,lhun grub,ལྷུན་གྲུབ,rKTs (CC BY 4.0): Dzongkha abbreviations
l+h+rub,ལྷྲུབ,lhun grub,ལྷུན་གྲུབ,rKTs (CC BY 4.0)
lhrunb,ལྷྲུནབ,lhun grub,ལྷུན་གྲུབ,rKTs (CC BY 4.0): Nima Hojer Lama The Genealogy of Ya-ngal Family of Dolpo
lhuno,ལྷུནོ,lhun po,ལྷུན་པོ,rKTs (CC BY 4.0): Dzongkha abbreviations
lhuno'idzeM,ལྷུནོའིཛེྃ,lhun po'i mdzes,ལྷུན་པོའི་མཛེས,rKTs (CC BY 4.0): Esukhia
lhurlen,ལྷུརླེན,lhur len,ལྷུར་ལེན,rKTs (CC BY 4.0): Esukhia
lhaibs,ལྷཻབས,lhebs lhebs,ལྷེབས་ལྷེབས,rKTs (CC BY 4.0): Dzongkha abbreviations
l+h+yo+ing,ལྷྱོིང,lho gling,ལྷོ་གླིང,rKTs (CC BY 4.0): Esukhia
lhu+obadago,ལྷོུབདགོ,lho nub bdag po,ལྷོ་ནུབ་བདག་པོ,rKTs (CC BY 4.0): Dzongkha abbreviations
lhu+ob,ལྷོུབ,lho nub,ལྷོ་ནུབ,rKTs (CC BY 4.0)
lhauTo,ལྷཽཊོ,lho phyogs so,ལྷོ་ཕྱོགས་སོ,rKTs (CC BY 4.0): Dzongkha abbreviations
lhauT,ལྷཽཊ,lho phyogs,ལྷོ་ཕྱོགས,rKTs (CC BY 4.0): Dzongkha abbreviations
l+h+yaugs,ལྷྱཽགས,lho phyogs,ལྷོ་ཕྱོགས,rKTs (CC BY 4.0): Bacot écriture cursive Tibétaine
l+h+yogs,ལྷྱོགས,lho phyogs,ལྷོ་ཕྱོགས,rKTs (CC BY 4.0)
l+h+raud,ལྷྲཽད,lho bgrod,ལྷོ་བགྲོད,rKTs (CC BY 4.0): Esukhia
l+h+rogardzong,ལྷྲོགརྫོང་,lho brag rdzong,ལྷོ་བྲག་རྫོང་,rKTs (CC BY 4.0): Esukhia
lhonoMDa,ལྷོནོཾཌ,lho mon nags,ལྷོ་མོན་ནགས,rKTs (CC BY 4.0): Esukhia
lhaug,ལྷཽག,lhog lhog,ལྷོག་ལྷོག,rKTs (CC BY 4.0): Dzongkha abbreviations
shrag^in,ཤྲགི༹ན,sha khrag 'dzin,ཤ་ཁྲག་འཛིན,rKTs (CC BY 4.0): Dzongkha abbreviations
shrag,ཤྲག,sha khrag,ཤ་ཁྲག,rKTs (CC BY 4.0)
shoM,ཤོྃ,sha mo,ཤ་མོ,rKTs (CC BY 4.0): Esukhia
shatshil,ཤཚིལ,sha tshil,ཤ་ཚིལ,rKTs (CC BY 4.0): Esukhia
shakhon,ཤཁོན,sha 'khon,ཤ་འཁོན,rKTs (CC BY 4.0): Dzongkha abbreviations
sh+khon,ཤྑོན,sha 'khon,ཤ་འཁོན,rKTs (CC BY 4.0): Tibetan Shorthand Contractions
shAkyathub+sa,ཤཱཀྱཐུབྶ,shAkya thub pa,ཤཱཀྱ་ཐུབ་པ,rKTs (CC BY 4.0): Esukhia
shango,ཤངོ,shang shong,ཤང་ཤོང,rKTs (CC BY 4.0): Dzongkha abbreviations
shod,ཤོད་,shad do,ཤད་དོ་,rKTs (CC BY 4.0): Esukhia
shan+yaraM,ཤནྱརཾ,shan sbyar ma,ཤན་སྦྱར་མ,rKTs (CC BY 4.0): Dzongkha abbreviations
shabu,ཤབུ,shab shub,ཤབ་ཤུབ,rKTs (CC BY 4.0): Dzongkha abbreviations
shaMbs,ཤཾབས,sham thabs,ཤམ་ཐབས,rKTs (CC BY 4.0)
sham+b+halang,ཤམྦྷལང,sham+b+ha la dang,ཤམྦྷ་ལ་དང,rKTs (CC BY 4.0): Esukhia
shaM b+ha la,ཤཾ་བྷ་ལ,sham b+ha la,ཤམ་བྷ་ལ,rKTs (CC BY 4.0): Dzongkha abbreviations
sham+b+ha la,ཤམྦྷ་ལ,sham b+ha la,ཤམ་བྷ་ལ,rKTs (CC BY 4.0): Dzongkha abbreviations
shaM,ཤཾ,sham,ཤམ,rKTs (CC BY 4.0): Nima Hojer Lama The Genealogy of Ya-ngal Family of Dolpo
shar+yi,ཤརྱི,shar gyi,ཤར་གྱི,rKTs (CC BY 4.0): Esukhia
sharagliM,ཤརགླིཾ,shar gling,ཤར་གླིང,rKTs (CC BY 4.0): Esukhia
shir+yang,ཤིརྱང,shar gling,ཤར་གླིང,rKTs (CC BY 4.0): Esukhia
sharogs,ཤརོགས,shar phyogs,ཤར་ཕྱོགས,rKTs (CC BY 4.0): Dzongkha abbreviations
sharoT,ཤརོཊ,shar phyogs,ཤར་ཕྱོགས,rKTs (CC BY 4.0): Dzongkha abbreviations
shargos,ཤརྒོས,shar phyogs,ཤར་ཕྱོགས,rKTs (CC BY 4.0): Bacot écriture cursive Tibétaine
sh+yagos,ཤྱགོས,shar phyogs,ཤར་ཕྱོགས,rKTs (CC BY 4.0): Bacot écriture cursive Tibétaine
sh+yoT,ཤྱོཊ,shar phyogs,ཤར་ཕྱོགས,rKTs (CC BY 4.0): Dzongkha abbreviations
sharaMng,ཤརྃང,shar ma dang,ཤར་མ་དང,rKTs (CC BY 4.0): Esukhia
shari,ཤརི,shar ri,ཤར་རི,rKTs (CC BY 4.0): Dzongkha abbreviations
shar+ho,ཤརྷོ,shar lho,ཤར་ལྷོ,rKTs (CC BY 4.0): Dzongkha abbreviations
sh+hor,ཤྷོར,shar lho,ཤར་ལྷོ,rKTs (CC BY 4.0): Bacot écriture cursive Tibétaine
sharar,ཤརར,shar shar,ཤར་ཤར,rKTs (CC BY 4.0): Dzongkha abbreviations
sharu,ཤརུ,shar shur,ཤར་ཤུར,rKTs (CC BY 4.0): Dzongkha abbreviations
sharo,ཤརོ,shar shor,ཤར་ཤོར,rKTs (CC BY 4.0): Dzongkha abbreviations
shingaM,ཤིངྃ,shing ngam,ཤིང་ངམ,rKTs (CC BY 4.0): Esukhia
shingen,ཤིངེན,shing chen,ཤིང་ཆེན,rKTs (CC BY 4.0)
shing+tog,ཤིངྟོག,shing tog,ཤིང་ཏོག,rKTs (CC BY 4.0): Esukhia
shing+ranatsheran,ཤིངྲནཚེརན,shing phran tsher can,ཤིང་ཕྲན་ཚེར་ཅན,rKTs (CC BY 4.0): Esukhia
shingaphranasman,ཤིངཕྲནསྨན,shing phran sman,ཤིང་ཕྲན་སྨན,rKTs (CC BY 4.0): Esukhia
shingakharas+yil,ཤིངཁརསྱིལ,shing 'khar gsil,ཤིང་འཁར་གསིལ,rKTs (CC BY 4.0): Esukhia
shingabrasil+nyan,ཤིངབྲསིལྙན,shing 'bras sil snyan,ཤིང་འབྲས་སིལ་སྙན,rKTs (CC BY 4.0): Esukhia
shingabyug,ཤིངབྱུག,shing 'brug,ཤིང་འབྲུག,rKTs (CC BY 4.0): Esukhia
shingadzin,ཤིངཛིན,shing 'dzin,ཤིང་འཛིན,rKTs (CC BY 4.0): Esukhia
shingarta,ཤིངརྟ,shing rta,ཤིང་རྟ,rKTs (CC BY 4.0): Esukhia
shingarta'i,ཤིངརྟའི,shing rta'i,ཤིང་རྟའི,rKTs (CC BY 4.0): Esukhia
shiMsog,ཤིྃསོག,shing sog,ཤིང་སོག,rKTs (CC BY 4.0): Esukhia
shingano,ཤིངནོ,shing sngon,ཤིང་སྔོན,rKTs (CC BY 4.0): Dzongkha abbreviations
shing+s+te,ཤིངྶྟེ་,shing ste,ཤིང་སྟེ་,rKTs (CC BY 4.0): Esukhia
shinu,ཤིནུ,shin tu,ཤིན་ཏུ,rKTs (CC BY 4.0)
shin+tu,ཤིནྟུ,shin tu,ཤིན་ཏུ,rKTs (CC BY 4.0)
sh+tu+in,ཤྟིུན,shin tu,ཤིན་ཏུ,rKTs (CC BY 4.0): Bacot écriture cursive Tibétaine
sh^is,ཤི༹ས,shis mdzad,ཤིས་མཛད,rKTs (CC BY 4.0): Dzongkha abbreviations
shugasoM,ཤུགསོཾ,shug gsom,ཤུག་གསོམ,rKTs (CC BY 4.0): Esukhia
shuD,ཤུཌ,shugs,ཤུགས,rKTs (CC BY 4.0): Nima Hojer Lama The Genealogy of Ya-ngal Family of Dolpo
shubur smra ba,ཤུབུར་སྨྲ་བ,shub bur smra ba,ཤུབ་བུར་སྨྲ་བ,rKTs (CC BY 4.0): Dzongkha abbreviations
shUm pa,ཤཱུམ་པ,shum shum pa,ཤུམ་ཤུམ་པ,rKTs (CC BY 4.0): Dzongkha abbreviations
shul+chenang,ཤུལྖེནང,shul chen dang,ཤུལ་ཆེན་དང,rKTs (CC BY 4.0): Esukhia
shulaM,ཤུལཾ,shul lam,ཤུལ་ལམ,rKTs (CC BY 4.0): Dzongkha abbreviations
shedag,ཤེདག,shed bdag,ཤེད་བདག,rKTs (CC BY 4.0): Dzongkha abbreviations
shedu,ཤེདུ,shed bu,ཤེད་བུ,rKTs (CC BY 4.0): Dzongkha abbreviations
sherinaM,ཤེརིནཾ,sher phyin ma,ཤེར་ཕྱིན་མ,rKTs (CC BY 4.0): Dzongkha abbreviations
sherin mchoden,ཤེརིན་མཆོདེན,sher phyin mchod rten,ཤེར་ཕྱིན་མཆོད་རྟེན,rKTs (CC BY 4.0): Dzongkha abbreviations
sherin,ཤེརིན,sher phyin,ཤེར་ཕྱིན,rKTs (CC BY 4.0): Dzongkha abbreviations
sher+yin,ཤེརྱིན,sher phyin,ཤེར་ཕྱིན,rKTs (CC BY 4.0): Esukhia
shelan,ཤེལན,shel can,ཤེལ་ཅན,rKTs (CC BY 4.0): Dzongkha abbreviations
shes+ya,ཤེསྱ,shes bya,ཤེས་བྱ,rKTs (CC BY 4.0): Dzongkha abbreviations
sh+ye,ཤྱེ,shes bya,ཤེས་བྱ,rKTs (CC BY 4.0): Dzongkha abbreviations
sh+yes,ཤྱེས,shes bya,ཤེས་བྱ,rKTs (CC BY 4.0)
shes+yed,ཤེསྱེད,shes byed,ཤེས་བྱེད,rKTs (CC BY 4.0): Dzongkha abbreviations
shesa'i,ཤེསའི,shes pa'i,ཤེས་པའི,rKTs (CC BY 4.0): Esukhia
shesatshor,ཤེསཚོར,shes tshor,ཤེས་ཚོར,rKTs (CC BY 4.0): Esukhia
sher+yin pa,ཤེརྱིན་པ,shes rab kyi pha rol tu phyin pa,ཤེས་རབ་ཀྱི་ཕ་རོལ་ཏུ་ཕྱིན་པ,rKTs (CC BY 4.0): Dzongkha abbreviations
shrebyis,ཤྲེབྱིས,shes rab kyis,ཤེས་རབ་ཀྱིས,rKTs (CC BY 4.0): Esukhia
shrebang+s+kur,ཤྲེབངྶྐུར,shes rab dbang bskur,ཤེས་རབ་དབང་བསྐུར,rKTs (CC BY 4.0): Esukhia
shrebasnaMsangesarnyed,ཤྲེབསྣཾསངེསརྙེད,shes rab bsams nas nges rnyed,ཤེས་རབ་བསམས་ནས་ངེས་རྙེད,rKTs (CC BY 4.0): Esukhia
sher+ri,ཤེརྲི,shes rab ral gri,ཤེས་རབ་རལ་གྲི,rKTs (CC BY 4.0): Dzongkha abbreviations
sheb,ཤེབ,shes rab,ཤེས་རབ,rKTs (CC BY 4.0)
shesab,ཤེསབ,shes rab,ཤེས་རབ,rKTs (CC BY 4.0)
sh+reb,ཤྲེབ,shes rab,ཤེས་རབ,rKTs (CC BY 4.0): Bacot écriture cursive Tibétaine
shreb,ཤྲེབ,shes rab,ཤེས་རབ,rKTs (CC BY 4.0)
shesrig,ཤེསྲིག,shes rig,ཤེས་རིག,rKTs (CC BY 4.0): Esukhia
shesdan,ཤེསྡན,shes ldan,ཤེས་ལྡན,rKTs (CC BY 4.0): Esukhia
sheso,ཤེསོ,shes so,ཤེས་སོ,rKTs (CC BY 4.0): Dzongkha abbreviations
shesong,ཤེསོང,shes song,ཤེས་སོང,rKTs (CC BY 4.0): Esukhia
shesla,ཤེསླ,shes sla,ཤེས་སླ,rKTs (CC BY 4.0): Esukhia
shogu,ཤོགུ,shog gu,ཤོག་གུ,rKTs (CC BY 4.0): Dzongkha abbreviations
shog+bu,ཤོགྦུ,shog bu,ཤོག་བུ,rKTs (CC BY 4.0): Esukhia
shodu,ཤོདུ,shod du,ཤོད་དུ,rKTs (CC BY 4.0): Dzongkha abbreviations
shaur,ཤཽར,shor ro,ཤོར་རོ,rKTs (CC BY 4.0): Dzongkha abbreviations
sa paN,ས་པཎ,sa kya paN+Dita,ས་ཀྱ་པཎྜིཏ,rKTs (CC BY 4.0): Bacot écriture cursive Tibétaine
s+khul,སྑུལ,sa khul,ས་ཁུལ,rKTs (CC BY 4.0): Esukhia
sakhongasu,སཁོངསུ,sa khongs su,ས་ཁོངས་སུ,rKTs (CC BY 4.0): Esukhia
sakhra'adra'o,སཁྲའདྲའོ་,sa khra 'dra'o,ས་ཁྲ་འདྲའོ་,rKTs (CC BY 4.0): Esukhia
sadan,སདན,sa gdan,ས་གདན,rKTs (CC BY 4.0): Esukhia
san+yaM,སནྱྃ་,sa gnam,ས་གནམ་,rKTs (CC BY 4.0): Esukhia
sazh+yi'ingaM,སཞྱིའིངཾ,sa gzhi'i ming,ས་གཞིའི་མིང,rKTs (CC BY 4.0): Esukhia
sa gnam,ས་གནམ,sa gzhi dang gnam ga,ས་གཞི་དང་གནམ་ག,rKTs (CC BY 4.0): Bacot écriture cursive Tibétaine
sge soge,སྒེ་སོགེ,sa ge sog ge,ས་གེ་སོག་གེ,rKTs (CC BY 4.0): Esukhia
sangos,སངོས,sa ngos,ས་ངོས,rKTs (CC BY 4.0): Esukhia
sapagatshad,སཔགཚད་,sa dpag tshad,ས་དཔག་ཚད་,rKTs (CC BY 4.0): Esukhia
sapyadakhaM,སཔྱདཁཾ,sa dpyad khang,ས་དཔྱད་ཁང,rKTs (CC BY 4.0): Esukhia
sabyibs,སབྱིབས,sa dbyibs,ས་དབྱིབས,rKTs (CC BY 4.0): Esukhia
sakra,སཀྲ,sa bkra,ས་བཀྲ,rKTs (CC BY 4.0): Esukhia
sacad,སཅད,sa bcad,ས་བཅད,rKTs (CC BY 4.0): Esukhia
sacu'o,སཅུའོ་,sa bcu'o,ས་བཅུའོ་,rKTs (CC BY 4.0): Esukhia
saDa,སཌ,sa bdag,ས་བདག,rKTs (CC BY 4.0): Esukhia
sabab,སབབ,sa bab,ས་བབ,rKTs (CC BY 4.0): Esukhia
sbe sibe,སྦེ་སིབེ་,sa be sib be,ས་བེ་སིབ་བེ་,rKTs (CC BY 4.0): Esukhia
sbe sobe,སྦེ་སོབེ་,sa be sob be,ས་བེ་སོབ་བེ་,rKTs (CC BY 4.0): Esukhia
son,སོན,sa bon,ས་བོན,rKTs (CC BY 4.0): Tibetan Shorthand Contractions
sbon,སྦོན,sa bon,ས་བོན,rKTs (CC BY 4.0): Esukhia
sabla,སབླ་,sa bla,ས་བླ་,rKTs (CC BY 4.0): Esukhia
saMtha'aMtha',སྃཐའྃཐའ,sa mtha' mtha',ས་མཐའ་མཐའ,rKTs (CC BY 4.0): Esukhia
sadaM',སདྃའ,sa mda',ས་མདའ,rKTs (CC BY 4.0): Esukhia
s^iT,སི༹ཊ,sa tshigs,ས་ཚིགས,rKTs (CC BY 4.0): Dzongkha abbreviations
saMtshams,སྃཚམས,sa mtshams,ས་མཚམས,rKTs (CC BY 4.0): Esukhia
satshiDa,སཚིཌ,sa tshigs,ས་ཚིགས,rKTs (CC BY 4.0): Esukhia
s+zhingazos,སྮིངཟོས,sa zhing bzos,ས་ཞིང་བཟོས,rKTs (CC BY 4.0): Esukhia
s+zhes,སྮེས,sa zhes,ས་ཞེས,rKTs (CC BY 4.0): Esukhia
sagulasacha,སགུལསཆ,sa 'gul sa cha,ས་འགུལ་ས་ཆ,rKTs (CC BY 4.0): Esukhia
sadaMmo,སདྃམོ,sa 'dam mo,ས་འདམ་མོ,rKTs (CC BY 4.0): Esukhia
s^in,སི༹ན,sa 'dzin,ས་འཛིན,rKTs (CC BY 4.0): Dzongkha abbreviations
sa'og,སའོག,sa 'og,ས་འོག,rKTs (CC BY 4.0): Esukhia
sa ya'abaM,ས་ཡའབྃ,sa ya 'bum,ས་ཡ་འབུམ,rKTs (CC BY 4.0): Esukhia
sa resore,ས་རེསོརེ,sa re sor re,ས་རེ་སོར་རེ,rKTs (CC BY 4.0): Esukhia
s+yus,སྱུས,sa rgyus,ས་རྒྱུས,rKTs (CC BY 4.0): Esukhia
slA,སླཱ,sA la,སཱ་ལ,rKTs (CC BY 4.0): Esukhia
sa lu,ས་ལུ,sa lu,ས་ལུ་,rKTs (CC BY 4.0): Esukhia
saskya,སསྐྱ་,sa skya,ས་སྐྱ་,rKTs (CC BY 4.0): Esukhia
skya,སྐྱ,sa skya,ས་སྐྱ,rKTs (CC BY 4.0): Esukhia
sasteng,སསྟེང,sa steng,ས་སྟེང,rKTs (CC BY 4.0): Esukhia
steng,སྟེང,sa steng,ས་སྟེང,rKTs (CC BY 4.0): Esukhia
sasrin,སསྲིན,sa srin,ས་སྲིན,rKTs (CC BY 4.0): Esukhia
saslog+r+do,སསློགྲྡོ་,sa slog rdo,ས་སློག་རྡོ་,rKTs (CC BY 4.0): Esukhia
sag+nya,སགྙ,sag nya,སག་ཉ,rKTs (CC BY 4.0): Esukhia
sag+zh+wa,སགྮྭ,sag zhwa,སག་ཞྭ,rKTs (CC BY 4.0): Esukhia
sagri,སགྲི་,sag ri,སག་རི་,rKTs (CC BY 4.0): Esukhia
sagrisan,སགྲིསན,sag ris can,སག་རིས་ཅན,rKTs (CC BY 4.0): Esukhia
sag+dar,སགྡར,sag rdar,སག་རྡར,rKTs (CC BY 4.0): Esukhia
sag+haM,སགྷྃ,sag lham,སག་ལྷམ,rKTs (CC BY 4.0): Esukhia
sAng po,སཱང་པོ,sang sang po,སང་སང་པོ,rKTs (CC BY 4.0): Dzongkha abbreviations
saMsang,སཾསང,sangs dang,སངས་དང,rKTs (CC BY 4.0): Esukhia
sang+yas+yi,སངྱསྱི,sangs rgyas kyi,སངས་རྒྱས་ཀྱི,rKTs (CC BY 4.0): Dzongkha abbreviations
sang+yas+yis,སངྱསྱིས,sangs rgyas kyis,སངས་རྒྱས་ཀྱིས,rKTs (CC BY 4.0): Dzongkha abbreviations
sad+yasaMd,སདྱསྃད,sangs rgyas thams cad,སངས་རྒྱས་ཐམས་ཅད,rKTs (CC BY 4.0): Esukhia
sang+yas 'brasu,སངྱས་འབྲསུ,sangs rgyas 'bras bu,སངས་རྒྱས་འབྲས་བུ,rKTs (CC BY 4.0): Dzongkha abbreviations
sad+yasaM,སདྱསྃ,sangs rgyas sam,སངས་རྒྱས་སམ,rKTs (CC BY 4.0): Esukhia
sadyaso,སདྱསོ,sangs rgyas so,སངས་རྒྱས་སོ,rKTs (CC BY 4.0): Nima Hojer Lama The Genealogy of Ya-ngal Family of Dolpo
sang+yaskyongakyisadz^ada'i,སངྱསྐྱོངཀྱིསཛ༹དའི,sangs rgyas skyongs kyis mdzad pa'i,སངས་རྒྱས་སྐྱོངས་ཀྱིས་མཛད་པའི,rKTs (CC BY 4.0): Dzongkha abbreviations
sad+yasras+yiskor,སདྱསྲསྱིསྐོར,sangs rgyas sras kyis bskor,སངས་རྒྱས་སྲས་ཀྱིས་བསྐོར,rKTs (CC BY 4.0): Esukhia
sang+yas,སངྱས,sangs rgyas,སངས་རྒྱས,rKTs (CC BY 4.0)
srgyas,སརྒྱས,sangs rgyas,སངས་རྒྱས,rKTs (CC BY 4.0): Bacot écriture cursive Tibétaine
sng+yas,སྔྱས,sangs rgyas,སངས་རྒྱས,rKTs (CC BY 4.0): Bacot écriture cursive Tibétaine
sad+yaMs,སདྱཾས,sangs rgyas,སངས་རྒྱས,rKTs (CC BY 4.0): Esukhia
sad+yas,སདྱས,sangs rgyas,སངས་རྒྱས,rKTs (CC BY 4.0): Esukhia
sadyas,སདྱས,sangs rgyas,སངས་རྒྱས,rKTs (CC BY 4.0): Nima Hojer Lama The Genealogy of Ya-ngal Family of Dolpo
saMs,སཾས,sangs,སངས,rKTs (CC BY 4.0): Esukhia
sadang,སདང,sad dang,སད་དང,rKTs (CC BY 4.0): Esukhia
sadaraMdo,སདརྃདོ,sad par med,སད་པར་མེད,rKTs (CC BY 4.0): Esukhia
sadar,སདར,sad par,སད་པར,rKTs (CC BY 4.0): Esukhia
sadad+yab,སདདྱབ,sad brgyab,སད་བརྒྱབ,rKTs (CC BY 4.0): Esukhia
sadatshe,སདཚེ་,sad tshe,སད་ཚེ་,rKTs (CC BY 4.0): Esukhia
sadalhuM,སདལྷུཾ,sad lhung,སད་ལྷུང,rKTs (CC BY 4.0): Esukhia
sad+sudatsaM,སདྶུདཙྃ་,sad sud tsam,སད་སུད་ཙམ་,rKTs (CC BY 4.0): Esukhia
sad+sud,སདྶུད,sad sud,སད་སུད,rKTs (CC BY 4.0): Esukhia
sad+ser,སདྶེར,sad ser,སད་སེར,rKTs (CC BY 4.0): Esukhia
sab+ni,སབྣི་,sab ni,སབ་ནི་,rKTs (CC BY 4.0): Esukhia
sabe,སབེ་,sab be,སབ་བེ་,rKTs (CC BY 4.0): Esukhia
sab+sobaM,སབྶོབྃ,sab sob bam,སབ་སོབ་བམ,rKTs (CC BY 4.0): Esukhia
gliMcusi+e,གླིཾཅུསིེ་,sam gling bcu gnyis te,སམ་གླིང་བཅུ་གཉིས་ཏེ་,rKTs (CC BY 4.0): Esukhia
saMd+cilaDa,སྃདྕིལཌ་,sam ci lags,སམ་ཅི་ལགས་,rKTs (CC BY 4.0): Esukhia
saM,སྃ,sam,སམ,rKTs (CC BY 4.0): Esukhia
sa'ikhaMsaMbyung,སའིཁྃསྃབྱུང,sa'i khams sam 'byung,སའི་ཁམས་སམ་འབྱུང,rKTs (CC BY 4.0): Esukhia
sa'igo,སའིགོ,sa'i go,སའི་གོ,rKTs (CC BY 4.0): Esukhia
sa'idago,སའིདགོ་,sa'i bdag po,སའི་བདག་པོ་,rKTs (CC BY 4.0): Esukhia
sarorang,སརོརང,sar sor dang,སར་སོར་དང,rKTs (CC BY 4.0): Esukhia
sal+siler,སལྶིལེར,sal sil re,སལ་སིལ་རེ,rKTs (CC BY 4.0): Esukhia
s+sul,སྶུལ,sal sul,སལ་སུལ,rKTs (CC BY 4.0): Esukhia
sal+sil,སལྶིལ,sal+sil,སལྶིལ,rKTs (CC BY 4.0): Esukhia
si tacho+u,སི་ཏཆོུ་,si ta chu bo,སི་ཏ་ཆུ་བོ་,rKTs (CC BY 4.0): Esukhia
sri+il,སྲིིལ,si ril,སི་རིལ,rKTs (CC BY 4.0): Esukhia
sgri,སྒྲི་,si sgra,སི་སྒྲ་,rKTs (CC BY 4.0): Esukhia
sigi,སིགི,sig sig,སིག་སིག,rKTs (CC BY 4.0): Esukhia
siDaM,སིཌྃ་,sigs ma,སིགས་མ་,rKTs (CC BY 4.0): Esukhia
siDig,སིཌིག,sigs shig,སིགས་ཤིག,rKTs (CC BY 4.0): Esukhia
song+ga,སོངྒ,sing ga,སིང་ག,rKTs (CC BY 4.0): Esukhia
singe,སིངེ་,sing nge,སིང་ངེ་,rKTs (CC BY 4.0): Esukhia
singing,སིངིང,sing sing,སིང་སིང,rKTs (CC BY 4.0): Esukhia
siMso,སིཾསོ་,sings po,སིངས་པོ་,rKTs (CC BY 4.0): Esukhia
singaslagiMr+ts+yang,སིངསླགིྃརྩྱང,sings rlag mi gcang,སིངས་རླག་མི་གཅང,rKTs (CC BY 4.0): Esukhia
s+s+g+ri,སྶྒྲི,sid sgra,སིད་སྒྲ,rKTs (CC BY 4.0): Esukhia
sin+d+hu,སིནྡྷུ,sin+d+hu,སིནྡྷུ,rKTs (CC BY 4.0): Esukhia
sib+nad,སིབྣད,sib nad,སིབ་ནད,rKTs (CC BY 4.0): Esukhia
sibu,སིབུ,sib bu,སིབ་བུ,rKTs (CC BY 4.0)
sibib,སིབིབ,sib sib,སིབ་སིབ,rKTs (CC BY 4.0): Esukhia
siM,སིྃ,sim,སིམ,rKTs (CC BY 4.0): Esukhia
sil+kh+rol,སིལྑྲོལ,sil khrol,སིལ་ཁྲོལ,rKTs (CC BY 4.0): Esukhia
siltogaM,སིལྟོགྃ,sil tog gam,སིལ་ཏོག་གམ,rKTs (CC BY 4.0): Esukhia
siltog,སིལྟོག,sil tog,སིལ་ཏོག,rKTs (CC BY 4.0): Esukhia
silotshaDa,སིལོཚཌ,sil tshong,སིལ་ཚོང,rKTs (CC BY 4.0): Esukhia
sililakrola'isgra,སིལིལཀྲོལའིསྒྲ,sil sil dkrol ba'i sgra,སིལ་སིལ་དཀྲོལ་བའི་སྒྲ,rKTs (CC BY 4.0): Esukhia
sIl,སཱིལ,sil sil,སིལ་སིལ,rKTs (CC BY 4.0): Dzongkha abbreviations
sil+g+ra,སིལྒྲ,sil sgra,སིལ་སྒྲ,rKTs (CC BY 4.0): Esukhia
sucada'+di+e,སུཅདའྡིེ,su bcad pa'i sde,སུ་བཅད་པའི་སྡེ,rKTs (CC BY 4.0): Esukhia
sumu,སུམུ,su mu,སུ་མུ,rKTs (CC BY 4.0): Esukhia
su'ongasusashad,སུའོངསུསཤད,su 'ongs sus bshad,སུ་འོངས་སུས་བཤད,rKTs (CC BY 4.0): Esukhia
sured,སུརེད,su red,སུ་རེད,rKTs (CC BY 4.0): Esukhia
sug+thing,སུགྠིང,sug ti'ang,སུག་ཏིའང,rKTs (CC BY 4.0): Esukhia
sugris,སུགྲིས,sug bris,སུག་བྲིས,rKTs (CC BY 4.0): Esukhia
sug+mel,སུགྨེལ,sug mel,སུག་མེལ,rKTs (CC BY 4.0): Esukhia
suglas,སུགླས,sug las,སུག་ལས,rKTs (CC BY 4.0): Esukhia
sug+s+meladra,སུགྶྨེལདྲ,sug smel 'dra,སུག་སྨེལ་འདྲ,rKTs (CC BY 4.0): Esukhia
sug+mel,སུགྨེལ,sug smel,སུག་སྨེལ,rKTs (CC BY 4.0): Esukhia
suMsuMs,སུཾསུཾས,sung sungs,སུང་སུངས,rKTs (CC BY 4.0): Esukhia
sunabyung,སུནབྱུང,sun dbyung,སུན་དབྱུང,rKTs (CC BY 4.0): Esukhia
suno,སུནོ་,sun po,སུན་པོ་,rKTs (CC BY 4.0): Esukhia
sunaphyi+ung,སུནཕྱིུང,sun phyung zhing,སུན་ཕྱུང་ཞིང,rKTs (CC BY 4.0): Esukhia
sunaphyungasig,སུནཕྱུངསིག,sun phyungs shig,སུན་ཕྱུངས་ཤིག,rKTs (CC BY 4.0): Esukhia
su+in,སིུན,sun 'byin,སུན་འབྱིན,rKTs (CC BY 4.0): Dzongkha abbreviations
sunabyin,སུནབྱིན,sun 'byin,སུན་འབྱིན,rKTs (CC BY 4.0): Esukhia
sun+nang,སུནྣང,sun snang,སུན་སྣང,rKTs (CC BY 4.0): Esukhia
sub+Ri,སུབྼི,sub bri,སུབ་བྲི,rKTs (CC BY 4.0): Esukhia
subasig+ph+ris,སུབསིགྥྲིས,subs shig phris,སུབས་ཤིག་ཕྲིས,rKTs (CC BY 4.0): Esukhia
suMkhri,སུྃཁྲི,sum khri,སུམ་ཁྲི,rKTs (CC BY 4.0): Esukhia
sumyon,སུམྱོན,sum gyin,སུམ་གྱིན,rKTs (CC BY 4.0): Esukhia
suMcu,སུྃཅུ,sum cu,སུམ་ཅུ,rKTs (CC BY 4.0): Esukhia
si+ucha'o,སིུཆའོ་,sum cha'o,སུམ་ཆའོ་,rKTs (CC BY 4.0): Esukhia
suMdadasuMstong,སུྃདདསུྃསྟོང,sum brgya sum stong,སུམ་བརྒྱ་སུམ་སྟོང,rKTs (CC BY 4.0): Esukhia
suM bang+ya,སུཾ་བངྱ,sum brgya,སུམ་བརྒྱ,rKTs (CC BY 4.0): Dzongkha abbreviations
suM brgya,སུཾ་བརྒྱ,sum brgya,སུམ་བརྒྱ,rKTs (CC BY 4.0): Dzongkha abbreviations
s^u+eT,སེུ༹ཊ,sum brtsegs,སུམ་བརྩེགས,rKTs (CC BY 4.0): Dzongkha abbreviations
sum+co+ung,སུམྕོུང,sum me cung,སུམ་མེ་ཅུང,rKTs (CC BY 4.0): Esukhia
sumado,སུམདོ,sum mdo,སུམ་མདོ,rKTs (CC BY 4.0): Dzongkha abbreviations
suMdo,སུཾདོ,sum mdo,སུམ་མདོ,rKTs (CC BY 4.0): Dzongkha abbreviations
suMbuM,སུྃབུྃ,sum 'bum,སུམ་འབུམ,rKTs (CC BY 4.0): Esukhia
suMrkya,སུྃརྐྱ་,sum rkya,སུམ་རྐྱ་,rKTs (CC BY 4.0): Esukhia
suMrtaDa,སུྃརྟཌ,sum rtags,སུམ་རྟགས,rKTs (CC BY 4.0): Esukhia
sum^en,སུམེ༹ན,sum rtsen,སུམ་རྩེན,rKTs (CC BY 4.0): Dzongkha abbreviations
s+yaMsgril,སྱྃསྒྲིལ,sum sgril,སུམ་སྒྲིལ,rKTs (CC BY 4.0): Esukhia
suM,སུྃ,sum,སུམ,rKTs (CC BY 4.0)
suMsig,སུྃསིག,sums shig,སུམས་ཤིག,rKTs (CC BY 4.0): Esukhia
su'izer,སུའིཟེར,su'i zer,སུའི་ཟེར,rKTs (CC BY 4.0): Esukhia
sulang,སུལང,sul dang,སུལ་དང,rKTs (CC BY 4.0): Esukhia
sul+yug,སུལྱུག,sul drug,སུལ་དྲུག,rKTs (CC BY 4.0): Esukhia
sulaMng,སུལྃང,sul mang,སུལ་མང,rKTs (CC BY 4.0): Esukhia
suloM,སུལོྃ་,sul mo,སུལ་མོ་,rKTs (CC BY 4.0): Esukhia
sulaM,སུལཾ,sul lam,སུལ་ལམ,rKTs (CC BY 4.0): Dzongkha abbreviations
susashad,སུསཤད,sus bshad,སུས་བཤད་,rKTs (CC BY 4.0): Esukhia
susigal+ronang,སུསིགལྲོནང,sus shig mgron dang,སུས་ཤིག་མགྲོན་དང,rKTs (CC BY 4.0): Esukhia
se+o,སེོ,se bo,སེ་བོ་,rKTs (CC BY 4.0): Esukhia
sbe+o,སྦེོ,se bo,སེ་བོ་,rKTs (CC BY 4.0): Esukhia
se+oM,སེོྃ,se mo,སེ་མོ་,rKTs (CC BY 4.0): Esukhia
sle,སླེ,se 'bru,སེ་འབྲུ,rKTs (CC BY 4.0): Esukhia
s+yob,སྱོབ,se yab,སེ་ཡབ,rKTs (CC BY 4.0): Esukhia
s+ye+o,སྱེོ,se yo,སེ་ཡོ,rKTs (CC BY 4.0): Esukhia
srel+yas,སྲེལྱས,se ral byas,སེ་རལ་བྱས,rKTs (CC BY 4.0): Esukhia
srel,སྲེལ,se ral,སེ་རལ,rKTs (CC BY 4.0): Esukhia
sre+ul,སྲེུལ,se rul,སེ་རུལ,rKTs (CC BY 4.0): Esukhia
saigardar,སཻགརྡར,seg seg rdar,སེག་སེག་རྡར,rKTs (CC BY 4.0): Esukhia
sengen,སེངེན,seng ge can,སེང་གེ་ཅན,rKTs (CC BY 4.0): Dzongkha abbreviations
senge bzangos m^ada'i,སེངེ་བཟངོས་མ༹དའི,seng ge bzang pos mdzad pa'i,སེང་གེ་བཟང་པོས་མཛད་པའི,rKTs (CC BY 4.0): Dzongkha abbreviations
senge,སེངེ༌,seng ge,སེང་གེ,rKTs (CC BY 4.0): Dzongkha abbreviations
seng+ge,སེངྒེ,seng ge,སེང་གེ,rKTs (CC BY 4.0)
saing,སཻང,seng ge,སེང་གེ,rKTs (CC BY 4.0): Esukhia
saing+ga'aMyu,སཻངྒའྃཡུ,seng ge'i g.yu,སེང་གེའི་གཡུ,rKTs (CC BY 4.0): Esukhia
sainga'ingar,སཻངའིངར,seng ge'i ngar,སེང་གེའི་ངར,rKTs (CC BY 4.0): Esukhia
sengane,སེངནེ,seng chen,སེང་ཆེན,rKTs (CC BY 4.0): Esukhia
sengaphroM,སེངཕྲོྃ,seng phrom,སེང་ཕྲོམ་,rKTs (CC BY 4.0): Esukhia
sengaM,སེངྃ,seng ma,སེང་མ,rKTs (CC BY 4.0): Esukhia
seng+deng,སེངྡེང,seng ldeng,སེང་ལྡེང,rKTs (CC BY 4.0): Esukhia
s+haing,སྷཻང,seng ldeng,སེང་ལྡེང,rKTs (CC BY 4.0): Esukhia
senoM,སེནོྃ,sen mo,སེན་མོ,rKTs (CC BY 4.0): Esukhia
senoM,སེནོྃ,sen mo,སེན་མོ,rKTs (CC BY 4.0): Esukhia
seMnaMd,སེྃནྃད,sems can thams cad,སེམས་ཅན་ཐམས་ཅད,rKTs (CC BY 4.0): Esukhia
senaMd,སེནཾད,sems can thams cad,སེམས་ཅན་ཐམས་ཅད,rKTs (CC BY 4.0): Dzongkha abbreviations
senaMdaM,སེནཾདཾ,sems can thams cad,སེམས་ཅན་ཐམས་ཅད,rKTs (CC BY 4.0): Bacot écriture cursive Tibétaine
seMnathaMd,སེཾནཐཾད,sems can thams cad,སེམས་ཅན་ཐམས་ཅད,rKTs (CC BY 4.0): Dzongkha abbreviations
seMn bluno,སེཾན་བླུནོ,sems can blun po,སེམས་ཅན་བླུན་པོ,rKTs (CC BY 4.0): Dzongkha abbreviations
sen,སེན,sems can,སེམས་ཅན,rKTs (CC BY 4.0): Tibetan Shorthand Contractions
senaM,སེནཾ,sems can,སེམས་ཅན,rKTs (CC BY 4.0): Bacot écriture cursive Tibétaine
seMn,སེཾན,sems can,སེམས་ཅན,rKTs (CC BY 4.0)
seMan,སེཾཨན,sems can,སེམས་ཅན,rKTs (CC BY 4.0): Nima Hojer Lama The Genealogy of Ya-ngal Family of Dolpo
seMsen,སེཾསེན,sems chen,སེམས་ཆེན,rKTs (CC BY 4.0): Dzongkha abbreviations
ses+chuMng,སེསྖུྃང,sems chung,སེམས་ཆུང,rKTs (CC BY 4.0): Esukhia
seMsid,སེཾསིད,sems nyid,སེམས་ཉིད,rKTs (CC BY 4.0)
sedaM'o,སེདྃའོ་,sems dpa' 'o,སེམས་དཔའ་འོ་,rKTs (CC BY 4.0): Esukhia
saMde',སྃདེའ,sems dpa',སེམས་དཔའ,rKTs (CC BY 4.0): Esukhia
sedaM',སེདྃའ,sems dpa',སེམས་དཔའ,rKTs (CC BY 4.0): Esukhia
seda'aM,སེདའཾ,sems dpa',སེམས་དཔའ,rKTs (CC BY 4.0): Bacot écriture cursive Tibétaine
seMda',སེཾདའ,sems dpa',སེམས་དཔའ,rKTs (CC BY 4.0)
seM',སེཾའ,sems dpa',སེམས་དཔའ,rKTs (CC BY 4.0): Dzongkha abbreviations
seMsa'i,སེཾསའི,sems pa'i,སེམས་པའི,rKTs (CC BY 4.0): Dzongkha abbreviations
seMda'i,སེྃདའི,sems dpa'i,སེམས་དཔའི,rKTs (CC BY 4.0): Esukhia
skyaiMdango,སྐྱཻྃདངོ་,sems bskyed dang po,སེམས་བསྐྱེད་དང་པོ་,rKTs (CC BY 4.0): Esukhia
seskyaid,སེསྐྱཻད,sems bskyed de,སེམས་བསྐྱེད་དེ,rKTs (CC BY 4.0): Esukhia
seMskyed,སེཾསྐྱེད,sems bskyed,སེམས་བསྐྱེད,rKTs (CC BY 4.0)
seskyaMde,སེསྐྱཾདེ,sems bskyed,སེམས་བསྐྱེད,rKTs (CC BY 4.0): Bacot écriture cursive Tibétaine
seskyeMd,སེསྐྱེྃད,sems bskyed,སེམས་བསྐྱེད,rKTs (CC BY 4.0): Esukhia
ses+yuMng,སེསྱུྃང,sems byung,སེམས་བྱུང,rKTs (CC BY 4.0): Esukhia
seMs+kh+raliM,སེྃསྑྲལིྃ་,sems 'khral mi,སེམས་འཁྲལ་མི་,rKTs (CC BY 4.0): Esukhia
s^aiMr,སཻཾ༹ར,sems 'tsher,སེམས་འཚེར,rKTs (CC BY 4.0): Dzongkha abbreviations
seMsadzin,སེྃསཛིན,sems 'dzin,སེམས་འཛིན,rKTs (CC BY 4.0): Esukhia
seMslas,སེྃསླས,sems las,སེམས་ལས,rKTs (CC BY 4.0): Esukhia
seMsu,སེཾསུ,sems su,སེམས་སུ,rKTs (CC BY 4.0): Dzongkha abbreviations
sesuM,སེསུྃ,sems su,སེམས་སུ,rKTs (CC BY 4.0): Esukhia
seskyiMd,སེསྐྱིྃད,sems skyid,སེམས་སྐྱིད,rKTs (CC BY 4.0): Esukhia
seMskyed,སེྃསྐྱེད,sems skyed de,སེམས་སྐྱེད་དེ,rKTs (CC BY 4.0): Esukhia
seMskyes,སེཾསྐྱེས,sems skyes,སེམས་སྐྱེས,rKTs (CC BY 4.0): Dzongkha abbreviations
seMsnyinge,སེྃསྙིངེ་,sems snying rje,སེམས་སྙིང་རྗེ་,rKTs (CC BY 4.0): Esukhia
seMsdug,སེཾསྡུག,sems sdug,སེམས་སྡུག,rKTs (CC BY 4.0): Dzongkha abbreviations
seMsrongo,སེཾསྲོངོ,sems srong bo,སེམས་སྲོང་བོ,rKTs (CC BY 4.0): Esukhia
saMse,སྃསེ,sems,སེམས,rKTs (CC BY 4.0): Esukhia
seMs,སེྃས,sems,སེམས,rKTs (CC BY 4.0)
sesaM,སེསཾ,sems,སེམས,rKTs (CC BY 4.0)
s+se,སྶེ,sems,སེམས,rKTs (CC BY 4.0)
seMs,སེཾས,sems,སེམས,rKTs (CC BY 4.0): Nima Hojer Lama The Genealogy of Ya-ngal Family of Dolpo
serga,སེརྒ,ser ga,སེར་ག,rKTs (CC BY 4.0): Esukhia
seren,སེརེན,ser chen,སེར་ཆེན,rKTs (CC BY 4.0): Esukhia
seraMr,སེརྃར,ser dmar,སེར་དམར,rKTs (CC BY 4.0): Esukhia
seragaM,སེརགཾ,ser nag ma,སེར་ནག་མ,rKTs (CC BY 4.0): Dzongkha abbreviations
serag,སེརག,ser nag,སེར་ནག,rKTs (CC BY 4.0)
sero,སེརོ,ser po,སེར་པོ,rKTs (CC BY 4.0): Dzongkha abbreviations
so+er,སོེར,ser po,སེར་པོ,rKTs (CC BY 4.0): Bacot écriture cursive Tibétaine
serba,སེརྦ,ser ba,སེར་བ,rKTs (CC BY 4.0): Esukhia
seraukha,སེརཽཁ,ser bo ro kha,སེར་བོ་རོ་ཁ,rKTs (CC BY 4.0): Esukhia
sero,སེརོ་,ser bo,སེར་བོ,rKTs (CC BY 4.0): Esukhia
sera'o+i,སེརའོི་,ser bo'i,སེར་བོའི་,rKTs (CC BY 4.0): Esukhia
seroM,སེརོྃ་,ser mo,སེར་མོ,rKTs (CC BY 4.0): Esukhia
ser+sha,སེརྴ,ser sha,སེར་ཤ,rKTs (CC BY 4.0): Esukhia
sair,སཻར,ser ser,སེར་སེར,rKTs (CC BY 4.0): Dzongkha abbreviations
serkya,སེརྐྱ,ser skya,སེར་སྐྱ,rKTs (CC BY 4.0): Esukhia
sneran,སྣེརན,ser sna can,སེར་སྣ་ཅན,rKTs (CC BY 4.0): Dzongkha abbreviations
serne,སེརྣེ་,ser sna che,སེར་སྣ་ཆེ་,rKTs (CC BY 4.0): Esukhia
sernaMde,སེརྣྃདེ་,ser sna med,སེར་སྣ་མེད,rKTs (CC BY 4.0): Esukhia
sner,སྣེར,ser sna,སེར་སྣ,rKTs (CC BY 4.0)
selar+yed,སེལརྱེད,sel bar byed,སེལ་བར་བྱེད,rKTs (CC BY 4.0): Esukhia
sel+yong,སེལྱོང,sel bo yang,སེལ་བོ་ཡང,rKTs (CC BY 4.0): Esukhia
selo,སེལོ,sel bo,སེལ་བོ,rKTs (CC BY 4.0): Esukhia
sko,སྐོ་,so ka,སོ་ཀ་,rKTs (CC BY 4.0): Esukhia
s+con,སྕོན,so can,སོ་ཅན,rKTs (CC BY 4.0): Esukhia
s+thor,སྠོར,so thar,སོ་ཐར,rKTs (CC BY 4.0): Esukhia
song,སོང,so dang,སོ་དང,rKTs (CC BY 4.0): Esukhia
sro+ug,སྲོུག,so drug,སོ་དྲུག,rKTs (CC BY 4.0): Esukhia
s+phogasroD+zin,སྥོགསྲོཌྯིན,so phag bsregs zin,སོ་ཕག་བསྲེགས་ཟིན,rKTs (CC BY 4.0): Esukhia
sbo,སྦོ་,so ba,སོ་བ་,rKTs (CC BY 4.0): Esukhia
sotangasroDa,སོཏངསྲོཌ,so btang bsregs,སོ་བཏང་བསྲེགས,rKTs (CC BY 4.0): Esukhia
sozhi,སོཞི,so bzhi,སོ་བཞི,rKTs (CC BY 4.0): Esukhia
s+yo,སྱོ་,so bya,སོ་བྱ་,rKTs (CC BY 4.0): Esukhia
so'aro,སོའརོ་,so 'khor,སོ་འཁོར་,rKTs (CC BY 4.0): Esukhia
snyol+ni,སྙོལྣི,so rnyil na,སོ་རྙིལ་ན,rKTs (CC BY 4.0): Esukhia
saub,སཽབ,so so ba,སོ་སོ་བ,rKTs (CC BY 4.0)
so+ob,སོོབ,so so ba,སོ་སོ་བ,rKTs (CC BY 4.0): Tibetan Shorthand Contractions
sau,སཽ,so so,སོ་སོ,rKTs (CC BY 4.0)
sau'i,སཽའི,so so'i,སོ་སོའི,rKTs (CC BY 4.0): Dzongkha abbreviations
saur,སཽར,so sor,སོ་སོར,rKTs (CC BY 4.0)
sru+ong,སྲོུང,so srung,སོ་སྲུང,rKTs (CC BY 4.0): Dzongkha abbreviations
sro+ub+nas,སྲོུབྣས,so srubs nas,སོ་སྲུབས་ནས,rKTs (CC BY 4.0): Esukhia
sog+cig,སོགྕིག,sog cig,སོག་ཅིག,rKTs (CC BY 4.0): Esukhia
sog+nang,སོགྣང,sog nang,སོག་ནང,rKTs (CC BY 4.0): Esukhia
sog+sa,སོགྶ,sog pa,སོག་པ,rKTs (CC BY 4.0): Esukhia
sog+so,སོགྶོ་,sog po,སོག་པོ་,rKTs (CC BY 4.0): Esukhia
sogyil+s+nad+yan,སོགྱིལྶྣདྱན,sog byil rna rgyan,སོག་བྱིལ་རྣ་རྒྱན,rKTs (CC BY 4.0): Esukhia
sogroM,སོགྲོྃ་,sog ma gro,སོག་མ་གྲོ་,rKTs (CC BY 4.0): Esukhia
sogrusog+s+ka,སོགྲུསོགྶྐ་,sog rus sog skad,སོག་རུས་སོག་སྐད,rKTs (CC BY 4.0): Esukhia
sogleng,སོགླེང,sog le dang,སོག་ལེ་དང,rKTs (CC BY 4.0): Esukhia
soge,སོགེ,sog le,སོག་ལེ,rKTs (CC BY 4.0): Dzongkha abbreviations
sogyo+ig,སོགྱོིག,sog sog yig,སོག་སོག་ཡིག,rKTs (CC BY 4.0): Esukhia
saug,སཽག,sog sog,སོག་སོག,rKTs (CC BY 4.0): Esukhia
soDakyislasa'i,སོཌཀྱིསླསའི་,sogs kyis slas pa'i,སོགས་ཀྱིས་སླས་པའི་,rKTs (CC BY 4.0): Esukhia
sogasungs,སོགསུངས,sogs su gsungs pa,སོགས་སུ་གསུངས་པ,rKTs (CC BY 4.0): Esukhia
soDa,སོཌ,sogs,སོགས,rKTs (CC BY 4.0): Esukhia
soT,སོཊ,sogs,སོགས,rKTs (CC BY 4.0): Tibetan Shorthand Contractions
soD,སོཌ,sogs,སོགས,rKTs (CC BY 4.0): Nima Hojer Lama The Genealogy of Ya-ngal Family of Dolpo
sbong,སྦོང,song ba,སོང་བ,rKTs (CC BY 4.0): Esukhia
songaMg,སོངྃག,song zhig,སོང་ཞིག,rKTs (CC BY 4.0): Esukhia
saungang,སཽངང,song song,སོང་སོང,rKTs (CC BY 4.0): Esukhia
songasig,སོངསིག,songs shig,སོངས་ཤིག,rKTs (CC BY 4.0): Esukhia
son 'des,སོན་འདེས,son 'debs,སོན་འདེབས,rKTs (CC BY 4.0): Dzongkha abbreviations
son+ru,སོནྲུ,son 'bru,སོན་འབྲུ,rKTs (CC BY 4.0): Esukhia
sob+na,སོབྣ་,sob na,སོབ་ན,rKTs (CC BY 4.0): Esukhia
sob+bes,སོབྦེས,sob bes,སོབ་བེས,rKTs (CC BY 4.0): Esukhia
sobo,སོབོ,sob sob,སོབ་སོབ,rKTs (CC BY 4.0): Esukhia
sobasasig,སོབསསིག,sobs shig,སོབས་ཤིག,rKTs (CC BY 4.0): Esukhia
soM,སོཾ,som,སོམ་,rKTs (CC BY 4.0): Esukhia
soMsigu,སོཾསིགུ,soms shi gu,སོམས་ཤི་གུ,rKTs (CC BY 4.0): Esukhia
soMs shig,སོཾས་ཤིག,soms shig,སོམས་ཤིག,rKTs (CC BY 4.0): Dzongkha abbreviations
sosaM shig,སོསཾ་ཤིག,soms shig,སོམས་ཤིག,rKTs (CC BY 4.0)
soMs,སོཾས,soms,སོམས,rKTs (CC BY 4.0): Dzongkha abbreviations
sorazag+sor,སོརཟགྶོར,sor bzhag sor,སོར་བཞག་སོར,rKTs (CC BY 4.0): Esukhia
soroM,སོརོཾ་,sor mo,སོར་མོ་,rKTs (CC BY 4.0): Esukhia
sauM,སཽྃ,sor mo,སོར་མོ,rKTs (CC BY 4.0): Esukhia
sorgang,སོརྒང,sor sor gang,སོར་སོར་གང,rKTs (CC BY 4.0): Esukhia
sol+b+yas,སོལྦྱས,sol byas,སོལ་བྱས,rKTs (CC BY 4.0): Esukhia
sasko'o,སསྐོའོ་,sos ka'o,སོས་ཀའོ་,rKTs (CC BY 4.0): Esukhia
soskar,སོསྐར,sos kar,སོས་ཀར,rKTs (CC BY 4.0): Esukhia
sosdaldad,སོསྡལྡད,sos dal bsdad,སོས་དལ་བསྡད,rKTs (CC BY 4.0): Esukhia
sosdad+zin,སོསྡདྯིན,sos bldad zin,སོས་བལྡད་ཟིན,rKTs (CC BY 4.0): Esukhia
sosdod,སོསྡོད,sos bldad,སོས་བལྡད,rKTs (CC BY 4.0): Esukhia
soso,སོསོ,sos so,སོས་སོ,rKTs (CC BY 4.0): Dzongkha abbreviations
skad+cigaM'i,སྐདྕིགྃའི,skad cig ma'i,སྐད་ཅིག་མའི,rKTs (CC BY 4.0): Esukhia
skadig,སྐདིག,skad cig,སྐད་ཅིག,rKTs (CC BY 4.0): Dzongkha abbreviations
skig,སྐིག,skad cig,སྐད་ཅིག,rKTs (CC BY 4.0)
skidg,སྐིདག,skad cig,སྐད་ཅིག,rKTs (CC BY 4.0): Bacot écriture cursive Tibétaine
skado,སྐདོ,skad dod,སྐད་དོད,rKTs (CC BY 4.0): Dzongkha abbreviations
skabasuM,སྐབསུཾ,skabs gsum,སྐབས་གསུམ,rKTs (CC BY 4.0): Dzongkha abbreviations
s+y+k+ro+e+edm,སྱྐྲོེེདམ,skabs 'gro sems bskyed,སྐབས་འགྲོ་སེམས་བསྐྱེད,rKTs (CC BY 4.0): Bacot écriture cursive Tibétaine
skavol,སྐབོ༹ལ,skabs 'tshol,སྐབས་འཚོལ,rKTs (CC BY 4.0): Dzongkha abbreviations
skabasu,སྐབསུ,skabs su,སྐབས་སུ,rKTs (CC BY 4.0): Dzongkha abbreviations
skabsu,སྐབསུ,skabs su,སྐབས་སུ,rKTs (CC BY 4.0): Bacot écriture cursive Tibétaine
skamin,སྐམིན,skam min,སྐམ་མིན,rKTs (CC BY 4.0): Esukhia
skaM,སྐྃ,skam,སྐམ,rKTs (CC BY 4.0)
skaMr,སྐཾར,skar ma,སྐར་མ,rKTs (CC BY 4.0): Dzongkha abbreviations
skarma,སྐརྨ,skar ma,སྐར་མ,rKTs (CC BY 4.0): Dzongkha abbreviations
skaM',སྐཾའ,skar mda',སྐར་མདའ,rKTs (CC BY 4.0): Dzongkha abbreviations
skald,སྐལད,skal chad,སྐལ་ཆད,rKTs (CC BY 4.0): Dzongkha abbreviations
bskang,བསྐང༌,skal bzang,སྐལ་བཟང༌,rKTs (CC BY 4.0): Dzongkha abbreviations
skal+zang,སྐལྯང,skal bzang,སྐལ་བཟང,rKTs (CC BY 4.0): Esukhia
sk^ang,སྐ༹ང༌,skal bzang,སྐལ་བཟང༌,rKTs (CC BY 4.0): Dzongkha abbreviations
skang,སྐང༌,skal bzang,སྐལ་བཟང༌,rKTs (CC BY 4.0): Dzongkha abbreviations
skalang,སྐལང༌,skal bzang,སྐལ་བཟང༌,rKTs (CC BY 4.0): Dzongkha abbreviations
skal^ang,སྐལ༹ང,skal bzang,སྐལ་བཟང,rKTs (CC BY 4.0): Tibetan Shorthand Contractions
skaldan,སྐལྡན,skal ldan,སྐལ་ལྡན,rKTs (CC BY 4.0): Dzongkha abbreviations
skugs,སྐུགས,sku gsung thugs,སྐུ་གསུང་ཐུགས,rKTs (CC BY 4.0): Tibetan Shorthand Contractions
skunggs,སྐུངགས,sku gsung thugs,སྐུ་གསུང་ཐུགས,rKTs (CC BY 4.0): Bacot écriture cursive Tibétaine
skungaT,སྐུངཊ,sku gsung thugs,སྐུ་གསུང་ཐུགས,rKTs (CC BY 4.0): Dzongkha abbreviations
skuMnyel,སྐུྃཉེལ,sku mnyel,སྐུ་མཉེལ,rKTs (CC BY 4.0): Esukhia
skuMn,སྐུཾན,sku mdun,སྐུ་མདུན,rKTs (CC BY 4.0): Dzongkha abbreviations
skudog,སྐུདོག,sku mdog,སྐུ་མདོག,rKTs (CC BY 4.0): Dzongkha abbreviations
sku+og,སྐོུག,sku mdog,སྐུ་མདོག,rKTs (CC BY 4.0)
sk^eu,སྐེུ༹,sku tshe,སྐུ་ཚེ,rKTs (CC BY 4.0): Dzongkha abbreviations
skur,སྐུར,sku 'dra,སྐུ་འདྲ,rKTs (CC BY 4.0): Esukhia
sku+od,སྐོུད,sku stod,སྐུ་སྟོད,rKTs (CC BY 4.0)
skud,སྐུད,sku smad,སྐུ་སྨད,rKTs (CC BY 4.0): Bacot écriture cursive Tibétaine
skudaphangas+yir,སྐུདཕངསྱིར,skud 'phang gsir,སྐུད་འཕང་གསིར་,rKTs (CC BY 4.0): Esukhia
skul+yed ma,སྐུལྱེད་མ,skul byed ma,སྐུལ་བྱེད་མ,rKTs (CC BY 4.0): Dzongkha abbreviations
skul+yed,སྐུལྱེད,skul byed,སྐུལ་བྱེད,rKTs (CC BY 4.0): Dzongkha abbreviations
skorany+yena'or,སྐོརཉྱེནའོར,skor gnyen 'khor,སྐོར་གཉེན་འཁོར,rKTs (CC BY 4.0): Esukhia
skyaM',སྐྱཾའ,skya mda',སྐྱ་མདའ,rKTs (CC BY 4.0): Dzongkha abbreviations
s+k+y+ya,སྐྱྱ,skya skya,སྐྱ་སྐྱ,rKTs (CC BY 4.0): Dzongkha abbreviations
skyoMn,སྐྱོཾན,skyabs mgon,སྐྱབས་མགོན,rKTs (CC BY 4.0): Dzongkha abbreviations
skyagromede,སྐྱགྲོམེདེ,skyabs 'gro sems bskyed,སྐྱབས་འགྲོ་སེམས་བསྐྱེད,rKTs (CC BY 4.0): Dzongkha abbreviations
skyabasu mchi,སྐྱབསུ་མཆི,skyabs su mchi,སྐྱབས་སུ་མཆི,rKTs (CC BY 4.0): Dzongkha abbreviations
skyabso,སྐྱབསོ,skyabs so,སྐྱབས་སོ,rKTs (CC BY 4.0): Nima Hojer Lama The Genealogy of Ya-ngal Family of Dolpo
skyi \u0f7c\u0f7e,སྐྱི་ོཾ,skyi mo,སྐྱི་མོ་,rKTs (CC BY 4.0): Esukhia
skyido,སྐྱིདོ,skyid do,སྐྱིད་དོ,rKTs (CC BY 4.0): Dzongkha abbreviations
skyido,སྐྱིདོ,skyid po,སྐྱིད་པོ,rKTs (CC BY 4.0): Dzongkha abbreviations
skyu+ing,སྐྱིུང༌,skyil dkrung,སྐྱིལ་དཀྲུང༌,rKTs (CC BY 4.0): Dzongkha abbreviations
skyuMs,སྐྱུཾས,skyungs,སྐྱུངས,rKTs (CC BY 4.0): Esukhia
skyuro,སྐྱུརོ,skyur ro,སྐྱུར་རོ,rKTs (CC BY 4.0): Nima Hojer Lama The Genealogy of Ya-ngal Family of Dolpo
skyu+e,སྐྱེུ,skye dgu,སྐྱེ་དགུ,rKTs (CC BY 4.0)
skye'i,སྐྱེའི་,skye ba'i,སྐྱེ་བའི་,rKTs (CC BY 4.0): Esukhia
skyai,སྐྱཻ,skye bo,སྐྱེ་བོ,rKTs (CC BY 4.0): Dzongkha abbreviations
skye+o,སྐྱེོ་,skye bo,སྐྱེ་བོ་,rKTs (CC BY 4.0): Esukhia
skyaid,སྐྱཻད,skye mched,སྐྱེ་མཆེད,rKTs (CC BY 4.0): Dzongkha abbreviations
skyede,སྐྱེདེ,skye mched,སྐྱེ་མཆེད,rKTs (CC BY 4.0): Tibetan Shorthand Contractions
skyaid,སྐྱཻད,skye med,སྐྱེ་མེད,rKTs (CC BY 4.0): Dzongkha abbreviations
skye+ed,སྐྱེེད,skye med,སྐྱེ་མེད,rKTs (CC BY 4.0): Bacot écriture cursive Tibétaine
skyero,སྐྱེརོ,skye 'gro,སྐྱེ་འགྲོ,rKTs (CC BY 4.0): Dzongkha abbreviations
skyo+e,སྐྱོེ,skye 'gro,སྐྱེ་འགྲོ,rKTs (CC BY 4.0): Dzongkha abbreviations
s+k+y+ro+e,སྐྱྲོེ,skye 'gro,སྐྱེ་འགྲོ,rKTs (CC BY 4.0): Bacot écriture cursive Tibétaine
skyu+e,སྐྱེུ,skye rgu,སྐྱེ་རྒུ,rKTs (CC BY 4.0)
skyede,སྐྱེདེ,skye sred,སྐྱེ་སྲེད,rKTs (CC BY 4.0): Esukhia
skyedaM,སྐྱེདཾ,skyed ma,སྐྱེད་མ,rKTs (CC BY 4.0): Dzongkha abbreviations
skyed^ol,སྐྱེདོ༹ལ,skyed mos tshal,སྐྱེད་མོས་ཚལ,rKTs (CC BY 4.0): Dzongkha abbreviations
skyed^al,སྐྱེད༹ལ,skyed tshal,སྐྱེད་ཚལ,rKTs (CC BY 4.0): Dzongkha abbreviations
l+k+yel+yi,ལྐྱེལྱི,skyel gyi,སྐྱེལ་གྱི,rKTs (CC BY 4.0): Esukhia
skyu+ing,སྐྱིུང,skyel dkrung,སྐྱེལ་དཀྲུང,rKTs (CC BY 4.0): Bacot écriture cursive Tibétaine
skyenaM,སྐྱེནཾ,skyel mkhan,སྐྱེལ་མཁན,rKTs (CC BY 4.0): Dzongkha abbreviations
skyes+yiM,སྐྱེསྱིྃ་,skyes khyim,སྐྱེས་ཁྱིམ་,rKTs (CC BY 4.0): Esukhia
skyeste,སྐྱེསྟེ,skyes te,སྐྱེས་ཏེ,rKTs (CC BY 4.0): Dzongkha abbreviations
skyesa'i,སྐྱེསའི,skyes pa'i,སྐྱེས་པའི,rKTs (CC BY 4.0): Esukhia
skyesu,སྐྱེསུ,skyes bu,སྐྱེས་བུ,rKTs (CC BY 4.0)
skyesu bskur,སྐྱེསུ་བསྐུར,skyes su bskur,སྐྱེས་སུ་བསྐུར,rKTs (CC BY 4.0): Dzongkha abbreviations
skyesu,སྐྱེསུ,skyes su,སྐྱེས་སུ,rKTs (CC BY 4.0): Nima Hojer Lama The Genealogy of Ya-ngal Family of Dolpo
skyeso,སྐྱེསོ,skyes so,སྐྱེས་སོ,rKTs (CC BY 4.0): Nima Hojer Lama The Genealogy of Ya-ngal Family of Dolpo
skyose,སྐྱོསེ,skyo shes,སྐྱོ་ཤེས,rKTs (CC BY 4.0): Dzongkha abbreviations
skyo+es,སྐྱོེས,skyo shes,སྐྱོ་ཤེས,rKTs (CC BY 4.0): Bacot écriture cursive Tibétaine
skyoDa,སྐྱོཌ་,skyogs,སྐྱོགས་,rKTs (CC BY 4.0): Esukhia
skyon3spangaste,སྐྱོན༣སྤངསྟེ,skyon gsum spangs te,སྐྱོན་གསུམ་སྤངས་ཏེ,rKTs (CC BY 4.0): Esukhia
skyonado,སྐྱོནདོ,skyon brjod,སྐྱོན་བརྗོད,rKTs (CC BY 4.0): Dzongkha abbreviations
skyonral,སྐྱོནྲལ,skyon bral,སྐྱོན་བྲལ,rKTs (CC BY 4.0): Dzongkha abbreviations
skyaun,སྐྱཽན,skyon yon,སྐྱོན་ཡོན,rKTs (CC BY 4.0): Dzongkha abbreviations
sgaM,སྒྃ,sgam,སྒམ,rKTs (CC BY 4.0): Esukhia
sgu+ur,སྒུུར,sgur sgur,སྒུར་སྒུར,rKTs (CC BY 4.0): Dzongkha abbreviations
sgo drugi gzungs,སྒོ་དྲུགི་གཟུངས,sgo drug gi gzungs,སྒོ་དྲུག་གི་གཟུངས,rKTs (CC BY 4.0): Dzongkha abbreviations
sgo drugizungs,སྒོ་དྲུགིཟུངས,sgo drug gi gzungs,སྒོ་དྲུག་གི་གཟུངས,rKTs (CC BY 4.0): Dzongkha abbreviations
sgo mtha'asrungs,སྒོ་མཐའསྲུངས,sgo mtha' yas gzungs,སྒོ་མཐའ་ཡས་གཟུངས,rKTs (CC BY 4.0): Dzongkha abbreviations
sgyode,སྒྱོདེ,sgo 'byed,སྒོ་འབྱེད,rKTs (CC BY 4.0): Esukhia
sgo,སྒོ,sgo,སྒོ,rKTs (CC BY 4.0): Esukhia
sgoM,སྒོྃ་,sgom,སྒོམ་,rKTs (CC BY 4.0)
sgoroM,སྒོརོཾ,sgor mo,སྒོར་མོ,rKTs (CC BY 4.0): Dzongkha abbreviations
sgyuMn,སྒྱུཾན,sgyu ma mkhan,སྒྱུ་མ་མཁན,rKTs (CC BY 4.0): Dzongkha abbreviations
sgyul,སྒྱུལ,sgyu 'phrul,སྒྱུ་འཕྲུལ,rKTs (CC BY 4.0)
sgy^ul,སྒྱུ༹ལ,sgyu rtsal,སྒྱུ་རྩལ,rKTs (CC BY 4.0): Dzongkha abbreviations
d+yur ba,ངྱུར་བ,sgyur ba,སྒྱུར་བ,rKTs (CC BY 4.0): Dzongkha abbreviations
ng+yur ba,ངྱུར་བ,sgyur ba,སྒྱུར་བ,rKTs (CC BY 4.0): Dzongkha abbreviations
sgran+yis,སྒྲནྱིས,sgra gcan gyis,སྒྲ་གཅན་གྱིས,rKTs (CC BY 4.0): Dzongkha abbreviations
sgrac+yanaMnge,སྒྲཅྱནྃངེ་,sgra gcan ming,སྒྲ་གཅན་མིང་,rKTs (CC BY 4.0): Esukhia
sgran,སྒྲན,sgra gcan,སྒྲ་གཅན,rKTs (CC BY 4.0): Dzongkha abbreviations
s+g+r+s+te,སྒྲྶྟེ་,sgra ste,སྒྲ་སྟེ་,rKTs (CC BY 4.0): Esukhia
s+g+la,སྒླ,sgra bla,སྒྲ་བླ,rKTs (CC BY 4.0): Bacot écriture cursive Tibétaine
gr+la,གྲླ,sgra bla,སྒྲ་བླ,rKTs (CC BY 4.0): Nima Hojer Lama The Genealogy of Ya-ngal Family of Dolpo
s+g+la,སྒླ,sgra zla,སྒྲ་ཟླ,rKTs (CC BY 4.0): Dzongkha abbreviations
sgrauT,སྒྲཽཊ,sgra 'dogs,སྒྲ་འདོགས,rKTs (CC BY 4.0): Dzongkha abbreviations
sgragso,སྒྲགསོ,sgrags so,སྒྲགས་སོ,rKTs (CC BY 4.0): Nima Hojer Lama The Genealogy of Ya-ngal Family of Dolpo
sgragso,སྒྲགསོ,sgrags so,སྒྲགས་སོ,rKTs (CC BY 4.0): Nima Hojer Lama The Genealogy of Ya-ngal Family of Dolpo
srgaD,སརྒཌ,sgrags,སྒྲགས,rKTs (CC BY 4.0): Nima Hojer Lama The Genealogy of Ya-ngal Family of Dolpo
sgrogaMnyaMjogizuDan,སྒྲོགྃཉྃཇོགིཟུཌན,sgrig mnyam 'jog gi gzugs can,སྒྲིག་མཉམ་འཇོག་གི་གཟུགས་ཅན,rKTs (CC BY 4.0): Esukhia
sgribyed,སྒྲིབྱེད,sgrib byed,སྒྲིབ་བྱེད,rKTs (CC BY 4.0): Dzongkha abbreviations
sgriMgos,སྒྲིཾགོས,sgrim dgos,སྒྲིམ་དགོས,rKTs (CC BY 4.0): Esukhia
sgraugs,སྒྲཽགས,sgro 'dogs,སྒྲོ་འདོགས,rKTs (CC BY 4.0): Bacot écriture cursive Tibétaine
sgrogasu,སྒྲོགསུ,sgrogs su,སྒྲོགས་སུ,rKTs (CC BY 4.0): Dzongkha abbreviations
sgroMn,སྒྲོཾན,sgron ma,སྒྲོན་མ,rKTs (CC BY 4.0): Dzongkha abbreviations
sgroM,སྒྲོྃ,sgrom,སྒྲོམ,rKTs (CC BY 4.0): Esukhia
sgrol+yed,སྒྲོལྱེད,sgrol byed,སྒྲོལ་བྱེད,rKTs (CC BY 4.0): Esukhia
sgroMl,སྒྲོཾལ,sgrol ma,སྒྲོལ་མ,rKTs (CC BY 4.0): Dzongkha abbreviations
sngaT,སྔཊ,sngags,སྔགས,rKTs (CC BY 4.0): Dzongkha abbreviations
sngaDa,སྔཌ་,sngags,སྔགས་,rKTs (CC BY 4.0): Esukhia
sngaD,སྔཌ,sngags,སྔགས,rKTs (CC BY 4.0): Nima Hojer Lama The Genealogy of Ya-ngal Family of Dolpo
srarakhriMsastar,སྲརཁྲིཾསསྟར,sngar khrims ltar,སྔར་ཁྲིམས་ལྟར,rKTs (CC BY 4.0): Esukhia
sngasu,སྔསུ,sngas su,སྔས་སུ,rKTs (CC BY 4.0): Dzongkha abbreviations
sngur,སྔུར,sngur,སྔུར,rKTs (CC BY 4.0): Esukhia
sngau,སྔཽ,sngo sngo,སྔོ་སྔོ,rKTs (CC BY 4.0): Dzongkha abbreviations
sngon+yi,སྔོནྱི,sngon gyi,སྔོན་གྱི,rKTs (CC BY 4.0): Dzongkha abbreviations
sngo+in+ya,སྔོིནྱ,sngon gyi,སྔོན་གྱི,rKTs (CC BY 4.0): Bacot écriture cursive Tibétaine
sngond,སྔོནད,sngon chad,སྔོན་ཆད,rKTs (CC BY 4.0)
sngonu,སྔོནུ,sngon du,སྔོན་དུ,rKTs (CC BY 4.0): Dzongkha abbreviations
sngaun,སྔཽན,sngon po,སྔོན་པོ,rKTs (CC BY 4.0): Dzongkha abbreviations
sngono,སྔོནོ,sngon po,སྔོན་པོ,rKTs (CC BY 4.0): Dzongkha abbreviations
snaun,སྣཽན,sngon po,སྔོན་པོ,rKTs (CC BY 4.0): Bacot écriture cursive Tibétaine
sngonu,སྔོནུ,sngon bu,སྔོན་བུ,rKTs (CC BY 4.0): Dzongkha abbreviations
sngon^e,སྔོནེ༹,sngon tshe,སྔོན་ཚེ,rKTs (CC BY 4.0): Dzongkha abbreviations
sngonro,སྔོནྲོ,sngon 'gro,སྔོན་འགྲོ,rKTs (CC BY 4.0): Dzongkha abbreviations
sngoaun+ra,སྔོཨཽནྲ,sngon 'gro,སྔོན་འགྲོ,rKTs (CC BY 4.0): Bacot écriture cursive Tibétaine
snyagis,སྙགིས,snyags snyigs,སྙགས་སྙིགས,rKTs (CC BY 4.0): Dzongkha abbreviations
s+ny+lo,སྙློ,snya lo,སྙ་ལོ,rKTs (CC BY 4.0): Esukhia
snyaDa,སྙཌ་,snyags,སྙགས་,rKTs (CC BY 4.0): Esukhia
snyoMDa,སྙོཾཌ་,snyang snyogs,སྙང་སྙོགས་,rKTs (CC BY 4.0): Esukhia
snyadatsos,སྙདཙོས,snyad gtses,སྙད་གཙེས,rKTs (CC BY 4.0): Esukhia
snyadataDa,སྙདཏཌ་,snyad btags,སྙད་བཏགས་,rKTs (CC BY 4.0): Esukhia
snyadarko,སྙདརྐོ,snyad brko,སྙད་བརྐོ,rKTs (CC BY 4.0): Esukhia
snyaMded,སྙྃདེད,snyad med,སྙད་མེད,rKTs (CC BY 4.0): Esukhia
snyadoDa,སྙདོཌ་,snyad 'dogs,སྙད་འདོགས་,rKTs (CC BY 4.0): Esukhia
snyadadzuDa,སྙདཛུཌ་,snyad 'dzugs,སྙད་འཛུགས་,rKTs (CC BY 4.0): Esukhia
snyan+kor,སྙནྐོར,snyan kor,སྙན་ཀོར,rKTs (CC BY 4.0): Esukhia
snyan+khung,སྙནྑུང,snyan khung,སྙན་ཁུང,rKTs (CC BY 4.0): Esukhia
snyanatseraMni,སྙནཙེརྃནི,snyan gtser min,སྙན་གཙེར་མིན,rKTs (CC BY 4.0): Esukhia
snyanas+yanabeb,སྙནསྱནབེབ,snyan gsan 'bebs,སྙན་གསན་འབེབས,rKTs (CC BY 4.0): Esukhia
snyanas+yalhoneras+yan,སྙནསྱལྷོནེརསྱན,snyan gsol lhan ner gsan,སྙན་གསོལ་ལྷན་ནེར་གསན,rKTs (CC BY 4.0): Esukhia
snyan+yi,སྙནྱི,snyan gyi,སྙན་གྱི,rKTs (CC BY 4.0): Esukhia
snyanaMg,སྙནཾག,snyan ngag,སྙན་ངག,rKTs (CC BY 4.0): Esukhia
snanaMg,སྣནཾག,snyan ngag,སྙན་ངག,rKTs (CC BY 4.0): Esukhia
snyanaMDa,སྙནཾཌ་,snyan dngags,སྙན་དངགས་,rKTs (CC BY 4.0): Esukhia
snyanabang,སྙནབང་,snyan dbang,སྙན་དབང་,rKTs (CC BY 4.0): Esukhia
snyanu,སྙནུ,snyan du,སྙན་དུ,rKTs (CC BY 4.0): Esukhia
snyano,སྙནོ,snyan no,སྙན་ནོ,rKTs (CC BY 4.0): Esukhia
snyanar,སྙནར,snyan par,སྙན་པར,rKTs (CC BY 4.0): Esukhia
snyan+ra,སྙནྲ,snyan phra,སྙན་ཕྲ,rKTs (CC BY 4.0): Esukhia
snyan+yud,སྙནྱུད,snyan brgyud,སྙན་བརྒྱུད,rKTs (CC BY 4.0): Esukhia
snyanaskul,སྙནསྐུལ,snyan bskul,སྙན་བསྐུལ,rKTs (CC BY 4.0): Esukhia
snyanoM,སྙནོྃ,snyan mo,སྙན་མོ,rKTs (CC BY 4.0): Esukhia
snyanatshigi,སྙནཚིགི,snyan tshig gi,སྙན་ཚིག་གི,rKTs (CC BY 4.0): Esukhia
snyanatshig,སྙནཚིག,snyan tshig,སྙན་ཚིག,rKTs (CC BY 4.0): Esukhia
snyan+zhu,སྙནྮུ,snyan zhu,སྙན་ཞུ,rKTs (CC BY 4.0): Esukhia
snyanajobs,སྙནཇོབས,snyan 'jebs,སྙན་འཇེབས,rKTs (CC BY 4.0): Esukhia
snyan+rin,སྙནྲིན,snyan 'phrin,སྙན་འཕྲིན,rKTs (CC BY 4.0): Esukhia
snyanabulartsez+yi,སྙནབུལརྩེཟྱི,snyan 'bul brtse gzigs,སྙན་འབུལ་བརྩེ་གཟིགས,rKTs (CC BY 4.0): Esukhia
snyanad,སྙནད,snyan rgyud,སྙན་རྒྱུད,rKTs (CC BY 4.0): Nima Hojer Lama The Genealogy of Ya-ngal Family of Dolpo
snyanalaphyang,སྙནལཕྱང་,snyan shal 'phyang,སྙན་ཤལ་འཕྱང་,rKTs (CC BY 4.0): Esukhia
snyanal,སྙནལ,snyan shal,སྙན་ཤལ,rKTs (CC BY 4.0): Esukhia
s+ny+ron,སྙྲོན,snyan sgron,སྙན་སྒྲོན,rKTs (CC BY 4.0): Esukhia
snyaM pa'i,སྙཾ་པའི,snyam pa'i,སྙམ་པའི,rKTs (CC BY 4.0): Dzongkha abbreviations
snyaMmaM,སྙཾམཾ,snyam mam,སྙམ་མམ,rKTs (CC BY 4.0): Dzongkha abbreviations
snyame,སྙམེ,snyam me,སྙམ་མེ,rKTs (CC BY 4.0): Esukhia
snyoM,སྙོཾ,snyam mo,སྙམ་མོ,rKTs (CC BY 4.0): Dzongkha abbreviations
snyaM,སྙྃ,snyam,སྙམ,rKTs (CC BY 4.0)
snaMs,སྣཾས,snyams,སྙམས,rKTs (CC BY 4.0): Nima Hojer Lama The Genealogy of Ya-ngal Family of Dolpo
snyal+yinadug,སྙལྱིནདུག,snyal gyin 'dug,སྙལ་གྱིན་འདུག,rKTs (CC BY 4.0): Esukhia
snyi+oM,སྙིོྃ,snyi mo,སྙི་མོ,rKTs (CC BY 4.0): Esukhia
snyikhani,སྙིཁནི,snyig mkhan ni,སྙིག་མཁན་ནི,rKTs (CC BY 4.0): Esukhia
snyiDa,སྙིཌ་,snyigs,སྙིགས་,rKTs (CC BY 4.0): Esukhia
snyiDa'oM,སྙིཌའོྃ,snyigs ma'o,སྙིགས་མའོ་,rKTs (CC BY 4.0): Esukhia
snying+kha,སྙིངྑ,snying kha,སྙིང་ཁ,rKTs (CC BY 4.0): Esukhia
snyiMkhaMs+can,སྙིྃཁྃསྕན,snying khams can,སྙིང་ཁམས་ཅན,rKTs (CC BY 4.0): Esukhia
snyingar,སྙིངར,snying khar,སྙིང་ཁར,rKTs (CC BY 4.0): Bacot écriture cursive Tibétaine
s+ny+ki+ung,སྙྐིུང,snying khung,སྙིང་ཁུང,rKTs (CC BY 4.0): Esukhia
snyingo,སྙིངོ་,snying khong,སྙིང་ཁོང་,rKTs (CC BY 4.0): Esukhia
s+ny+riMg,སྙྲིཾག,snying khrag,སྙིང་ཁྲག,rKTs (CC BY 4.0): Dzongkha abbreviations
snying+kh+rag,སྙིངྑྲག,snying khrag,སྙིང་ཁྲག,rKTs (CC BY 4.0): Esukhia
snying+ga,སྙིངྒ་,snying ga,སྙིང་ག,rKTs (CC BY 4.0): Esukhia
snyingac+yesnying,སྙིངཅྱེསྙིང,snying gces snying,སྙིང་གཅེས་སྙིང,rKTs (CC BY 4.0): Esukhia
snyinga'irtsa,སྙིངའིརྩ་,snying ga'i rtsa,སྙིང་གའི་རྩ་,rKTs (CC BY 4.0): Esukhia
snyinga'i,སྙིངའི,snying ga'i,སྙིང་གའི,rKTs (CC BY 4.0): Esukhia
snyingar,སྙིངར,snying gar,སྙིང་གར,rKTs (CC BY 4.0)
snying+gi,སྙིངྒི,snying gi,སྙིང་གི,rKTs (CC BY 4.0): Esukhia
snyiMthig+Yang,སྙིཾཐིགྻང,snying thig yang,སྙིང་ཐིག་ཡང,rKTs (CC BY 4.0): Esukhia
snyingig,སྙིངིག,snying thig,སྙིང་ཐིག,rKTs (CC BY 4.0)
snyiMkar,སྙིཾཀར,snying dkar,སྙིང་དཀར,rKTs (CC BY 4.0): Esukhia
snyingubab,སྙིངུབབ,snying du 'bab,སྙིང་དུ་འབབ,rKTs (CC BY 4.0): Esukhia
snyingu,སྙིངུ,snying du,སྙིང་དུ,rKTs (CC BY 4.0): Esukhia
snyiMnor,སྙིཾནོར,snying nor,སྙིང་ནོར,rKTs (CC BY 4.0): Esukhia
snyingo,སྙིངོ,snying po,སྙིང་པོ,rKTs (CC BY 4.0)
snyo+ing,སྙོིང,snying po,སྙིང་པོ,rKTs (CC BY 4.0): Bacot écriture cursive Tibétaine
snyino,སྙིནོ,snying po,སྙིང་པོ,rKTs (CC BY 4.0): Nima Hojer Lama The Genealogy of Ya-ngal Family of Dolpo
nyedang,ཉེདང,snyed dang,སྙེད་དང,rKTs (CC BY 4.0): Nima Hojer Lama The Genealogy of Ya-ngal Family of Dolpo
snyeMs,སྙེཾས,snyems,སྙེམས,rKTs (CC BY 4.0): Nima Hojer Lama The Genealogy of Ya-ngal Family of Dolpo
snyingartse'i,སྙིངརྩེའི,snying brtse ba'i,སྙིང་བརྩེ་བའི,rKTs (CC BY 4.0): Esukhia
snyingastan,སྙིངསྟན,snying bstan,སྙིང་བསྟན,rKTs (CC BY 4.0): Esukhia
snyingo+e,སྙིངོེ་,snying bo che,སྙིང་བོ་ཆེ་,rKTs (CC BY 4.0): Esukhia
snyingoMde,སྙིངོྃདེ,snying bo med,སྙིང་བོ་མེད,rKTs (CC BY 4.0): Esukhia
snyingo,སྙིངོ,snying bo,སྙིང་བོ,rKTs (CC BY 4.0): Esukhia
snyingo'i,སྙིངོའི,snying bo'i,སྙིང་བོའི,rKTs (CC BY 4.0): Esukhia
snyingor,སྙིངོར,snying bor,སྙིང་བོར,rKTs (CC BY 4.0): Esukhia
snyingos,སྙིངོས,snying bos,སྙིང་བོས,rKTs (CC BY 4.0): Esukhia
snyingaMde,སྙིངྃདེ,snying med,སྙིང་མེད,rKTs (CC BY 4.0): Esukhia
snyingatsha,སྙིངཚ,snying tsha,སྙིང་ཚ,rKTs (CC BY 4.0): Esukhia
snyingatshad,སྙིངཚད,snying tshad,སྙིང་ཚད,rKTs (CC BY 4.0): Esukhia
snyingatshab,སྙིངཚབ,snying tshab,སྙིང་ཚབ,rKTs (CC BY 4.0): Esukhia
snyingiM,སྙིངིྃ་,snying tshim,སྙིང་ཚིམ་,rKTs (CC BY 4.0): Esukhia
snyingatshil,སྙིངཚིལ,snying tshil,སྙིང་ཚིལ,rKTs (CC BY 4.0): Esukhia
snying+zho,སྙིངྮོ་,snying zho,སྙིང་ཞོ་,rKTs (CC BY 4.0): Esukhia
snyingagul+nying+can,སྙིངགུལྙིངྕན,snying 'gul snyingacan,སྙིང་འགུལ་སྙིངཅན,rKTs (CC BY 4.0): Esukhia
snyingatshub,སྙིངཚུབ,snying 'tshub,སྙིང་འཚུབ,rKTs (CC BY 4.0): Esukhia
snyingai,སྙིངཻ༌,snying re rje,སྙིང་རེ་རྗེ,rKTs (CC BY 4.0): Dzongkha abbreviations
snyi+e+eng,སྙིེེང,snying re rje,སྙིང་རེ་རྗེ,rKTs (CC BY 4.0): Bacot écriture cursive Tibétaine
snyinge+e'aM,སྙིངེེའྃ,snying re rje'am,སྙིང་རེ་རྗེའམ,rKTs (CC BY 4.0): Esukhia
snyingarjetshadaMde,སྙིངརྗེཚདྃདེ,snying rje tshad med,སྙིང་རྗེ་ཚད་མེད,rKTs (CC BY 4.0): Esukhia
snyinge+e,སྙིངེེ,snying rje rje,སྙིང་རྗེ་རྗེ,rKTs (CC BY 4.0): Esukhia
snyinge,སྙིངེ,snying rje,སྙིང་རྗེ,rKTs (CC BY 4.0)
snyi+eng,སྙིེང,snying rje,སྙིང་རྗེ,rKTs (CC BY 4.0): Bacot écriture cursive Tibétaine
snyinges,སྙིངེས,snying rjes,སྙིང་རྗེས,rKTs (CC BY 4.0): Esukhia
snyingartsa,སྙིངརྩ,snying rtsa,སྙིང་རྩ,rKTs (CC BY 4.0): Esukhia
snyiMsdug,སྙིཾསྡུག,snying sdug,སྙིང་སྡུག,rKTs (CC BY 4.0): Esukhia
snyiM,སྙིཾ,snying,སྙིང,rKTs (CC BY 4.0): Esukhia
snyugu,སྙུགུ,snyug gu,སྙུག་གུ,rKTs (CC BY 4.0): Dzongkha abbreviations
snyongos,སྙོངོས,snyon mongs,སྙོན་མོངས,rKTs (CC BY 4.0): Dzongkha abbreviations
snyo+eM,སྙོེྃ,snyom me,སྙོམ་མེ,rKTs (CC BY 4.0): Esukhia
snyo+uMrag,སྙོུྃརག,snyoms par 'jug,སྙོམས་པར་འཇུག,rKTs (CC BY 4.0): Esukhia
snyoMsajug,སྙོཾསཇུག,snyoms 'jug,སྙོམས་འཇུག,rKTs (CC BY 4.0): Esukhia
snyoMs,སྙོྃས,snyoms,སྙོམས,rKTs (CC BY 4.0)
stagazig,སྟགཟིག,stag gzig,སྟག་གཟིག,rKTs (CC BY 4.0): Dzongkha abbreviations
stagi lo,སྟགི་ལོ,stag gi ro,སྟག་གི་རོ,rKTs (CC BY 4.0): Dzongkha abbreviations
stagyos,སྟགྱོས,stag myos,སྟག་མྱོས,rKTs (CC BY 4.0): Dzongkha abbreviations
s+t+yos,སྟྱོས,stag smyos,སྟག་སྨྱོས,rKTs (CC BY 4.0): Tibetan Shorthand Contractions
stangastabs,སྟངསྟབས,stangs stabs,སྟངས་སྟབས,rKTs (CC BY 4.0): Dzongkha abbreviations
stAb po,སྟཱབ་པོ,stab stab po,སྟབ་སྟབ་པོ,rKTs (CC BY 4.0): Dzongkha abbreviations
stugonyid,སྟུགོཉིད,stug po gnyid,སྟུག་པོ་གཉིད,rKTs (CC BY 4.0): Esukhia
stedra,སྟེདྲ,ste 'dra,སྟེ་འདྲ,rKTs (CC BY 4.0): Esukhia
steser,སྟེསེར,ste ser,སྟེ་སེར,rKTs (CC BY 4.0): Esukhia
ste+ona'i,སྟེོནའི,ste ston pa'i,སྟེ་སྟོན་པའི,rKTs (CC BY 4.0): Esukhia
steDa,སྟེཌ་,stegs,སྟེགས་,rKTs (CC BY 4.0): Esukhia
stongen,སྟོངེན,stong chen,སྟོང་ཆེན,rKTs (CC BY 4.0): Dzongkha abbreviations
stongading,སྟོངདིང་,stong nyid dang,སྟོང་ཉིད་དང་,rKTs (CC BY 4.0): Esukhia
stongid,སྟོངིད,stong nyid,སྟོང་ཉིད,rKTs (CC BY 4.0)
sto+ingd,སྟོིངད,stong nyid,སྟོང་ཉིད,rKTs (CC BY 4.0): Bacot écriture cursive Tibétaine
stongang,སྟོངང,stong dang,སྟོང་དང,rKTs (CC BY 4.0): Esukhia
stongu,སྟོངུ,stong du,སྟོང་དུ,rKTs (CC BY 4.0): Dzongkha abbreviations
stongag,སྟོངག,stong phrag,སྟོང་ཕྲག,rKTs (CC BY 4.0): Esukhia
stoung,སྟོཨུང,stong rgyung,སྟོང་རྒྱུང,rKTs (CC BY 4.0): Nima Hojer Lama The Genealogy of Ya-ngal Family of Dolpo
stoday+yoDa,སྟོདཡྱོཌ་,stod g.yogs,སྟོད་གཡོགས་,rKTs (CC BY 4.0): Esukhia
stodul,སྟོདུལ,stod 'dul,སྟོད་འདུལ,rKTs (CC BY 4.0): Dzongkha abbreviations
stonaM,སྟོནཾ,ston nam,སྟོན་ནམ,rKTs (CC BY 4.0): Dzongkha abbreviations
stonas,སྟོནས,ston nas,སྟོན་ནས,rKTs (CC BY 4.0): Nima Hojer Lama The Genealogy of Ya-ngal Family of Dolpo
stonar,སྟོནར,ston par,སྟོན་པར,rKTs (CC BY 4.0): Esukhia
ston+yoDa,སྟོནྱོཌ་,ston phyogs,སྟོན་ཕྱོགས་,rKTs (CC BY 4.0): Esukhia
stobyas,སྟོབྱས,stobs rgyas,སྟོབས་རྒྱས,rKTs (CC BY 4.0): Tibetan Shorthand Contractions
stobas+yirtsa,སྟོབསྱིརྩ་,stobs kyi rtsa,སྟོབས་ཀྱི་རྩ་,rKTs (CC BY 4.0): Esukhia
stos+can,སྟོསྕན,stobs can,སྟོབས་ཅན,rKTs (CC BY 4.0): Esukhia
stob+shuDa,སྟོབྴུཌ་,stobs shugs,སྟོབས་ཤུགས་,rKTs (CC BY 4.0): Esukhia
stobasaDo,སྟོབསཌོ་,stobs sogs,སྟོབས་སོགས་,rKTs (CC BY 4.0): Esukhia
stobasnyinge+e,སྟོབསྙིངེེ་,stobs snying rje rje,སྟོབས་སྙིང་རྗེ་རྗེ་,rKTs (CC BY 4.0): Esukhia
s+d+ribi,སྡྲིབི,sdig sgrib,སྡིག་སྒྲིབ,rKTs (CC BY 4.0)
sdin,སྡིན,sdig srin,སྡིག་སྲིན,rKTs (CC BY 4.0)
s+d+ri+in,སྡྲིིན,sdig srin,སྡིག་སྲིན,rKTs (CC BY 4.0): Dzongkha abbreviations
sd^u+ib,སྡིུ༹བ,sdigs mdzub,སྡིགས་མཛུབ,rKTs (CC BY 4.0)
sdu+ib,སྡིུབ,sdigs mdzub,སྡིགས་མཛུབ,rKTs (CC BY 4.0): Tibetan Shorthand Contractions
sdugu,སྡུགུ,sdug gu,སྡུག་གུ,rKTs (CC BY 4.0): Dzongkha abbreviations
sduge ba,སྡུགེ་བ,sdug ge ba,སྡུག་གེ་བ,rKTs (CC BY 4.0): Dzongkha abbreviations
bsdul,བསྡུལ,sdug bsngal,སྡུག་བསྔལ,rKTs (CC BY 4.0)
sdugal,སྡུགལ,sdug bsngal,སྡུག་བསྔལ,rKTs (CC BY 4.0)
sduMl,སྡུཾལ,sdug bsngal,སྡུག་བསྔལ,rKTs (CC BY 4.0): Dzongkha abbreviations
sdul,སྡུལ,sdug bsngal,སྡུག་བསྔལ,rKTs (CC BY 4.0)
dug+ngal,དུགྔལ,sdug bsngal,སྡུག་བསྔལ,rKTs (CC BY 4.0): Nima Hojer Lama The Genealogy of Ya-ngal Family of Dolpo
sdug+tus+yislob,སྡུགྟུསྱིསློབ,sdug rus kyis slob,སྡུག་རུས་ཀྱིས་སློབ,rKTs (CC BY 4.0): Esukhia
sdugaskyes,སྡུགསྐྱེས,sdug skyes,སྡུག་སྐྱེས,rKTs (CC BY 4.0): Esukhia
sde+ud,སྡེུད,sdud de,སྡུད་དེ,rKTs (CC BY 4.0): Esukhia
sdudad+yaMsuling,སྡུདདྱྃསུལིང,sdud brgya ma sul mang,སྡུད་བརྒྱ་མ་སུལ་མང,rKTs (CC BY 4.0): Esukhia
s+d+re+ug,སྡྲེུག,sde drug,སྡེ་དྲུག,rKTs (CC BY 4.0): Esukhia
sdetshanaskabasaMkhen,སྡེཚནསྐབསཾཁེན,sde btsan skabs mkhan chen,སྡེ་བཙན་སྐབས་མཁན་ཆེན,rKTs (CC BY 4.0): Esukhia
s+ng+yed,སྔྱེད,sde brgyad,སྡེ་བརྒྱད,rKTs (CC BY 4.0): Dzongkha abbreviations
s+d+yed,སྡྱེད,sde brgyad,སྡེ་བརྒྱད,rKTs (CC BY 4.0)
sd^en,སྡེ༹ན,sde tshan,སྡེ་ཚན,rKTs (CC BY 4.0): Dzongkha abbreviations
sdotshan,སྡོཚན,sde tshan,སྡེ་ཚན,rKTs (CC BY 4.0): Esukhia
sdedong,སྡེདོང,sde snod dang,སྡེ་སྣོད་དང,rKTs (CC BY 4.0): Esukhia
sdebyor,སྡེབྱོར,sdeb sbyor,སྡེབ་སྦྱོར,rKTs (CC BY 4.0): Dzongkha abbreviations
sderoM,སྡེརོཾ,sder mo,སྡེར་མོ,rKTs (CC BY 4.0): Dzongkha abbreviations
s+d+raugs^ad,སྡྲཽགས༹ད,sdong grogs mdzad,སྡོང་གྲོགས་མཛད,rKTs (CC BY 4.0): Bacot écriture cursive Tibétaine
s+d+rong^od,སྡྲོངོ༹ད,sdong grogs mdzad,སྡོང་གྲོགས་མཛད,rKTs (CC BY 4.0): Dzongkha abbreviations
s+d+raugs,སྡྲཽགས,sdong grogs,སྡོང་གྲོགས,rKTs (CC BY 4.0): Bacot écriture cursive Tibétaine
s+d+rongoT,སྡྲོངོཊ,sdong grogs,སྡོང་གྲོགས,rKTs (CC BY 4.0): Dzongkha abbreviations
sdaung,སྡཽང༌,sdong po,སྡོང་པོ,rKTs (CC BY 4.0)
sdongo'i,སྡོངོའི་,sdong bo'i,སྡོང་བོའི་,rKTs (CC BY 4.0): Esukhia
sdoM gsuM,སྡོཾ་གསུཾ,sdom gsum,སྡོམ་གསུམ,rKTs (CC BY 4.0): Dzongkha abbreviations
sdoM'i,སྡོྃའི,sdom pa'i,སྡོམ་པའི,rKTs (CC BY 4.0): Esukhia
sdauM,སྡཽཾ་,sdom mo,སྡོམ་མོ་,rKTs (CC BY 4.0): Esukhia
sd^oMgi,སྡོཾ༹གི,sdom tshig,སྡོམ་ཚིག,rKTs (CC BY 4.0): Dzongkha abbreviations
sdoM,སྡོཾ,sdom,སྡོམ,rKTs (CC BY 4.0)
snane,སྣནེ,sna chen,སྣ་ཆེན,rKTs (CC BY 4.0): Dzongkha abbreviations
sna tshogasde,སྣ་ཚོགསྡེ,sna tshogs sde,སྣ་ཚོགས་སྡེ,rKTs (CC BY 4.0): Dzongkha abbreviations
sn^agosde,སྣ༹གོསྡེ,sna tshogs sde,སྣ་ཚོགས་སྡེ,rKTs (CC BY 4.0): Dzongkha abbreviations
sn^agos,སྣ༹གོས,sna tshogs,སྣ་ཚོགས,rKTs (CC BY 4.0): Dzongkha abbreviations
sn^ogs,སྣོ༹གས,sna tshogs,སྣ་ཚོགས,rKTs (CC BY 4.0): Tibetan Shorthand Contractions
snog^as,སྣོག༹ས,sna tshogs,སྣ་ཚོགས,rKTs (CC BY 4.0)
sn^oT,སྣོ༹ཊ,sna tshogs,སྣ་ཚོགས,rKTs (CC BY 4.0): Dzongkha abbreviations
snrogs,སྣྲོགས,sna tshogs,སྣ་ཚོགས,rKTs (CC BY 4.0): Dzongkha abbreviations
snroT,སྣྲོཊ,sna tshogs,སྣ་ཚོགས,rKTs (CC BY 4.0): Dzongkha abbreviations
snatshoDa,སྣཚོཌ,sna tshogs,སྣ་ཚོགས,rKTs (CC BY 4.0): Esukhia
sn^ogs,སྣོ༹གས,sna tshogs,སྣ་ཚོགས,rKTs (CC BY 4.0): Nima Hojer Lama The Genealogy of Ya-ngal Family of Dolpo
sn^oD,སྣོ༹ཌ,sna tshogs,སྣ་ཚོགས,rKTs (CC BY 4.0): Nima Hojer Lama The Genealogy of Ya-ngal Family of Dolpo
snag+buM,སྣགྦུྃ,snag bum,སྣག་བུམ,rKTs (CC BY 4.0): Esukhia
snag shog,སྣག་ཤོག,snag tsha dang shog bu,སྣག་ཚ་དང་ཤོག་བུ,rKTs (CC BY 4.0): Bacot écriture cursive Tibétaine
snag s+m+yug,སྣག་སྨྱུག,snag tsha dang s+m+yug gu,སྣག་ཚ་དང་སྨྱུག་གུ,rKTs (CC BY 4.0): Bacot écriture cursive Tibétaine
snangal,སྣངལ,snang gsal,སྣང་གསལ,rKTs (CC BY 4.0): Dzongkha abbreviations
snangas+yal,སྣངསྱལ,snang gsal,སྣང་གསལ,rKTs (CC BY 4.0): Esukhia
snango,སྣངོ,snang ngo,སྣང་ངོ,rKTs (CC BY 4.0): Nima Hojer Lama The Genealogy of Ya-ngal Family of Dolpo
snangaMdzad,སྣངྃཛད,snang mdzad,སྣང་མཛད,rKTs (CC BY 4.0): Esukhia
snangu,སྣངུ,snang ngu,སྣང་ངུ,rKTs (CC BY 4.0): Dzongkha abbreviations
snangor,སྣངོར,snang ngor,སྣང་ངོར,rKTs (CC BY 4.0): Dzongkha abbreviations
snang mun,སྣང་མུན,snang ba dang mun pa,སྣང་བ་དང་མུན་པ,rKTs (CC BY 4.0): Bacot écriture cursive Tibétaine
snangatshul,སྣངཚུལ,snang tshul,སྣང་ཚུལ,rKTs (CC BY 4.0): Esukhia
snang rtogi,སྣང་རྟོགི,snang rtog gi,སྣང་རྟོག་གི,rKTs (CC BY 4.0): Dzongkha abbreviations
snangid,སྣངིད,snang srid,སྣང་སྲིད,rKTs (CC BY 4.0)
s+n+ringd,སྣྲིངད,snang srid,སྣང་སྲིད,rKTs (CC BY 4.0): Bacot écriture cursive Tibétaine
snringad,སྣྲིངད,snang srid,སྣང་སྲིད,rKTs (CC BY 4.0): Dzongkha abbreviations
snamu,སྣམུ,snam bu,སྣམ་བུ,rKTs (CC BY 4.0): Dzongkha abbreviations
snaM,སྣཾ,snam,སྣམ,rKTs (CC BY 4.0): Esukhia
snarma,སྣརྨ,snar ma,སྣར་མ,rKTs (CC BY 4.0): Dzongkha abbreviations
snyingo,སྙིངོ་,sning bo,སྣིང་བོ་,rKTs (CC BY 4.0): Esukhia
snub'i,སྣུབའི,snub pa'i,སྣུབ་པའི,rKTs (CC BY 4.0): Nima Hojer Lama The Genealogy of Ya-ngal Family of Dolpo
sneng,སྣེང་,sne dang,སྣེ་དང,rKTs (CC BY 4.0): Esukhia
sne'ir,སྣེའིར,sne'i bar,སྣེའི་བར,rKTs (CC BY 4.0): Esukhia
snogazan,སྣོགཟན,snog gzan,སྣོག་གཟན,rKTs (CC BY 4.0): Dzongkha abbreviations
dasanod+yi,དསནོདྱི་,snod kyi,སྣོད་ཀྱི་,rKTs (CC BY 4.0): Esukhia
snu+od,སྣོུད,snod bcud,སྣོད་བཅུད,rKTs (CC BY 4.0)
spangasa'i,སྤངསའི,spangs pa'i,སྤངས་པའི,rKTs (CC BY 4.0): Esukhia
spru+i,སྤྲིུ,spu gri,སྤུ་གྲི,rKTs (CC BY 4.0)
spun3,སྤུན༣,spun gsum,སྤུན་གསུམ,rKTs (CC BY 4.0): Dzongkha abbreviations
s+p+cuno,སྤྕུནོ,spun can no,སྤུན་ཅན་ནོ,rKTs (CC BY 4.0): Esukhia
spun+la,སྤུནླ,spun zla,སྤུན་ཟླ,rKTs (CC BY 4.0): Dzongkha abbreviations
spel+yed,སྤེལྱེད,spel byed,སྤེལ་བྱེད,rKTs (CC BY 4.0): Esukhia
spelaM,སྤེལཾ,spel ma,སྤེལ་མ,rKTs (CC BY 4.0): Dzongkha abbreviations
spelo,སྤེལོ,spel lo,སྤེལ་ལོ་,rKTs (CC BY 4.0): Nima Hojer Lama The Genealogy of Ya-ngal Family of Dolpo
sposaMgi,སྤོསཾགི,spongs shig,སྤོངས་ཤིག,rKTs (CC BY 4.0): Esukhia
spoba'i blaus,སྤོབའི་བླཽས,spobs pa'i blo gros,སྤོབས་པའི་བློ་གྲོས,rKTs (CC BY 4.0): Dzongkha abbreviations
spob+zhan,སྤོབྮན,spobs zhan,སྤོབས་ཞན,rKTs (CC BY 4.0): Esukhia
spos+yi,སྤོསྱི,spos kyi,སྤོས་ཀྱི,rKTs (CC BY 4.0): Dzongkha abbreviations
sposakarashing,སྤོསཀརཤིང,spos dkar shing,སྤོས་དཀར་ཤིང,rKTs (CC BY 4.0): Esukhia
spyangi,སྤྱངི,spyang ki,སྤྱང་ཀི,rKTs (CC BY 4.0): Dzongkha abbreviations
spyan^iT,སྤྱནི༹ཊ,spyan gzigs,སྤྱན་གཟིགས,rKTs (CC BY 4.0): Dzongkha abbreviations
spyaniT,སྤྱནིཊ,spyan gzigs,སྤྱན་གཟིགས,rKTs (CC BY 4.0): Dzongkha abbreviations
spyinags,སྤྱིནགས,spyan gzigs,སྤྱན་གཟིགས,rKTs (CC BY 4.0): Bacot écriture cursive Tibétaine
spyanar,སྤྱནར,spyan dmar,སྤྱན་དམར,rKTs (CC BY 4.0): Dzongkha abbreviations
spyanangso,སྤྱནངསོ,spyan drangs so,སྤྱན་དྲངས་སོ,rKTs (CC BY 4.0): Nima Hojer Lama The Genealogy of Ya-ngal Family of Dolpo
spyad+ras,སྤྱངྲས,spyan drangs,སྤྱན་དྲངས,rKTs (CC BY 4.0): Dzongkha abbreviations
spyang+ras,སྤྱངྲས,spyan drangs,སྤྱན་དྲངས,rKTs (CC BY 4.0): Dzongkha abbreviations
spyanangs,སྤྱནངས,spyan drangs,སྤྱན་དྲངས,rKTs (CC BY 4.0): Dzongkha abbreviations
spyan+ngar,སྤྱནྔར,spyan drangs,སྤྱན་དྲངས,rKTs (CC BY 4.0): Bacot écriture cursive Tibétaine
spyan+rangs,སྤྱནྲངས,spyan drangs,སྤྱན་དྲངས,rKTs (CC BY 4.0): Bacot écriture cursive Tibétaine
spyane,སྤྱནེ,spyan 'dren,སྤྱན་འདྲེན,rKTs (CC BY 4.0): Dzongkha abbreviations
spyanre,སྤྱནྲེ,spyan 'dren,སྤྱན་འདྲེན,rKTs (CC BY 4.0): Dzongkha abbreviations
spyanas+yi,སྤྱནསྱི,spyan ras kyis,སྤྱན་རས་ཀྱིས,rKTs (CC BY 4.0): Dzongkha abbreviations
spyanasiT^an,སྤྱནསིཊ༹ན,spyan ras gzigs kyi mtshan,སྤྱན་རས་གཟིགས་ཀྱི་མཚན,rKTs (CC BY 4.0): Dzongkha abbreviations
spyans^iT,སྤྱནསི༹ཊ,spyan ras gzigs,སྤྱན་རས་གཟིགས,rKTs (CC BY 4.0): Dzongkha abbreviations
spyarasiT,སྤྱརསིཊ,spyan ras gzigs,སྤྱན་རས་གཟིགས,rKTs (CC BY 4.0): Dzongkha abbreviations
spyar^iT,སྤྱརི༹ཊ,spyan ras gzigs,སྤྱན་རས་གཟིགས,rKTs (CC BY 4.0): Dzongkha abbreviations
spyas gzigs,སྤྱས་གཟིགས,spyan ras gzigs,སྤྱན་རས་གཟིགས,rKTs (CC BY 4.0): Tibetan Shorthand Contractions
s+p+y+r^ igs,སྤྱྲ༹་ཨིགས,spyan ras gzigs,སྤྱན་རས་གཟིགས,rKTs (CC BY 4.0): Bacot écriture cursive Tibétaine
span+rasiDa,སྤནྲསིཌ,spyan ras gzigs,སྤྱན་རས་གཟིགས,rKTs (CC BY 4.0): Esukhia
spyan+ngar,སྤྱནྔར,spyan sngar,སྤྱན་སྔར,rKTs (CC BY 4.0): Dzongkha abbreviations
spyu+ig^a,སྤྱིུག༹,spyi gtsug,སྤྱི་གཙུག,rKTs (CC BY 4.0): Dzongkha abbreviations
spyu+ig,སྤྱིུག,spyi gtsug,སྤྱི་གཙུག,rKTs (CC BY 4.0): Bacot écriture cursive Tibétaine
spyino,སྤྱིནོ,spyi don,སྤྱི་དོན,rKTs (CC BY 4.0): Dzongkha abbreviations
spyo+in,སྤྱོིན,spyi don,སྤྱི་དོན,rKTs (CC BY 4.0): Bacot écriture cursive Tibétaine
spyiro,སྤྱིརོ,spyi bor,སྤྱི་བོར,rKTs (CC BY 4.0): Dzongkha abbreviations
spyo+ir,སྤྱོིར,spyi bor,སྤྱི་བོར,rKTs (CC BY 4.0): Bacot écriture cursive Tibétaine
spyithun+yaM,སྤྱིཐུནྱྃ,spyi mthun gyi,སྤྱི་མཐུན་གྱི་,rKTs (CC BY 4.0): Esukhia
spy^in,སྤྱི༹ན,spyi mtshan,སྤྱི་མཚན,rKTs (CC BY 4.0): Dzongkha abbreviations
s+p+y+zhig,སྤྱྮིག,spyi zhag,སྤྱི་ཞག,rKTs (CC BY 4.0): Esukhia
s+p+y+zhig,སྤྱྮིག,spyi zhag,སྤྱི་ཞག,rKTs (CC BY 4.0): Esukhia
spyi'i ler,སྤྱིའི་ལེར,spyi'i le bar,སྤྱིའི་ལེ་བར,rKTs (CC BY 4.0): Esukhia
spyugo,སྤྱུགོ,spyug go,སྤྱུག་གོ,rKTs (CC BY 4.0): Dzongkha abbreviations
spyenangso,སྤྱེནངསོ,spyen drangs so,སྤྱེན་དྲངས་སོ,rKTs (CC BY 4.0): Nima Hojer Lama The Genealogy of Ya-ngal Family of Dolpo
spyenangas,སྤྱེནངས,spyen drangs,སྤྱེན་དྲངས,rKTs (CC BY 4.0): Nima Hojer Lama The Genealogy of Ya-ngal Family of Dolpo
spyingiM,སྤྱིངིྃ་,spyo ming,སྤྱོ་མིང་,rKTs (CC BY 4.0): Esukhia
spyoda'i,སྤྱོདའི,spyod pa'i,སྤྱོད་པའི,rKTs (CC BY 4.0): Esukhia
s+ph+yodas,སྥྱོདས,spyod pas,སྤྱོད་པས,rKTs (CC BY 4.0): Esukhia
spyod+laM,སྤྱོདླྃ,spyod lam,སྤྱོད་ལམ,rKTs (CC BY 4.0): Esukhia
spyoldan,སྤྱོལྡན,spyod ldan,སྤྱོད་ལྡན,rKTs (CC BY 4.0): Dzongkha abbreviations
spra'u+e,སྤྲའེུ,spra spre'u,སྤྲ་སྤྲེའུ,rKTs (CC BY 4.0): Dzongkha abbreviations
sprango,སྤྲངོ༌,sprang po,སྤྲང་པོ,rKTs (CC BY 4.0): Dzongkha abbreviations
springagi,སྤྲིངགི,spring yig,སྤྲིང་ཡིག,rKTs (CC BY 4.0): Esukhia
sprin+yi bcud,སྤྲིནྱི་བཅུད,sprin gyi bcud,སྤྲིན་གྱི་བཅུད,rKTs (CC BY 4.0): Dzongkha abbreviations
sprine,སྤྲིནེ,sprin chen,སྤྲིན་ཆེན,rKTs (CC BY 4.0): Dzongkha abbreviations
spyine,སྤྱིནེ་,sprin te,སྤྲིན་ཏེ་,rKTs (CC BY 4.0): Esukhia
sprinus,སྤྲིནུས,sprin dus,སྤྲིན་དུས,rKTs (CC BY 4.0): Dzongkha abbreviations
sprin+ra,སྤྲིནྲ,sprin bral,སྤྲིན་བྲལ,rKTs (CC BY 4.0): Esukhia
sprisaM,སྤྲིསཾ,spris ma,སྤྲིས་མ,rKTs (CC BY 4.0): Dzongkha abbreviations
spruD,སྤྲུཌ,sprugs,སྤྲུགས,rKTs (CC BY 4.0): Nima Hojer Lama The Genealogy of Ya-ngal Family of Dolpo
spre'udzin+yade,སྤྲེའུཛིནྱདེ,spre'u 'dzin pa'i,སྤྲེའུ་འཛིན་པའི,rKTs (CC BY 4.0): Esukhia
spre'o+u,སྤྲེའོུ,spre'u'o,སྤྲེའུའོ,rKTs (CC BY 4.0): Esukhia
sprel+yi,སྤྲེལྱི,sprel gyi,སྤྲེལ་གྱི,rKTs (CC BY 4.0): Dzongkha abbreviations
sprau,སྤྲཽ,spro spro,སྤྲོ་སྤྲོ,rKTs (CC BY 4.0): Dzongkha abbreviations
sprol,སྤྲོལ,spros bral,སྤྲོས་བྲལ,rKTs (CC BY 4.0)
sprosral,སྤྲོསྲལ,spros bral,སྤྲོས་བྲལ,rKTs (CC BY 4.0): Esukhia
sprosal,སྤྲོསལ,spros bral,སྤྲོས་བྲལ,rKTs (CC BY 4.0): Nima Hojer Lama The Genealogy of Ya-ngal Family of Dolpo
sbalcong,སྦལྕོང,sbal lcong,སྦལ་ལྕོང,rKTs (CC BY 4.0): Dzongkha abbreviations
sbaskungs,སྦསྐུངས,sbas skungs,སྦས་སྐུངས,rKTs (CC BY 4.0): Dzongkha abbreviations
sbubasu,སྦུབསུ,sbubs su,སྦུབས་སུ,rKTs (CC BY 4.0): Dzongkha abbreviations
sbubaskyes,སྦུབསྐྱེས,sbubs skyes,སྦུབས་སྐྱེས,rKTs (CC BY 4.0): Dzongkha abbreviations
sngon+yi,སྔོནྱི་,sbon gyi,སྦོན་གྱི་,rKTs (CC BY 4.0): Esukhia
sbomo,སྦོམོ,sbom po,སྦོམ་པོ,rKTs (CC BY 4.0): Dzongkha abbreviations
sbo+oM,སྦོོཾ,sbom po,སྦོམ་པོ,rKTs (CC BY 4.0): Esukhia
sbyaM,སྦྱཾ་,sbyang,སྦྱང་,rKTs (CC BY 4.0): Esukhia
sbyang+nas,སྦྱངྣས,sbyangs nas,སྦྱངས་ནས,rKTs (CC BY 4.0): Esukhia
sbyangasing,སྦྱངསིང་,sbyangs shing,སྦྱངས་ཤིང་,rKTs (CC BY 4.0): Esukhia
sbyinas,སྦྱིནས,sbyin gnas,སྦྱིན་གནས,rKTs (CC BY 4.0): Dzongkha abbreviations
sbyin+yi,སྦྱིནྱི,sbyin gyi,སྦྱིན་གྱི,rKTs (CC BY 4.0): Dzongkha abbreviations
sbyin+yis,སྦྱིནྱིས,sbyin gyis,སྦྱིན་གྱིས,rKTs (CC BY 4.0): Dzongkha abbreviations
sbyino,སྦྱིནོ,sbyin no,སྦྱིན་ནོ,rKTs (CC BY 4.0): Dzongkha abbreviations
sbyine,སྦྱིནེ,sbyin len,སྦྱིན་ལེན,rKTs (CC BY 4.0): Dzongkha abbreviations
sbyinreg,སྦྱིནྲེག,sbyin sreg,སྦྱིན་སྲེག,rKTs (CC BY 4.0): Dzongkha abbreviations
sbyin+reg,སྦྱིནྲེག,sbyin sreg,སྦྱིན་སྲེག,rKTs (CC BY 4.0): Esukhia
sbyongasman,སྦྱོངསྨན,sbyong sman,སྦྱོང་སྨན,rKTs (CC BY 4.0): Esukhia
sbyoray+yophrul+s+naMng,སྦྱོརཡྱོཕྲུལྶྣཾང,sbyor g.yo 'phrul sna mang,སྦྱོར་གཡོ་འཕྲུལ་སྣ་མང,rKTs (CC BY 4.0): Esukhia
sbyornyi,སྦྱོརྙི,sbyor nyi,སྦྱོར་ཉི,rKTs (CC BY 4.0)
sbyorathoM,སྦྱོརཐོྃ,sbyor mthong,སྦྱོར་མཐོང,rKTs (CC BY 4.0): Esukhia
sb+b+y+rol,སྦྦྱྲོལ,sbyor sgrol,སྦྱོར་སྒྲོལ,rKTs (CC BY 4.0): Bacot écriture cursive Tibétaine
sbyoral+ro,སྦྱོརལོྲ,sbyor sgrol,སྦྱོར་སྒྲོལ,rKTs (CC BY 4.0): Dzongkha abbreviations
sbrangaM,སྦྲངཾ,sbrang ma,སྦྲང་མ,rKTs (CC BY 4.0): Dzongkha abbreviations
sbr^angi,སྦྲ༹ངི༌,sbrang rtsi,སྦྲང་རྩི,rKTs (CC BY 4.0): Dzongkha abbreviations
sbring^,སྦྲིང༹,sbrang rtsi,སྦྲང་རྩི,rKTs (CC BY 4.0): Bacot écriture cursive Tibétaine
sbring^a,སྦྲིང༹,sbrang rtsi,སྦྲང་རྩི,rKTs (CC BY 4.0): Tibetan Shorthand Contractions
sbreMn,སྦྲེཾན,sbram chen,སྦྲམ་ཆེན,rKTs (CC BY 4.0): Dzongkha abbreviations
sbraM,སྦྲྃ,sbram,སྦྲམ,rKTs (CC BY 4.0): Esukhia
sbrul+yi,སྦྲུལྱི་,sbrul gyi,སྦྲུལ་གྱི་,rKTs (CC BY 4.0)
sbrulo,སྦྲུལོ,sbrul lo,སྦྲུལ་ལོ,rKTs (CC BY 4.0): Dzongkha abbreviations
sbrulo'i,སྦྲུལོའི,sbrul lo'i,སྦྲུལ་ལོའི,rKTs (CC BY 4.0): Nima Hojer Lama The Genealogy of Ya-ngal Family of Dolpo
sbrel,སྦྲེལ,sbrel,སྦྲེལ,rKTs (CC BY 4.0): Esukhia
smabebas+yedujug,སྨབེབསྱེདུཇུག,sma 'bebs byed du 'jug,སྨ་འབེབས་བྱེད་དུ་འཇུག,rKTs (CC BY 4.0): Esukhia
smadakris,སྨདཀྲིས,smad dkris,སྨད་དཀྲིས,rKTs (CC BY 4.0): Dzongkha abbreviations
sman+zhung,སྨནྮུང,sman gzhung,སྨན་གཞུང,rKTs (CC BY 4.0): Esukhia
smano,སྨནོ,sman no,སྨན་ནོ,rKTs (CC BY 4.0): Esukhia
sman+tus,སྨནྟུས,sman btus,སྨན་བཏུས,rKTs (CC BY 4.0): Esukhia
smar+ts+chen,སྨརྩྖེན,sman rtsa chen,སྨན་རྩ་ཆེན,rKTs (CC BY 4.0): Esukhia
smrilo,སྨྲིལོ,smin grol,སྨིན་གྲོལ,rKTs (CC BY 4.0): Dzongkha abbreviations
s+m+ro+il,སྨྲོིལ,smin grol,སྨིན་གྲོལ,rKTs (CC BY 4.0): Bacot écriture cursive Tibétaine
sminrug,སྨིནྲུག,smin drug,སྨིན་དྲུག,rKTs (CC BY 4.0)
smru+ig,སྨྲིུག,smin drug,སྨིན་དྲུག,rKTs (CC BY 4.0): Dzongkha abbreviations
smru+igan,སྨྲིུགན,smin drug can,སྨིན་དྲུག་ཅན,rKTs (CC BY 4.0): Dzongkha abbreviations
s+m+ru+ig,སྨྲིུག,smin drug,སྨིན་དྲུག,rKTs (CC BY 4.0): Bacot écriture cursive Tibétaine
sminaM,སྨིནཾ,smin ma,སྨིན་མ,rKTs (CC BY 4.0): Dzongkha abbreviations
smu+en,སྨེུན,sme bdun,སྨེ་བདུན,rKTs (CC BY 4.0): Dzongkha abbreviations
smonaM,སྨོནཾ,smon lam,སྨོན་ལམ,rKTs (CC BY 4.0)
skoMs,སྐོཾས,smoms,སྨོམས,rKTs (CC BY 4.0): Esukhia
smyugakhasoDa,སྨྱུགཁསོཌ,smyug kha bsegs,སྨྱུག་ཁ་བསེགས,rKTs (CC BY 4.0): Esukhia
smyugakha,སྨྱུགཁ,smyug kha,སྨྱུག་ཁ,rKTs (CC BY 4.0): Esukhia
smyugaM'islasa'i,སྨྱུགཾའིསླསའི,smyug ma'i slas pa'i,སྨྱུག་མའི་སླས་པའི,rKTs (CC BY 4.0): Esukhia
smyugaMs,སྨྱུགཾས,smyug mas,སྨྱུག་མས,rKTs (CC BY 4.0): Esukhia
smra'i,སྨྲའི,smra ba'i,སྨྲ་བའི,rKTs (CC BY 4.0): Esukhia
smraso,སྨྲསོ,smras so,སྨྲས་སོ,rKTs (CC BY 4.0): Dzongkha abbreviations
stsu+ol,སྩོུལ,stsal du gsol,སྩལ་དུ་གསོལ,rKTs (CC BY 4.0): Dzongkha abbreviations
sra'i,སྲའི,sra ba'i,སྲ་བའི,rKTs (CC BY 4.0): Esukhia
srartan,སྲརྟན,sra brtan,སྲ་བརྟན,rKTs (CC BY 4.0): Esukhia
sreMT,སྲེཾཊ,sra mkhregs,སྲ་མཁྲེགས,rKTs (CC BY 4.0): Dzongkha abbreviations
srakhreDa,སྲཁྲེཌ,sra mkhregs,སྲ་མཁྲེགས,rKTs (CC BY 4.0): Esukhia
srathasra,སྲཐསྲ,sra 'tha' sra,སྲ་འཐའ་སྲ,rKTs (CC BY 4.0): Esukhia
srathas,སྲཐས,sra 'thas,སྲ་འཐས,rKTs (CC BY 4.0): Esukhia
srabras,སྲབྲས,sra 'bras,སྲ་འབྲས,rKTs (CC BY 4.0): Esukhia
srardzin,སྲརྫིན,sra 'dzin,སྲ་འཛིན,rKTs (CC BY 4.0): Esukhia
srartsi,སྲརྩི,sra rtsi,སྲ་རྩི,rKTs (CC BY 4.0): Esukhia
s+r+s+nyi,སྲྶྙི,sra snyi,སྲ་སྙི,rKTs (CC BY 4.0): Esukhia
srang+cha,སྲངྖ,srang cha,སྲང་ཆ,rKTs (CC BY 4.0): Esukhia
srang+cha'i,སྲངྖའི,srang cha'i,སྲང་ཆའི,rKTs (CC BY 4.0): Esukhia
srangaMda',སྲངཾདའ,srang mda',སྲང་མདའ,rKTs (CC BY 4.0): Esukhia
srangal+raMngadoM,སྲངལྲཾངདོཾ,srang lam srang mdo,སྲང་ལམ་སྲང་མདོ,rKTs (CC BY 4.0): Esukhia
sradakar,སྲདཀར,srad dkar,སྲད་དཀར,rKTs (CC BY 4.0): Esukhia
sradaMr,སྲདཾར,srad dmar,སྲད་དམར,rKTs (CC BY 4.0): Esukhia
sradubacug,སྲདུབཅུག,srad du bcug,སྲད་དུ་བཅུག,rKTs (CC BY 4.0): Esukhia
srad+nagang,སྲདྣགང,srad nag dang,སྲད་ནག་དང,rKTs (CC BY 4.0): Esukhia
sradu,སྲདུ,srad bu,སྲད་བུ,rKTs (CC BY 4.0): Esukhia
sradaM,སྲདཾ་,srad ma,སྲད་མ་,rKTs (CC BY 4.0): Esukhia
srader,སྲདེར,srad ser,སྲད་སེར,rKTs (CC BY 4.0): Esukhia
sradasmug,སྲདསྨུག,srad smug,སྲད་སྨུག,rKTs (CC BY 4.0): Esukhia
sranakar,སྲནཀར,sran dkar,སྲན་དཀར,rKTs (CC BY 4.0): Esukhia
sranag,སྲནག,sran nag,སྲན་ནག,rKTs (CC BY 4.0): Esukhia
sranaM,སྲནཾ,sran ma,སྲན་མ,rKTs (CC BY 4.0)
sranariDa,སྲནརིཌ་,sran rigs,སྲན་རིགས་,rKTs (CC BY 4.0): Esukhia
srabyisgyar,སྲབྱིསྒྱར,srab kyis bsgyur,སྲབ་ཀྱིས་བསྒྱུར,rKTs (CC BY 4.0): Esukhia
srabo,སྲབོ,srab po,སྲབ་པོ,rKTs (CC BY 4.0): Esukhia
srabaMthug,སྲབཾཐུག,srab mthug,སྲབ་མཐུག,rKTs (CC BY 4.0): Esukhia
srabaMda',སྲབཾདའ,srab mda',སྲབ་མདའ,rKTs (CC BY 4.0): Esukhia
sraboM,སྲབོཾ་,srab mo,སྲབ་མོ་,rKTs (CC BY 4.0): Esukhia
sraboMr,སྲབོཾར,srab mor,སྲབ་མོར,rKTs (CC BY 4.0): Esukhia
srabajaM,སྲབཇཾ,srab 'jam,སྲབ་འཇམ,rKTs (CC BY 4.0): Esukhia
srabaskyoDa,སྲབསྐྱོཌ,srab skyogs,སྲབ་སྐྱོགས,rKTs (CC BY 4.0): Esukhia
sramadog,སྲམདོག,sram mdog,སྲམ་མདོག,rKTs (CC BY 4.0): Dzongkha abbreviations
sraMlpaDa,སྲཾལྤཌ,sram lpags,སྲམ་ལྤགས,rKTs (CC BY 4.0): Esukhia
sraM,སྲཾ,sram,སྲམ,rKTs (CC BY 4.0)
sras+yi,སྲསྱི,sras kyi,སྲས་ཀྱི,rKTs (CC BY 4.0): Dzongkha abbreviations
sras+yis ne,སྲསྱིས་ནེ,sras kyis na re,སྲས་ཀྱིས་ན་རེ,rKTs (CC BY 4.0): Dzongkha abbreviations
sras+yis,སྲསྱིས,sras kyis,སྲས་ཀྱིས,rKTs (CC BY 4.0): Esukhia
sras+che,སྲསྖེ,sras che,སྲས་ཆེ,rKTs (CC BY 4.0): Esukhia
srasen,སྲསེན,sras chen,སྲས་ཆེན,rKTs (CC BY 4.0): Esukhia
srasrosoM,སྲསྲོསོཾ,sras po sras mo,སྲས་པོ་སྲས་མོ་,rKTs (CC BY 4.0): Esukhia
sras+yad+yis,སྲསྱདྱིས,sras brgyad kyis,སྲས་བརྒྱད་ཀྱིས,rKTs (CC BY 4.0): Esukhia
sras+yad,སྲསྱད,sras brgyad,སྲས་བརྒྱད,rKTs (CC BY 4.0): Esukhia
srasu,སྲསུ,sras su,སྲས་སུ,rKTs (CC BY 4.0): Dzongkha abbreviations
srir,སྲིར,sri thar,སྲི་ཐར,rKTs (CC BY 4.0): Nima Hojer Lama The Genealogy of Ya-ngal Family of Dolpo
sribyade,སྲིབྱདེ,sri byed,སྲི་བྱེད,rKTs (CC BY 4.0): Esukhia
srizhu,སྲིཞུ,sri zhu,སྲི་ཞུ,rKTs (CC BY 4.0): Esukhia
sringo,སྲིངོ,sring mo,སྲིང་མོ,rKTs (CC BY 4.0): Dzongkha abbreviations
sringoM,སྲིངོཾ་,sring mo,སྲིང་མོ་,rKTs (CC BY 4.0): Esukhia
sridazhung,སྲིདཞུང,srid gzhung,སྲིད་གཞུང,rKTs (CC BY 4.0): Esukhia
sridajus,སྲིདཇུས,srid jus,སྲིད་ཇུས,rKTs (CC BY 4.0): Esukhia
sridang,སྲིདང,srid dang,སྲིད་དང,rKTs (CC BY 4.0): Esukhia
sridabang,སྲིདབང,srid dbang,སྲིད་དབང,rKTs (CC BY 4.0): Esukhia
sridu,སྲིདུ,srid du,སྲིད་དུ,rKTs (CC BY 4.0): Esukhia
sridon,སྲིདོན,srid don,སྲིད་དོན,rKTs (CC BY 4.0): Esukhia
sridanagran+ral,སྲིདནགྲནྲལ,srid na 'gran bral,སྲིད་ན་འགྲན་བྲལ,rKTs (CC BY 4.0): Esukhia
srida'i,སྲིདའི་,srid pa'i,སྲིད་པའི་,rKTs (CC BY 4.0): Esukhia
sridar,སྲིདར,srid par,སྲིད་པར,rKTs (CC BY 4.0): Esukhia
sridaMtha'atsaM,སྲིདཾཐའཙཾ,srid mtha' tsam,སྲིད་མཐའ་ཙམ,rKTs (CC BY 4.0): Esukhia
sridaMtha',སྲིདཾཐའ,srid mtha',སྲིད་མཐའ,rKTs (CC BY 4.0): Esukhia
sridazhi,སྲིདཞི,srid zhi,སྲིད་ཞི,rKTs (CC BY 4.0): Esukhia
sridazheng,སྲིདཞེང,srid zheng,སྲིད་ཞེང,rKTs (CC BY 4.0): Esukhia
sridabyung,སྲིདབྱུང,srid 'byung,སྲིད་འབྱུང,rKTs (CC BY 4.0): Esukhia
sru+idang,སྲིུདང༌,srid srung,སྲིད་སྲུང༌,rKTs (CC BY 4.0): Dzongkha abbreviations
srind,སྲིནད,srin nad,སྲིན་ནད,rKTs (CC BY 4.0): Esukhia
srino,སྲིནོ,srin po,སྲིན་པོ,rKTs (CC BY 4.0)
sro+in,སྲོིན,srin po,སྲིན་པོ,rKTs (CC BY 4.0): Bacot écriture cursive Tibétaine
srino,སྲིནོ,srin po,སྲིན་པོ,rKTs (CC BY 4.0): Nima Hojer Lama The Genealogy of Ya-ngal Family of Dolpo
srino'i gronger,སྲིནོའི་གྲོངེར,srin po'i grong khyer,སྲིན་པོའི་གྲོང་ཁྱེར,rKTs (CC BY 4.0): Dzongkha abbreviations
srino'i,སྲིནོའི,srin po'i,སྲིན་པོའི,rKTs (CC BY 4.0): Dzongkha abbreviations
srino'i,སྲིནོའི,srin po'i,སྲིན་པོའི་,rKTs (CC BY 4.0): Esukhia
srinor,སྲིནོར,srin por,སྲིན་པོར,rKTs (CC BY 4.0): Esukhia
srin+bal,སྲིནྦལ,srin bal,སྲིན་བལ,rKTs (CC BY 4.0): Esukhia
srinu,སྲིནུ,srin bu,སྲིན་བུ,rKTs (CC BY 4.0): Esukhia
srin+ya,སྲིནྱ་,srin bya,སྲིན་བྱ་,rKTs (CC BY 4.0): Esukhia
srinoM,སྲིནོཾ,srin mo,སྲིན་མོ,rKTs (CC BY 4.0)
sro+inaM,སྲོིནཾ,srin mo,སྲིན་མོ,rKTs (CC BY 4.0): Bacot écriture cursive Tibétaine
srin+lag,སྲིནླག,srin lag,སྲིན་ལག,rKTs (CC BY 4.0): Esukhia
srin+shing,སྲིནྴིང,srin shing,སྲིན་ཤིང,rKTs (CC BY 4.0): Esukhia
sribasigrub+s+te,སྲིབསིགྲུབྶྟེ,sribs shig 'grub ste,སྲིབས་ཤིག་འགྲུབ་སྟེ,rKTs (CC BY 4.0): Esukhia
sri'us+yo,སྲིའུསྱོ་,sri'u gso,སྲིའུ་གསོ་,rKTs (CC BY 4.0): Esukhia
srilte,སྲིལྟེ,sril te,སྲིལ་ཏེ,rKTs (CC BY 4.0): Esukhia
srisig,སྲིསིག,sris shig,སྲིས་ཤིག,rKTs (CC BY 4.0): Esukhia
sro+uM,སྲོུཾ་,sru mo,སྲུ་མོ་,rKTs (CC BY 4.0): Esukhia
srunga'i+oro,སྲུངའིོརོ,srung ba'i 'khor lo,སྲུང་བའི་འཁོར་ལོ,rKTs (CC BY 4.0): Esukhia
srungaraMdzodagi,སྲུངརཾཛོདགི,srung bar mdzod cig,སྲུང་བར་མཛོད་ཅིག,rKTs (CC BY 4.0): Esukhia
srungar,སྲུངར,srung bar,སྲུང་བར,rKTs (CC BY 4.0): Esukhia
srungaM,སྲུངཾ,srung ma,སྲུང་མ,rKTs (CC BY 4.0): Esukhia
srungaMkhan,སྲུངཾཁན,srung mkhan,སྲུང་མཁན,rKTs (CC BY 4.0): Esukhia
srungaMdzad,སྲུངཾཛད,srung mdzad,སྲུང་མཛད,rKTs (CC BY 4.0): Esukhia
srungaMr,སྲུངཾར,srung mar,སྲུང་མར,rKTs (CC BY 4.0): Esukhia
srunga'or,སྲུངའོར,srung 'khor,སྲུང་འཁོར,rKTs (CC BY 4.0): Esukhia
srungaMs,སྲུངཾས,srungs ma,སྲུངས་མ,rKTs (CC BY 4.0): Bacot écriture cursive Tibétaine
srungasaM,སྲུངསཾ,srungs ma,སྲུངས་མ,rKTs (CC BY 4.0): Dzongkha abbreviations
srungasigrungasig,སྲུངསིགྲུངསིག,srungs shig srungs shig,སྲུངས་ཤིག་སྲུངས་ཤིག,rKTs (CC BY 4.0): Esukhia
srun+yin,སྲུནྱིན,srun gyin,སྲུན་གྱིན,rKTs (CC BY 4.0): Esukhia
srunig,སྲུནིག,srun cig,སྲུན་ཅིག,rKTs (CC BY 4.0): Esukhia
srunoM,སྲུནོཾ,srun mo,སྲུན་མོ,rKTs (CC BY 4.0): Esukhia
srub+karaMtshaMs,སྲུབྐརྃཚྃས,srub ka bar mtshams,སྲུབ་ཀ་བར་མཚམས,rKTs (CC BY 4.0): Esukhia
srugyin+rub,སྲུགྱིནྲུབ,srub kyin srub,སྲུབ་ཀྱིན་སྲུབ,rKTs (CC BY 4.0): Esukhia
srubaska,སྲུབསྐ,srubs ka,སྲུབས་ཀ,rKTs (CC BY 4.0): Esukhia
srubasaM,སྲུབསཾ,srubs ma,སྲུབས་མ,rKTs (CC BY 4.0): Dzongkha abbreviations
srubas+zin+can,སྲུབསྯིནྕན,srubs zin can,སྲུབས་ཟིན་ཅན,rKTs (CC BY 4.0): Esukhia
srubas+zin,སྲུབསྯིན,srubs zin,སྲུབས་ཟིན,rKTs (CC BY 4.0): Esukhia
srusnibru,སྲུསྣིབྲུ,srus ni 'bru,སྲུས་ནི་འབྲུ,rKTs (CC BY 4.0): Esukhia
srethig,སྲེཐིག,sre thig,སྲེ་ཐིག,rKTs (CC BY 4.0): Esukhia
s+r+neg,སྲྣེག,sre nag,སྲེ་ནག,rKTs (CC BY 4.0): Esukhia
sre+o,སྲེོ་,sre bo,སྲེ་བོ་,rKTs (CC BY 4.0): Esukhia
sre+oM,སྲེོཾ,sre mo,སྲེ་མོ་,rKTs (CC BY 4.0): Esukhia
sre+oMg+zer,སྲེོཾགྯེར,sre mog zer,སྲེ་མོག་ཟེར,rKTs (CC BY 4.0): Esukhia
sre+ongaM,སྲེོངཾ,sre mong,སྲེ་མོང,rKTs (CC BY 4.0): Esukhia
s+r+le+ong,སྲླེོང,sre long,སྲེ་ལོང,rKTs (CC BY 4.0): Esukhia
sregakhang,སྲེགཁང,sreg khang,སྲེག་ཁང,rKTs (CC BY 4.0): Esukhia
sreganasred,སྲེགནསྲེད,sreg gnas sred,སྲེག་གནས་སྲེད,rKTs (CC BY 4.0): Esukhia
sreganas,སྲེགནས,sreg gnas,སྲེག་གནས,rKTs (CC BY 4.0): Dzongkha abbreviations
sreginadug,སྲེགིནདུག,sreg gin 'dug,སྲེག་གིན་འདུག,rKTs (CC BY 4.0): Esukhia
sreg \u0f7e,སྲེག་ཾ,sreg ma,སྲེག་མ་,rKTs (CC BY 4.0): Esukhia
sre+esu,སྲ􀴖༹སུ,sreg tshes su,སྲེག་ཚེས་སུ,rKTs (CC BY 4.0): Dzongkha abbreviations
srais,སྲཻས,sreg tshes,སྲེག་ཚེས,rKTs (CC BY 4.0): Dzongkha abbreviations
sr^e+es,སྲེེ༹ས,sreg tshes,སྲེག་ཚེས,rKTs (CC BY 4.0): Dzongkha abbreviations
sro+es,སྲོེས,sreg tshes,སྲེག་ཚེས,rKTs (CC BY 4.0): Tibetan Shorthand Contractions
sregasha,སྲེགཤ,sreg sha,སྲེག་ཤ,rKTs (CC BY 4.0): Esukhia
sregyor,སྲེགྱོར,sreg sbyor,སྲེག་སྦྱོར,rKTs (CC BY 4.0)
sro+er,སྲོེར,sreg sbyor,སྲེག་སྦྱོར,rKTs (CC BY 4.0): Dzongkha abbreviations
sraig,སྲཻག,sreg sreg,སྲེག་སྲེག,rKTs (CC BY 4.0): Esukhia
sreDig,སྲེཌིག,sregs shig,སྲེགས་ཤིག,rKTs (CC BY 4.0): Esukhia
sreD,སྲེཌ,sregs,སྲེགས,rKTs (CC BY 4.0): Nima Hojer Lama The Genealogy of Ya-ngal Family of Dolpo
srelagos,སྲེལགོས,srel dgos,སྲེལ་དགོས,rKTs (CC BY 4.0): Esukhia
sresig,སྲེསིག,sres shig,སྲེས་ཤིག,rKTs (CC BY 4.0): Esukhia
srokhang,སྲོཁང,sro khang,སྲོ་ཁང,rKTs (CC BY 4.0): Esukhia
srozhin,སྲོཞིན,sro bzhin,སྲོ་བཞིན,rKTs (CC BY 4.0): Esukhia
sro,སྲོ་,sro ma,སྲོ་མ,rKTs (CC BY 4.0): Esukhia
sroMngang,སྲོཾངང,sro mang yang,སྲོ་མང་ཡང,rKTs (CC BY 4.0): Esukhia
s+r+lo+okarapa,སྲློོཀརཔ་,sro lo dkar bo,སྲོ་ལོ་དཀར་བོ་,rKTs (CC BY 4.0): Esukhia
s+r+lo+omaro,སྲློོམརོ,sro lo dmar bo,སྲོ་ལོ་དམར་བོ,rKTs (CC BY 4.0): Esukhia
sraugd,སྲཽགད,srog gcod,སྲོག་གཅོད,rKTs (CC BY 4.0): Bacot écriture cursive Tibétaine
srogod,སྲོགོད,srog gcod,སྲོག་གཅོད,rKTs (CC BY 4.0): Dzongkha abbreviations
srog+cod,སྲོགྕོད,srog gcod,སྲོག་གཅོད,rKTs (CC BY 4.0): Dzongkha abbreviations
sroganasa'is+yono'o,སྲོགནསའིསྱོནོའོ་,srog gnas pa'i gson po'o,སྲོག་གནས་པའི་གསོན་པོའོ་,rKTs (CC BY 4.0): Esukhia
sroganas,སྲོགནས,srog gnas,སྲོག་གནས,rKTs (CC BY 4.0): Dzongkha abbreviations
srogasuM,སྲོགསུཾ,srog gsum,སྲོག་གསུམ,rKTs (CC BY 4.0): Dzongkha abbreviations
srogan,སྲོགན,srog can,སྲོག་ཅན,rKTs (CC BY 4.0): Dzongkha abbreviations
s+r+chogasrogatang,སྲྖོགསྲོགཏང,srog chags srog btang,སྲོག་ཆགས་སྲོག་བཏང,rKTs (CC BY 4.0): Esukhia
srog+bang,སྲོགྦང,srog dbang,སྲོག་དབང,rKTs (CC BY 4.0): Esukhia
srog+cad,སྲོགྕད,srog bcad,སྲོག་བཅད,rKTs (CC BY 4.0): Dzongkha abbreviations
srogaMde,སྲོགཾདེ,srog med,སྲོག་མེད,rKTs (CC BY 4.0): Esukhia
srog+r+lung,སྲོགྲླུང,srog rlung,སྲོག་རླུང,rKTs (CC BY 4.0): Esukhia
sroging,སྲོགིང,srog shing,སྲོག་ཤིང,rKTs (CC BY 4.0): Esukhia
songatsan,སོངཙན་,srong btsan,སྲོང་བཙན,rKTs (CC BY 4.0): Esukhia
srongo'aM,སྲོངོའཾ་,srong bo'am,སྲོང་བོའམ་,rKTs (CC BY 4.0): Esukhia
srongaroshadang,སྲོངརོཤདང,srong bor bshad dang,སྲོང་བོར་བཤད་དང,rKTs (CC BY 4.0): Esukhia
srongasig,སྲོངསིག,srongs shig,སྲོངས་ཤིག,rKTs (CC BY 4.0): Esukhia
srodang,སྲོདང,srod dang,སྲོད་དང,rKTs (CC BY 4.0): Esukhia
r+rongasrodusni,རྲོངསྲོདུསྣི,srod dus ni,སྲོད་དུས་ནི་,rKTs (CC BY 4.0): Esukhia
srodus,སྲོདུས,srod dus,སྲོད་དུས,rKTs (CC BY 4.0): Esukhia
sronang,སྲོནང,sron dang,སྲོན་དང,rKTs (CC BY 4.0): Esukhia
sronaMkhan,སྲོནཾཁན,sron mkhan,སྲོན་མཁན,rKTs (CC BY 4.0): Esukhia
srobasig,སྲོབསིག,srobs shig,སྲོབས་ཤིག,rKTs (CC BY 4.0): Esukhia
srolgong,སྲོལྒོང,srol gong,སྲོལ་གོང,rKTs (CC BY 4.0): Esukhia
srolnganasnubasig,སྲོལྔནསྣུབསིག,srol ngan snubs shig,སྲོལ་ངན་སྣུབས་ཤིག,rKTs (CC BY 4.0): Esukhia
srol+yes+yar \u0f7e,སྲོལྱེསྱར་ཾ,srol phyes gsar ma,སྲོལ་ཕྱེས་གསར་མ་,rKTs (CC BY 4.0): Esukhia
srolatode,སྲོལཏོདེ,srol btod de,སྲོལ་བཏོད་དེ,rKTs (CC BY 4.0): Esukhia
srol^uT,སྲོལུ༹ཊ,srol tshugs,སྲོལ་ཚུགས,rKTs (CC BY 4.0): Dzongkha abbreviations
srol+yedaMkhan,སྲོལྱེདཾཁན,srol 'byed mkhan,སྲོལ་འབྱེད་མཁན,rKTs (CC BY 4.0): Esukhia
srol+yed,སྲོལྱེད,srol 'byed,སྲོལ་འབྱེད,rKTs (CC BY 4.0): Esukhia
srolaM,སྲོལཾ,srol lam,སྲོལ་ལམ,rKTs (CC BY 4.0): Esukhia
srosus,སྲོསུས,sros dus,སྲོས་དུས,rKTs (CC BY 4.0): Esukhia
srosla,སྲོསླ་,sros zla,སྲོས་ཟླ་,rKTs (CC BY 4.0): Esukhia
sardokhur+yed \u0f7c,སརྡོཁུརྱེད་ོ,sla rdo 'khur byed do,སླ་རྡོ་འཁུར་བྱེད་དོ་,rKTs (CC BY 4.0): Esukhia
slangakharla,སླངཁརླ,slang 'khar slang,སླང་འཁར་སླང,rKTs (CC BY 4.0): Esukhia
sladu,སླདུ,slad du,སླད་དུ,rKTs (CC BY 4.0): Dzongkha abbreviations
slad+nasladaMr,སླདྣསླདཾར,slad nas slad mar,སླད་ནས་སླད་མར,rKTs (CC BY 4.0): Esukhia
slan+chad+yang,སླནྖདྱང,slan chad kyang,སླན་ཆད་ཀྱང,rKTs (CC BY 4.0): Esukhia
sland,སླནད,slan chad,སླན་ཆད,rKTs (CC BY 4.0)
slarjod,སླརྗོད,slar brjod,སླར་བརྗོད,rKTs (CC BY 4.0): Dzongkha abbreviations
slarasdu,སླརསྡུ,slar bsdu,སླར་བསྡུ,rKTs (CC BY 4.0): Esukhia
slarabyung,སླརབྱུང,slar 'byung,སླར་འབྱུང,rKTs (CC BY 4.0): Esukhia
slarang,སླརང,slar yang,སླར་ཡང,rKTs (CC BY 4.0)
slarlog,སླརློག,slar log,སླར་ལོག,rKTs (CC BY 4.0): Esukhia
slarlog,སླརློག,slar slog,སླར་སློག,rKTs (CC BY 4.0): Esukhia
paslas \u0f7e,པསླས་ཾ,slas ma,སླས་མ,rKTs (CC BY 4.0): Esukhia
slubrid,སླུབྲིད,slu brid,སླུ་བྲིད,rKTs (CC BY 4.0): Esukhia
sluMkhanaslunyen+che,སླུཾཁནསླུཉེནྖེ,slu mkhan slu nyen che,སླུ་མཁན་སླུ་ཉེན་ཆེ,rKTs (CC BY 4.0): Esukhia
slutshigislusig,སླུཚིགིསླུསིག,slu tshig gis slus shig,སླུ་ཚིག་གིས་སླུས་ཤིག,rKTs (CC BY 4.0): Esukhia
slu+eMs,སླེུཾས,slu sems,སླུ་སེམས,rKTs (CC BY 4.0): Esukhia
sletresakhril+naskye'i,སླེཏྲེསཁྲིལྣསྐྱེའི,sle tres 'khril nas skye ba'i,སླེ་ཏྲེས་འཁྲིལ་ནས་སྐྱེ་བའི,rKTs (CC BY 4.0): Esukhia
sle4na,སླེ༤ན,sle bzhin,སླེ་བཞིན,rKTs (CC BY 4.0): Esukhia
sle \u0f7c,སླེ་ོ,sle bo,སླེ་བོ་,rKTs (CC BY 4.0): Esukhia
slosnode,སློསྣོདེ,sle bo snodade,སླེ་བོ་སྣོདདེ,rKTs (CC BY 4.0): Esukhia
slezhesbal+yidanaM,སླེཞེསྦལྱིདནཾ,sle zhes bal gyi gdan nam,སླེ་ཞེས་བལ་གྱི་གདན་ནམ,rKTs (CC BY 4.0): Esukhia
slebyin,སླེབྱིན,sleb kyin,སླེབ་ཀྱིན,rKTs (CC BY 4.0): Esukhia
slebakhar,སླེབཁར,sleb khar,སླེབ་ཁར,rKTs (CC BY 4.0): Esukhia
slebasigang,སླེབསིགང,slebs shig dang,སླེབས་ཤིག་དང,rKTs (CC BY 4.0): Esukhia
slesig,སླེསིག,sles shig,སླེས་ཤིག,rKTs (CC BY 4.0): Esukhia
sloos,སླཽས,slo gros,སློ་གྲོས,rKTs (CC BY 4.0): Nima Hojer Lama The Genealogy of Ya-ngal Family of Dolpo
slo \u0f7e,སློ་ཾ,slo ma,སློ་མ་,rKTs (CC BY 4.0): Esukhia
slobo,སློབོ་,slo 'bo,སློ་འབོ་,rKTs (CC BY 4.0): Esukhia
slogaMbyed,སློགཾབྱེད,slog ma byed,སློག་མ་བྱེད,rKTs (CC BY 4.0): Esukhia
slog+s+te,སློགྶྟེ,slog ste,སློག་སྟེ,rKTs (CC BY 4.0): Esukhia
sloDigaskul+longongaMkhan,སློཌིགསྐུལློངོངཾཁན,slogs shig skul slong slong mkhan,སློགས་ཤིག་སྐུལ་སློང་སློང་མཁན,rKTs (CC BY 4.0): Esukhia
slongoM,སློངོཾ,slong mo,སློང་མོ,rKTs (CC BY 4.0): Esukhia
slongasiglod,སློངསིགློད,slongs shig slod,སློངས་ཤིག་སློད,rKTs (CC BY 4.0): Esukhia
slob+nyer,སློབྙེར,slob gnyer,སློབ་གཉེར,rKTs (CC BY 4.0)
slo+eb+nyar,སློེབྙར,slob gnyer,སློབ་གཉེར,rKTs (CC BY 4.0): Bacot écriture cursive Tibétaine
slobany+yer,སློབཉྱེར,slob gnyer,སློབ་གཉེར,rKTs (CC BY 4.0): Esukhia
slob+r+wa,སློབྲྭ,slob grwa,སློབ་གྲྭ,rKTs (CC BY 4.0): Dzongkha abbreviations
slobas+yar,སློབསྱར,slob gsar,སློབ་གསར,rKTs (CC BY 4.0): Esukhia
slobas+yo+i,སློབསྱོི་,slob gso'i,སློབ་གསོའི་,rKTs (CC BY 4.0): Esukhia
slob+r+wa,སློབྲྭ,slob grwa,སློབ་གྲྭ,rKTs (CC BY 4.0): Esukhia
slob+thunaMngor,སློབྠུནཾངོར,slob thun mang bor,སློབ་ཐུན་མང་བོར,rKTs (CC BY 4.0): Esukhia
dpon slob,དཔོན་སློབ,slob dpon dang slob ma,སློབ་དཔོན་དང་སློབ་མ,rKTs (CC BY 4.0): Bacot écriture cursive Tibétaine
slaun,སླཽན,slob dpon,སློབ་དཔོན,rKTs (CC BY 4.0)
slon,སློན,slob dpon,སློབ་དཔོན,rKTs (CC BY 4.0): Dzongkha abbreviations
slaubn,སླཽབན,slob dpon,སློབ་དཔོན,rKTs (CC BY 4.0): Bacot écriture cursive Tibétaine
slobon,སློབོན,slob dpon,སློབ་དཔོན,rKTs (CC BY 4.0)
slo+on,སློོན,slob dpon,སློབ་དཔོན,rKTs (CC BY 4.0): Tibetan Shorthand Contractions
slob+pa,སློབྤ,slob pa,སློབ་པ,rKTs (CC BY 4.0): Esukhia
slobrug,སློབྲུག,slob phrug,སློབ་ཕྲུག,rKTs (CC BY 4.0): Esukhia
slobu,སློབུ,slob bu,སློབ་བུ,rKTs (CC BY 4.0)
slobaM,སློབཾ,slob ma,སློབ་མ,rKTs (CC BY 4.0): Dzongkha abbreviations
slobaM'i,སློབཾའི་,slob ma'i,སློབ་མའི་,rKTs (CC BY 4.0): Esukhia
slaud,སླཽད,slob 'dod,སློབ་འདོད,rKTs (CC BY 4.0): Bacot écriture cursive Tibétaine
slobod,སློབོད,slob 'dod,སློབ་འདོད,rKTs (CC BY 4.0): Dzongkha abbreviations
slo+od,སློོད,slob 'dod,སློབ་འདོད,rKTs (CC BY 4.0): Tibetan Shorthand Contractions
slobyud,སློབྱུད,slob rgyud,སློབ་རྒྱུད,rKTs (CC BY 4.0): Esukhia
slob+seng,སློབྶེང,slob seng,སློབ་སེང,rKTs (CC BY 4.0): Esukhia
slob+s+b+yong,སློབྶྦྱོང,slob sbyong,སློབ་སྦྱོང,rKTs (CC BY 4.0): Esukhia
h+cang,ཧྕང,ha cang,ཧ་ཅང,rKTs (CC BY 4.0): Esukhia
hA,ཧཱ,ha ha,ཧ་ཧ,rKTs (CC BY 4.0): Dzongkha abbreviations
hano,ཧནོ,han hon,ཧན་ཧོན,rKTs (CC BY 4.0): Dzongkha abbreviations
habo,ཧབོ,hab hob,ཧབ་ཧོབ,rKTs (CC BY 4.0): Dzongkha abbreviations
hal+yi,ཧལྱི,hal khyi,ཧལ་ཁྱི,rKTs (CC BY 4.0): Dzongkha abbreviations
hu+e ka,ཧེུ་ཀ,he ru ka,ཧེ་རུ་ཀ,rKTs (CC BY 4.0): Dzongkha abbreviations
hrangang,ཧྲངང༌,hrang hrang,ཧྲང་ཧྲང༌,rKTs (CC BY 4.0): Dzongkha abbreviations
hrilo,ཧྲིལོ,hril po,ཧྲིལ་པོ,rKTs (CC BY 4.0): Dzongkha abbreviations
hriladzin,ཧྲིལཛིན,hril 'dzin,ཧྲིལ་འཛིན,rKTs (CC BY 4.0): Esukhia
a+che,ཨྖེ་,a che,ཨ་ཆེ་,rKTs (CC BY 4.0): Esukhia
ag+ne,ཨགྣེ,ag ne,ཨག་ནེ,rKTs (CC BY 4.0): Dzongkha abbreviations
abatab pa,ཨབཏབ་པ,ab btab pa,ཨབ་བཏབ་པ,rKTs (CC BY 4.0): Dzongkha abbreviations
aras,ཨརས,ar las,ཨར་ལས,rKTs (CC BY 4.0): Dzongkha abbreviations
in+ra,ཨིནྲ,in+d+ra,ཨིནྡྲ,rKTs (CC BY 4.0): Esukhia
yinaM,ཡིནཾ,in nam,ཨིན་ནམ,rKTs (CC BY 4.0): Nima Hojer Lama The Genealogy of Ya-ngal Family of Dolpo
ugos,ཨུགོས,ug chos,ཨུག་ཆོས,rKTs (CC BY 4.0): Dzongkha abbreviations
eMR^a,ཨེཾཪ༹,e ma mtshar,ཨེ་མ་མཚར,rKTs (CC BY 4.0): Dzongkha abbreviations
eM ho,ཨེཾ་ཧོ,e ma ho,ཨེ་མ་ཧོ,rKTs (CC BY 4.0): Dzongkha abbreviations
ai,ཨཻ,e e,ཨེ་ཨེ,rKTs (CC BY 4.0): Dzongkha abbreviations
e+iM,ཨེིཾ,em chi,ཨེམ་ཆི,rKTs (CC BY 4.0): Esukhia
a+yon thro+eng^al,ཨྱོན་ཐྲོེང༹ལ,o rgyan thod phreng rtsal,ཨོ་རྒྱན་ཐོད་ཕྲེང་རྩལ,rKTs (CC BY 4.0): Dzongkha abbreviations
a+yon pad+ma,ཨྱོན་པདྨ,o rgyan pad ma,ཨོ་རྒྱན་པད་མ,rKTs (CC BY 4.0): Dzongkha abbreviations
a+yon,ཨྱོན,o rgyan,ཨོ་རྒྱན,rKTs (CC BY 4.0)
au,ཨཽ,o o,ཨོ་ཨོ,rKTs (CC BY 4.0): Dzongkha abbreviations
om^uTo,ཨོམུ༹ཊོ,om tshugs so/,ཨོམ་ཚུགས་སོ།,rKTs (CC BY 4.0): Dzongkha abbreviations
a+yun,ཨྱུན,au rgyan,ཨཽ་རྒྱན,rKTs (CC BY 4.0): Nima Hojer Lama The Genealogy of Ya-ngal Family of Dolpo
x,x,x,x,rKTs (CC BY 4.0): Nima Hojer Lama The Genealogy of Ya-ngal Family of Dolpo
