# work_key	english	tibetan	raw_label	source	vinaya
KD1	Vowed Morality	'DUL BA	Vowed_Morality--'DUL_BA	r6	1
KD16	Perfection of Wisdom	SHES PHYIN	Perfection_of_Wisdom--SHES PHYIN	r6	0
KD2	Vowed Morality	'DUL BA	Vowed_Morality--'DUL_BA	r6	1
KD3	Vowed Morality	'DUL BA	Vowed_Morality--'DUL_BA	r6	1
KD49	Stack of Jewels	DKON BRTZEGS	Stack_of_Jewels--DKON BRTZEGS	r6	0
KD60	Stack of Jewels	DKON BRTZEGS	Stack_of_Jewels--DKON BRTZEGS	r6	0
KD61	Stack of Jewels	DKON BRTZEGS	Stack_of_Jewels--DKON BRTZEGS	r6	0
KD62	Stack of Jewels	DKON BRTZEGS	Stack_of_Jewels--DKON BRTZEGS	r6	0
KD63	Stack of Jewels	DKON BRTZEGS	Stack_of_Jewels--DKON BRTZEGS	r6	0
KL21	Perfection of Wisdom	SHES PHYIN	Perfection_of_Wisdom--SHES PHYIN	r6	0
KX16	Perfection of Wisdom	SHES PHYIN	Perfection_of_Wisdom--SHES PHYIN	r6	0
R2	Biographies From The Great Dictionary	TSIG MDZOD CHEN MO	Biographies_From_The_Great_Dictionary--TSIG_MDZOD_CHEN_MO	r6	0
R3		རྣམ་ཐར།/རྣམ་ཐར་སྣ་ཚོགས།/ཤེས་བྱའི་གཏེར་མཛོད།	རྣམ་ཐར།/རྣམ་ཐར་སྣ་ཚོགས།/ཤེས་བྱའི་གཏེར་མཛོད།	sungbum	0
S1		ཕར་ཕྱིན།/སྤྱི།/མཁས་གྲུབ་བསྟན་པ་དར་རྒྱས།/མཐའ་དཔྱོད།	ཕར་ཕྱིན།/སྤྱི།/མཁས་གྲུབ་བསྟན་པ་དར་རྒྱས།/མཐའ་དཔྱོད།	sungbum	0
S1	Perfection Of Wisdom	PHAR PHYIN	Perfection_Of_Wisdom--PHAR_PHYIN	r6	0
S10		དྲང་ངེས།/མཁས་གྲུབ་བསྟན་པ་དར་རྒྱས།	དྲང་ངེས།/མཁས་གྲུབ་བསྟན་པ་དར་རྒྱས།	sungbum	0
S10	The Art Of Interpreting The Buddha	DRANG NGES	The_Art_Of_Interpreting_The_Buddha--DRANG_NGES	r6	0
S100		ཉམས་ལེན།/བླ་མའི་རྣལ་འབྱོར།/རྗེ་ཙོང་ཁ་པ་བློ་བཟང་གྲགས་པ།/དགའ་ལྡན་ལྷ་བརྒྱ་མ།	ཉམས་ལེན།/བླ་མའི་རྣལ་འབྱོར།/རྗེ་ཙོང་ཁ་པ་བློ་བཟང་གྲགས་པ།/དགའ་ལྡན་ལྷ་བརྒྱ་མ།	sungbum	0
S100	Works On The Thousand Angels Of The Heaven Of Bliss	DGA' LDAN LHA BRGYA MA	Works_On_The_Thousand_Angels_Of_The_Heaven_Of_Bliss--DGA'_LDAN_LHA_BRGYA_MA	r6	0
S1000		རྣམ་ཐར།/མཚན་ཐོག/ཆེས་ཤོས་རིན་པོ་ཆེ་བློ་བཟང་བྱང་ཆུབ་བསྟན་པའི་སྒྲོན་མེ།	རྣམ་ཐར།/མཚན་ཐོག/ཆེས་ཤོས་རིན་པོ་ཆེ་བློ་བཟང་བྱང་ཆུབ་བསྟན་པའི་སྒྲོན་མེ།	sungbum	0
S1000	Cheshu Rinpoche	CHE SHOS RIN PO CHE	Cheshu_Rinpoche--CHE SHOS RIN PO CHE	r6	0
S1001		དབུ་མ།/དབུ་མ་ལ་འཇུག་པའི་འགྲེལ་པ།/སྒོམ་སྡེ་ནམ་མཁའ་རྒྱལ་མཚན།	དབུ་མ།/དབུ་མ་ལ་འཇུག་པའི་འགྲེལ་པ།/སྒོམ་སྡེ་ནམ་མཁའ་རྒྱལ་མཚན།	sungbum	0
S1001	Practices Of Meditation And Reciting Sacred Words	BSGOMS BZLAS	Practices_Of_Meditation_And_Reciting_Sacred_Words--BSGOMS_BZLAS	r6	0
S1002		རྒྱུད།/འཇམ་དབྱངས།/སྒྲུབ་ཐབས།	རྒྱུད།/འཇམ་དབྱངས།/སྒྲུབ་ཐབས།	sungbum	0
S1002	Methods For Reaching The Holy Being	SGRUB THABS	Methods_For_Reaching_The_Holy_Being--SGRUB_THABS	r6	0
S1003		རྒྱུད།/འཇམ་དབྱངས།/རྗེས་གནང་།	རྒྱུད།/འཇམ་དབྱངས།/རྗེས་གནང་།	sungbum	0
S1003	Methods For Reaching The Holy Being	SGRUB THABS	Methods_For_Reaching_The_Holy_Being--SGRUB_THABS	r6	0
S1003	Rites For Granting Sacred Permission	RJES GNANG	Rites_For_Granting_Sacred_Permission--RJES_GNANG	r6	0
S102		ཆོ་ག/དགེ་བཤེས་བཤད་གཞུང་།	ཆོ་ག/དགེ་བཤེས་བཤད་གཞུང་།	sungbum	0
S102	Recitations For Geshe Degree Candidates	DGE BSHES BSHAD PA	Recitations_For_Geshe_Degree_Candidates--DGE_BSHES_BSHAD_PA	r6	0
S1023	Commentaries On The Practice	'GREL PA	Commentaries_On_The_Practice--'GREL_PA	r6	0
S103		རྒྱུད།/བདེ་མཆོག/ལུས་དཀྱིལ།	རྒྱུད།/བདེ་མཆོག/ལུས་དཀྱིལ།	sungbum	0
S103	Instructions For The Practice Of The Secret World Of The Body	LUS DKYIL	Instructions_For_The_Practice_Of_The_Secret_World_Of_The_Body--LUS_DKYIL	r6	0
S104		རྒྱུད།/འཇིགས་བྱེད།/སྦྱིན་སྲེག	རྒྱུད།/འཇིགས་བྱེད།/སྦྱིན་སྲེག	sungbum	0
S104	Methods Of Performing Fire Offerings	SBYIN SREG	Methods_Of_Performing_Fire_Offerings--SBYIN_SREG	r6	0
S105		རྒྱུད།/བདེ་མཆོག/སྦྱིན་སྲེག	རྒྱུད།/བདེ་མཆོག/སྦྱིན་སྲེག	sungbum	0
S105	Methods Of Performing Fire Offerings	SBYIN SREG	Methods_Of_Performing_Fire_Offerings--SBYIN_SREG	r6	0
S106		རྒྱུད།/འཇིགས་བྱེད།/སྦྱིན་སྲེག	རྒྱུད།/འཇིགས་བྱེད།/སྦྱིན་སྲེག	sungbum	0
S106	Methods Of Performing Fire Offerings	SBYIN SREG	Methods_Of_Performing_Fire_Offerings--SBYIN_SREG	r6	0
S107		རྒྱུད།/རྡོ་རྗེ་རྣལ་འབྱོར་མ།/སྦྱིན་སྲེག	རྒྱུད།/རྡོ་རྗེ་རྣལ་འབྱོར་མ།/སྦྱིན་སྲེག	sungbum	0
S107	Methods Of Performing Fire Offerings	SBYIN SREG	Methods_Of_Performing_Fire_Offerings--SBYIN_SREG	r6	0
S108		ལོ་ཐོ།/དུས་ཆེན།	ལོ་ཐོ།/དུས་ཆེན།	sungbum	0
S108	Astronomy And Astrology	SKAR RTZIS	Astronomy_And_Astrology--SKAR_RTZIS	r6	0
S109		ཆོ་ག/སྐུ་གསུང་ཐུགས་རྟེན།	ཆོ་ག/སྐུ་གསུང་ཐུགས་རྟེན།	sungbum	0
S109	Rituals For Creating Altars	RTEN BZHENGS	Rituals_For_Creating_Altars--RTEN_BZHENGS	r6	0
S11		དྲང་ངེས།/མཁས་གྲུབ་བསྟན་པ་དར་རྒྱས།	དྲང་ངེས།/མཁས་གྲུབ་བསྟན་པ་དར་རྒྱས།	sungbum	0
S11	The Art Of Interpreting The Buddha	DRANG NGES	The_Art_Of_Interpreting_The_Buddha--DRANG_NGES	r6	0
S110		ཆོ་ག/གཟུང་གཞུག	ཆོ་ག/གཟུང་གཞུག	sungbum	0
S110	Rituals For Loading Holy Images With Prayers	GZUNGS GZHUG	Rituals_For_Loading_Holy_Images_With_Prayers--GZUNGS_GZHUG	r6	0
S111		ཆོ་ག/གཟུང་གཞུག	ཆོ་ག/གཟུང་གཞུག	sungbum	0
S111	Rituals For Loading Holy Images With Prayers	GZUNGS GZHUG	Rituals_For_Loading_Holy_Images_With_Prayers--GZUNGS_GZHUG	r6	0
S112		ཆོ་ག/གཟུང་གཞུག	ཆོ་ག/གཟུང་གཞུག	sungbum	0
S112	Rituals For Loading Holy Images With Prayers	GZUNGS GZHUG	Rituals_For_Loading_Holy_Images_With_Prayers--GZUNGS_GZHUG	r6	0
S113		ཆོ་ག/རབ་གནས།	ཆོ་ག/རབ་གནས།	sungbum	0
S113	Rituals Of Consecration	RAB GNAS	Rituals_Of_Consecration--RAB_GNAS	r6	0
S114		ཆོ་ག/རབ་གནས།	ཆོ་ག/རབ་གནས།	sungbum	0
S114	Rituals Of Consecration	RAB GNAS	Rituals_Of_Consecration--RAB_GNAS	r6	0
S115		ཆོ་ག/རབ་གནས།	ཆོ་ག/རབ་གནས།	sungbum	0
S115	Rituals Of Consecration	RAB GNAS	Rituals_Of_Consecration--RAB_GNAS	r6	0
S116		ཆོ་ག/རབ་གནས།	ཆོ་ག/རབ་གནས།	sungbum	0
S116	Rituals Of Consecration	RAB GNAS	Rituals_Of_Consecration--RAB_GNAS	r6	0
S117		རྒྱུད།/གཤིན་པོ།/སྦྱང་ཆོག	རྒྱུད།/གཤིན་པོ།/སྦྱང་ཆོག	sungbum	0
S117	Rituals For Purifying Bad Karma Of The Dead	SBYANG CHOG	Rituals_For_Purifying_Bad_Karma_Of_The_Dead--SBYANG_CHOG	r6	0
S118		རྒྱུད།/གཤིན་པོ།/སྦྱང་ཆོག	རྒྱུད།/གཤིན་པོ།/སྦྱང་ཆོག	sungbum	0
S118	Rituals For Purifying Bad Karma Of The Dead	SBYANG CHOG	Rituals_For_Purifying_Bad_Karma_Of_The_Dead--SBYANG_CHOG	r6	0
S119		རྒྱུད།/རྡོ་རྗེ་མི་འཁྲུགས་པ།/སྐྲ་ཆོག	རྒྱུད།/རྡོ་རྗེ་མི་འཁྲུགས་པ།/སྐྲ་ཆོག	sungbum	0
S119	Methods Of Helping The Dead Through Blessing Their Hair	SKRA CHOG	Methods_Of_Helping_The_Dead_Through_Blessing_Their_Hair--SKRA_CHOG	r6	0
S12		ཕར་ཕྱིན།/དགེ་འདུན་ཉི་ཤུ།/མཁས་གྲུབ་བསྟན་པ་དར་རྒྱས།/སྤྱི་དོན།	ཕར་ཕྱིན།/དགེ་འདུན་ཉི་ཤུ།/མཁས་གྲུབ་བསྟན་པ་དར་རྒྱས།/སྤྱི་དོན།	sungbum	0
S12	Perfection Of Wisdom	PHAR PHYIN	Perfection_Of_Wisdom--PHAR_PHYIN	r6	0
S120		ཆོ་ག/རབ་གནས།	ཆོ་ག/རབ་གནས།	sungbum	0
S120	Rituals Of Consecration	RAB GNAS	Rituals_Of_Consecration--RAB_GNAS	r6	0
S12001		ཉམས་ལེན།/ཞབས་བརྟན།/དྲུང་ཆེན་ཤེས་རབ་རྒྱ་མཚོ་པྲཛྙཱའི་མཚན་ཅན།	ཉམས་ལེན།/ཞབས་བརྟན།/དྲུང་ཆེན་ཤེས་རབ་རྒྱ་མཚོ་པྲཛྙཱའི་མཚན་ཅན།	sungbum	0
S12002		རྣམ་ཐར།/མཚན་ཐོག/མི་ཏྲ་ཛོ་ཀི།	རྣམ་ཐར།/མཚན་ཐོག/མི་ཏྲ་ཛོ་ཀི།	sungbum	0
S12003		ཉམས་ལེན།/བླ་མའི་རྣལ་འབྱོར།/རྗེ་ཙོང་ཁ་པ་བློ་བཟང་གྲགས་པ།/དགའ་ལྡན་ལྷ་བརྒྱ་མ།	ཉམས་ལེན།/བླ་མའི་རྣལ་འབྱོར།/རྗེ་ཙོང་ཁ་པ་བློ་བཟང་གྲགས་པ།/དགའ་ལྡན་ལྷ་བརྒྱ་མ།	sungbum	0
S12004		ཉམས་ལེན།/བླ་མའི་རྣལ་འབྱོར།/རྗེ་ཙོང་ཁ་པ་བློ་བཟང་གྲགས་པ།/དགའ་ལྡན་ལྷ་བརྒྱ་མ།	ཉམས་ལེན།/བླ་མའི་རྣལ་འབྱོར།/རྗེ་ཙོང་ཁ་པ་བློ་བཟང་གྲགས་པ།/དགའ་ལྡན་ལྷ་བརྒྱ་མ།	sungbum	0
S12005		ཉམས་ལེན།/བླ་མའི་རྣལ་འབྱོར།/རྗེ་ཙོང་ཁ་པ་བློ་བཟང་གྲགས་པ།/དགའ་ལྡན་ལྷ་བརྒྱ་མ།	ཉམས་ལེན།/བླ་མའི་རྣལ་འབྱོར།/རྗེ་ཙོང་ཁ་པ་བློ་བཟང་གྲགས་པ།/དགའ་ལྡན་ལྷ་བརྒྱ་མ།	sungbum	0
S12006		ཉམས་ལེན།/བླ་མའི་རྣལ་འབྱོར།/དྲུང་ཆེན་ཤེས་རབ་རྒྱ་མཚོ་པྲཛྙཱའི་མཚན་ཅན།	ཉམས་ལེན།/བླ་མའི་རྣལ་འབྱོར།/དྲུང་ཆེན་ཤེས་རབ་རྒྱ་མཚོ་པྲཛྙཱའི་མཚན་ཅན།	sungbum	0
S12007		ལྷ་བཟོ།/སྤྱི།	ལྷ་བཟོ།/སྤྱི།	sungbum	0
S12008		ཉམས་ལེན།/བསླབ་བྱ།/དྲུང་ཆེན་ཤེས་རབ་རྒྱ་མཚོ་པྲཛྙཱའི་མཚན་ཅན།	ཉམས་ལེན།/བསླབ་བྱ།/དྲུང་ཆེན་ཤེས་རབ་རྒྱ་མཚོ་པྲཛྙཱའི་མཚན་ཅན།	sungbum	0
S12009		ཉམས་ལེན།/བསླབ་བྱ།/དྲུང་ཆེན་ཤེས་རབ་རྒྱ་མཚོ་པྲཛྙཱའི་མཚན་ཅན།	ཉམས་ལེན།/བསླབ་བྱ།/དྲུང་ཆེན་ཤེས་རབ་རྒྱ་མཚོ་པྲཛྙཱའི་མཚན་ཅན།	sungbum	0
S12010		རྣམ་ཐར།/མཚན་ཐོག/འཇམ་དབྱངས་བཞད་པའི་རྡོ་རྗེའི་སྐུ་འཕྲེང་གསུམ་པ།	རྣམ་ཐར།/མཚན་ཐོག/འཇམ་དབྱངས་བཞད་པའི་རྡོ་རྗེའི་སྐུ་འཕྲེང་གསུམ་པ།	sungbum	0
S12011		ཉམས་ལེན།/སྨོན་ལམ།/དྲུང་ཆེན་ཤེས་རབ་རྒྱ་མཚོ་པྲཛྙཱའི་མཚན་ཅན།	ཉམས་ལེན།/སྨོན་ལམ།/དྲུང་ཆེན་ཤེས་རབ་རྒྱ་མཚོ་པྲཛྙཱའི་མཚན་ཅན།	sungbum	0
S12012		ཉམས་ལེན།/སྨོན་ལམ།/དྲུང་ཆེན་ཤེས་རབ་རྒྱ་མཚོ་པྲཛྙཱའི་མཚན་ཅན།	ཉམས་ལེན།/སྨོན་ལམ།/དྲུང་ཆེན་ཤེས་རབ་རྒྱ་མཚོ་པྲཛྙཱའི་མཚན་ཅན།	sungbum	0
S12013		ཉམས་ལེན།/བསླབ་བྱ།/དྲུང་ཆེན་ཤེས་རབ་རྒྱ་མཚོ་པྲཛྙཱའི་མཚན་ཅན།	ཉམས་ལེན།/བསླབ་བྱ།/དྲུང་ཆེན་ཤེས་རབ་རྒྱ་མཚོ་པྲཛྙཱའི་མཚན་ཅན།	sungbum	0
S12014		ཉམས་ལེན།/སྨོན་ལམ།/དྲུང་ཆེན་ཤེས་རབ་རྒྱ་མཚོ་པྲཛྙཱའི་མཚན་ཅན།	ཉམས་ལེན།/སྨོན་ལམ།/དྲུང་ཆེན་ཤེས་རབ་རྒྱ་མཚོ་པྲཛྙཱའི་མཚན་ཅན།	sungbum	0
S12015		ཉམས་ལེན།/བསླབ་བྱ།/དྲུང་ཆེན་ཤེས་རབ་རྒྱ་མཚོ་པྲཛྙཱའི་མཚན་ཅན།	ཉམས་ལེན།/བསླབ་བྱ།/དྲུང་ཆེན་ཤེས་རབ་རྒྱ་མཚོ་པྲཛྙཱའི་མཚན་ཅན།	sungbum	0
S12018		ཉམས་ལེན།/གསོལ་འདེབས།/པཎ་ཆེན་སྐུ་ཕྲེང་བཞི་པ་བསྟན་པའི་ཉི་མ།	ཉམས་ལེན།/གསོལ་འདེབས།/པཎ་ཆེན་སྐུ་ཕྲེང་བཞི་པ་བསྟན་པའི་ཉི་མ།	sungbum	0
S12019		ཉམས་ལེན།/སྨོན་ལམ།/པཎ་ཆེན་སྐུ་ཕྲེང་བཞི་པ་བསྟན་པའི་ཉི་མ།	ཉམས་ལེན།/སྨོན་ལམ།/པཎ་ཆེན་སྐུ་ཕྲེང་བཞི་པ་བསྟན་པའི་ཉི་མ།	sungbum	0
S12020		ཉམས་ལེན།/བླ་མའི་རྣལ་འབྱོར།/པཎ་ཆེན་སྐུ་ཕྲེང་བཞི་པ་བསྟན་པའི་ཉི་མ།	ཉམས་ལེན།/བླ་མའི་རྣལ་འབྱོར།/པཎ་ཆེན་སྐུ་ཕྲེང་བཞི་པ་བསྟན་པའི་ཉི་མ།	sungbum	0
S12021		རྒྱུད།/རྡོ་རྗེ་ཕྲེང་བ།/བླ་བརྒྱུད།	རྒྱུད།/རྡོ་རྗེ་ཕྲེང་བ།/བླ་བརྒྱུད།	sungbum	0
S12022		ཉམས་ལེན།/བསླབ་བྱ།/པཎ་ཆེན་སྐུ་ཕྲེང་བཞི་པ་བསྟན་པའི་ཉི་མ།	ཉམས་ལེན།/བསླབ་བྱ།/པཎ་ཆེན་སྐུ་ཕྲེང་བཞི་པ་བསྟན་པའི་ཉི་མ།	sungbum	0
S12023		རྒྱུད།/བསྟན་པའི་འཁོར་ལོ།/བསྟོད་པ།	རྒྱུད།/བསྟན་པའི་འཁོར་ལོ།/བསྟོད་པ།	sungbum	0
S12025		ལམ་རིམ།/བྱང་སེམས་ཀྱི་སྡོམ་པ།	ལམ་རིམ།/བྱང་སེམས་ཀྱི་སྡོམ་པ།	sungbum	0
S12026		བཅའ་ཡིག/དགའ་ལྡན།	བཅའ་ཡིག/དགའ་ལྡན།	sungbum	0
S12027		ཉམས་ལེན།/བསླབ་བྱ།/པཎ་ཆེན་སྐུ་ཕྲེང་བཞི་པ་བསྟན་པའི་ཉི་མ།	ཉམས་ལེན།/བསླབ་བྱ།/པཎ་ཆེན་སྐུ་ཕྲེང་བཞི་པ་བསྟན་པའི་ཉི་མ།	sungbum	0
S12028		རྒྱུད།/སྤྱི།/ཆོས་སྐྱོང་།	རྒྱུད།/སྤྱི།/ཆོས་སྐྱོང་།	sungbum	0
S12029		ཉམས་ལེན།/སྨོན་ལམ།/པཎ་ཆེན་སྐུ་ཕྲེང་བཞི་པ་བསྟན་པའི་ཉི་མ།	ཉམས་ལེན།/སྨོན་ལམ།/པཎ་ཆེན་སྐུ་ཕྲེང་བཞི་པ་བསྟན་པའི་ཉི་མ།	sungbum	0
S12030		རྒྱུད།/སྤྱི།/སྡེ་བརྒྱད།	རྒྱུད།/སྤྱི།/སྡེ་བརྒྱད།	sungbum	0
S12031		ཆོ་ག/གཞི་བདག	ཆོ་ག/གཞི་བདག	sungbum	0
S12033		རྣམ་ཐར།/མཚན་ཐོག/རྗེ་ཙོང་ཁ་པ་བློ་བཟང་གྲགས་པ།	རྣམ་ཐར།/མཚན་ཐོག/རྗེ་ཙོང་ཁ་པ་བློ་བཟང་གྲགས་པ།	sungbum	0
S12034		རྣམ་ཐར།/མཚན་ཐོག/རྗེ་ཙོང་ཁ་པ་བློ་བཟང་གྲགས་པ།	རྣམ་ཐར།/མཚན་ཐོག/རྗེ་ཙོང་ཁ་པ་བློ་བཟང་གྲགས་པ།	sungbum	0
S12035		ཉམས་ལེན།/བསླབ་བྱ།/ཆ་ཧར་དགེ་བཤེས་བློ་བཟང་ཚུལ་ཁྲིམས།	ཉམས་ལེན།/བསླབ་བྱ།/ཆ་ཧར་དགེ་བཤེས་བློ་བཟང་ཚུལ་ཁྲིམས།	sungbum	0
S12036		ཉམས་ལེན།/སྨོན་ལམ།/ཆ་ཧར་དགེ་བཤེས་བློ་བཟང་ཚུལ་ཁྲིམས།	ཉམས་ལེན།/སྨོན་ལམ།/ཆ་ཧར་དགེ་བཤེས་བློ་བཟང་ཚུལ་ཁྲིམས།	sungbum	0
S12038		མདོ་འགྲེལ།/ཕར་ཕྱིན་འབུམ།	མདོ་འགྲེལ།/ཕར་ཕྱིན་འབུམ།	sungbum	0
S12039		མདོ་འགྲེལ།/ཉི་ཁྲི།	མདོ་འགྲེལ།/ཉི་ཁྲི།	sungbum	0
S12041		མདོ་འགྲེལ།/མདོ་སྡེ་བསྐལ་བཟང་།	མདོ་འགྲེལ།/མདོ་སྡེ་བསྐལ་བཟང་།	sungbum	0
S12042		མདོ་འགྲེལ།/མདོ་སྡེ་དཀོན་བརྩེགས།	མདོ་འགྲེལ།/མདོ་སྡེ་དཀོན་བརྩེགས།	sungbum	0
S12043		བློ་སྦྱོང་།/བློ་སྦྱོང་ནོར་བུའི་ཕྲེང་བ།	བློ་སྦྱོང་།/བློ་སྦྱོང་ནོར་བུའི་ཕྲེང་བ།	sungbum	0
S12044		ཉམས་ལེན།/བསླབ་བྱ།/ཆ་ཧར་དགེ་བཤེས་བློ་བཟང་ཚུལ་ཁྲིམས།	ཉམས་ལེན།/བསླབ་བྱ།/ཆ་ཧར་དགེ་བཤེས་བློ་བཟང་ཚུལ་ཁྲིམས།	sungbum	0
S12045		ཉམས་ལེན།/སྨོན་ལམ།/ཆ་ཧར་དགེ་བཤེས་བློ་བཟང་ཚུལ་ཁྲིམས།	ཉམས་ལེན།/སྨོན་ལམ།/ཆ་ཧར་དགེ་བཤེས་བློ་བཟང་ཚུལ་ཁྲིམས།	sungbum	0
S12046		ཆོ་ག/མགོན་པོ་གླིང་བསྐོར།	ཆོ་ག/མགོན་པོ་གླིང་བསྐོར།	sungbum	0
S12047		ཉམས་ལེན།/བསླབ་བྱ།/ཆ་ཧར་དགེ་བཤེས་བློ་བཟང་ཚུལ་ཁྲིམས།	ཉམས་ལེན།/བསླབ་བྱ།/ཆ་ཧར་དགེ་བཤེས་བློ་བཟང་ཚུལ་ཁྲིམས།	sungbum	0
S12048		ལམ་རིམ།/སྐྱེ་བའི་སྡུག་བསྔལ།	ལམ་རིམ།/སྐྱེ་བའི་སྡུག་བསྔལ།	sungbum	0
S12049		རྒྱུད།/འཇིགས་བྱེད།/བླ་བརྒྱུད།	རྒྱུད།/འཇིགས་བྱེད།/བླ་བརྒྱུད།	sungbum	0
S12050		རྒྱུད།/འཇིགས་བྱེད།/མངོན་རྟོགས།	རྒྱུད།/འཇིགས་བྱེད།/མངོན་རྟོགས།	sungbum	0
S12051		རྒྱུད།/འཇིགས་བྱེད།/སྦྱིན་སྲེག	རྒྱུད།/འཇིགས་བྱེད།/སྦྱིན་སྲེག	sungbum	0
S12052		རྒྱུད།/འཇིགས་བྱེད།/སྦྱིན་སྲེག	རྒྱུད།/འཇིགས་བྱེད།/སྦྱིན་སྲེག	sungbum	0
S12053		རྒྱུད།/འཇིགས་བྱེད།/བསྙེན་པ།	རྒྱུད།/འཇིགས་བྱེད།/བསྙེན་པ།	sungbum	0
S12054		རྒྱུད།/འཇིགས་བྱེད།/བླ་བརྒྱུད།	རྒྱུད།/འཇིགས་བྱེད།/བླ་བརྒྱུད།	sungbum	0
S12055		རྒྱུད།/སྤྱི།/བུམ་སྒྲུབ།	རྒྱུད།/སྤྱི།/བུམ་སྒྲུབ།	sungbum	0
S12056		རྒྱུད།/སྤྱི།/བདུད་རྩི།	རྒྱུད།/སྤྱི།/བདུད་རྩི།	sungbum	0
S12057		རྒྱུད།/སྤྱི།/རབ་གནས།	རྒྱུད།/སྤྱི།/རབ་གནས།	sungbum	0
S12058		རྒྱུད།/སྤྱི།/ཀླུའི་བུམ་གཏེར།	རྒྱུད།/སྤྱི།/ཀླུའི་བུམ་གཏེར།	sungbum	0
S12060		ཆོས་འབྱུང་།/བུ་སྟོན་ཆོས་འབྱུང་།	ཆོས་འབྱུང་།/བུ་སྟོན་ཆོས་འབྱུང་།	sungbum	0
S12061		སྨན།/སྤྱི།	སྨན།/སྤྱི།	sungbum	0
S12063		ཕྲན་ཚེགས།/ཆ་ཧར་དགེ་བཤེས་བློ་བཟང་ཚུལ་ཁྲིམས།	ཕྲན་ཚེགས།/ཆ་ཧར་དགེ་བཤེས་བློ་བཟང་ཚུལ་ཁྲིམས།	sungbum	0
S12064		ལམ་རིམ།/ཆ་ཧར་དགེ་བཤེས་ལམ་བརྗེད་བྱང་།	ལམ་རིམ།/ཆ་ཧར་དགེ་བཤེས་ལམ་བརྗེད་བྱང་།	sungbum	0
S12065		འདུལ་བ།/འདུལ་བ་ཆོས་འབྱུང་།	འདུལ་བ།/འདུལ་བ་ཆོས་འབྱུང་།	sungbum	0
S12066		བཀའ་གདམས་པ།	བཀའ་གདམས་པ།	sungbum	0
S12067		ཆོ་ག/རབ་གནས།	ཆོ་ག/རབ་གནས།	sungbum	0
S12068		དྲི་ལན།/པན་ཆེན་བླ་མ་སྐུ་ཕྲེང་གསུམ་པ་དཔལ་ལྡན་ཡེ་ཤེས།	དྲི་ལན།/པན་ཆེན་བླ་མ་སྐུ་ཕྲེང་གསུམ་པ་དཔལ་ལྡན་ཡེ་ཤེས།	sungbum	0
S12069		གསུམ་རྟགས།	གསུམ་རྟགས།	sungbum	0
S12070		རྒྱུད།/སྤྱི།/ཚོགས།	རྒྱུད།/སྤྱི།/ཚོགས།	sungbum	0
S12071		རྒྱུད།/གདུགས་དཀར།/སྔགས།	རྒྱུད།/གདུགས་དཀར།/སྔགས།	sungbum	0
S12072		རྒྱུད།/གདུགས་དཀར།/སྔགས།	རྒྱུད།/གདུགས་དཀར།/སྔགས།	sungbum	0
S12073		རྒྱུད།/གདུགས་དཀར།/བཟློག་པ།	རྒྱུད།/གདུགས་དཀར།/བཟློག་པ།	sungbum	0
S12074		རྒྱུད།/གདུགས་དཀར།/བཟློག་པ།	རྒྱུད།/གདུགས་དཀར།/བཟློག་པ།	sungbum	0
S12075		རྒྱུད།/འཇིགས་བྱེད།/སྦྱིན་སྲེག	རྒྱུད།/འཇིགས་བྱེད།/སྦྱིན་སྲེག	sungbum	0
S12076		རྒྱུད།/ནོར་ཧླ།/སྦྱིན་སྲེག	རྒྱུད།/ནོར་ཧླ།/སྦྱིན་སྲེག	sungbum	0
S12077		རྒྱུད།/དགྲ་ལྷ།/མཆོད་པ།	རྒྱུད།/དགྲ་ལྷ།/མཆོད་པ།	sungbum	0
S12078		རྒྱུད།/སྤྱི།/ས་བདག	རྒྱུད།/སྤྱི།/ས་བདག	sungbum	0
S12079		རྒྱུད།/བསྲུང་བ་ལྔ།/ཁྲུ་བ།	རྒྱུད།/བསྲུང་བ་ལྔ།/ཁྲུ་བ།	sungbum	0
S12080		ཉམས་ལེན།/སྤྱི།/ཆ་ཧར་དགེ་བཤེས་བློ་བཟང་ཚུལ་ཁྲིམས།	ཉམས་ལེན།/སྤྱི།/ཆ་ཧར་དགེ་བཤེས་བློ་བཟང་ཚུལ་ཁྲིམས།	sungbum	0
S12081		ཉམས་ལེན།/བསླབ་བྱ།/ཆ་ཧར་དགེ་བཤེས་བློ་བཟང་ཚུལ་ཁྲིམས།	ཉམས་ལེན།/བསླབ་བྱ།/ཆ་ཧར་དགེ་བཤེས་བློ་བཟང་ཚུལ་ཁྲིམས།	sungbum	0
S12082		རྣམ་ཐར།/མཚན་ཐོག/རྗེ་ཙོང་ཁ་པ་བློ་བཟང་གྲགས་པ།	རྣམ་ཐར།/མཚན་ཐོག/རྗེ་ཙོང་ཁ་པ་བློ་བཟང་གྲགས་པ།	sungbum	0
S12083		རྣམ་ཐར།/མཚན་ཐོག/རྗེ་ཙོང་ཁ་པ་བློ་བཟང་གྲགས་པ།	རྣམ་ཐར།/མཚན་ཐོག/རྗེ་ཙོང་ཁ་པ་བློ་བཟང་གྲགས་པ།	sungbum	0
S12084		རྣམ་ཐར།/མཚན་ཐོག/རྗེ་ཙོང་ཁ་པ་བློ་བཟང་གྲགས་པ།	རྣམ་ཐར།/མཚན་ཐོག/རྗེ་ཙོང་ཁ་པ་བློ་བཟང་གྲགས་པ།	sungbum	0
S12085		ཉམས་ལེན།/ཐ་མ་ཁ་སྤོང་བ།	ཉམས་ལེན།/ཐ་མ་ཁ་སྤོང་བ།	sungbum	0
S12086		ཉམས་ལེན།/སློབ་གཉེར་བྱེད་ཚུལ།	ཉམས་ལེན།/སློབ་གཉེར་བྱེད་ཚུལ།	sungbum	0
S12087		ཕྲན་ཚེགས།/ཆ་ཧར་དགེ་བཤེས་བློ་བཟང་ཚུལ་ཁྲིམས།	ཕྲན་ཚེགས།/ཆ་ཧར་དགེ་བཤེས་བློ་བཟང་ཚུལ་ཁྲིམས།	sungbum	0
S12088		ཉམས་ལེན།/ཞབས་བརྟན།/ཆ་ཧར་དགེ་བཤེས་བློ་བཟང་ཚུལ་ཁྲིམས།	ཉམས་ལེན།/ཞབས་བརྟན།/ཆ་ཧར་དགེ་བཤེས་བློ་བཟང་ཚུལ་ཁྲིམས།	sungbum	0
S12090		རྣམ་ཐར།/མཚན་ཐོག/ཛེ་སྨད་རིན་པོ་ཆེ་བློ་བཟང་དཔལ་ལྡན་བསྟན་འཛིན་ཡར་རྒྱས།	རྣམ་ཐར།/མཚན་ཐོག/ཛེ་སྨད་རིན་པོ་ཆེ་བློ་བཟང་དཔལ་ལྡན་བསྟན་འཛིན་ཡར་རྒྱས།	sungbum	0
S12091		རྣམ་ཐར།/མཚན་ཐོག/ཛེ་སྨད་རིན་པོ་ཆེ་བློ་བཟང་དཔལ་ལྡན་བསྟན་འཛིན་ཡར་རྒྱས།	རྣམ་ཐར།/མཚན་ཐོག/ཛེ་སྨད་རིན་པོ་ཆེ་བློ་བཟང་དཔལ་ལྡན་བསྟན་འཛིན་ཡར་རྒྱས།	sungbum	0
S12092		ལམ་རིམ།/ལམ་རིམ་ཆེན་མོ།/འགྲེལ་པ།	ལམ་རིམ།/ལམ་རིམ་ཆེན་མོ།/འགྲེལ་པ།	sungbum	0
S12093		ལམ་རིམ།/རྣམ་གྲོལ་ལག་བཅངས།/འགྲེལ་པ།	ལམ་རིམ།/རྣམ་གྲོལ་ལག་བཅངས།/འགྲེལ་པ།	sungbum	0
S12094		ལམ་རིམ།/བདེ་ལམ།/འགྲེལ་པ།	ལམ་རིམ།/བདེ་ལམ།/འགྲེལ་པ།	sungbum	0
S12095		ལམ་རིམ།/ལམ་རིམ་བསྡུས་དོན།	ལམ་རིམ།/ལམ་རིམ་བསྡུས་དོན།	sungbum	0
S12096		ལམ་རིམ།/ལམ་རིམ་ཆེན་མོ།/འགྲེལ་པ།	ལམ་རིམ།/ལམ་རིམ་ཆེན་མོ།/འགྲེལ་པ།	sungbum	0
S12097		རྒྱུད།/བླ་མ་མཆོད་པ།/འགྲེལ་པ།	རྒྱུད།/བླ་མ་མཆོད་པ།/འགྲེལ་པ།	sungbum	0
S12098		བློ་སྦྱོང་།/བློ་སྦྱོང་དོན་བདུན་མ།/འགྲེལ་པ།	བློ་སྦྱོང་།/བློ་སྦྱོང་དོན་བདུན་མ།/འགྲེལ་པ།	sungbum	0
S12099		བློ་སྦྱོང་།/བློ་སྦྱོང་ཚིག་བརྒྱད་མ།/འགྲེལ་པ།	བློ་སྦྱོང་།/བློ་སྦྱོང་ཚིག་བརྒྱད་མ།/འགྲེལ་པ།	sungbum	0
S121		ཆོ་ག/གཟུང་གཞུག	ཆོ་ག/གཟུང་གཞུག	sungbum	0
S121	Rituals For Loading Holy Images With Prayers	GZUNGS GZHUG	Rituals_For_Loading_Holy_Images_With_Prayers--GZUNGS_GZHUG	r6	0
S12100		བློ་སྦྱོང་།/བློ་སྦྱོང་ཚིག་བརྒྱད་མ།/འགྲེལ་པ།	བློ་སྦྱོང་།/བློ་སྦྱོང་ཚིག་བརྒྱད་མ།/འགྲེལ་པ།	sungbum	0
S12101		བློ་སྦྱོང་།/བློ་སྦྱོང་ཉི་མའི་འོད་ཟེར།/འགྲེལ་པ།	བློ་སྦྱོང་།/བློ་སྦྱོང་ཉི་མའི་འོད་ཟེར།/འགྲེལ་པ།	sungbum	0
S12102		ཉམས་ལེན།/བླ་མའི་རྣལ་འབྱོར།/རྗེ་ཙོང་ཁ་པ་བློ་བཟང་གྲགས་པ།/དགའ་ལྡན་ལྷ་བརྒྱ་མ།	ཉམས་ལེན།/བླ་མའི་རྣལ་འབྱོར།/རྗེ་ཙོང་ཁ་པ་བློ་བཟང་གྲགས་པ།/དགའ་ལྡན་ལྷ་བརྒྱ་མ།	sungbum	0
S12103		རྒྱུད།/འཇིགས་བྱེད།/དབང་།	རྒྱུད།/འཇིགས་བྱེད།/དབང་།	sungbum	0
S12104		རྒྱུད།/གསང་འདུས།/དབང་།	རྒྱུད།/གསང་འདུས།/དབང་།	sungbum	0
S12105		རྒྱུད།/གསང་འདུས།/འཇམ་པའི་རྡོ་རྗེ།	རྒྱུད།/གསང་འདུས།/འཇམ་པའི་རྡོ་རྗེ།	sungbum	0
S12106		རྒྱུད།/གསང་འདུས།/འཇིག་རྟེན་དབང་ཕྱུག	རྒྱུད།/གསང་འདུས།/འཇིག་རྟེན་དབང་ཕྱུག	sungbum	0
S12107		རྒྱུད།/རྡོ་རྗེ་རྣལ་འབྱོར་མ།/དབང་།	རྒྱུད།/རྡོ་རྗེ་རྣལ་འབྱོར་མ།/དབང་།	sungbum	0
S12108		རྒྱུད།/བདེ་མཆོག/འགྲེལ་པ།	རྒྱུད།/བདེ་མཆོག/འགྲེལ་པ།	sungbum	0
S12109		རྒྱུད།/བདེ་མཆོག/ལུས་དཀྱིལ།	རྒྱུད།/བདེ་མཆོག/ལུས་དཀྱིལ།	sungbum	0
S12110		རྒྱུད།/འཇིགས་བྱེད།/དབང་།	རྒྱུད།/འཇིགས་བྱེད།/དབང་།	sungbum	0
S12111		རྒྱུད།/སྤྱི།/དབང་།	རྒྱུད།/སྤྱི།/དབང་།	sungbum	0
S12112		གསན་ཡིག/འཇམ་དབྱངས་བཞད་པའི་རྡོ་རྗེ་ངག་དབང་བརྩོན་འགྲུས།	གསན་ཡིག/འཇམ་དབྱངས་བཞད་པའི་རྡོ་རྗེ་ངག་དབང་བརྩོན་འགྲུས།	sungbum	0
S12113		གསན་ཡིག/འཇམ་དབྱངས་བཞད་པའི་རྡོ་རྗེ་ངག་དབང་བརྩོན་འགྲུས།	གསན་ཡིག/འཇམ་དབྱངས་བཞད་པའི་རྡོ་རྗེ་ངག་དབང་བརྩོན་འགྲུས།	sungbum	0
S12114		གསན་ཡིག/འཇམ་དབྱངས་བཞད་པའི་རྡོ་རྗེ་ངག་དབང་བརྩོན་འགྲུས།	གསན་ཡིག/འཇམ་དབྱངས་བཞད་པའི་རྡོ་རྗེ་ངག་དབང་བརྩོན་འགྲུས།	sungbum	0
S12115		ལྷ་བཟོ།/སྤྱི།	ལྷ་བཟོ།/སྤྱི།	sungbum	0
S12116		ལམ་རིམ།/ལུང་རིགས་གཏེར་མཛོད།	ལམ་རིམ།/ལུང་རིགས་གཏེར་མཛོད།	sungbum	0
S12117		ཕྲན་ཚེགས།/འཇམ་དབྱངས་བཞད་པའི་རྡོ་རྗེ་ངག་དབང་བརྩོན་འགྲུས།	ཕྲན་ཚེགས།/འཇམ་དབྱངས་བཞད་པའི་རྡོ་རྗེ་ངག་དབང་བརྩོན་འགྲུས།	sungbum	0
S12118		ཉམས་ལེན།/སྤྱི།/ཇམ་དབྱངས་བཞད་པའི་རྡོ་རྗེ།	ཉམས་ལེན།/སྤྱི།/ཇམ་དབྱངས་བཞད་པའི་རྡོ་རྗེ།	sungbum	0
S12119		འདུལ་བ།/སྤྱི།/ཇམ་དབྱངས་བཞད་པའི་རྡོ་རྗེ།	འདུལ་བ།/སྤྱི།/ཇམ་དབྱངས་བཞད་པའི་རྡོ་རྗེ།	sungbum	0
S12120		རྒྱུད།/སྤྱི།/གཏོར་མ།	རྒྱུད།/སྤྱི།/གཏོར་མ།	sungbum	0
S12121		རྒྱུད།/སྤྱི།/གཏོར་མ།	རྒྱུད།/སྤྱི།/གཏོར་མ།	sungbum	0
S12122		རྒྱུད།/གཤིན་པོ།/སྒྲུབ་ཐབས།	རྒྱུད།/གཤིན་པོ།/སྒྲུབ་ཐབས།	sungbum	0
S12123		རྒྱུད།/དོ་ཧ།	རྒྱུད།/དོ་ཧ།	sungbum	0
S12124		རྒྱུད།/སྤྱི།/རབ་གནས།	རྒྱུད།/སྤྱི།/རབ་གནས།	sungbum	0
S12125		རྒྱུད།/སྤྱི།/སྒྲུབ་ཐབས།	རྒྱུད།/སྤྱི།/སྒྲུབ་ཐབས།	sungbum	0
S12126		རྒྱུད།/སྤྱི།/ཆོས་སྲུང་།	རྒྱུད།/སྤྱི།/ཆོས་སྲུང་།	sungbum	0
S12127		རྒྱུད།/ཕྱག་ན་རྡོ་རྗེ།/སྨོན་ལམ།	རྒྱུད།/ཕྱག་ན་རྡོ་རྗེ།/སྨོན་ལམ།	sungbum	0
S12128		ཆོས་འབྱུང་།/འཇིགས་བྱེད་ཀྱི་ཆོས་འབྱུང་།	ཆོས་འབྱུང་།/འཇིགས་བྱེད་ཀྱི་ཆོས་འབྱུང་།	sungbum	0
S12129		རྣམ་ཐར།/མཚན་ཐོག/འཇམ་དབྱངས་བཞད་པའི་རྡོ་རྗེ་ངག་དབང་བརྩོན་འགྲུས།	རྣམ་ཐར།/མཚན་ཐོག/འཇམ་དབྱངས་བཞད་པའི་རྡོ་རྗེ་ངག་དབང་བརྩོན་འགྲུས།	sungbum	0
S12130		རྣམ་ཐར།/མཚན་ཐོག/འཇམ་དབྱངས་བཞད་པའི་རྡོ་རྗེ་ངག་དབང་བརྩོན་འགྲུས།	རྣམ་ཐར།/མཚན་ཐོག/འཇམ་དབྱངས་བཞད་པའི་རྡོ་རྗེ་ངག་དབང་བརྩོན་འགྲུས།	sungbum	0
S12131		རྣམ་ཐར།/མཚན་ཐོག/ལྕང་སྐྱ་རོལ་བའི་རྡོ་རྗེ།	རྣམ་ཐར།/མཚན་ཐོག/ལྕང་སྐྱ་རོལ་བའི་རྡོ་རྗེ།	sungbum	0
S12132		རྣམ་ཐར།/མཚན་ཐོག/བྲག་གཡབ་ཆུང་ཚང་སྤྲུལ་པའི་སྐུ་རིན་པོ་ཆེ་བསྐལ་བཟང་ཐུབ་བསྟན་དབང་ཕྱུག	རྣམ་ཐར།/མཚན་ཐོག/བྲག་གཡབ་ཆུང་ཚང་སྤྲུལ་པའི་སྐུ་རིན་པོ་ཆེ་བསྐལ་བཟང་ཐུབ་བསྟན་དབང་ཕྱུག	sungbum	0
S12133		རྣམ་ཐར།/མཚན་ཐོག/ངག་དབང་བློ་བཟང་དཔལ་བཟང་པོ།	རྣམ་ཐར།/མཚན་ཐོག/ངག་དབང་བློ་བཟང་དཔལ་བཟང་པོ།	sungbum	0
S12134		ཆོས་འབྱུང་།/སྐུ་འབུམ་ཆོས་འབྱུང་།	ཆོས་འབྱུང་།/སྐུ་འབུམ་ཆོས་འབྱུང་།	sungbum	0
S12137		དབུ་མ།/དབུ་མ་ལ་འཇུག་པའི་འགྲེལ་པ།/ཆོས་རྗེ་ཁལ་ཁ་ངག་དབང་དཔལ་ལྡན།	དབུ་མ།/དབུ་མ་ལ་འཇུག་པའི་འགྲེལ་པ།/ཆོས་རྗེ་ཁལ་ཁ་ངག་དབང་དཔལ་ལྡན།	sungbum	0
S12138		ཉམས་ལེན།/གསོལ་འདེབས།/ཆོས་རྗེ་ཁལ་ཁ་ངག་དབང་དཔལ་ལྡན།	ཉམས་ལེན།/གསོལ་འདེབས།/ཆོས་རྗེ་ཁལ་ཁ་ངག་དབང་དཔལ་ལྡན།	sungbum	0
S12139		རྒྱུད།/སྤྱི།/དྲིས་ལན།	རྒྱུད།/སྤྱི།/དྲིས་ལན།	sungbum	0
S12140		ཉམས་ལེན།/སྨོན་ལམ།/ཆོས་རྗེ་ཁལ་ཁ་ངག་དབང་དཔལ་ལྡན།	ཉམས་ལེན།/སྨོན་ལམ།/ཆོས་རྗེ་ཁལ་ཁ་ངག་དབང་དཔལ་ལྡན།	sungbum	0
S12141		རྒྱུད།/འཇམ་དབྱངས།/བསྟོད་པ།	རྒྱུད།/འཇམ་དབྱངས།/བསྟོད་པ།	sungbum	0
S12142		རྒྱུད།/འཇམ་དབྱངས།/སྨོན་ལམ།	རྒྱུད།/འཇམ་དབྱངས།/སྨོན་ལམ།	sungbum	0
S12143		ཉམས་ལེན།/གསོལ་འདེབས།/ཆོས་རྗེ་ཁལ་ཁ་ངག་དབང་དཔལ་ལྡན།	ཉམས་ལེན།/གསོལ་འདེབས།/ཆོས་རྗེ་ཁལ་ཁ་ངག་དབང་དཔལ་ལྡན།	sungbum	0
S12145		ཉམས་ལེན།/གསོལ་འདེབས།/ཆོས་རྗེ་ཁལ་ཁ་ངག་དབང་དཔལ་ལྡན།	ཉམས་ལེན།/གསོལ་འདེབས།/ཆོས་རྗེ་ཁལ་ཁ་ངག་དབང་དཔལ་ལྡན།	sungbum	0
S12146		ཉམས་ལེན།/གསོལ་འདེབས།/ཆོས་རྗེ་ཁལ་ཁ་ངག་དབང་དཔལ་ལྡན།	ཉམས་ལེན།/གསོལ་འདེབས།/ཆོས་རྗེ་ཁལ་ཁ་ངག་དབང་དཔལ་ལྡན།	sungbum	0
S12147		ཆོ་ག/བྱང་ཆོག	ཆོ་ག/བྱང་ཆོག	sungbum	0
S12148		རྒྱུད།/རྒྱལ་མཚན་རྩེ་མོ།/བཟློག་པ།	རྒྱུད།/རྒྱལ་མཚན་རྩེ་མོ།/བཟློག་པ།	sungbum	0
S12149		དབུ་མ།/སྒྲོ་འདོགས་ཀྱི་རྣམ་གཞག	དབུ་མ།/སྒྲོ་འདོགས་ཀྱི་རྣམ་གཞག	sungbum	0
S12150		སེམས་ཙམ།/ཀུན་གཞིའི་རྣམ་པར་ཤེས།/ཆོས་རྗེ་ཁལ་ཁ་ངག་དབང་དཔལ་ལྡན།	སེམས་ཙམ།/ཀུན་གཞིའི་རྣམ་པར་ཤེས།/ཆོས་རྗེ་ཁལ་ཁ་ངག་དབང་དཔལ་ལྡན།	sungbum	0
S12151		རྒྱུད།/བླ་མ་མཆོད་པ།/བླ་བརྒྱུད།	རྒྱུད།/བླ་མ་མཆོད་པ།/བླ་བརྒྱུད།	sungbum	0
S12152		ཉམས་ལེན།/སྤྱི།/ཆ་ཧར་དགེ་བཤེས་བློ་བཟང་ཚུལ་ཁྲིམས།	ཉམས་ལེན།/སྤྱི།/ཆ་ཧར་དགེ་བཤེས་བློ་བཟང་ཚུལ་ཁྲིམས།	sungbum	0
S12153		ཉམས་ལེན།/སྤྱི།/ཆ་ཧར་དགེ་བཤེས་བློ་བཟང་ཚུལ་ཁྲིམས།	ཉམས་ལེན།/སྤྱི།/ཆ་ཧར་དགེ་བཤེས་བློ་བཟང་ཚུལ་ཁྲིམས།	sungbum	0
S12154		ཉམས་ལེན།/ཞབས་བརྟན།/ཆོས་རྗེ་ཁལ་ཁ་ངག་དབང་དཔལ་ལྡན།	ཉམས་ལེན།/ཞབས་བརྟན།/ཆོས་རྗེ་ཁལ་ཁ་ངག་དབང་དཔལ་ལྡན།	sungbum	0
S12155		ཉམས་ལེན།/གསོལ་འདེབས།/ཆོས་རྗེ་ཁལ་ཁ་ངག་དབང་དཔལ་ལྡན།	ཉམས་ལེན།/གསོལ་འདེབས།/ཆོས་རྗེ་ཁལ་ཁ་ངག་དབང་དཔལ་ལྡན།	sungbum	0
S12156		དབུ་མ།/གཅིག་དུ་བྲལ།	དབུ་མ།/གཅིག་དུ་བྲལ།	sungbum	0
S12157		ཉམས་ལེན།/བསླབ་བྱ།/ཆོས་རྗེ་ཁལ་ཁ་ངག་དབང་དཔལ་ལྡན།	ཉམས་ལེན།/བསླབ་བྱ།/ཆོས་རྗེ་ཁལ་ཁ་ངག་དབང་དཔལ་ལྡན།	sungbum	0
S12158		བསྟོད་པ།/དེ་བཞིན་གཤེགས་པ།	བསྟོད་པ།/དེ་བཞིན་གཤེགས་པ།	sungbum	0
S12159		ཉམས་ལེན།/སྨོན་ལམ།/ཆོས་རྗེ་ཁལ་ཁ་ངག་དབང་དཔལ་ལྡན།	ཉམས་ལེན།/སྨོན་ལམ།/ཆོས་རྗེ་ཁལ་ཁ་ངག་དབང་དཔལ་ལྡན།	sungbum	0
S12160		ཉམས་ལེན།/གསོལ་འདེབས།/ཆོས་རྗེ་ཁལ་ཁ་ངག་དབང་དཔལ་ལྡན།	ཉམས་ལེན།/གསོལ་འདེབས།/ཆོས་རྗེ་ཁལ་ཁ་ངག་དབང་དཔལ་ལྡན།	sungbum	0
S12161		དབུ་མ།/འགྲེལ་པ་སྤྱི།/ཆོས་རྗེ་ཁལ་ཁ་ངག་དབང་དཔལ་ལྡན།	དབུ་མ།/འགྲེལ་པ་སྤྱི།/ཆོས་རྗེ་ཁལ་ཁ་ངག་དབང་དཔལ་ལྡན།	sungbum	0
S12162		ཆོ་ག/སྟོང་མཆོད།	ཆོ་ག/སྟོང་མཆོད།	sungbum	0
S12163		འདུལ་བ།/སྡོམ་གསུམ།	འདུལ་བ།/སྡོམ་གསུམ།	sungbum	0
S12164		ཉམས་ལེན།/གསོལ་འདེབས།/ཆོས་རྗེ་ཁལ་ཁ་ངག་དབང་དཔལ་ལྡན།	ཉམས་ལེན།/གསོལ་འདེབས།/ཆོས་རྗེ་ཁལ་ཁ་ངག་དབང་དཔལ་ལྡན།	sungbum	0
S12165		རྒྱུད།/བྱམས་པ།/བསྟོད་པ།	རྒྱུད།/བྱམས་པ།/བསྟོད་པ།	sungbum	0
S12166		ཉམས་ལེན།/གསོལ་འདེབས།/ཆོས་རྗེ་ཁལ་ཁ་ངག་དབང་དཔལ་ལྡན།	ཉམས་ལེན།/གསོལ་འདེབས།/ཆོས་རྗེ་ཁལ་ཁ་ངག་དབང་དཔལ་ལྡན།	sungbum	0
S12167		དྲི་ལན།/ཆོས་རྗེ་ཁལ་ཁ་ངག་དབང་དཔལ་ལྡན།	དྲི་ལན།/ཆོས་རྗེ་ཁལ་ཁ་ངག་དབང་དཔལ་ལྡན།	sungbum	0
S12168		གྲུབ་མཐའ།/ཆོས་རྗེ་ངག་དབང་དཔལ་ལྡན།	གྲུབ་མཐའ།/ཆོས་རྗེ་ངག་དབང་དཔལ་ལྡན།	sungbum	0
S12170		ལམ་རིམ།/ལམ་རིམ་བླ་མ་བརྒྱུད་པའི་རྣམ་ཐར།/པཎ་ཆེན་བླ་མ་བློ་བཟང་ཡེ་ཤེས་ཀྱི་ལམ་རིམ་བླ་བརྒྱུད།	ལམ་རིམ།/ལམ་རིམ་བླ་མ་བརྒྱུད་པའི་རྣམ་ཐར།/པཎ་ཆེན་བླ་མ་བློ་བཟང་ཡེ་ཤེས་ཀྱི་ལམ་རིམ་བླ་བརྒྱུད།	sungbum	0
S12171		ལམ་རིམ།/ལམ་གཙོ་རྣམ་གསུམ།/འགྲེལ་པ།	ལམ་རིམ།/ལམ་གཙོ་རྣམ་གསུམ།/འགྲེལ་པ།	sungbum	0
S12172		རྒྱུད།/སྙིང་པོ་དོན་གསུམ།/རྣལ་འབྱོར།	རྒྱུད།/སྙིང་པོ་དོན་གསུམ།/རྣལ་འབྱོར།	sungbum	0
S12173		རྣམ་ཐར།/མཚན་ཐོག/པཎ་ཆེན་བློ་བཟང་ཆོས་ཀྱི་རྒྱལ་མཚན།	རྣམ་ཐར།/མཚན་ཐོག/པཎ་ཆེན་བློ་བཟང་ཆོས་ཀྱི་རྒྱལ་མཚན།	sungbum	0
S12174		རྣམ་ཐར།/མཚན་ཐོག/རྗེ་དྲུང་སྤྲུལ་པའི་སྐུ་དགེ་འདུན་ཆོས་རྒྱལ་དབང་ཕྱུག	རྣམ་ཐར།/མཚན་ཐོག/རྗེ་དྲུང་སྤྲུལ་པའི་སྐུ་དགེ་འདུན་ཆོས་རྒྱལ་དབང་ཕྱུག	sungbum	0
S12175		ཉམས་ལེན།/བླ་མའི་རྣལ་འབྱོར།/པན་ཆེན་བླ་མ་སྐུ་ཕྲེང་གཉིས་པ་བློ་བཟང་ཡེ་ཤེས།	ཉམས་ལེན།/བླ་མའི་རྣལ་འབྱོར།/པན་ཆེན་བླ་མ་སྐུ་ཕྲེང་གཉིས་པ་བློ་བཟང་ཡེ་ཤེས།	sungbum	0
S12176		ཉམས་ལེན།/ཞབས་བརྟན།/པན་ཆེན་བླ་མ་སྐུ་ཕྲེང་གཉིས་པ་བློ་བཟང་ཡེ་ཤེས།	ཉམས་ལེན།/ཞབས་བརྟན།/པན་ཆེན་བླ་མ་སྐུ་ཕྲེང་གཉིས་པ་བློ་བཟང་ཡེ་ཤེས།	sungbum	0
S12177		རྒྱུད།/གསང་འདུས།/མཆོད་པ།	རྒྱུད།/གསང་འདུས།/མཆོད་པ།	sungbum	0
S12178		རྒྱུད།/སྤྱན་རས་གཟིགས།/རྒྱལ་བ་རྒྱ་མཚོ།	རྒྱུད།/སྤྱན་རས་གཟིགས།/རྒྱལ་བ་རྒྱ་མཚོ།	sungbum	0
S12179		རྒྱུད།/སྤྱན་རས་གཟིགས།/རྒྱལ་བ་རྒྱ་མཚོ།	རྒྱུད།/སྤྱན་རས་གཟིགས།/རྒྱལ་བ་རྒྱ་མཚོ།	sungbum	0
S12180		རྒྱུད།/སྤྱན་རས་གཟིགས།/རྒྱལ་བ་རྒྱ་མཚོ།	རྒྱུད།/སྤྱན་རས་གཟིགས།/རྒྱལ་བ་རྒྱ་མཚོ།	sungbum	0
S12181		རྒྱུད།/སྤྱན་རས་གཟིགས།/རྒྱལ་བ་རྒྱ་མཚོ།	རྒྱུད།/སྤྱན་རས་གཟིགས།/རྒྱལ་བ་རྒྱ་མཚོ།	sungbum	0
S12182		དྲི་ལན།/པན་ཆེན་བླ་མ་སྐུ་ཕྲེང་གསུམ་པ་དཔལ་ལྡན་ཡེ་ཤེས།	དྲི་ལན།/པན་ཆེན་བླ་མ་སྐུ་ཕྲེང་གསུམ་པ་དཔལ་ལྡན་ཡེ་ཤེས།	sungbum	0
S12183		རྒྱུད།/སྤྱི།/ཚེ་སྒྲུབ།	རྒྱུད།/སྤྱི།/ཚེ་སྒྲུབ།	sungbum	0
S12184		རྒྱུད།/གདུགས་དཀར།/སྒྲུབ་ཐབས།	རྒྱུད།/གདུགས་དཀར།/སྒྲུབ་ཐབས།	sungbum	0
S12185		རྒྱུད།/གཤིན་པོ།/སྒྲུབ་ཐབས།	རྒྱུད།/གཤིན་པོ།/སྒྲུབ་ཐབས།	sungbum	0
S12186		རྒྱུད།/ཡིད་བཞིན་འཁོར་ལོ།/གཏོར་མ།	རྒྱུད།/ཡིད་བཞིན་འཁོར་ལོ།/གཏོར་མ།	sungbum	0
S12187		རྒྱུད།/སྤྱི།/ཆོས་སྐྱོང་།	རྒྱུད།/སྤྱི།/ཆོས་སྐྱོང་།	sungbum	0
S12188		བླ་བརྒྱུད།	བླ་བརྒྱུད།	sungbum	0
S12190		ཉམས་ལེན།/བླ་མའི་རྣལ་འབྱོར།/པན་ཆེན་བླ་མ་སྐུ་ཕྲེང་གསུམ་པ་དཔལ་ལྡན་ཡེ་ཤེས།	ཉམས་ལེན།/བླ་མའི་རྣལ་འབྱོར།/པན་ཆེན་བླ་མ་སྐུ་ཕྲེང་གསུམ་པ་དཔལ་ལྡན་ཡེ་ཤེས།	sungbum	0
S12191		ཉམས་ལེན།/སྨོན་ལམ།/པན་ཆེན་བླ་མ་སྐུ་ཕྲེང་གསུམ་པ་དཔལ་ལྡན་ཡེ་ཤེས།	ཉམས་ལེན།/སྨོན་ལམ།/པན་ཆེན་བླ་མ་སྐུ་ཕྲེང་གསུམ་པ་དཔལ་ལྡན་ཡེ་ཤེས།	sungbum	0
S12192		རྒྱུད།/ཀུན་རིག/སྦྱིན་སྲེག	རྒྱུད།/ཀུན་རིག/སྦྱིན་སྲེག	sungbum	0
S12193		ལམ་རིམ།/ལམ་རིམ་ཆེན་མོ།/འགྲེལ་པ།	ལམ་རིམ།/ལམ་རིམ་ཆེན་མོ།/འགྲེལ་པ།	sungbum	0
S12194		ལམ་རིམ།/བདེ་ལམ།/འགྲེལ་པ།	ལམ་རིམ།/བདེ་ལམ།/འགྲེལ་པ།	sungbum	0
S12195		ཚད་མ།/ཚད་མ་རྣམ་འགྲེལ།/པན་ཆེན་བླ་མ་སྐུ་ཕྲེང་གསུམ་པ་དཔལ་ལྡན་ཡེ་ཤེས།	ཚད་མ།/ཚད་མ་རྣམ་འགྲེལ།/པན་ཆེན་བླ་མ་སྐུ་ཕྲེང་གསུམ་པ་དཔལ་ལྡན་ཡེ་ཤེས།	sungbum	0
S12196		ལམ་རིམ།/པཎ་ཆེན་གསུམ་པ་ལམ་རིམ་ཟིན་བྲིས།	ལམ་རིམ།/པཎ་ཆེན་གསུམ་པ་ལམ་རིམ་ཟིན་བྲིས།	sungbum	0
S12197		རྒྱུད།/སྤྱི།/གཏོར་མ།	རྒྱུད།/སྤྱི།/གཏོར་མ།	sungbum	0
S12198		རྒྱུད།/རིམ་ལྔ།/འགྲེལ་པ།	རྒྱུད།/རིམ་ལྔ།/འགྲེལ་པ།	sungbum	0
S12199		རྒྱུད།/འཁོར་ལོ་སྡོམ་པ།/ལུས་དཀྱིལ།	རྒྱུད།/འཁོར་ལོ་སྡོམ་པ།/ལུས་དཀྱིལ།	sungbum	0
S122		རྒྱུད།/སྤྱན་རས་གཟིགས།/མ་ནི་རིལ་བུ།	རྒྱུད།/སྤྱན་རས་གཟིགས།/མ་ནི་རིལ་བུ།	sungbum	0
S122	Methods Of Preparing Sacred Mani Pills	MA nI RIL BU	Methods_Of_Preparing_Sacred_Mani_Pills--MA_nI_RIL_BU	r6	0
S12200		རྒྱུད།/ཆོས་རྒྱལ།/གཏོར་མ།	རྒྱུད།/ཆོས་རྒྱལ།/གཏོར་མ།	sungbum	0
S12201		འཕྲིན་ཡིག/པན་ཆེན་བླ་མ་སྐུ་ཕྲེང་གསུམ་པ་དཔལ་ལྡན་ཡེ་ཤེས།	འཕྲིན་ཡིག/པན་ཆེན་བླ་མ་སྐུ་ཕྲེང་གསུམ་པ་དཔལ་ལྡན་ཡེ་ཤེས།	sungbum	0
S12202		ཕྲན་ཚེགས།/པན་ཆེན་བླ་མ་སྐུ་ཕྲེང་གསུམ་པ་དཔལ་ལྡན་ཡེ་ཤེས།	ཕྲན་ཚེགས།/པན་ཆེན་བླ་མ་སྐུ་ཕྲེང་གསུམ་པ་དཔལ་ལྡན་ཡེ་ཤེས།	sungbum	0
S12203		དྲི་ལན།/པན་ཆེན་བླ་མ་སྐུ་ཕྲེང་གསུམ་པ་དཔལ་ལྡན་ཡེ་ཤེས།	དྲི་ལན།/པན་ཆེན་བླ་མ་སྐུ་ཕྲེང་གསུམ་པ་དཔལ་ལྡན་ཡེ་ཤེས།	sungbum	0
S12204		ཉམས་ལེན།/གསོལ་འདེབས།/པན་ཆེན་བླ་མ་སྐུ་ཕྲེང་གསུམ་པ་དཔལ་ལྡན་ཡེ་ཤེས།	ཉམས་ལེན།/གསོལ་འདེབས།/པན་ཆེན་བླ་མ་སྐུ་ཕྲེང་གསུམ་པ་དཔལ་ལྡན་ཡེ་ཤེས།	sungbum	0
S12205		བཅའ་ཡིག/བཀྲ་ཤིས་ལྷུན་པོ།/བཅའ་ཡིག་གི་སྐོར་རྣམས་ཆབས་གཅིག་ཏུ་བསྡེབས་པ།/པན་ཆེན་བླ་མ་སྐུ་ཕྲེང་གསུམ་པ་དཔལ་ལྡན་ཡེ་ཤེས།	བཅའ་ཡིག/བཀྲ་ཤིས་ལྷུན་པོ།/བཅའ་ཡིག་གི་སྐོར་རྣམས་ཆབས་གཅིག་ཏུ་བསྡེབས་པ།/པན་ཆེན་བླ་མ་སྐུ་ཕྲེང་གསུམ་པ་དཔལ་ལྡན་ཡེ་ཤེས།	sungbum	0
S12206		ཆོ་ག/སྐུ་གསུང་ཐུགས་རྟེན།	ཆོ་ག/སྐུ་གསུང་ཐུགས་རྟེན།	sungbum	0
S12207		རྒྱུད།/སྤྱི།/ཚེ་སྒྲུབ།	རྒྱུད།/སྤྱི།/ཚེ་སྒྲུབ།	sungbum	0
S12208		རྒྱུད།/གདུགས་དཀར།/སྒྲུབ་ཐབས།	རྒྱུད།/གདུགས་དཀར།/སྒྲུབ་ཐབས།	sungbum	0
S12209		རྒྱུད།/མགོན་པོ།/གཏོར་མ།	རྒྱུད།/མགོན་པོ།/གཏོར་མ།	sungbum	0
S12210		རྒྱུད།/རྡོ་རྗེ་གཡུ་སྒྲོན་མ།/གཏོར་མ།	རྒྱུད།/རྡོ་རྗེ་གཡུ་སྒྲོན་མ།/གཏོར་མ།	sungbum	0
S12211		རྒྱུད།/སྤྱི།/གཏོར་མ།	རྒྱུད།/སྤྱི།/གཏོར་མ།	sungbum	0
S12212		རྒྱུད།/ཤམ་བྷ་ལ།/ཆོས་འབྱུང་།	རྒྱུད།/ཤམ་བྷ་ལ།/ཆོས་འབྱུང་།	sungbum	0
S12213		རྒྱུད།/སྤྱི།/ཆོས་སྐྱོང་།	རྒྱུད།/སྤྱི།/ཆོས་སྐྱོང་།	sungbum	0
S12215		ཕྲན་ཚེགས།/པན་ཆེན་བླ་མ་སྐུ་ཕྲེང་གསུམ་པ་དཔལ་ལྡན་ཡེ་ཤེས།	ཕྲན་ཚེགས།/པན་ཆེན་བླ་མ་སྐུ་ཕྲེང་གསུམ་པ་དཔལ་ལྡན་ཡེ་ཤེས།	sungbum	0
S12218		རྣམ་ཐར།/མཚན་ཐོག/ངག་དབང་བྱམས་པ་རིན་པོ་ཆེ།	རྣམ་ཐར།/མཚན་ཐོག/ངག་དབང་བྱམས་པ་རིན་པོ་ཆེ།	sungbum	0
S12219		རྣམ་ཐར།/མཚན་ཐོག/གནས་བརྟན་བཅུ་དྲུག	རྣམ་ཐར།/མཚན་ཐོག/གནས་བརྟན་བཅུ་དྲུག	sungbum	0
S12220		རྣམ་ཐར།/མཚན་ཐོག/བློ་བཟང་བཟོད་པ།	རྣམ་ཐར།/མཚན་ཐོག/བློ་བཟང་བཟོད་པ།	sungbum	0
S12222		རྣམ་ཐར།/མཚན་ཐོག/པཎ་ཆེན་གསུམ་པ་བློ་བཟང་དཔལ་ལྡན་ཡེ་ཤེས།	རྣམ་ཐར།/མཚན་ཐོག/པཎ་ཆེན་གསུམ་པ་བློ་བཟང་དཔལ་ལྡན་ཡེ་ཤེས།	sungbum	0
S12223		རྣམ་ཐར།/མཚན་ཐོག/པཎ་ཆེན་གསུམ་པ་བློ་བཟང་དཔལ་ལྡན་ཡེ་ཤེས།	རྣམ་ཐར།/མཚན་ཐོག/པཎ་ཆེན་གསུམ་པ་བློ་བཟང་དཔལ་ལྡན་ཡེ་ཤེས།	sungbum	0
S12224		ཉམས་ལེན།/མཆོད་རྟེན་སོགས་ཀྱི་དཀར་ཆག	ཉམས་ལེན།/མཆོད་རྟེན་སོགས་ཀྱི་དཀར་ཆག	sungbum	0
S12225		ཉམས་ལེན།/གསོལ་འདེབས།/ཞང་ཞུང་པ་བློ་བཟང་བསྟན་འཛིན་རྒྱལ་མཚན།	ཉམས་ལེན།/གསོལ་འདེབས།/ཞང་ཞུང་པ་བློ་བཟང་བསྟན་འཛིན་རྒྱལ་མཚན།	sungbum	0
S12227		ཉམས་ལེན།/ཞབས་བརྟན།/པན་ཆེན་བླ་མ་སྐུ་ཕྲེང་གསུམ་པ་དཔལ་ལྡན་ཡེ་ཤེས།	ཉམས་ལེན།/ཞབས་བརྟན།/པན་ཆེན་བླ་མ་སྐུ་ཕྲེང་གསུམ་པ་དཔལ་ལྡན་ཡེ་ཤེས།	sungbum	0
S12228		ལྷ་བཟོ།/སྤྱི།	ལྷ་བཟོ།/སྤྱི།	sungbum	0
S12229		ཉམས་ལེན།/ཉམས་མགུར།/པན་ཆེན་བླ་མ་སྐུ་ཕྲེང་གསུམ་པ་དཔལ་ལྡན་ཡེ་ཤེས།	ཉམས་ལེན།/ཉམས་མགུར།/པན་ཆེན་བླ་མ་སྐུ་ཕྲེང་གསུམ་པ་དཔལ་ལྡན་ཡེ་ཤེས།	sungbum	0
S12230		ལམ་རིམ།/གཞན་ཕན་བདུད་རྩིའི་བུམ་པ།	ལམ་རིམ།/གཞན་ཕན་བདུད་རྩིའི་བུམ་པ།	sungbum	0
S12231		དྲི་ལན།/པན་ཆེན་བླ་མ་སྐུ་ཕྲེང་གསུམ་པ་དཔལ་ལྡན་ཡེ་ཤེས།	དྲི་ལན།/པན་ཆེན་བླ་མ་སྐུ་ཕྲེང་གསུམ་པ་དཔལ་ལྡན་ཡེ་ཤེས།	sungbum	0
S12232		བསྟོད་པ།/འདོད་ལྷ།	བསྟོད་པ།/འདོད་ལྷ།	sungbum	0
S12233		བཅའ་ཡིག/བཀྲ་ཤིས་ལྷུན་པོ།	བཅའ་ཡིག/བཀྲ་ཤིས་ལྷུན་པོ།	sungbum	0
S12234		ཕྲན་ཚེགས།/པན་ཆེན་བླ་མ་སྐུ་ཕྲེང་གསུམ་པ་དཔལ་ལྡན་ཡེ་ཤེས།	ཕྲན་ཚེགས།/པན་ཆེན་བླ་མ་སྐུ་ཕྲེང་གསུམ་པ་དཔལ་ལྡན་ཡེ་ཤེས།	sungbum	0
S12235		ཉམས་ལེན།/བཤགས་པ།/པན་ཆེན་བླ་མ་སྐུ་ཕྲེང་གསུམ་པ་དཔལ་ལྡན་ཡེ་ཤེས།	ཉམས་ལེན།/བཤགས་པ།/པན་ཆེན་བླ་མ་སྐུ་ཕྲེང་གསུམ་པ་དཔལ་ལྡན་ཡེ་ཤེས།	sungbum	0
S12236		འཕྲིན་ཡིག/པན་ཆེན་བླ་མ་སྐུ་ཕྲེང་གསུམ་པ་དཔལ་ལྡན་ཡེ་ཤེས།	འཕྲིན་ཡིག/པན་ཆེན་བླ་མ་སྐུ་ཕྲེང་གསུམ་པ་དཔལ་ལྡན་ཡེ་ཤེས།	sungbum	0
S12237		བསྟོད་པ།/གནས་བསྟོད།	བསྟོད་པ།/གནས་བསྟོད།	sungbum	0
S12238		ཉམས་ལེན།/སྨོན་ལམ།/པན་ཆེན་བླ་མ་སྐུ་ཕྲེང་གསུམ་པ་དཔལ་ལྡན་ཡེ་ཤེས།	ཉམས་ལེན།/སྨོན་ལམ།/པན་ཆེན་བླ་མ་སྐུ་ཕྲེང་གསུམ་པ་དཔལ་ལྡན་ཡེ་ཤེས།	sungbum	0
S12239		ལམ་རིམ།/བདེ་ལམ།/འགྲེལ་པ།	ལམ་རིམ།/བདེ་ལམ།/འགྲེལ་པ།	sungbum	0
S12240		རྒྱུད།/འཁོར་ལོ་སྡོམ་པ།/ལུས་དཀྱིལ།	རྒྱུད།/འཁོར་ལོ་སྡོམ་པ།/ལུས་དཀྱིལ།	sungbum	0
S12241		རྒྱུད།/འཇམ་དབྱངས།/སྒྲུབ་ཐབས།	རྒྱུད།/འཇམ་དབྱངས།/སྒྲུབ་ཐབས།	sungbum	0
S12242		ཉམས་ལེན།/མཆོད་པ།/པན་ཆེན་བླ་མ་སྐུ་ཕྲེང་གསུམ་པ་དཔལ་ལྡན་ཡེ་ཤེས།	ཉམས་ལེན།/མཆོད་པ།/པན་ཆེན་བླ་མ་སྐུ་ཕྲེང་གསུམ་པ་དཔལ་ལྡན་ཡེ་ཤེས།	sungbum	0
S12244		རྒྱུད།/དུས་འཁོར།/བླ་མའི་རྣལ་འབྱོར།	རྒྱུད།/དུས་འཁོར།/བླ་མའི་རྣལ་འབྱོར།	sungbum	0
S12245		རྒྱུད།/དུས་འཁོར།/སྒྲུབ་ཐབས།	རྒྱུད།/དུས་འཁོར།/སྒྲུབ་ཐབས།	sungbum	0
S12246		རྒྱུད།/དུས་འཁོར།/སྨོན་ལམ།	རྒྱུད།/དུས་འཁོར།/སྨོན་ལམ།	sungbum	0
S12247		རྒྱུད།/དུས་འཁོར།/བསྙེན་པ།	རྒྱུད།/དུས་འཁོར།/བསྙེན་པ།	sungbum	0
S12248		རྒྱུད།/དུས་འཁོར།/སྦྱིན་སྲེག	རྒྱུད།/དུས་འཁོར།/སྦྱིན་སྲེག	sungbum	0
S12249		རྒྱུད།/དུས་འཁོར།/དབང་།	རྒྱུད།/དུས་འཁོར།/དབང་།	sungbum	0
S12250		རྒྱུད།/དུས་འཁོར།/བླ་བརྒྱུད།	རྒྱུད།/དུས་འཁོར།/བླ་བརྒྱུད།	sungbum	0
S12251		རྣམ་ཐར།/མཚན་ཐོག/བློ་བཟང་རྟ་དབྱངས།	རྣམ་ཐར།/མཚན་ཐོག/བློ་བཟང་རྟ་དབྱངས།	sungbum	0
S12252		ཉམས་ལེན།/མཆོད་རྟེན་སོགས་ཀྱི་དཀར་ཆག	ཉམས་ལེན།/མཆོད་རྟེན་སོགས་ཀྱི་དཀར་ཆག	sungbum	0
S12253		ཆོས་འབྱུང་།/ལོ་རིམ།	ཆོས་འབྱུང་།/ལོ་རིམ།	sungbum	0
S12254		ཆོས་འབྱུང་།/ལོ་རིམ།	ཆོས་འབྱུང་།/ལོ་རིམ།	sungbum	0
S12255		སྐར་རྩིས།/གཟའ་སྐར།	སྐར་རྩིས།/གཟའ་སྐར།	sungbum	0
S12256		རྒྱུད།/རྟ་མགྲིན།/བླ་མའི་རྣལ་འབྱོར།	རྒྱུད།/རྟ་མགྲིན།/བླ་མའི་རྣལ་འབྱོར།	sungbum	0
S12257		བློ་སྦྱོང་།/བློ་སྦྱོང་གསལ་བའི་མེ་ལོང་སྐལ་བཟང་མགུལ་རྒྱན།	བློ་སྦྱོང་།/བློ་སྦྱོང་གསལ་བའི་མེ་ལོང་སྐལ་བཟང་མགུལ་རྒྱན།	sungbum	0
S12258		ཉམས་ལེན།/བསླབ་བྱ།/རྗེ་བཙུན་བློ་བཟང་རྟ་དབྱངས།	ཉམས་ལེན།/བསླབ་བྱ།/རྗེ་བཙུན་བློ་བཟང་རྟ་དབྱངས།	sungbum	0
S12259		ཉམས་ལེན།/སྨོན་ལམ།/རྗེ་བཙུན་བློ་བཟང་རྟ་དབྱངས།	ཉམས་ལེན།/སྨོན་ལམ།/རྗེ་བཙུན་བློ་བཟང་རྟ་དབྱངས།	sungbum	0
S12260		ཉམས་ལེན།/སྨོན་ལམ།/རྗེ་བཙུན་བློ་བཟང་རྟ་དབྱངས།	ཉམས་ལེན།/སྨོན་ལམ།/རྗེ་བཙུན་བློ་བཟང་རྟ་དབྱངས།	sungbum	0
S12261		རྒྱུད།/ཤམ་བྷ་ལ།/འཕོ་བ།	རྒྱུད།/ཤམ་བྷ་ལ།/འཕོ་བ།	sungbum	0
S12262		རྒྱུད།/རྡོ་རྗེ་ཤུགས་ལྡན།/བསྐང་གསོ།	རྒྱུད།/རྡོ་རྗེ་ཤུགས་ལྡན།/བསྐང་གསོ།	sungbum	0
S12263		ཆོས་འབྱུང་།/སུམྦྷ་མཁན་པོ་ཡེ་ཤེས་དཔལ་འབྱོར་གྱི་ཆོས་འབྱུང་།	ཆོས་འབྱུང་།/སུམྦྷ་མཁན་པོ་ཡེ་ཤེས་དཔལ་འབྱོར་གྱི་ཆོས་འབྱུང་།	sungbum	0
S12264		རྒྱུད།/བླ་མ་མཆོད་པ།/འགྲེལ་པ།	རྒྱུད།/བླ་མ་མཆོད་པ།/འགྲེལ་པ།	sungbum	0
S12265		ལམ་རིམ།/བློ་ཡི་མུན་སེལ།	ལམ་རིམ།/བློ་ཡི་མུན་སེལ།	sungbum	0
S12266		རྒྱུད།/སྤྱི།/འཕོ་བ།	རྒྱུད།/སྤྱི།/འཕོ་བ།	sungbum	0
S12267		རྒྱུད།/སྙིང་པོ་དོན་གསུམ།/འགྲེལ་པ།	རྒྱུད།/སྙིང་པོ་དོན་གསུམ།/འགྲེལ་པ།	sungbum	0
S12268		ཉམས་ལེན།/བསླབ་བྱ།/མཁན་ཆེན་བློ་བཟང་བསྟན་འཛིན་རྒྱལ་མཚན།	ཉམས་ལེན།/བསླབ་བྱ།/མཁན་ཆེན་བློ་བཟང་བསྟན་འཛིན་རྒྱལ་མཚན།	sungbum	0
S12269		རྒྱུད།/བདེ་མཆོག/སྒྲུབ་ཐབས།	རྒྱུད།/བདེ་མཆོག/སྒྲུབ་ཐབས།	sungbum	0
S12270		རྒྱུད།/བདེ་མཆོག/བུམ་པ།	རྒྱུད།/བདེ་མཆོག/བུམ་པ།	sungbum	0
S12271		རྒྱུད།/བདེ་མཆོག/བདག་འཇུག	རྒྱུད།/བདེ་མཆོག/བདག་འཇུག	sungbum	0
S12272		རྒྱུད།/བདེ་མཆོག/ལུས་དཀྱིལ།	རྒྱུད།/བདེ་མཆོག/ལུས་དཀྱིལ།	sungbum	0
S12273		རྒྱུད།/བདེ་མཆོག/བསྐྱེད་རིམ།	རྒྱུད།/བདེ་མཆོག/བསྐྱེད་རིམ།	sungbum	0
S12274		རྒྱུད།/བདེ་མཆོག/དབང་།	རྒྱུད།/བདེ་མཆོག/དབང་།	sungbum	0
S12275		རྒྱུད།/བདེ་མཆོག/སྒྲུབ་ཐབས།	རྒྱུད།/བདེ་མཆོག/སྒྲུབ་ཐབས།	sungbum	0
S12276		རྒྱུད།/བདེ་མཆོག/སྦྱིན་སྲེག	རྒྱུད།/བདེ་མཆོག/སྦྱིན་སྲེག	sungbum	0
S12277		རྒྱུད།/བདེ་མཆོག/རབ་གནས།	རྒྱུད།/བདེ་མཆོག/རབ་གནས།	sungbum	0
S12278		རྒྱུད།/བདེ་མཆོག/ཚོགས།	རྒྱུད།/བདེ་མཆོག/ཚོགས།	sungbum	0
S12279		རྒྱུད།/བདེ་མཆོག/ལུས་དཀྱིལ།	རྒྱུད།/བདེ་མཆོག/ལུས་དཀྱིལ།	sungbum	0
S12280		རྒྱུད།/སྤྱི།/སྡོམ་པ།	རྒྱུད།/སྤྱི།/སྡོམ་པ།	sungbum	0
S12282		རྒྱུད།/གདུགས་དཀར།/སྒྲུབ་ཐབས།	རྒྱུད།/གདུགས་དཀར།/སྒྲུབ་ཐབས།	sungbum	0
S12283		རྒྱུད།/གདུགས་དཀར།/དབང་།	རྒྱུད།/གདུགས་དཀར།/དབང་།	sungbum	0
S12284		རྒྱུད།/སྤྱི།/སྔགས།	རྒྱུད།/སྤྱི།/སྔགས།	sungbum	0
S12285		འདུལ་བ།/དགེ་བསྙེན།/སྐྱབས་འཛིན་དགེ་བསྙེན།	འདུལ་བ།/དགེ་བསྙེན།/སྐྱབས་འཛིན་དགེ་བསྙེན།	sungbum	0
S12286		རྒྱུད།/སྤྱི།/གཏོར་མ།	རྒྱུད།/སྤྱི།/གཏོར་མ།	sungbum	0
S12287		བཅའ་ཡིག/དགེ་འཕེལ་གླིང་།	བཅའ་ཡིག/དགེ་འཕེལ་གླིང་།	sungbum	0
S12288		བཅའ་ཡིག/དགའ་ལྡན།	བཅའ་ཡིག/དགའ་ལྡན།	sungbum	0
S12289		རྣམ་ཐར།/མཚན་ཐོག/བློ་བཟང་བཤད་སྒྲུབ།	རྣམ་ཐར།/མཚན་ཐོག/བློ་བཟང་བཤད་སྒྲུབ།	sungbum	0
S12290		མདོ་འགྲེལ།/རྟོགས་བརྗོད།	མདོ་འགྲེལ།/རྟོགས་བརྗོད།	sungbum	0
S12291		ཉམས་ལེན།/ཆང་མ་འཐུང་བ།	ཉམས་ལེན།/ཆང་མ་འཐུང་བ།	sungbum	0
S12292		ལྷ་བཟོ།/སྤྱི།	ལྷ་བཟོ།/སྤྱི།	sungbum	0
S12293		ལྷ་བཟོ།/སྤྱི།	ལྷ་བཟོ།/སྤྱི།	sungbum	0
S12294		ལྷ་བཟོ།/སྤྱི།	ལྷ་བཟོ།/སྤྱི།	sungbum	0
S12295		ལྷ་བཟོ།/སྤྱི།	ལྷ་བཟོ།/སྤྱི།	sungbum	0
S12296		གསན་ཡིག/ལྕང་ལུང་ཨརྱ་པཎྜི་ཏ་ངག་དབང་བློ་བཟང་བསྟན་པའི་རྒྱལ་མཚན།	གསན་ཡིག/ལྕང་ལུང་ཨརྱ་པཎྜི་ཏ་ངག་དབང་བློ་བཟང་བསྟན་པའི་རྒྱལ་མཚན།	sungbum	0
S12297		གསན་ཡིག/ལྕང་ལུང་ཨརྱ་པཎྜི་ཏ་ངག་དབང་བློ་བཟང་བསྟན་པའི་རྒྱལ་མཚན།	གསན་ཡིག/ལྕང་ལུང་ཨརྱ་པཎྜི་ཏ་ངག་དབང་བློ་བཟང་བསྟན་པའི་རྒྱལ་མཚན།	sungbum	0
S12298		ཆོས་འབྱུང་།/དགའ་ལྡན་དཀར་ཆག	ཆོས་འབྱུང་།/དགའ་ལྡན་དཀར་ཆག	sungbum	0
S12299		ཉམས་ལེན།/བསླབ་བྱ།/ལྕང་ལུང་ཨརྱ་པཎྜི་ཏ་ངག་དབང་བློ་བཟང་བསྟན་པའི་རྒྱལ་མཚན།	ཉམས་ལེན།/བསླབ་བྱ།/ལྕང་ལུང་ཨརྱ་པཎྜི་ཏ་ངག་དབང་བློ་བཟང་བསྟན་པའི་རྒྱལ་མཚན།	sungbum	0
S123		རྒྱུད།/སྤྱི།/རྗེས་གནང་།	རྒྱུད།/སྤྱི།/རྗེས་གནང་།	sungbum	0
S123	Rites For Granting Sacred Permission	RJES GNANG	Rites_For_Granting_Sacred_Permission--RJES_GNANG	r6	0
S12300		སྨན།/བཀའ་རྒྱ་མ།	སྨན།/བཀའ་རྒྱ་མ།	sungbum	0
S12301		མདོ་འགྲེལ།/འཕགས་པ་རྨད་དུ་བྱུང་བའི་ཆོས་ཀྱི་རྣམ་གྲངས།	མདོ་འགྲེལ།/འཕགས་པ་རྨད་དུ་བྱུང་བའི་ཆོས་ཀྱི་རྣམ་གྲངས།	sungbum	0
S12302		ཆོས་འབྱུང་།/དགའ་ལྡན་དཀར་ཆག	ཆོས་འབྱུང་།/དགའ་ལྡན་དཀར་ཆག	sungbum	0
S12303		རྒྱུད།/སྤྱི།/བསྟན་སྲུང་།	རྒྱུད།/སྤྱི།/བསྟན་སྲུང་།	sungbum	0
S12304		ཆོས་འབྱུང་།/ཞྭ་སྒབ་པ་དབང་ཕྱུག་བདེ་ལྡན་གྱི་ཆོས་འབྱུང་།	ཆོས་འབྱུང་།/ཞྭ་སྒབ་པ་དབང་ཕྱུག་བདེ་ལྡན་གྱི་ཆོས་འབྱུང་།	sungbum	0
S12306		རྒྱུད།/འཁོར་ལོ་ཆེན་པོ།/དབང་།	རྒྱུད།/འཁོར་ལོ་ཆེན་པོ།/དབང་།	sungbum	0
S12307		རྒྱུད།/འཁོར་ལོ་ཆེན་པོ།/དབང་།	རྒྱུད།/འཁོར་ལོ་ཆེན་པོ།/དབང་།	sungbum	0
S12308		རྒྱུད།/ཕྱག་ན་རྡོ་རྗེ།/སྒྲུབ་ཐབས།	རྒྱུད།/ཕྱག་ན་རྡོ་རྗེ།/སྒྲུབ་ཐབས།	sungbum	0
S12309		རྒྱུད།/ཕྱག་ན་རྡོ་རྗེ།/རྗེས་གནང་།	རྒྱུད།/ཕྱག་ན་རྡོ་རྗེ།/རྗེས་གནང་།	sungbum	0
S12310		རྒྱུད།/ཕྱག་ན་རྡོ་རྗེ།/རྗེས་གནང་།	རྒྱུད།/ཕྱག་ན་རྡོ་རྗེ།/རྗེས་གནང་།	sungbum	0
S12311		རྒྱུད།/ཕྱག་ན་རྡོ་རྗེ།/རྗེས་གནང་།	རྒྱུད།/ཕྱག་ན་རྡོ་རྗེ།/རྗེས་གནང་།	sungbum	0
S12312		རྒྱུད།/ཕྱག་ན་རྡོ་རྗེ།/རྗེས་གནང་།	རྒྱུད།/ཕྱག་ན་རྡོ་རྗེ།/རྗེས་གནང་།	sungbum	0
S12313		རྒྱུད།/ཕྱག་ན་རྡོ་རྗེ།/རྗེས་གནང་།	རྒྱུད།/ཕྱག་ན་རྡོ་རྗེ།/རྗེས་གནང་།	sungbum	0
S12314		ཉམས་ལེན།/བསླབ་བྱ།/ལྕང་ལུང་ཨརྱ་པཎྜི་ཏ་ངག་དབང་བློ་བཟང་བསྟན་པའི་རྒྱལ་མཚན།	ཉམས་ལེན།/བསླབ་བྱ།/ལྕང་ལུང་ཨརྱ་པཎྜི་ཏ་ངག་དབང་བློ་བཟང་བསྟན་པའི་རྒྱལ་མཚན།	sungbum	0
S12315		ཕྲན་ཚེགས།/ལྕང་ལུང་ཨརྱ་པཎྜི་ཏ་ངག་དབང་བློ་བཟང་བསྟན་པའི་རྒྱལ་མཚན།	ཕྲན་ཚེགས།/ལྕང་ལུང་ཨརྱ་པཎྜི་ཏ་ངག་དབང་བློ་བཟང་བསྟན་པའི་རྒྱལ་མཚན།	sungbum	0
S12316		རྒྱུད།/ཀུ་རུ་ཀུལ་ལེ།/སྒྲུབ་ཐབས།	རྒྱུད།/ཀུ་རུ་ཀུལ་ལེ།/སྒྲུབ་ཐབས།	sungbum	0
S12317		རྒྱུད།/ཀུ་རུ་ཀུལ་ལེ།/སྒྲུབ་ཐབས།	རྒྱུད།/ཀུ་རུ་ཀུལ་ལེ།/སྒྲུབ་ཐབས།	sungbum	0
S12318		ལྷ་བཟོ།/སྤྱི།	ལྷ་བཟོ།/སྤྱི།	sungbum	0
S12319		ལྷ་བཟོ།/སྤྱི།	ལྷ་བཟོ།/སྤྱི།	sungbum	0
S12321		ཆོས་འབྱུང་།/བསོད་ནམས་ཀུན་སྡུད་གླིང་གི་ཆོས་འབྱུང་།	ཆོས་འབྱུང་།/བསོད་ནམས་ཀུན་སྡུད་གླིང་གི་ཆོས་འབྱུང་།	sungbum	0
S12322		ཆོས་འབྱུང་།/དགེ་འཕེལ་དགའ་ལྡན་དཀར་ཆག	ཆོས་འབྱུང་།/དགེ་འཕེལ་དགའ་ལྡན་དཀར་ཆག	sungbum	0
S12323		བཅའ་ཡིག/དགེ་འཕེལ་གླིང་།	བཅའ་ཡིག/དགེ་འཕེལ་གླིང་།	sungbum	0
S12324		བཅའ་ཡིག/དགེ་འཕེལ་གླིང་།	བཅའ་ཡིག/དགེ་འཕེལ་གླིང་།	sungbum	0
S12325		ཉམས་ལེན།/བསླབ་བྱ།/ལྕང་ལུང་ཨརྱ་པཎྜི་ཏ་ངག་དབང་བློ་བཟང་བསྟན་པའི་རྒྱལ་མཚན།	ཉམས་ལེན།/བསླབ་བྱ།/ལྕང་ལུང་ཨརྱ་པཎྜི་ཏ་ངག་དབང་བློ་བཟང་བསྟན་པའི་རྒྱལ་མཚན།	sungbum	0
S12326		ཉམས་ལེན།/བསླབ་བྱ།/ལྕང་ལུང་ཨརྱ་པཎྜི་ཏ་ངག་དབང་བློ་བཟང་བསྟན་པའི་རྒྱལ་མཚན།	ཉམས་ལེན།/བསླབ་བྱ།/ལྕང་ལུང་ཨརྱ་པཎྜི་ཏ་ངག་དབང་བློ་བཟང་བསྟན་པའི་རྒྱལ་མཚན།	sungbum	0
S12327		རྣམ་ཐར།/རྣམ་ཐར་སྣ་ཚོགས།	རྣམ་ཐར།/རྣམ་ཐར་སྣ་ཚོགས།	sungbum	0
S12330		རྣམ་ཐར།/མཚན་ཐོག/བློ་བཟང་བསྟན་པ་དར་རྒྱས།	རྣམ་ཐར།/མཚན་ཐོག/བློ་བཟང་བསྟན་པ་དར་རྒྱས།	sungbum	0
S12332		རྣམ་ཐར།/མཚན་ཐོག/འཇིགས་མེད་འཕྲིན་ལས་རྒྱ་མཚོ་དཔལ་བཟང་པོ།	རྣམ་ཐར།/མཚན་ཐོག/འཇིགས་མེད་འཕྲིན་ལས་རྒྱ་མཚོ་དཔལ་བཟང་པོ།	sungbum	0
S12333		རྣམ་ཐར།/མཚན་ཐོག/བསྐལ་བཟང་དཔལ་འབྱོར་བཟང་པོ།	རྣམ་ཐར།/མཚན་ཐོག/བསྐལ་བཟང་དཔལ་འབྱོར་བཟང་པོ།	sungbum	0
S12334		རྣམ་ཐར།/མཚན་ཐོག/་ཀུམརཇིས།	རྣམ་ཐར།/མཚན་ཐོག/་ཀུམརཇིས།	sungbum	0
S12335		རྣམ་ཐར།/མཚན་ཐོག/གཡུ་ཐོག	རྣམ་ཐར།/མཚན་ཐོག/གཡུ་ཐོག	sungbum	0
S12336		རྣམ་ཐར།/མཚན་ཐོག/དམུ་དགེ་བསམ་གཏན་རྒྱ་མཚོ།	རྣམ་ཐར།/མཚན་ཐོག/དམུ་དགེ་བསམ་གཏན་རྒྱ་མཚོ།	sungbum	0
S12337		རྣམ་ཐར།/མཚན་ཐོག/དམུ་དགེ་བསམ་གཏན་རྒྱ་མཚོ།	རྣམ་ཐར།/མཚན་ཐོག/དམུ་དགེ་བསམ་གཏན་རྒྱ་མཚོ།	sungbum	0
S12338		ཆོས་འབྱུང་།/དམུ་དགེ་བསམ་གཏན་རྒྱ་མཚོའི་ཆོས་འབྱུང་།	ཆོས་འབྱུང་།/དམུ་དགེ་བསམ་གཏན་རྒྱ་མཚོའི་ཆོས་འབྱུང་།	sungbum	0
S12339		ཆོས་འབྱུང་།/དམུ་དགེ་བསམ་གཏན་རྒྱ་མཚོའི་ཆོས་འབྱུང་།	ཆོས་འབྱུང་།/དམུ་དགེ་བསམ་གཏན་རྒྱ་མཚོའི་ཆོས་འབྱུང་།	sungbum	0
S12340		ཆོས་འབྱུང་།/དམུ་དགེ་བསམ་གཏན་རྒྱ་མཚོའི་ཆོས་འབྱུང་།	ཆོས་འབྱུང་།/དམུ་དགེ་བསམ་གཏན་རྒྱ་མཚོའི་ཆོས་འབྱུང་།	sungbum	0
S12341		ཆོས་འབྱུང་།/དམུ་དགེ་བསམ་གཏན་རྒྱ་མཚོའི་ཆོས་འབྱུང་།	ཆོས་འབྱུང་།/དམུ་དགེ་བསམ་གཏན་རྒྱ་མཚོའི་ཆོས་འབྱུང་།	sungbum	0
S12342		ཆོས་འབྱུང་།/དམུ་དགེ་བསམ་གཏན་རྒྱ་མཚོའི་ཆོས་འབྱུང་།	ཆོས་འབྱུང་།/དམུ་དགེ་བསམ་གཏན་རྒྱ་མཚོའི་ཆོས་འབྱུང་།	sungbum	0
S12343		ཆོས་འབྱུང་།/དམུ་དགེ་བསམ་གཏན་རྒྱ་མཚོའི་ཆོས་འབྱུང་།	ཆོས་འབྱུང་།/དམུ་དགེ་བསམ་གཏན་རྒྱ་མཚོའི་ཆོས་འབྱུང་།	sungbum	0
S12344		སྙན་ངག/སྙན་ངག་གབ་ཚིག	སྙན་ངག/སྙན་ངག་གབ་ཚིག	sungbum	0
S12345		ཆོས་འབྱུང་།/དམུ་དགེ་བསམ་གཏན་རྒྱ་མཚོའི་ཆོས་འབྱུང་།	ཆོས་འབྱུང་།/དམུ་དགེ་བསམ་གཏན་རྒྱ་མཚོའི་ཆོས་འབྱུང་།	sungbum	0
S12346		ཉམས་ལེན།/སྨོན་ལམ།/དམུ་དགེ་བསམ་གཏན་རྒྱ་མཚོ།	ཉམས་ལེན།/སྨོན་ལམ།/དམུ་དགེ་བསམ་གཏན་རྒྱ་མཚོ།	sungbum	0
S12347		ཆོས་འབྱུང་།/དམུ་དགེ་བསམ་གཏན་རྒྱ་མཚོའི་ཆོས་འབྱུང་།	ཆོས་འབྱུང་།/དམུ་དགེ་བསམ་གཏན་རྒྱ་མཚོའི་ཆོས་འབྱུང་།	sungbum	0
S12348		ཆོས་འབྱུང་།/དམུ་དགེ་བསམ་གཏན་རྒྱ་མཚོའི་ཆོས་འབྱུང་།	ཆོས་འབྱུང་།/དམུ་དགེ་བསམ་གཏན་རྒྱ་མཚོའི་ཆོས་འབྱུང་།	sungbum	0
S12349		ཆོས་འབྱུང་།/དམུ་དགེ་བསམ་གཏན་རྒྱ་མཚོའི་ཆོས་འབྱུང་།	ཆོས་འབྱུང་།/དམུ་དགེ་བསམ་གཏན་རྒྱ་མཚོའི་ཆོས་འབྱུང་།	sungbum	0
S12350		རྟོགས་བརྗོད།/རཱ་མ་ཎཱི།	རྟོགས་བརྗོད།/རཱ་མ་ཎཱི།	sungbum	0
S12351		ཆོས་འབྱུང་།/གེ་སར་ལོ་རྒྱུས།	ཆོས་འབྱུང་།/གེ་སར་ལོ་རྒྱུས།	sungbum	0
S12352		ཆོས་འབྱུང་།/དམུ་དགེ་བསམ་གཏན་རྒྱ་མཚོའི་ཆོས་འབྱུང་།	ཆོས་འབྱུང་།/དམུ་དགེ་བསམ་གཏན་རྒྱ་མཚོའི་ཆོས་འབྱུང་།	sungbum	0
S12353		ཆོས་འབྱུང་།/དམུ་དགེ་བསམ་གཏན་རྒྱ་མཚོའི་ཆོས་འབྱུང་།	ཆོས་འབྱུང་།/དམུ་དགེ་བསམ་གཏན་རྒྱ་མཚོའི་ཆོས་འབྱུང་།	sungbum	0
S12354		ཆོས་འབྱུང་།/དམུ་དགེ་བསམ་གཏན་རྒྱ་མཚོའི་ཆོས་འབྱུང་།	ཆོས་འབྱུང་།/དམུ་དགེ་བསམ་གཏན་རྒྱ་མཚོའི་ཆོས་འབྱུང་།	sungbum	0
S12355		ཆོས་འབྱུང་།/དམུ་དགེ་བསམ་གཏན་རྒྱ་མཚོའི་ཆོས་འབྱུང་།	ཆོས་འབྱུང་།/དམུ་དགེ་བསམ་གཏན་རྒྱ་མཚོའི་ཆོས་འབྱུང་།	sungbum	0
S12356		ཆོས་འབྱུང་།/དམུ་དགེ་བསམ་གཏན་རྒྱ་མཚོའི་ཆོས་འབྱུང་།	ཆོས་འབྱུང་།/དམུ་དགེ་བསམ་གཏན་རྒྱ་མཚོའི་ཆོས་འབྱུང་།	sungbum	0
S12357		ཆོས་འབྱུང་།/དམུ་དགེ་བསམ་གཏན་རྒྱ་མཚོའི་ཆོས་འབྱུང་།	ཆོས་འབྱུང་།/དམུ་དགེ་བསམ་གཏན་རྒྱ་མཚོའི་ཆོས་འབྱུང་།	sungbum	0
S12358		ཆོས་འབྱུང་།/དམུ་དགེ་བསམ་གཏན་རྒྱ་མཚོའི་ཆོས་འབྱུང་།	ཆོས་འབྱུང་།/དམུ་དགེ་བསམ་གཏན་རྒྱ་མཚོའི་ཆོས་འབྱུང་།	sungbum	0
S12359		ཆོས་འབྱུང་།/དམུ་དགེ་བསམ་གཏན་རྒྱ་མཚོའི་ཆོས་འབྱུང་།	ཆོས་འབྱུང་།/དམུ་དགེ་བསམ་གཏན་རྒྱ་མཚོའི་ཆོས་འབྱུང་།	sungbum	0
S12361		ཆོས་འབྱུང་།	ཆོས་འབྱུང་།	sungbum	0
S124		རྒྱུད།/སྤྱི།/རྗེས་གནང་།	རྒྱུད།/སྤྱི།/རྗེས་གནང་།	sungbum	0
S124	Rites For Granting Sacred Permission	RJES GNANG	Rites_For_Granting_Sacred_Permission--RJES_GNANG	r6	0
S12403		བཀའ་གདམས་པ།	བཀའ་གདམས་པ།	sungbum	0
S12404		འདུལ་བ།/སྤྱི།/པཎ་ཆེན་བསོད་ནམས་གྲགས་པ།	འདུལ་བ།/སྤྱི།/པཎ་ཆེན་བསོད་ནམས་གྲགས་པ།	sungbum	0
S12405		ཉམས་ལེན།/བསླབ་བྱ།/པཎ་ཆེན་བསོད་ནམས་གྲགས་པ།	ཉམས་ལེན།/བསླབ་བྱ།/པཎ་ཆེན་བསོད་ནམས་གྲགས་པ།	sungbum	0
S12406		ཆོས་འབྱུང་།/དེབ་ཐེར་དམར་པོ།	ཆོས་འབྱུང་།/དེབ་ཐེར་དམར་པོ།	sungbum	0
S12408		རྣམ་ཐར།/མཚན་ཐོག/ཕ་བོང་ཁ་རིན་པོ་ཆེ་བདེ་ཆེན་སྙིང་པོ།	རྣམ་ཐར།/མཚན་ཐོག/ཕ་བོང་ཁ་རིན་པོ་ཆེ་བདེ་ཆེན་སྙིང་པོ།	sungbum	0
S12409		ཉམས་ལེན།/གསོལ་འདེབས།/སྐྱབས་རྗེ་ཁྲི་བྱང་རིན་པོ་ཆེ།	ཉམས་ལེན།/གསོལ་འདེབས།/སྐྱབས་རྗེ་ཁྲི་བྱང་རིན་པོ་ཆེ།	sungbum	0
S12410		ཉམས་ལེན།/བླ་མའི་རྣལ་འབྱོར།/སྐྱབས་རྗེ་ཁྲི་བྱང་རིན་པོ་ཆེ་བློ་བཟང་ཡེ་ཤེས་བསྟན་འཛིན་རྒྱ་མཚོ།	ཉམས་ལེན།/བླ་མའི་རྣལ་འབྱོར།/སྐྱབས་རྗེ་ཁྲི་བྱང་རིན་པོ་ཆེ་བློ་བཟང་ཡེ་ཤེས་བསྟན་འཛིན་རྒྱ་མཚོ།	sungbum	0
S12411		ཉམས་ལེན།/ཐེག་ཆེན་གསོ་སྦྱོང་།	ཉམས་ལེན།/ཐེག་ཆེན་གསོ་སྦྱོང་།	sungbum	0
S12412		བློ་སྦྱོང་།/བློ་སྦྱོང་གི་སྐོར་སོགས་གསུང་ཐོར་བུའི་རིགས་རྣམས་ཕྱོགས་གཅིག་ཏུ་བསྡེབས་པ།	བློ་སྦྱོང་།/བློ་སྦྱོང་གི་སྐོར་སོགས་གསུང་ཐོར་བུའི་རིགས་རྣམས་ཕྱོགས་གཅིག་ཏུ་བསྡེབས་པ།	sungbum	0
S12413		འཕྲིན་ཡིག/སྐྱབས་རྗེ་ཁྲི་བྱང་རིན་པོ་ཆེ་བློ་བཟང་ཡེ་ཤེས་བསྟན་འཛིན་རྒྱ་མཚོ།	འཕྲིན་ཡིག/སྐྱབས་རྗེ་ཁྲི་བྱང་རིན་པོ་ཆེ་བློ་བཟང་ཡེ་ཤེས་བསྟན་འཛིན་རྒྱ་མཚོ།	sungbum	0
S12414		འཕྲིན་ཡིག/སྐྱབས་རྗེ་ཁྲི་བྱང་རིན་པོ་ཆེ་བློ་བཟང་ཡེ་ཤེས་བསྟན་འཛིན་རྒྱ་མཚོ།	འཕྲིན་ཡིག/སྐྱབས་རྗེ་ཁྲི་བྱང་རིན་པོ་ཆེ་བློ་བཟང་ཡེ་ཤེས་བསྟན་འཛིན་རྒྱ་མཚོ།	sungbum	0
S12415		དྲི་ལན།/སྐྱབས་རྗེ་ཁྲི་བྱང་རིན་པོ་ཆེ་བློ་བཟང་ཡེ་ཤེས་བསྟན་འཛིན་རྒྱ་མཚོ།	དྲི་ལན།/སྐྱབས་རྗེ་ཁྲི་བྱང་རིན་པོ་ཆེ་བློ་བཟང་ཡེ་ཤེས་བསྟན་འཛིན་རྒྱ་མཚོ།	sungbum	0
S12418		གསན་ཡིག/ཆེ་ཤོས་རིན་པོ་ཆེ་བློ་བཟང་བྱང་ཆུབ་བསྟན་པའི་སྒྲོན་མེ།	གསན་ཡིག/ཆེ་ཤོས་རིན་པོ་ཆེ་བློ་བཟང་བྱང་ཆུབ་བསྟན་པའི་སྒྲོན་མེ།	sungbum	0
S12419		ཉམས་ལེན།/བསླབ་བྱ།/ཆེ་ཤོས་རིན་པོ་ཆེ་བློ་བཟང་བྱང་ཆུབ་བསྟན་པའི་སྒྲོན་མེ།	ཉམས་ལེན།/བསླབ་བྱ།/ཆེ་ཤོས་རིན་པོ་ཆེ་བློ་བཟང་བྱང་ཆུབ་བསྟན་པའི་སྒྲོན་མེ།	sungbum	0
S125		རྒྱུད།/བདེ་མཆོག/རྣལ་འབྱོར།	རྒྱུད།/བདེ་མཆོག/རྣལ་འབྱོར།	sungbum	0
S125	Instructions For Deep Spiritual Practice	RNAL 'BYOR	Instructions_For_Deep_Spiritual_Practice--RNAL_'BYOR	r6	0
S126		རྒྱུད།/སྤྱི།/ཨྲྒ།	རྒྱུད།/སྤྱི།/ཨྲྒ།	sungbum	0
S126	Rituals Relating To The Construction Of Sacred Buildings	AARGA	Rituals_Relating_To_The_Construction_Of_Sacred_Buildings--AARGA	r6	0
S127		རྒྱུད།/འཇིགས་བྱེད།/དབྱེན་ཟླུམ།	རྒྱུད།/འཇིགས་བྱེད།/དབྱེན་ཟླུམ།	sungbum	0
S127	Methods Of Achieving Reconciliation	DBYEN ZLUM	Methods_Of_Achieving_Reconciliation--DBYEN_ZLUM	r6	0
S128		རྒྱུད།/སྣ་ཚོགས་ཡུམ།/རྗེས་གནང་།	རྒྱུད།/སྣ་ཚོགས་ཡུམ།/རྗེས་གནང་།	sungbum	0
S128	Rites For Granting Sacred Permission	RJES GNANG	Rites_For_Granting_Sacred_Permission--RJES_GNANG	r6	0
S129		ལམ་རིམ།/སྐྱབས་འགྲོ།	ལམ་རིམ།/སྐྱབས་འགྲོ།	sungbum	0
S129	Works On How To Go For Buddhist Refuge	SKYABS 'GRO	Works_On_How_To_Go_For_Buddhist_Refuge--SKYABS_'GRO	r6	0
S13		ཕར་ཕྱིན།/དགེ་འདུན་ཉི་ཤུ།/མཁས་གྲུབ་བསྟན་པ་དར་རྒྱས།/མཐའ་དཔྱོད།	ཕར་ཕྱིན།/དགེ་འདུན་ཉི་ཤུ།/མཁས་གྲུབ་བསྟན་པ་དར་རྒྱས།/མཐའ་དཔྱོད།	sungbum	0
S13	Perfection Of Wisdom	PHAR PHYIN	Perfection_Of_Wisdom--PHAR_PHYIN	r6	0
S130		ཉམས་ལེན།/ཡན་ལག་བདུན་པ།	ཉམས་ལེན།/ཡན་ལག་བདུན་པ།	sungbum	0
S130	Instructions For The Seven-Part Practice Of Meditation	YAN LAG BDUN	Instructions_For_The_Seven-Part_Practice_Of_Meditation--YAN_LAG_BDUN	r6	0
S13000		དབུ་མ།/དབུ་མ་ལ་འཇུག་པའི་འགྲེལ་པ།/འཇམ་དབྱངས་བཞད་པའི་རྡོ་རྗེ་ངག་དབང་བརྩོན་འགྲུས།	དབུ་མ།/དབུ་མ་ལ་འཇུག་པའི་འགྲེལ་པ།/འཇམ་དབྱངས་བཞད་པའི་རྡོ་རྗེ་ངག་དབང་བརྩོན་འགྲུས།	sungbum	0
S13003		ཉམས་ལེན།/གསོལ་འདེབས།	ཉམས་ལེན།/གསོལ་འདེབས།	sungbum	0
S131		ལམ་རིམ།/ལམ་རིམ་དམིགས་རིམ།	ལམ་རིམ།/ལམ་རིམ་དམིགས་རིམ།	sungbum	0
S131	Commentaries On The Practice	'GREL PA	Commentaries_On_The_Practice--'GREL_PA	r6	0
S132		ལམ་རིམ།/བློ་བཟང་ཞལ་ལུང་།	ལམ་རིམ།/བློ་བཟང་ཞལ་ལུང་།	sungbum	0
S132	Works On The Oral Tradition Of The Steps Of The Path	LAM RIM ZHAL SHES	Works_On_The_Oral_Tradition_Of_The_Steps_Of_The_Path--LAM_RIM_ZHAL_SHES	r6	0
S133		ལམ་རིམ།/ལྕང་སྐྱ་ལམ་རིམ་ཟིན་བྲིས།	ལམ་རིམ།/ལྕང་སྐྱ་ལམ་རིམ་ཟིན་བྲིས།	sungbum	0
S133	Works On Changkya Rinpoche's Notes On The Steps Of The Path	LCANG SKYA LAM RIM ZIN BRIS	Works_On_Changkya_Rinpoche's_Notes_On_The_Steps_Of_The_Path--LCANG_SKYA_LAM_RIM_ZIN_BRIS	r6	0
S134		རྣམ་ཐར།/བརྗོད་བྱའི་ཐོག/བློ་སྦྱོང་སྙན་བརྒྱུད།	རྣམ་ཐར།/བརྗོད་བྱའི་ཐོག/བློ་སྦྱོང་སྙན་བརྒྱུད།	sungbum	0
S135		བློ་སྦྱོང་།/བློ་སྦྱོང་ཚིག་བརྒྱད་མ།/འགྲེལ་པ།	བློ་སྦྱོང་།/བློ་སྦྱོང་ཚིག་བརྒྱད་མ།/འགྲེལ་པ།	sungbum	0
S135	Works On The Good-Heart Teaching In Eight Verses	BLO SBYONG TSIG BRGYAD MA	Works_On_The_Good-Heart_Teaching_In_Eight_Verses--BLO_SBYONG_TSIG_BRGYAD_MA	r6	0
S136		ལམ་རིམ།/ཞི་གནས།	ལམ་རིམ།/ཞི་གནས།	sungbum	0
S136	Explanations Of Meditative Quietude And Special Insight From Books On The Steps Of The Path	ZHI GNAS LHAG MTHONG BSGOM TSUL	Explanations_Of_Meditative_Quietude_And_Special_Insight_From_Books_On_The_Steps_Of_The_Path--ZHI_GNAS_LHAG_MTHONG_BSGOM_TSUL	r6	0
S137		དབུ་མ།/ལྟ་ཁྲིད།	དབུ་མ།/ལྟ་ཁྲིད།	sungbum	0
S137	Middle-Way Philosophy	DBU MA	Middle-Way_Philosophy--DBU_MA	r6	0
S138		དབུ་མ།/ལྟ་ཁྲིད།	དབུ་མ།/ལྟ་ཁྲིད།	sungbum	0
S138	Middle-Way Philosophy	DBU MA	Middle-Way_Philosophy--DBU_MA	r6	0
S139		དབུ་མ།/ཕྱག་རྒྱ་ཆེན་པོ།/ལྕང་སྐྱ་ངག་དབང་བློ་བཟང་ཆོས་ལྡན།	དབུ་མ།/ཕྱག་རྒྱ་ཆེན་པོ།/ལྕང་སྐྱ་ངག་དབང་བློ་བཟང་ཆོས་ལྡན།	sungbum	0
S139	Middle-Way Philosophy	DBU MA	Middle-Way_Philosophy--DBU_MA	r6	0
S14		ཕར་ཕྱིན།/རྟེན་འབྲེལ།/མཁས་གྲུབ་བསྟན་པ་དར་རྒྱས།/སྤྱི་དོན།	ཕར་ཕྱིན།/རྟེན་འབྲེལ།/མཁས་གྲུབ་བསྟན་པ་དར་རྒྱས།/སྤྱི་དོན།	sungbum	0
S14	Perfection Of Wisdom	PHAR PHYIN	Perfection_Of_Wisdom--PHAR_PHYIN	r6	0
S140		རྒྱུད།/སྤྱི།/གཅོད།	རྒྱུད།/སྤྱི།/གཅོད།	sungbum	0
S140	Practices For Terminating Negativities	GCOD	Practices_For_Terminating_Negativities--GCOD	r6	0
S141		རྒྱུད།/འོད་དཔག་མེད།/ཞིང་མཆོག་སྒོ་འབྱེད།	རྒྱུད།/འོད་དཔག་མེད།/ཞིང་མཆོག་སྒོ་འབྱེད།	sungbum	0
S141	Descriptions Of Enlightened Paradises	ZHING KHAMS	Descriptions_Of_Enlightened_Paradises--ZHING_KHAMS	r6	0
S142		རྒྱུད།/འོད་དཔག་མེད།/ཞིང་མཆོག་སྒོ་འབྱེད།	རྒྱུད།/འོད་དཔག་མེད།/ཞིང་མཆོག་སྒོ་འབྱེད།	sungbum	0
S142	Descriptions Of Enlightened Paradises	ZHING KHAMS	Descriptions_Of_Enlightened_Paradises--ZHING_KHAMS	r6	0
S143		དབུ་མ།/ལྟ་ཁྲིད།	དབུ་མ།/ལྟ་ཁྲིད།	sungbum	0
S143	Middle-Way Philosophy	DBU MA	Middle-Way_Philosophy--DBU_MA	r6	0
S144		བློ་སྦྱོང་།/བློ་སྦྱོང་སྙིང་པོ་བསྡུས་པ།	བློ་སྦྱོང་།/བློ་སྦྱོང་སྙིང་པོ་བསྡུས་པ།	sungbum	0
S144	Works On The Essence Of The Good Heart	BLO SBYONG SNYING BSDUS	Works_On_The_Essence_Of_The_Good_Heart--BLO_SBYONG_SNYING_BSDUS	r6	0
S145		དབུ་མ།/ཕྱག་རྒྱ་ཆེན་པོ།/ལྕང་སྐྱ་ངག་དབང་བློ་བཟང་ཆོས་ལྡན།	དབུ་མ།/ཕྱག་རྒྱ་ཆེན་པོ།/ལྕང་སྐྱ་ངག་དབང་བློ་བཟང་ཆོས་ལྡན།	sungbum	0
S145	Middle-Way Philosophy	DBU MA	Middle-Way_Philosophy--DBU_MA	r6	0
S146		ཉམས་ལེན།/བླ་མའི་རྣལ་འབྱོར།/ལྕང་སྐྱ་ངག་དབང་བློ་བཟང་ཆོས་ལྡན།	ཉམས་ལེན།/བླ་མའི་རྣལ་འབྱོར།/ལྕང་སྐྱ་ངག་དབང་བློ་བཟང་ཆོས་ལྡན།	sungbum	0
S146	Lama Practices	BLA MA'I RNAL 'BYOR	Lama_Practices--BLA_MA'I_RNAL_'BYOR	r6	0
S147		བསྟོད་པ།/ཤཱཀྱ་ཐུབ་པ།/སྐབས་གསུམ་མ།/འགྲེལ་པ།	བསྟོད་པ།/ཤཱཀྱ་ཐུབ་པ།/སྐབས་གསུམ་མ།/འགྲེལ་པ།	sungbum	0
S147	Words Of Praise	BSTOD PA	Words_Of_Praise--BSTOD_PA	r6	0
S148		ཉམས་ལེན།/སྨོན་ལམ།/ལྕང་སྐྱ་ངག་དབང་བློ་བཟང་ཆོས་ལྡན།	ཉམས་ལེན།/སྨོན་ལམ།/ལྕང་སྐྱ་ངག་དབང་བློ་བཟང་ཆོས་ལྡན།	sungbum	0
S148	Methods Of Prayer	SMON LAM	Methods_Of_Prayer--SMON_LAM	r6	0
S149		དབུ་མ།/རྟེན་འབྲེལ།/རྟེན་འབྲེལ་སྙིང་པོ།	དབུ་མ།/རྟེན་འབྲེལ།/རྟེན་འབྲེལ་སྙིང་པོ།	sungbum	0
S149	Middle-Way Philosophy	DBU MA	Middle-Way_Philosophy--DBU_MA	r6	0
S15		ཕར་ཕྱིན།/རྟེན་འབྲེལ།/མཁས་གྲུབ་བསྟན་པ་དར་རྒྱས།/མཐའ་དཔྱོད།	ཕར་ཕྱིན།/རྟེན་འབྲེལ།/མཁས་གྲུབ་བསྟན་པ་དར་རྒྱས།/མཐའ་དཔྱོད།	sungbum	0
S15	Perfection Of Wisdom	PHAR PHYIN	Perfection_Of_Wisdom--PHAR_PHYIN	r6	0
S150		རྣམ་ཐར།/མཚན་ཐོག/ལྕང་སྐྱ་ངག་དབང་བློ་བཟང་ཆོས་ལྡན།	རྣམ་ཐར།/མཚན་ཐོག/ལྕང་སྐྱ་ངག་དབང་བློ་བཟང་ཆོས་ལྡན།	sungbum	0
S150	Changkya Ngawang Lobsang Chunden	LCANG SKYA NGAG DBANG BLO BZANG CHOS LDAN	Changkya_Ngawang_Lobsang_Chunden--LCANG_SKYA_NGAG_DBANG_BLO_BZANG_CHOS_LDAN	r6	0
S151		འདུལ་བ།/དགེ་སློང་།	འདུལ་བ།/དགེ་སློང་།	sungbum	0
S151	Instructions For Full Monks And Nuns	DGE SLONG	Instructions_For_Full_Monks_And_Nuns--DGE_SLONG	r6	0
S152		རྒྱུད།/ཀྲི་ཡ།/དབང་།	རྒྱུད།/ཀྲི་ཡ།/དབང་།	sungbum	0
S152	Methods Of Granting Empowerment Into Secret Practice	DBANG	Methods_Of_Granting_Empowerment_Into_Secret_Practice--DBANG	r6	0
S153		རྒྱུད།/ཀྲི་ཡ།/དབང་།	རྒྱུད།/ཀྲི་ཡ།/དབང་།	sungbum	0
S153	Methods Of Granting Empowerment Into Secret Practice	DBANG	Methods_Of_Granting_Empowerment_Into_Secret_Practice--DBANG	r6	0
S154		རྒྱུད།/ཀྲི་ཡ།/དབང་།	རྒྱུད།/ཀྲི་ཡ།/དབང་།	sungbum	0
S154	Methods Of Granting Empowerment Into Secret Practice	DBANG	Methods_Of_Granting_Empowerment_Into_Secret_Practice--DBANG	r6	0
S155		རྒྱུད།/གསང་འདུས།/བླ་བརྒྱུད།	རྒྱུད།/གསང་འདུས།/བླ་བརྒྱུད།	sungbum	0
S155	Lineages Of The Lamas Who Have Passed On The Teaching	BLA MA'I BRGYUD	Lineages_Of_The_Lamas_Who_Have_Passed_On_The_Teaching--BLA_MA'I_BRGYUD	r6	0
S156		རྒྱུད།/གསང་འདུས།/སྒྲུབ་ཐབས།	རྒྱུད།/གསང་འདུས།/སྒྲུབ་ཐབས།	sungbum	0
S156	Methods For Reaching The Holy Being	SGRUB THABS	Methods_For_Reaching_The_Holy_Being--SGRUB_THABS	r6	0
S157		རྒྱུད།/གསང་འདུས།/དཀྱིལ་འཁོར།	རྒྱུད།/གསང་འདུས།/དཀྱིལ་འཁོར།	sungbum	0
S157	Instructions Concerning The Secret World	DKYIL 'KHOR	Instructions_Concerning_The_Secret_World--DKYIL_'KHOR	r6	0
S158		རྒྱུད།/འཁོར་ལོ་སྡོམ་པ།/སྒྲུབ་ཐབས།	རྒྱུད།/འཁོར་ལོ་སྡོམ་པ།/སྒྲུབ་ཐབས།	sungbum	0
S158	Methods For Reaching The Holy Being	SGRUB THABS	Methods_For_Reaching_The_Holy_Being--SGRUB_THABS	r6	0
S159		རྒྱུད།/འཁོར་ལོ་སྡོམ་པ།/མཆོད་པ།	རྒྱུད།/འཁོར་ལོ་སྡོམ་པ།/མཆོད་པ།	sungbum	0
S159	Methods Of Performing Spiritual Offerings	MCHOD PA	Methods_Of_Performing_Spiritual_Offerings--MCHOD_PA	r6	0
S16		ཕར་ཕྱིན།/བསམ་གཟུགས།/མཁས་གྲུབ་བསྟན་པ་དར་རྒྱས།/སྤྱི་དོན།	ཕར་ཕྱིན།/བསམ་གཟུགས།/མཁས་གྲུབ་བསྟན་པ་དར་རྒྱས།/སྤྱི་དོན།	sungbum	0
S16	Perfection Of Wisdom	PHAR PHYIN	Perfection_Of_Wisdom--PHAR_PHYIN	r6	0
S160		རྒྱུད།/འཁོར་ལོ་སྡོམ་པ།/ལུས་དཀྱིལ།	རྒྱུད།/འཁོར་ལོ་སྡོམ་པ།/ལུས་དཀྱིལ།	sungbum	0
S160	Instructions For The Practice Of The Secret World Of The Body	LUS DKYIL	Instructions_For_The_Practice_Of_The_Secret_World_Of_The_Body--LUS_DKYIL	r6	0
S161		རྒྱུད།/འཁོར་ལོ་སྡོམ་པ།/ལུས་དཀྱིལ།	རྒྱུད།/འཁོར་ལོ་སྡོམ་པ།/ལུས་དཀྱིལ།	sungbum	0
S161	Instructions For The Practice Of The Secret World Of The Body	LUS DKYIL	Instructions_For_The_Practice_Of_The_Secret_World_Of_The_Body--LUS_DKYIL	r6	0
S162		རྒྱུད།/འཁོར་ལོ་སྡོམ་པ།/ལུས་དཀྱིལ།	རྒྱུད།/འཁོར་ལོ་སྡོམ་པ།/ལུས་དཀྱིལ།	sungbum	0
S162	Instructions For The Practice Of The Secret World Of The Body	LUS DKYIL	Instructions_For_The_Practice_Of_The_Secret_World_Of_The_Body--LUS_DKYIL	r6	0
S163		རྒྱུད།/བདེ་མཆོག/ལུས་དཀྱིལ།	རྒྱུད།/བདེ་མཆོག/ལུས་དཀྱིལ།	sungbum	0
S163	Instructions For The Practice Of The Secret World Of The Body	LUS DKYIL	Instructions_For_The_Practice_Of_The_Secret_World_Of_The_Body--LUS_DKYIL	r6	0
S164		རྒྱུད།/འཁོར་ལོ་སྡོམ་པ།/བླ་བརྒྱུད།	རྒྱུད།/འཁོར་ལོ་སྡོམ་པ།/བླ་བརྒྱུད།	sungbum	0
S164	Lineages Of The Lamas Who Have Passed On The Teaching	BLA MA'I BRGYUD	Lineages_Of_The_Lamas_Who_Have_Passed_On_The_Teaching--BLA_MA'I_BRGYUD	r6	0
S165		རྒྱུད།/འཁོར་ལོ་སྡོམ་པ།/ཧླ་ལྔ།	རྒྱུད།/འཁོར་ལོ་སྡོམ་པ།/ཧླ་ལྔ།	sungbum	0
S165	Instructions For Practices Of The Five Angels	LHA LNGA	Instructions_For_Practices_Of_The_Five_Angels--LHA_LNGA	r6	0
S166		རྒྱུད།/འཇིགས་བྱེད།/སྒྲུབ་ཐབས།	རྒྱུད།/འཇིགས་བྱེད།/སྒྲུབ་ཐབས།	sungbum	0
S166	Methods For Reaching The Holy Being	SGRUB THABS	Methods_For_Reaching_The_Holy_Being--SGRUB_THABS	r6	0
S167		རྒྱུད།/འཇིགས་བྱེད།/སྒྲུབ་ཐབས།	རྒྱུད།/འཇིགས་བྱེད།/སྒྲུབ་ཐབས།	sungbum	0
S167	Methods For Reaching The Holy Being	SGRUB THABS	Methods_For_Reaching_The_Holy_Being--SGRUB_THABS	r6	0
S168		རྒྱུད།/འཇིགས་བྱེད།/སྒྲུབ་ཐབས།	རྒྱུད།/འཇིགས་བྱེད།/སྒྲུབ་ཐབས།	sungbum	0
S168	Methods For Reaching The Holy Being	SGRUB THABS	Methods_For_Reaching_The_Holy_Being--SGRUB_THABS	r6	0
S169		རྒྱུད།/འཇིགས་བྱེད།/མངོན་རྟོགས།	རྒྱུད།/འཇིགས་བྱེད།/མངོན་རྟོགས།	sungbum	0
S169	Methods For The Practice Of Realization	MNGON RTOGS	Methods_For_The_Practice_Of_Realization--MNGON_RTOGS	r6	0
S17		ཕར་ཕྱིན།/བསམ་གཟུགས།/མཁས་གྲུབ་བསྟན་པ་དར་རྒྱས།/མཐའ་དཔྱོད།	ཕར་ཕྱིན།/བསམ་གཟུགས།/མཁས་གྲུབ་བསྟན་པ་དར་རྒྱས།/མཐའ་དཔྱོད།	sungbum	0
S17	Perfection Of Wisdom	PHAR PHYIN	Perfection_Of_Wisdom--PHAR_PHYIN	r6	0
S170		རྒྱུད།/འཇིགས་བྱེད།/མངོན་རྟོགས།	རྒྱུད།/འཇིགས་བྱེད།/མངོན་རྟོགས།	sungbum	0
S170	Methods For The Practice Of Realization	MNGON RTOGS	Methods_For_The_Practice_Of_Realization--MNGON_RTOGS	r6	0
S171		རྒྱུད།/སྤྱི།/དབང་།	རྒྱུད།/སྤྱི།/དབང་།	sungbum	0
S171	Methods Of Granting Empowerment Into Secret Practice	DBANG	Methods_Of_Granting_Empowerment_Into_Secret_Practice--DBANG	r6	0
S172		རྒྱུད།/ནམ་མཁའ་སྒོ་འབྱེད།/དབང་།	རྒྱུད།/ནམ་མཁའ་སྒོ་འབྱེད།/དབང་།	sungbum	0
S172	Methods Of Granting Empowerment Into Secret Practice	DBANG	Methods_Of_Granting_Empowerment_Into_Secret_Practice--DBANG	r6	0
S173		རྒྱུད།/བདེ་མཆོག/ལུས་དཀྱིལ།	རྒྱུད།/བདེ་མཆོག/ལུས་དཀྱིལ།	sungbum	0
S173	Instructions For The Practice Of The Secret World Of The Body	LUS DKYIL	Instructions_For_The_Practice_Of_The_Secret_World_Of_The_Body--LUS_DKYIL	r6	0
S174		རྒྱུད།/འཇིགས་བྱེད།/གཏོར་མ།	རྒྱུད།/འཇིགས་བྱེད།/གཏོར་མ།	sungbum	0
S174	Methods For Making Torma-Cake Offerings	GTOR MA	Methods_For_Making_Torma-Cake_Offerings--GTOR_MA	r6	0
S175		རྒྱུད།/མགོན་པོ།/བསྒོམ་བཟླས།	རྒྱུད།/མགོན་པོ།/བསྒོམ་བཟླས།	sungbum	0
S175	Practices Of Meditation And Reciting Sacred Words	BSGOMS BZLAS	Practices_Of_Meditation_And_Reciting_Sacred_Words--BSGOMS_BZLAS	r6	0
S176		རྒྱུད།/ཧླ་མོ།/གཏོར་མ།	རྒྱུད།/ཧླ་མོ།/གཏོར་མ།	sungbum	0
S176	Methods For Making Torma-Cake Offerings	GTOR MA	Methods_For_Making_Torma-Cake_Offerings--GTOR_MA	r6	0
S177		རྒྱུད།/མ་གཅིག་ལབ་སྒྲོན།/གཏོར་མ།	རྒྱུད།/མ་གཅིག་ལབ་སྒྲོན།/གཏོར་མ།	sungbum	0
S177	Methods For Making Torma-Cake Offerings	GTOR MA	Methods_For_Making_Torma-Cake_Offerings--GTOR_MA	r6	0
S178		རྒྱུད།/ཆོས་རྒྱལ།/གཏོར་མ།	རྒྱུད།/ཆོས་རྒྱལ།/གཏོར་མ།	sungbum	0
S178	Methods For Making Torma-Cake Offerings	GTOR MA	Methods_For_Making_Torma-Cake_Offerings--GTOR_MA	r6	0
S179		རྒྱུད།/བདེ་མཆོག/ཚོགས།	རྒྱུད།/བདེ་མཆོག/ཚོགས།	sungbum	0
S179	Methods Of Performing Secret Feasts	TSOGS	Methods_Of_Performing_Secret_Feasts--TSOGS	r6	0
S18		སེམས་ཙམ།/ཀུན་གཞིའི་རྣམ་པར་ཤེས།/སྤང་ལུང་བློ་བཟང་ཐུགས་རྗེ།	སེམས་ཙམ།/ཀུན་གཞིའི་རྣམ་པར་ཤེས།/སྤང་ལུང་བློ་བཟང་ཐུགས་རྗེ།	sungbum	0
S18	The Mind Only School	SEMS TZAM	The_Mind_Only_School--SEMS_TZAM	r6	0
S180		རྒྱུད།/དུར་ཁྲོད་བདག་པོ།/གཏོར་མ།	རྒྱུད།/དུར་ཁྲོད་བདག་པོ།/གཏོར་མ།	sungbum	0
S180	Methods For Making Torma-Cake Offerings	GTOR MA	Methods_For_Making_Torma-Cake_Offerings--GTOR_MA	r6	0
S181		རྒྱུད།/རྣམ་ཐོས་སྲས།/གཏོར་མ།	རྒྱུད།/རྣམ་ཐོས་སྲས།/གཏོར་མ།	sungbum	0
S181	Methods For Making Torma-Cake Offerings	GTOR MA	Methods_For_Making_Torma-Cake_Offerings--GTOR_MA	r6	0
S182		རྒྱུད།/ཧླ་མོ།/གཏོར་མ།	རྒྱུད།/ཧླ་མོ།/གཏོར་མ།	sungbum	0
S182	Methods For Making Torma-Cake Offerings	GTOR MA	Methods_For_Making_Torma-Cake_Offerings--GTOR_MA	r6	0
S183		རྒྱུད།/སྤྱི།/ལྷའི་བྱེ་བྲག	རྒྱུད།/སྤྱི།/ལྷའི་བྱེ་བྲག	sungbum	0
S183	Descriptions Of The Bodily Form And Accoutrements Of Tantric Deities	LHA	Descriptions_Of_The_Bodily_Form_And_Accoutrements_Of_Tantric_Deities--LHA	r6	0
S184		ལམ་རིམ།/ལམ་རིམ་བསྡུས་དོན།	ལམ་རིམ།/ལམ་རིམ་བསྡུས་དོན།	sungbum	0
S184	Works On The Briefer Book On The Steps Of The Path	LAM RIM BSDUS DON	Works_On_The_Briefer_Book_On_The_Steps_Of_The_Path--LAM_RIM_BSDUS_DON	r6	0
S185		བློ་སྦྱོང་།/བློ་སྦྱོང་ཉི་མའི་འོད་ཟེར།/རྩ་བ།	བློ་སྦྱོང་།/བློ་སྦྱོང་ཉི་མའི་འོད་ཟེར།/རྩ་བ།	sungbum	0
S185	Works On The Good-Heart Teaching Rays Of The Sun	BLO SBYONG NYI MA'I 'OD ZER	Works_On_The_Good-Heart_Teaching_Rays_Of_The_Sun--BLO_SBYONG_NYI_MA'I_'OD_ZER	r6	0
S186		ཉམས་ལེན།/ཁྲུས་གསོལ་འབུལ་ཚུལ།	ཉམས་ལེན།/ཁྲུས་གསོལ་འབུལ་ཚུལ།	sungbum	0
S186	Rituals For Bathing Holy Beings	KHRUS GSOL	Rituals_For_Bathing_Holy_Beings--KHRUS_GSOL	r6	0
S187		ཉམས་ལེན།/གསོལ་འདེབས།/དངུལ་ཆུ་དྷརྨ་བྷདྲ།	ཉམས་ལེན།/གསོལ་འདེབས།/དངུལ་ཆུ་དྷརྨ་བྷདྲ།	sungbum	0
S187	Methods Of Making Supplication To The Holy Being	GSOL 'DEBS	Methods_Of_Making_Supplication_To_The_Holy_Being--GSOL_'DEBS	r6	0
S188		ཉམས་ལེན།/བླ་མའི་རྣལ་འབྱོར།/རྗེ་ཙོང་ཁ་པ་བློ་བཟང་གྲགས་པ།/དགའ་ལྡན་ལྷ་བརྒྱ་མ།	ཉམས་ལེན།/བླ་མའི་རྣལ་འབྱོར།/རྗེ་ཙོང་ཁ་པ་བློ་བཟང་གྲགས་པ།/དགའ་ལྡན་ལྷ་བརྒྱ་མ།	sungbum	0
S188	Works On The Thousand Angels Of The Heaven Of Bliss	DGA' LDAN LHA BRGYA MA	Works_On_The_Thousand_Angels_Of_The_Heaven_Of_Bliss--DGA'_LDAN_LHA_BRGYA_MA	r6	0
S189		ཕར་ཕྱིན།/སྤྱི།/མཁས་གྲུབ་བསྟན་པ་དར་རྒྱས།/ཚིག་དོན།	ཕར་ཕྱིན།/སྤྱི།/མཁས་གྲུབ་བསྟན་པ་དར་རྒྱས།/ཚིག་དོན།	sungbum	0
S189	Perfection Of Wisdom	PHAR PHYIN	Perfection_Of_Wisdom--PHAR_PHYIN	r6	0
S19		སེམས་ཙམ།/ཀུན་གཞིའི་རྣམ་པར་ཤེས།/སྤང་ལུང་བློ་བཟང་ཐུགས་རྗེ།	སེམས་ཙམ།/ཀུན་གཞིའི་རྣམ་པར་ཤེས།/སྤང་ལུང་བློ་བཟང་ཐུགས་རྗེ།	sungbum	0
S19	The Mind Only School	SEMS TZAM	The_Mind_Only_School--SEMS_TZAM	r6	0
S190		ལམ་རིམ།/བསྟན་རིམ་ཆེན་མོ།	ལམ་རིམ།/བསྟན་རིམ་ཆེན་མོ།	sungbum	0
S190	Works On The Steps Of The Teaching	BSTAN RIM CHEN MO	Works_On_The_Steps_Of_The_Teaching--BSTAN_RIM_CHEN_MO	r6	0
S19001		ཉམས་ལེན།/བླ་མའི་རྣལ་འབྱོར།/རྗེ་ཙོང་ཁ་པ་བློ་བཟང་གྲགས་པ།/དགའ་ལྡན་ལྷ་བརྒྱ་མ།	ཉམས་ལེན།/བླ་མའི་རྣལ་འབྱོར།/རྗེ་ཙོང་ཁ་པ་བློ་བཟང་གྲགས་པ།/དགའ་ལྡན་ལྷ་བརྒྱ་མ།	sungbum	0
S19002		རྒྱུད།/གསང་འདུས།/བསྐྱེད་རིམ།	རྒྱུད།/གསང་འདུས།/བསྐྱེད་རིམ།	sungbum	0
S19003		རྒྱུད།/གསང་འདུས།/རྫོགས་རིམ།	རྒྱུད།/གསང་འདུས།/རྫོགས་རིམ།	sungbum	0
S19004		རྒྱུད།/གསང་འདུས།/རྫོགས་རིམ།	རྒྱུད།/གསང་འདུས།/རྫོགས་རིམ།	sungbum	0
S19005		རྒྱུད།/གསང་འདུས།/རིམ་ལྔ།	རྒྱུད།/གསང་འདུས།/རིམ་ལྔ།	sungbum	0
S19006		རྒྱུད།/གསང་འདུས།/བསྙེན་པ།	རྒྱུད།/གསང་འདུས།/བསྙེན་པ།	sungbum	0
S19007		རྒྱུད།/གསང་འདུས།/གྲུབ་ཆེན།	རྒྱུད།/གསང་འདུས།/གྲུབ་ཆེན།	sungbum	0
S19008		རྒྱུད།/བདེ་མཆོག/བསྐྱེད་རིམ།	རྒྱུད།/བདེ་མཆོག/བསྐྱེད་རིམ།	sungbum	0
S19009		རྒྱུད།/འཇིགས་བྱེད།/བསྐྱེད་རིམ།	རྒྱུད།/འཇིགས་བྱེད།/བསྐྱེད་རིམ།	sungbum	0
S19010		རྒྱུད།/འཇིགས་བྱེད།/རྫོགས་རིམ།	རྒྱུད།/འཇིགས་བྱེད།/རྫོགས་རིམ།	sungbum	0
S19011		རྒྱུད།/འཇིགས་བྱེད།/མངོན་རྟོགས།	རྒྱུད།/འཇིགས་བྱེད།/མངོན་རྟོགས།	sungbum	0
S19012		རྒྱུད།/འཇིགས་བྱེད།/བསྙེན་པ།	རྒྱུད།/འཇིགས་བྱེད།/བསྙེན་པ།	sungbum	0
S19013		རྒྱུད།/འཇིགས་བྱེད།/བསྙེན་པ།	རྒྱུད།/འཇིགས་བྱེད།/བསྙེན་པ།	sungbum	0
S19014		རྒྱུད།/འཇམ་དབྱངས།/སྒྲུབ་ཐབས།	རྒྱུད།/འཇམ་དབྱངས།/སྒྲུབ་ཐབས།	sungbum	0
S19015		རྒྱུད།/འཇམ་དབྱངས།/སྒྲུབ་ཐབས།	རྒྱུད།/འཇམ་དབྱངས།/སྒྲུབ་ཐབས།	sungbum	0
S19016		རྒྱུད།/འཇམ་དབྱངས།/སྒྲུབ་ཐབས།	རྒྱུད།/འཇམ་དབྱངས།/སྒྲུབ་ཐབས།	sungbum	0
S19017		དྲི་ལན།/འཇམ་དབྱངས་བཞད་པའི་རྡོ་རྗེ།	དྲི་ལན།/འཇམ་དབྱངས་བཞད་པའི་རྡོ་རྗེ།	sungbum	0
S19018		རྒྱུད།/རྡོ་རྗེ་རྣལ་འབྱོར་མ།/འཕོ་བ།	རྒྱུད།/རྡོ་རྗེ་རྣལ་འབྱོར་མ།/འཕོ་བ།	sungbum	0
S19020		དྲང་ངེས།/འཇམ་དབྱངས་བཞད་པ་ངག་དབང་བརྩོན་འགྲུས།	དྲང་ངེས།/འཇམ་དབྱངས་བཞད་པ་ངག་དབང་བརྩོན་འགྲུས།	sungbum	0
S19021		དྲང་ངེས།/འཇམ་དབྱངས་བཞད་པ་ངག་དབང་བརྩོན་འགྲུས།	དྲང་ངེས།/འཇམ་དབྱངས་བཞད་པ་ངག་དབང་བརྩོན་འགྲུས།	sungbum	0
S19022		ཕར་ཕྱིན།/རྟེན་འབྲེལ།/འཇམ་དབྱངས་བཞད་པའི་རྡོ་རྗེ་ངག་དབང་བརྩོན་འགྲུས།	ཕར་ཕྱིན།/རྟེན་འབྲེལ།/འཇམ་དབྱངས་བཞད་པའི་རྡོ་རྗེ་ངག་དབང་བརྩོན་འགྲུས།	sungbum	0
S19023		ཕར་ཕྱིན།/རྟེན་འབྲེལ།/འཇམ་དབྱངས་བཞད་པའི་རྡོ་རྗེ་ངག་དབང་བརྩོན་འགྲུས།	ཕར་ཕྱིན།/རྟེན་འབྲེལ།/འཇམ་དབྱངས་བཞད་པའི་རྡོ་རྗེ་ངག་དབང་བརྩོན་འགྲུས།	sungbum	0
S19024		དབུ་མ།/ཚིག་གསལ་གྱི་འགྲེལ་པ།	དབུ་མ།/ཚིག་གསལ་གྱི་འགྲེལ་པ།	sungbum	0
S19025		འདུལ་བ།/སྤྱི།/ཇམ་དབྱངས་བཞད་པའི་རྡོ་རྗེ།	འདུལ་བ།/སྤྱི།/ཇམ་དབྱངས་བཞད་པའི་རྡོ་རྗེ།	sungbum	0
S19026		ཕར་ཕྱིན།/བདེན་བཞི།	ཕར་ཕྱིན།/བདེན་བཞི།	sungbum	0
S19027		གྲུབ་མཐའ།/འཇམ་དབྱངས་བཞད་པའི་རྡོ་རྗེ་ངག་དབང་བརྩོན་འགྲུས།	གྲུབ་མཐའ།/འཇམ་དབྱངས་བཞད་པའི་རྡོ་རྗེ་ངག་དབང་བརྩོན་འགྲུས།	sungbum	0
S19028		གྲུབ་མཐའ།/འཇམ་དབྱངས་བཞད་པའི་རྡོ་རྗེ་ངག་དབང་བརྩོན་འགྲུས།	གྲུབ་མཐའ།/འཇམ་དབྱངས་བཞད་པའི་རྡོ་རྗེ་ངག་དབང་བརྩོན་འགྲུས།	sungbum	0
S19029		རྣམ་ཐར།/མཚན་ཐོག/འཇམ་དབྱངས་བཞད་པའི་རྡོ་རྗེ་ངག་དབང་བརྩོན་འགྲུས།	རྣམ་ཐར།/མཚན་ཐོག/འཇམ་དབྱངས་བཞད་པའི་རྡོ་རྗེ་ངག་དབང་བརྩོན་འགྲུས།	sungbum	0
S19030		དྲི་ལན།/འཇམ་དབྱངས་བཞད་པའི་རྡོ་རྗེ།	དྲི་ལན།/འཇམ་དབྱངས་བཞད་པའི་རྡོ་རྗེ།	sungbum	0
S19031		རྣམ་ཐར།/མཚན་ཐོག/རྗེ་ཙོང་ཁ་པ་བློ་བཟང་གྲགས་པ།	རྣམ་ཐར།/མཚན་ཐོག/རྗེ་ཙོང་ཁ་པ་བློ་བཟང་གྲགས་པ།	sungbum	0
S19032		བཅའ་ཡིག/དགའ་ལྡན།	བཅའ་ཡིག/དགའ་ལྡན།	sungbum	0
S19033		ཆོས་འབྱུང་།/འཇམ་དབྱངས་བཞད་པའི་རྡོ་རྗེའི་ཆོས་འབྱུང་།	ཆོས་འབྱུང་།/འཇམ་དབྱངས་བཞད་པའི་རྡོ་རྗེའི་ཆོས་འབྱུང་།	sungbum	0
S19034		ཆོས་འབྱུང་།/འཇམ་དབྱངས་བཞད་པའི་རྡོ་རྗེའི་ཆོས་འབྱུང་།	ཆོས་འབྱུང་།/འཇམ་དབྱངས་བཞད་པའི་རྡོ་རྗེའི་ཆོས་འབྱུང་།	sungbum	0
S19035		ཉམས་ལེན།/གསོལ་འདེབས།/འཇམ་དབྱངས་བཞད་པའི་རྡོ་རྗེ་ངག་དབང་བརྩོན་འགྲུས།	ཉམས་ལེན།/གསོལ་འདེབས།/འཇམ་དབྱངས་བཞད་པའི་རྡོ་རྗེ་ངག་དབང་བརྩོན་འགྲུས།	sungbum	0
S19036		བསྟོད་པ།/འཇམ་དབྱངས་བཞད་པའི་རྡོ་རྗེ་ངག་དབང་བརྩོན་འགྲུས།	བསྟོད་པ།/འཇམ་དབྱངས་བཞད་པའི་རྡོ་རྗེ་ངག་དབང་བརྩོན་འགྲུས།	sungbum	0
S19037		གྲུབ་མཐའ།/འཇམ་དབྱངས་བཞད་པའི་རྡོ་རྗེ་ངག་དབང་བརྩོན་འགྲུས།	གྲུབ་མཐའ།/འཇམ་དབྱངས་བཞད་པའི་རྡོ་རྗེ་ངག་དབང་བརྩོན་འགྲུས།	sungbum	0
S19038		སྙན་ངག/སྤྱི།	སྙན་ངག/སྤྱི།	sungbum	0
S19039		སྙན་ངག/སྤྱི།	སྙན་ངག/སྤྱི།	sungbum	0
S19040		སྙན་ངག/སྤྱི།	སྙན་ངག/སྤྱི།	sungbum	0
S19041		འཕྲིན་ཡིག/འཇམ་དབྱངས་བཞད་པ་ངག་དབང་བརྩོན་འགྲུས།	འཕྲིན་ཡིག/འཇམ་དབྱངས་བཞད་པ་ངག་དབང་བརྩོན་འགྲུས།	sungbum	0
S19042		རྒྱུད།/མ་གཅིག་ལབ་སྒྲོན།/གཅོད།	རྒྱུད།/མ་གཅིག་ལབ་སྒྲོན།/གཅོད།	sungbum	0
S19043		ཆོ་ག/རབ་གནས།	ཆོ་ག/རབ་གནས།	sungbum	0
S19044		ཆོ་ག/རབ་གནས།	ཆོ་ག/རབ་གནས།	sungbum	0
S19045		ལྷ་བཟོ།/མཆོད་རྟེན།/ཐིག་རྩ།	ལྷ་བཟོ།/མཆོད་རྟེན།/ཐིག་རྩ།	sungbum	0
S19046		ཆོ་ག/རབ་གནས།	ཆོ་ག/རབ་གནས།	sungbum	0
S19047		ཆོ་ག/སྲུང་ཆོག	ཆོ་ག/སྲུང་ཆོག	sungbum	0
S19048		བསྟོད་པ།/འཇམ་དབྱངས་བཞད་པའི་རྡོ་རྗེ་ངག་དབང་བརྩོན་འགྲུས།	བསྟོད་པ།/འཇམ་དབྱངས་བཞད་པའི་རྡོ་རྗེ་ངག་དབང་བརྩོན་འགྲུས།	sungbum	0
S19049		ཆོ་ག/གཟུངས་གཞུག	ཆོ་ག/གཟུངས་གཞུག	sungbum	0
S19050		རྒྱུད།/ཚོགས་བདག/སྒྲུབས་ཐབས།	རྒྱུད།/ཚོགས་བདག/སྒྲུབས་ཐབས།	sungbum	0
S19051		སྒྲ།/སྤྱི།	སྒྲ།/སྤྱི།	sungbum	0
S19052		སྒྲ།/སྡེབ་སྦྱོར།	སྒྲ།/སྡེབ་སྦྱོར།	sungbum	0
S19053		སྒྲ།/སྡེབ་སྦྱོར།	སྒྲ།/སྡེབ་སྦྱོར།	sungbum	0
S19054		སྒྲ།/ཀ་ལཱ་པ།	སྒྲ།/ཀ་ལཱ་པ།	sungbum	0
S19055		དྲི་ལན།/འཇམ་དབྱངས་བཞད་པའི་རྡོ་རྗེ།	དྲི་ལན།/འཇམ་དབྱངས་བཞད་པའི་རྡོ་རྗེ།	sungbum	0
S19056		སྒྲ།/སྤྱི།	སྒྲ།/སྤྱི།	sungbum	0
S19057		སྒྲ།/རྟགས་གསུམ།	སྒྲ།/རྟགས་གསུམ།	sungbum	0
S19058		ཉམས་ལེན།/བསྔོ་བ།/འཇམ་དབྱངས་བཞད་པའི་རྡོ་རྗེ་ངག་དབང་བརྩོན་འགྲུས།	ཉམས་ལེན།/བསྔོ་བ།/འཇམ་དབྱངས་བཞད་པའི་རྡོ་རྗེ་ངག་དབང་བརྩོན་འགྲུས།	sungbum	0
S19059		ཕར་ཕྱིན།/ཆོས་འཁོར།	ཕར་ཕྱིན།/ཆོས་འཁོར།	sungbum	0
S19060		རྒྱུད།/བླ་མ་མཆོད་པ།/འགྲེལ་པ།	རྒྱུད།/བླ་མ་མཆོད་པ།/འགྲེལ་པ།	sungbum	0
S19061		ལམ་རིམ།/འཇམ་དཔལ་ཞལ་ལུང་།/འགྲེལ་པ།	ལམ་རིམ།/འཇམ་དཔལ་ཞལ་ལུང་།/འགྲེལ་པ།	sungbum	0
S19062		དྲི་ལན།/འཇམ་དབྱངས་བཞད་པའི་རྡོ་རྗེ།	དྲི་ལན།/འཇམ་དབྱངས་བཞད་པའི་རྡོ་རྗེ།	sungbum	0
S19063		ཉམས་ལེན།/སྤྱི།/ཇམ་དབྱངས་བཞད་པའི་རྡོ་རྗེ།	ཉམས་ལེན།/སྤྱི།/ཇམ་དབྱངས་བཞད་པའི་རྡོ་རྗེ།	sungbum	0
S19064		རྒྱུད།/འཇིགས་བྱེད།/དབང་།	རྒྱུད།/འཇིགས་བྱེད།/དབང་།	sungbum	0
S19065		རྒྱུད།/འཇིགས་བྱེད།/ཞི་ཁྲོ་སྦྲགས་སྒྲུབ།	རྒྱུད།/འཇིགས་བྱེད།/ཞི་ཁྲོ་སྦྲགས་སྒྲུབ།	sungbum	0
S19066		རྒྱུད།/གསང་འདུས།/བསྙེན་པ།	རྒྱུད།/གསང་འདུས།/བསྙེན་པ།	sungbum	0
S19067		རྒྱུད།/སྤྱི།/སྒྲུབ་ཐབས།	རྒྱུད།/སྤྱི།/སྒྲུབ་ཐབས།	sungbum	0
S19068		རྒྱུད།/སྣར་ཐང་།/འགྲེལ་པ།	རྒྱུད།/སྣར་ཐང་།/འགྲེལ་པ།	sungbum	0
S19069		རྒྱུད།/རྣམ་ཐོས་སྲས།/ཆོ་ག	རྒྱུད།/རྣམ་ཐོས་སྲས།/ཆོ་ག	sungbum	0
S19070		རྒྱུད།/སྤྱི།/མངོན་རྟོགས།	རྒྱུད།/སྤྱི།/མངོན་རྟོགས།	sungbum	0
S19071		དྲི་ལན།/འཇམ་དབྱངས་བཞད་པའི་རྡོ་རྗེ།	དྲི་ལན།/འཇམ་དབྱངས་བཞད་པའི་རྡོ་རྗེ།	sungbum	0
S19072		དྲི་ལན།/འཇམ་དབྱངས་བཞད་པའི་རྡོ་རྗེ།	དྲི་ལན།/འཇམ་དབྱངས་བཞད་པའི་རྡོ་རྗེ།	sungbum	0
S19073		དྲི་ལན།/འཇམ་དབྱངས་བཞད་པའི་རྡོ་རྗེ།	དྲི་ལན།/འཇམ་དབྱངས་བཞད་པའི་རྡོ་རྗེ།	sungbum	0
S19074		དྲི་ལན།/འཇམ་དབྱངས་བཞད་པའི་རྡོ་རྗེ།	དྲི་ལན།/འཇམ་དབྱངས་བཞད་པའི་རྡོ་རྗེ།	sungbum	0
S19075		རྒྱུད།/འཇིགས་བྱེད།/འཕོ་བ།	རྒྱུད།/འཇིགས་བྱེད།/འཕོ་བ།	sungbum	0
S19076		ཚད་མ།/བསྡུས་གྲྭ།/ཁ་དོག་དཀར་དམར།	ཚད་མ།/བསྡུས་གྲྭ།/ཁ་དོག་དཀར་དམར།	sungbum	0
S19077		ཚད་མ།/བསྡུས་གྲྭ།/སྤྱི།/འཇམ་དབྱངས་བཞད་པའི་རྡོ་རྗེ་ངག་དབང་བརྩོན་འགྲུས།	ཚད་མ།/བསྡུས་གྲྭ།/སྤྱི།/འཇམ་དབྱངས་བཞད་པའི་རྡོ་རྗེ་ངག་དབང་བརྩོན་འགྲུས།	sungbum	0
S19078		ཚད་མ།/བསྡུས་གྲྭ།/ཐལ་འགྱུར།	ཚད་མ།/བསྡུས་གྲྭ།/ཐལ་འགྱུར།	sungbum	0
S19079		ཚད་མ།/ཚད་མ་རྣམ་འགྲེལ།/འཇམ་དབྱངས་བཞད་པའི་རྡོ་རྗེ་ངག་དབང་བརྩོན་འགྲུས།	ཚད་མ།/ཚད་མ་རྣམ་འགྲེལ།/འཇམ་དབྱངས་བཞད་པའི་རྡོ་རྗེ་ངག་དབང་བརྩོན་འགྲུས།	sungbum	0
S19080		གྲུབ་མཐའ།/འཇམ་དབྱངས་བཞད་པའི་རྡོ་རྗེ་ངག་དབང་བརྩོན་འགྲུས།	གྲུབ་མཐའ།/འཇམ་དབྱངས་བཞད་པའི་རྡོ་རྗེ་ངག་དབང་བརྩོན་འགྲུས།	sungbum	0
S19081		དབུ་མ།/ལྟ་ཁྲིད།	དབུ་མ།/ལྟ་ཁྲིད།	sungbum	0
S19082		མདོ་འགྲེལ།/འགྲེལ་རྐང་།	མདོ་འགྲེལ།/འགྲེལ་རྐང་།	sungbum	0
S19083		ཕྲན་ཚེགས།/འཇམ་དབྱངས་བཞད་པའི་རྡོ་རྗེ་ངག་དབང་བརྩོན་འགྲུས།	ཕྲན་ཚེགས།/འཇམ་དབྱངས་བཞད་པའི་རྡོ་རྗེ་ངག་དབང་བརྩོན་འགྲུས།	sungbum	0
S19085		ཆོས་འབྱུང་།/འཇིགས་བྱེད་ཀྱི་ཆོས་འབྱུང་།	ཆོས་འབྱུང་།/འཇིགས་བྱེད་ཀྱི་ཆོས་འབྱུང་།	sungbum	0
S19086		འདུལ་བ།/སྤྱི།/ཇམ་དབྱངས་བཞད་པའི་རྡོ་རྗེ།	འདུལ་བ།/སྤྱི།/ཇམ་དབྱངས་བཞད་པའི་རྡོ་རྗེ།	sungbum	0
S19087		འདུལ་བ།/སྤྱི།/ཇམ་དབྱངས་བཞད་པའི་རྡོ་རྗེ།	འདུལ་བ།/སྤྱི།/ཇམ་དབྱངས་བཞད་པའི་རྡོ་རྗེ།	sungbum	0
S19088		ཕར་ཕྱིན།/སྤྱི།/འཇམ་དབྱངས་བཞད་པའི་རྡོ་རྗེ་ངག་དབང་བརྩོན་འགྲུས།	ཕར་ཕྱིན།/སྤྱི།/འཇམ་དབྱངས་བཞད་པའི་རྡོ་རྗེ་ངག་དབང་བརྩོན་འགྲུས།	sungbum	0
S19089		ཕར་ཕྱིན།/སྤྱི།/འཇམ་དབྱངས་བཞད་པའི་རྡོ་རྗེ་ངག་དབང་བརྩོན་འགྲུས།	ཕར་ཕྱིན།/སྤྱི།/འཇམ་དབྱངས་བཞད་པའི་རྡོ་རྗེ་ངག་དབང་བརྩོན་འགྲུས།	sungbum	0
S19090		ཕར་ཕྱིན།/སྤྱི།/འཇམ་དབྱངས་བཞད་པའི་རྡོ་རྗེ་ངག་དབང་བརྩོན་འགྲུས།	ཕར་ཕྱིན།/སྤྱི།/འཇམ་དབྱངས་བཞད་པའི་རྡོ་རྗེ་ངག་དབང་བརྩོན་འགྲུས།	sungbum	0
S19092		ཕར་ཕྱིན།/སྤྱི།/འཇམ་དབྱངས་བཞད་པའི་རྡོ་རྗེ་ངག་དབང་བརྩོན་འགྲུས།	ཕར་ཕྱིན།/སྤྱི།/འཇམ་དབྱངས་བཞད་པའི་རྡོ་རྗེ་ངག་དབང་བརྩོན་འགྲུས།	sungbum	0
S19097		ཕར་ཕྱིན།/སྤྱི།/འཇམ་དབྱངས་བཞད་པའི་རྡོ་རྗེ་ངག་དབང་བརྩོན་འགྲུས།	ཕར་ཕྱིན།/སྤྱི།/འཇམ་དབྱངས་བཞད་པའི་རྡོ་རྗེ་ངག་དབང་བརྩོན་འགྲུས།	sungbum	0
S19099		དབུ་མ།/དབུ་མ་ལ་འཇུག་པའི་འགྲེལ་པ།/འཇམ་དབྱངས་བཞད་པའི་རྡོ་རྗེ་ངག་དབང་བརྩོན་འགྲུས།	དབུ་མ།/དབུ་མ་ལ་འཇུག་པའི་འགྲེལ་པ།/འཇམ་དབྱངས་བཞད་པའི་རྡོ་རྗེ་ངག་དབང་བརྩོན་འགྲུས།	sungbum	0
S19100		མངོན་པ།/འཇམ་དབྱངས་བཞད་པའི་རྡོ་རྗེ་ངག་དབང་བརྩོན་འགྲུས།	མངོན་པ།/འཇམ་དབྱངས་བཞད་པའི་རྡོ་རྗེ་ངག་དབང་བརྩོན་འགྲུས།	sungbum	0
S19108		ཚད་མ།/རྒྱུད་གཞན་གྲུབ་པ།	ཚད་མ།/རྒྱུད་གཞན་གྲུབ་པ།	sungbum	0
S19109		ཉམས་ལེན།/སྨོན་ལམ།/རྗེ་བཙུན་བློ་བཟང་རྟ་དབྱངས།	ཉམས་ལེན།/སྨོན་ལམ།/རྗེ་བཙུན་བློ་བཟང་རྟ་དབྱངས།	sungbum	0
S19111		རྒྱུད།/རྡོ་རྗེ་རྣལ་འབྱོར་མ།/འགྲེལ་པ།	རྒྱུད།/རྡོ་རྗེ་རྣལ་འབྱོར་མ།/འགྲེལ་པ།	sungbum	0
S192		དྲང་ངེས།/དགེ་བཤེས་རྟ་མགྲིན་རབ་བརྟན།	དྲང་ངེས།/དགེ་བཤེས་རྟ་མགྲིན་རབ་བརྟན།	sungbum	0
S192	The Art Of Interpreting The Buddha	DRANG NGES	The_Art_Of_Interpreting_The_Buddha--DRANG_NGES	r6	0
S193		འདུལ་བ།/སྤྱི།/སེར་བྱེས་ཧར་གདོང་བྱམས་པ་སྐལ་བཟང་།/གཞི་སྨད།	འདུལ་བ།/སྤྱི།/སེར་བྱེས་ཧར་གདོང་བྱམས་པ་སྐལ་བཟང་།/གཞི་སྨད།	sungbum	0
S193		འདུལ་བ།/སྤྱི།/སེར་བྱེས་ཧར་གདོང་བྱམས་པ་སྐལ་བཟང་།/དགེ་སློང་ཕའི།	འདུལ་བ།/སྤྱི།/སེར་བྱེས་ཧར་གདོང་བྱམས་པ་སྐལ་བཟང་།/དགེ་སློང་ཕའི།	sungbum	0
S193		འདུལ་བ།/སྤྱི།/སེར་བྱེས་ཧར་གདོང་བྱམས་པ་སྐལ་བཟང་།/དགེ་སློང་མའི།	འདུལ་བ།/སྤྱི།/སེར་བྱེས་ཧར་གདོང་བྱམས་པ་སྐལ་བཟང་།/དགེ་སློང་མའི།	sungbum	0
S193	General Commentaries	SPYI	General_Commentaries--SPYI	r6	0
S195		ཕར་ཕྱིན།/སྤྱི།/ཅོ་ནེ་བླ་མ་གྲགས་པ་བཤད་སྒྲུབ།	ཕར་ཕྱིན།/སྤྱི།/ཅོ་ནེ་བླ་མ་གྲགས་པ་བཤད་སྒྲུབ།	sungbum	0
S195	Perfection Of Wisdom	PHAR PHYIN	Perfection_Of_Wisdom--PHAR_PHYIN	r6	0
S196		རྒྱུད།/སྤྱི།/ས་ལམ།	རྒྱུད།/སྤྱི།/ས་ལམ།	sungbum	0
S196	Descriptions Of The Paths And Levels Of Secret Practice	SA LAM	Descriptions_Of_The_Paths_And_Levels_Of_Secret_Practice--SA_LAM	r6	0
S197		འདུལ་བ།/གསོ་སྦྱོང་།	འདུལ་བ།/གསོ་སྦྱོང་།	sungbum	0
S197	Rituals Of Monastic Confession	GSO SBYONG	Rituals_Of_Monastic_Confession--GSO_SBYONG	r6	0
S198		ཉམས་ལེན།/བླ་མའི་རྣལ་འབྱོར།/རྗེ་ཙོང་ཁ་པ་བློ་བཟང་གྲགས་པ།/དགའ་ལྡན་ལྷ་བརྒྱ་མ།	ཉམས་ལེན།/བླ་མའི་རྣལ་འབྱོར།/རྗེ་ཙོང་ཁ་པ་བློ་བཟང་གྲགས་པ།/དགའ་ལྡན་ལྷ་བརྒྱ་མ།	sungbum	0
S198	Works On The Thousand Angels Of The Heaven Of Bliss	DGA' LDAN LHA BRGYA MA	Works_On_The_Thousand_Angels_Of_The_Heaven_Of_Bliss--DGA'_LDAN_LHA_BRGYA_MA	r6	0
S199		ཉམས་ལེན།/བླ་མའི་རྣལ་འབྱོར།/རྗེ་ཙོང་ཁ་པ་བློ་བཟང་གྲགས་པ།/དགའ་ལྡན་ལྷ་བརྒྱ་མ།	ཉམས་ལེན།/བླ་མའི་རྣལ་འབྱོར།/རྗེ་ཙོང་ཁ་པ་བློ་བཟང་གྲགས་པ།/དགའ་ལྡན་ལྷ་བརྒྱ་མ།	sungbum	0
S199	Lama Practices	BLA MA'I RNAL 'BYOR	Lama_Practices--BLA_MA'I_RNAL_'BYOR	r6	0
S2		དྲང་ངེས།/རྒྱལ་དབང་འཕྲིན་ལས་རྣམ་རྒྱལ།	དྲང་ངེས།/རྒྱལ་དབང་འཕྲིན་ལས་རྣམ་རྒྱལ།	sungbum	0
S2	The Art Of Interpreting The Buddha	DRANG NGES	The_Art_Of_Interpreting_The_Buddha--DRANG_NGES	r6	0
S20		ཚད་མ།/བསྡུས་གྲྭ།/སྤྱི།/རྭ་སྟོད་བསྡུས་གྲྭ།/འགྲེལ་པ།/འཇམ་དཔལ་དགེ་འདུན་རྒྱ་མཚོ།	ཚད་མ།/བསྡུས་གྲྭ།/སྤྱི།/རྭ་སྟོད་བསྡུས་གྲྭ།/འགྲེལ་པ།/འཇམ་དཔལ་དགེ་འདུན་རྒྱ་མཚོ།	sungbum	0
S20	Buddhist Logic And Perceptual Theory	TSAD MA	Buddhist_Logic_And_Perceptual_Theory--TSAD_MA	r6	0
S200		ཉམས་ལེན།/མཎྜལ་འབུལ་ཚུལ།/སེར་སྨད་མཁན་ཟུར་རིན་པོ་ཆེ་དགེ་བཤེས་བློ་བཟང་མཐར་ཕྱིན།	ཉམས་ལེན།/མཎྜལ་འབུལ་ཚུལ།/སེར་སྨད་མཁན་ཟུར་རིན་པོ་ཆེ་དགེ་བཤེས་བློ་བཟང་མཐར་ཕྱིན།	sungbum	0
S200	Methods Of Offering A Mandala Or A Gift Of The Universe	MAndAL 'BUL TSUL	Methods_Of_Offering_A_Mandala_Or_A_Gift_Of_The_Universe--MAndAL_'BUL_TSUL	r6	0
S201		འདུལ་བ།/སྡོམ་གསུམ།	འདུལ་བ།/སྡོམ་གསུམ།	sungbum	0
S201	Summaries Of The Three Types Of Vows	SDOM GSUM	Summaries_Of_The_Three_Types_Of_Vows--SDOM_GSUM	r6	0
S201	Works On The Bodhisattva Vows	BYANG SEMS SDOM PA	Works_On_The_Bodhisattva_Vows--BYANG_SEMS_SDOM_PA	r6	0
S202		རྒྱུད།/རྡོ་རྗེ་རྣལ་འབྱོར་མ།/རྣལ་འབྱོར།	རྒྱུད།/རྡོ་རྗེ་རྣལ་འབྱོར་མ།/རྣལ་འབྱོར།	sungbum	0
S202	Instructions For Deep Spiritual Practice	RNAL 'BYOR	Instructions_For_Deep_Spiritual_Practice--RNAL_'BYOR	r6	0
S203		ཕྲན་ཚེགས།/ཨྕིཔ།	ཕྲན་ཚེགས།/ཨྕིཔ།	sungbum	0
S203	Miscellaneous works that do not fit into any other category	PHRAN TSEGS	Miscellaneous_works_that do not fit into any other category--PHRAN TSEGS	r6	0
S204		རྒྱུད།/ཐུན་དྲུག	རྒྱུད།/ཐུན་དྲུག	sungbum	0
S204	Sadyamayoga	Tundruk--The Practice For Six Times Of The Day--THUN DRUG	Sadyamayoga--Tundruk--The_Practice_For_Six_Times_Of_The_Day--THUN_DRUG	r6	0
S205		ཚད་མ།/སྤྱི།/སེར་སྨད་མཁན་རིན་པོ་ཆེ་དགེ་བཤེས་བློ་བཟང་མཐར་ཕྱིན་མཆོག	ཚད་མ།/སྤྱི།/སེར་སྨད་མཁན་རིན་པོ་ཆེ་དགེ་བཤེས་བློ་བཟང་མཐར་ཕྱིན་མཆོག	sungbum	0
S205	Buddhist Logic And Perceptual Theory	TSAD MA	Buddhist_Logic_And_Perceptual_Theory--TSAD_MA	r6	0
S206		འདུལ་བ།/སྤྱི།/དགེ་བཤེས་སྐལ་བཟང་རྣམ་རྒྱལ།	འདུལ་བ།/སྤྱི།/དགེ་བཤེས་སྐལ་བཟང་རྣམ་རྒྱལ།	sungbum	0
S206	General Commentaries	SPYI	General_Commentaries--SPYI	r6	0
S207		ཆོ་ག/ཆོས་སྤྱོད།/སེ་ར་སྨད།	ཆོ་ག/ཆོས་སྤྱོད།/སེ་ར་སྨད།	sungbum	0
S207	Monastic Prayer Books	CHOS SPYOD	Monastic_Prayer_Books--CHOS_SPYOD	r6	0
S208		ཕར་ཕྱིན།/ཆོས་འཁོར།	ཕར་ཕྱིན།/ཆོས་འཁོར།	sungbum	0
S208	Perfection Of Wisdom	PHAR PHYIN	Perfection_Of_Wisdom--PHAR_PHYIN	r6	0
S209		ཚད་མ།/བསྡུས་གྲྭ།/རྒྱུ་འབྲས།/མཁས་གྲུབ་སྦྱིན་པ་དར་རྒྱས།	ཚད་མ།/བསྡུས་གྲྭ།/རྒྱུ་འབྲས།/མཁས་གྲུབ་སྦྱིན་པ་དར་རྒྱས།	sungbum	0
S209	Buddhist Logic And Perceptual Theory	TSAD MA	Buddhist_Logic_And_Perceptual_Theory--TSAD_MA	r6	0
S21		དབུ་མ།/འགྲེལ་པ་སྤྱི།/མཁས་གྲུབ་བསྟན་པ་དར་རྒྱས།/སྤྱི་དོན།	དབུ་མ།/འགྲེལ་པ་སྤྱི།/མཁས་གྲུབ་བསྟན་པ་དར་རྒྱས།/སྤྱི་དོན།	sungbum	0
S21	Middle-Way Philosophy	DBU MA	Middle-Way_Philosophy--DBU_MA	r6	0
S210		ཚད་མ།/བསྡུས་གྲྭ།/ཡུལ་ཡུལ་ཅན།	ཚད་མ།/བསྡུས་གྲྭ།/ཡུལ་ཡུལ་ཅན།	sungbum	0
S210	Buddhist Logic And Perceptual Theory	TSAD MA	Buddhist_Logic_And_Perceptual_Theory--TSAD_MA	r6	0
S211		ཚད་མ།/ཕྱོགས་ཆོས་འཁོར་ལོ།	ཚད་མ།/ཕྱོགས་ཆོས་འཁོར་ལོ།	sungbum	0
S211	Buddhist Logic And Perceptual Theory	TSAD MA	Buddhist_Logic_And_Perceptual_Theory--TSAD_MA	r6	0
S212		ཆོ་ག/ཆོས་སྤྱོད།/སེ་ར་བྱེས།	ཆོ་ག/ཆོས་སྤྱོད།/སེ་ར་བྱེས།	sungbum	0
S212	Monastic Prayer Books	CHOS SPYOD	Monastic_Prayer_Books--CHOS_SPYOD	r6	0
S213		ཆོ་ག/ཆོས་སྤྱོད།/དགའ་ལྡན་བྱང་རྩེ།	ཆོ་ག/ཆོས་སྤྱོད།/དགའ་ལྡན་བྱང་རྩེ།	sungbum	0
S213	Monastic Prayer Books	CHOS SPYOD	Monastic_Prayer_Books--CHOS_SPYOD	r6	0
S214		ཆོ་ག/ཆོས་སྤྱོད།/དགའ་ལྡན་བྱང་རྩེ།	ཆོ་ག/ཆོས་སྤྱོད།/དགའ་ལྡན་བྱང་རྩེ།	sungbum	0
S214	Monastic Prayer Books	CHOS SPYOD	Monastic_Prayer_Books--CHOS_SPYOD	r6	0
S215		རྒྱུད།/སྤྱི།/འགྲེལ་པ།/ཆོནེ་ལམ་དྲཀྤ་ཤེདྲུཔ།	རྒྱུད།/སྤྱི།/འགྲེལ་པ།/ཆོནེ་ལམ་དྲཀྤ་ཤེདྲུཔ།	sungbum	0
S215	Commentaries On The Practice	'GREL PA	Commentaries_On_The_Practice--'GREL_PA	r6	0
S216		འདུལ་བ།/གསོ་སྦྱོང་།	འདུལ་བ།/གསོ་སྦྱོང་།	sungbum	0
S216	Rituals Of Monastic Confession	GSO SBYONG	Rituals_Of_Monastic_Confession--GSO_SBYONG	r6	0
S217		ཚད་མ།/བསྡུས་གྲྭ།/སྤྱི།/སྲད་བསྡུས་གྲྭ།	ཚད་མ།/བསྡུས་གྲྭ།/སྤྱི།/སྲད་བསྡུས་གྲྭ།	sungbum	0
S217	Buddhist Logic And Perceptual Theory	TSAD MA	Buddhist_Logic_And_Perceptual_Theory--TSAD_MA	r6	0
S219		དབུ་མ།/ལྟ་ཁྲིད།	དབུ་མ།/ལྟ་ཁྲིད།	sungbum	0
S22		དབུ་མ།/འགྲེལ་པ་སྤྱི།/མཁས་གྲུབ་བསྟན་པ་དར་རྒྱས།/མཐའ་དཔྱོད།	དབུ་མ།/འགྲེལ་པ་སྤྱི།/མཁས་གྲུབ་བསྟན་པ་དར་རྒྱས།/མཐའ་དཔྱོད།	sungbum	0
S22	Middle-Way Philosophy	DBU MA	Middle-Way_Philosophy--DBU_MA	r6	0
S220		མདོ་འགྲེལ།/ཤེས་རབ་སྙིང་པོ།	མདོ་འགྲེལ།/ཤེས་རབ་སྙིང་པོ།	sungbum	0
S220	Commentaries To Sutras	MDO 'GREL	Commentaries_To_Sutras--MDO_'GREL	r6	0
S221		རྒྱུད།/རྡོ་རྗེ་ཤུགས་ལྡན།/རྟོགས་བརྗོད།	རྒྱུད།/རྡོ་རྗེ་ཤུགས་ལྡན།/རྟོགས་བརྗོད།	sungbum	0
S221	Spiritual Biographies	RTOGS BRJOD	Spiritual_Biographies--RTOGS_BRJOD	r6	0
S222		རྒྱུད།/རྡོ་རྗེ་ཤུགས་ལྡན།/མཆོད་པ།	རྒྱུད།/རྡོ་རྗེ་ཤུགས་ལྡན།/མཆོད་པ།	sungbum	0
S222	Methods Of Performing Spiritual Offerings	MCHOD PA	Methods_Of_Performing_Spiritual_Offerings--MCHOD_PA	r6	0
S223		རྒྱུད།/རྡོ་རྗེ་ཤུགས་ལྡན།/སྦྱིན་སྲེག	རྒྱུད།/རྡོ་རྗེ་ཤུགས་ལྡན།/སྦྱིན་སྲེག	sungbum	0
S223	Methods Of Performing Fire Offerings	SBYIN SREG	Methods_Of_Performing_Fire_Offerings--SBYIN_SREG	r6	0
S224		རྒྱུད།/རྡོ་རྗེ་ཤུགས་ལྡན།/སྦྱིན་སྲེག	རྒྱུད།/རྡོ་རྗེ་ཤུགས་ལྡན།/སྦྱིན་སྲེག	sungbum	0
S224	Methods Of Performing Fire Offerings	SBYIN SREG	Methods_Of_Performing_Fire_Offerings--SBYIN_SREG	r6	0
S225		རྒྱུད།/རྡོ་རྗེ་ཤུགས་ལྡན།/མཆོད་པ།	རྒྱུད།/རྡོ་རྗེ་ཤུགས་ལྡན།/མཆོད་པ།	sungbum	0
S225	Methods Of Performing Spiritual Offerings	MCHOD PA	Methods_Of_Performing_Spiritual_Offerings--MCHOD_PA	r6	0
S226		རྒྱུད།/རྡོ་རྗེ་ཤུགས་ལྡན།/མཆོད་པ།	རྒྱུད།/རྡོ་རྗེ་ཤུགས་ལྡན།/མཆོད་པ།	sungbum	0
S226	Methods Of Performing Spiritual Offerings	MCHOD PA	Methods_Of_Performing_Spiritual_Offerings--MCHOD_PA	r6	0
S227		རྒྱུད།/རྡོ་རྗེ་ཤུགས་ལྡན།/མཆོད་པ།	རྒྱུད།/རྡོ་རྗེ་ཤུགས་ལྡན།/མཆོད་པ།	sungbum	0
S227	Methods Of Performing Spiritual Offerings	MCHOD PA	Methods_Of_Performing_Spiritual_Offerings--MCHOD_PA	r6	0
S228		རྒྱུད།/རྡོ་རྗེ་ཤུགས་ལྡན།/བུམ་པ།	རྒྱུད།/རྡོ་རྗེ་ཤུགས་ལྡན།/བུམ་པ།	sungbum	0
S228	Methods Of Preparing A Sacred Vase	BUM PA	Methods_Of_Preparing_A_Sacred_Vase--BUM_PA	r6	0
S229		རྒྱུད།/རྡོ་རྗེ་ཤུགས་ལྡན།/གཏོར་མ།	རྒྱུད།/རྡོ་རྗེ་ཤུགས་ལྡན།/གཏོར་མ།	sungbum	0
S229	Methods For Making Torma-Cake Offerings	GTOR MA	Methods_For_Making_Torma-Cake_Offerings--GTOR_MA	r6	0
S23		ཚད་མ།/ཚད་མ་རྣམ་འགྲེལ།/དགེ་བཤེས་ཡེ་ཤེས་དབང་ཕྱུག	ཚད་མ།/ཚད་མ་རྣམ་འགྲེལ།/དགེ་བཤེས་ཡེ་ཤེས་དབང་ཕྱུག	sungbum	0
S23	Buddhist Logic And Perceptual Theory	TSAD MA	Buddhist_Logic_And_Perceptual_Theory--TSAD_MA	r6	0
S230		རྒྱུད།/སྤྱི།/ཆོས་སྲུང་།	རྒྱུད།/སྤྱི།/ཆོས་སྲུང་།	sungbum	0
S230	Teachings On Dharma Protectors	CHOS SRUNG	Teachings_On_Dharma_Protectors--CHOS_SRUNG	r6	0
S231		རྒྱུད།/ནམ་མཁའ་སྦར་འཛིན།/མཆོད་པ།	རྒྱུད།/ནམ་མཁའ་སྦར་འཛིན།/མཆོད་པ།	sungbum	0
S231	Methods Of Performing Spiritual Offerings	MCHOD PA	Methods_Of_Performing_Spiritual_Offerings--MCHOD_PA	r6	0
S232		རྒྱུད།/རྟ་མགྲིན།/སྲོག་གླུད།	རྒྱུད།/རྟ་མགྲིན།/སྲོག་གླུད།	sungbum	0
S232	Methods Of Paying A Ritual Ransom To Prevent Death	'CHI BLU	Methods_Of_Paying_A_Ritual_Ransom_To_Prevent_Death--'CHI_BLU	r6	0
S233		བླ་བརྒྱུད།	བླ་བརྒྱུད།	sungbum	0
S233	Lineages Of The Lamas Who Have Passed On The Teaching	BLA MA'I BRGYUD	Lineages_Of_The_Lamas_Who_Have_Passed_On_The_Teaching--BLA_MA'I_BRGYUD	r6	0
S234		བླ་བརྒྱུད།	བླ་བརྒྱུད།	sungbum	0
S234	Lineages Of The Lamas Who Have Passed On The Teaching	BLA MA'I BRGYUD	Lineages_Of_The_Lamas_Who_Have_Passed_On_The_Teaching--BLA_MA'I_BRGYUD	r6	0
S235		བླ་བརྒྱུད།	བླ་བརྒྱུད།	sungbum	0
S235	Lineages Of The Lamas Who Have Passed On The Teaching	BLA MA'I BRGYUD	Lineages_Of_The_Lamas_Who_Have_Passed_On_The_Teaching--BLA_MA'I_BRGYUD	r6	0
S236		བླ་བརྒྱུད།	བླ་བརྒྱུད།	sungbum	0
S236	Lineages Of The Lamas Who Have Passed On The Teaching	BLA MA'I BRGYUD	Lineages_Of_The_Lamas_Who_Have_Passed_On_The_Teaching--BLA_MA'I_BRGYUD	r6	0
S237		བླ་བརྒྱུད།	བླ་བརྒྱུད།	sungbum	0
S237	Lineages Of The Lamas Who Have Passed On The Teaching	BLA MA'I BRGYUD	Lineages_Of_The_Lamas_Who_Have_Passed_On_The_Teaching--BLA_MA'I_BRGYUD	r6	0
S238		བླ་བརྒྱུད།	བླ་བརྒྱུད།	sungbum	0
S238	Lineages Of The Lamas Who Have Passed On The Teaching	BLA MA'I BRGYUD	Lineages_Of_The_Lamas_Who_Have_Passed_On_The_Teaching--BLA_MA'I_BRGYUD	r6	0
S239		ཆོ་ག/གཟུང་གཞུག	ཆོ་ག/གཟུང་གཞུག	sungbum	0
S239	Official Documents Including Monastic Constitutions	BCA' YIG	Official_Documents_Including_Monastic_Constitutions--BCA'_YIG	r6	0
S240		ཉམས་ལེན།/ཞབས་བརྟན།/སྐྱབས་རྗེ་ཁྲི་བྱང་རིན་པོ་ཆེ་བློ་བཟང་ཡེ་ཤེས་བསྟན་འཛིན་རྒྱ་མཚོ།	ཉམས་ལེན།/ཞབས་བརྟན།/སྐྱབས་རྗེ་ཁྲི་བྱང་རིན་པོ་ཆེ་བློ་བཟང་ཡེ་ཤེས་བསྟན་འཛིན་རྒྱ་མཚོ།	sungbum	0
S240	Methods Of Praying For The Long Life Of High Beings	ZHABS BRTAN	Methods_Of_Praying_For_The_Long_Life_Of_High_Beings--ZHABS_BRTAN	r6	0
S241		ཉམས་ལེན།/བསླབ་བྱ།/སྐྱབས་རྗེ་ཁྲི་བྱང་རིན་པོ་ཆེ་བློ་བཟང་ཡེ་ཤེས་བསྟན་འཛིན་རྒྱ་མཚོ།	ཉམས་ལེན།/བསླབ་བྱ།/སྐྱབས་རྗེ་ཁྲི་བྱང་རིན་པོ་ཆེ་བློ་བཟང་ཡེ་ཤེས་བསྟན་འཛིན་རྒྱ་མཚོ།	sungbum	0
S241	Personal Spiritual Advices	BSLAB BYA	Personal_Spiritual_Advices--BSLAB_BYA	r6	0
S242		འཕྲིན་ཡིག/སྐྱབས་རྗེ་ཁྲི་བྱང་རིན་པོ་ཆེ་བློ་བཟང་ཡེ་ཤེས་བསྟན་འཛིན་རྒྱ་མཚོ།	འཕྲིན་ཡིག/སྐྱབས་རྗེ་ཁྲི་བྱང་རིན་པོ་ཆེ་བློ་བཟང་ཡེ་ཤེས་བསྟན་འཛིན་རྒྱ་མཚོ།	sungbum	0
S242	Epistles	'PHRIN YIG	Epistles--'PHRIN_YIG	r6	0
S243		ཉམས་ལེན།/བསླབ་བྱ།/སྐྱབས་རྗེ་ཁྲི་བྱང་རིན་པོ་ཆེ་བློ་བཟང་ཡེ་ཤེས་བསྟན་འཛིན་རྒྱ་མཚོ།	ཉམས་ལེན།/བསླབ་བྱ།/སྐྱབས་རྗེ་ཁྲི་བྱང་རིན་པོ་ཆེ་བློ་བཟང་ཡེ་ཤེས་བསྟན་འཛིན་རྒྱ་མཚོ།	sungbum	0
S243	Personal Spiritual Advices	BSLAB BYA	Personal_Spiritual_Advices--BSLAB_BYA	r6	0
S244		རྒྱུད།/སྤྱི།/བརྟན་བཞུགས།	རྒྱུད།/སྤྱི།/བརྟན་བཞུགས།	sungbum	0
S244	Methods Of Entreating Holy Beings To Stay In This World With Us	BRTAN BZHUGS	Methods_Of_Entreating_Holy_Beings_To_Stay_In_This_World_With_Us--BRTAN_BZHUGS	r6	0
S245		ཉམས་ལེན།/གསོལ་འདེབས།/སྐྱབས་རྗེ་ཁྲི་བྱང་རིན་པོ་ཆེ།	ཉམས་ལེན།/གསོལ་འདེབས།/སྐྱབས་རྗེ་ཁྲི་བྱང་རིན་པོ་ཆེ།	sungbum	0
S245	Methods Of Making Supplication To The Holy Being	GSOL 'DEBS	Methods_Of_Making_Supplication_To_The_Holy_Being--GSOL_'DEBS	r6	0
S246		བཅའ་ཡིག/སྟག་བྲག	བཅའ་ཡིག/སྟག་བྲག	sungbum	0
S246	Official Documents Including Monastic Constitutions	BCA' YIG	Official_Documents_Including_Monastic_Constitutions--BCA'_YIG	r6	0
S247		རྒྱུད།/འཁོར་ལོ་སྡོམ་པ།/ཚོགས།	རྒྱུད།/འཁོར་ལོ་སྡོམ་པ།/ཚོགས།	sungbum	0
S247	Methods Of Performing Secret Feasts	TSOGS	Methods_Of_Performing_Secret_Feasts--TSOGS	r6	0
S248		རྒྱུད།/མགོན་པོ།/བསྐང་གསོ།	རྒྱུད།/མགོན་པོ།/བསྐང་གསོ།	sungbum	0
S248	Rites Of Fulfilment And Restoration Of Vows	BSKANG GSO	Rites_Of_Fulfilment_And_Restoration_Of_Vows--BSKANG_GSO	r6	0
S248	Texts On Chanting With Musical Notation	DBYANGS YIG	Texts_On_Chanting_With_Musical_Notation--DBYANGS_YIG	r6	0
S249		རྒྱུད།/སྤྱི།/མཆོད་པ།	རྒྱུད།/སྤྱི།/མཆོད་པ།	sungbum	0
S249	Methods Of Performing Spiritual Offerings	MCHOD PA	Methods_Of_Performing_Spiritual_Offerings--MCHOD_PA	r6	0
S25		དབུ་མ།/འགྲེལ་པ་སྤྱི།/མཁས་གྲུབ་བསྟན་པ་དར་རྒྱས།/མཐའ་དཔྱོད།	དབུ་མ།/འགྲེལ་པ་སྤྱི།/མཁས་གྲུབ་བསྟན་པ་དར་རྒྱས།/མཐའ་དཔྱོད།	sungbum	0
S25	Middle-Way Philosophy	DBU MA	Middle-Way_Philosophy--DBU_MA	r6	0
S250		རྒྱུད།/ཐ་འོག/གཏོར་མ།	རྒྱུད།/ཐ་འོག/གཏོར་མ།	sungbum	0
S250	Methods For Making Torma-Cake Offerings	GTOR MA	Methods_For_Making_Torma-Cake_Offerings--GTOR_MA	r6	0
S251		ཉམས་ལེན།/སྨྱུང་གནས།	ཉམས་ལེན།/སྨྱུང་གནས།	sungbum	0
S251	Methods Of Spiritual Fasting	SMYUNG GNAS	Methods_Of_Spiritual_Fasting--SMYUNG_GNAS	r6	0
S252		ཉམས་ལེན།/བསླབ་བྱ།/སྐྱབས་རྗེ་ཁྲི་བྱང་རིན་པོ་ཆེ་བློ་བཟང་ཡེ་ཤེས་བསྟན་འཛིན་རྒྱ་མཚོ།	ཉམས་ལེན།/བསླབ་བྱ།/སྐྱབས་རྗེ་ཁྲི་བྱང་རིན་པོ་ཆེ་བློ་བཟང་ཡེ་ཤེས་བསྟན་འཛིན་རྒྱ་མཚོ།	sungbum	0
S252	Personal Spiritual Advices	BSLAB BYA	Personal_Spiritual_Advices--BSLAB_BYA	r6	0
S253		ཉམས་ལེན།/སྨོན་ལམ།/སྐྱབས་རྗེ་ཁྲི་བྱང་རིན་པོ་ཆེ་བློ་བཟང་ཡེ་ཤེས་བསྟན་འཛིན་རྒྱ་མཚོ།	ཉམས་ལེན།/སྨོན་ལམ།/སྐྱབས་རྗེ་ཁྲི་བྱང་རིན་པོ་ཆེ་བློ་བཟང་ཡེ་ཤེས་བསྟན་འཛིན་རྒྱ་མཚོ།	sungbum	0
S253	Methods Of Prayer	SMON LAM	Methods_Of_Prayer--SMON_LAM	r6	0
S254		རྣམ་ཐར།/མཚན་ཐོག/ཡེ་ཤེས་བསྟན་པའི་སྒྲོན་མེ།	རྣམ་ཐར།/མཚན་ཐོག/ཡེ་ཤེས་བསྟན་པའི་སྒྲོན་མེ།	sungbum	0
S254	Changkya Rulpay Dorje Yeshe Tenpay Drunme	LCANG SKYA ROL PA'I RDO RJE YE SHES BSTAN PA'I SGRON ME	Changkya_Rulpay_Dorje_Yeshe_Tenpay_Drunme--LCANG_SKYA_ROL_PA'I_RDO_RJE_YE_SHES_BSTAN_PA'I_SGRON_ME	r6	0
S255		རྒྱུད།/བདེ་མཆོག/འགྲེལ་པ།	རྒྱུད།/བདེ་མཆོག/འགྲེལ་པ།	sungbum	0
S255	Commentaries On The Practice	'GREL PA	Commentaries_On_The_Practice--'GREL_PA	r6	0
S256		དྲང་ངེས།/ཤིང་བཟའ་པཎྜི་ཏ།	དྲང་ངེས།/ཤིང་བཟའ་པཎྜི་ཏ།	sungbum	0
S256	The Art Of Interpreting The Buddha	DRANG NGES	The_Art_Of_Interpreting_The_Buddha--DRANG_NGES	r6	0
S257		རྒྱུད།/འཇིགས་བྱེད།/འགྲེལ་པ།	རྒྱུད།/འཇིགས་བྱེད།/འགྲེལ་པ།	sungbum	0
S257	Commentaries On The Practice	'GREL PA	Commentaries_On_The_Practice--'GREL_PA	r6	0
S258		རྒྱུད།/འཇིགས་བྱེད།/འགྲེལ་པ།	རྒྱུད།/འཇིགས་བྱེད།/འགྲེལ་པ།	sungbum	0
S258	Commentaries On The Practice	'GREL PA	Commentaries_On_The_Practice--'GREL_PA	r6	0
S259		རྒྱུད།/བདེ་མཆོག/འགྲེལ་པ།	རྒྱུད།/བདེ་མཆོག/འགྲེལ་པ།	sungbum	0
S259	Commentaries On The Practice	'GREL PA	Commentaries_On_The_Practice--'GREL_PA	r6	0
S26		དྲང་ངེས།/སེར་བྱེས་མཁན་ཟུར་དགེ་བཤེས་བློ་བཟང་དབང་ཕྱུག	དྲང་ངེས།/སེར་བྱེས་མཁན་ཟུར་དགེ་བཤེས་བློ་བཟང་དབང་ཕྱུག	sungbum	0
S26	The Art Of Interpreting The Buddha	DRANG NGES	The_Art_Of_Interpreting_The_Buddha--DRANG_NGES	r6	0
S260		རྒྱུད།/གསང་འདུས།/རྫོགས་རིམ།	རྒྱུད།/གསང་འདུས།/རྫོགས་རིམ།	sungbum	0
S260	Instructions For The Stage Of Completion	RDZOGS RIM	Instructions_For_The_Stage_Of_Completion--RDZOGS_RIM	r6	0
S261		རྒྱུད།/གསང་འདུས།/བསྐྱེད་རིམ།	རྒྱུད།/གསང་འདུས།/བསྐྱེད་རིམ།	sungbum	0
S261	Instructions For The Stage Of Creation	BSKYED RIM	Instructions_For_The_Stage_Of_Creation--BSKYED_RIM	r6	0
S262		རྒྱུད།/གསང་འདུས།/ཡི་གེ་བཞི་བཅུ།	རྒྱུད།/གསང་འདུས།/ཡི་གེ་བཞི་བཅུ།	sungbum	0
S262	The Practice Of The Forty Sacred Syllables	YI GE BZHI BCU	The_Practice_Of_The_Forty_Sacred_Syllables--YI_GE_BZHI_BCU	r6	0
S263		རྒྱུད།/སྒྲོལ་མ།/བསྟོད་པ།	རྒྱུད།/སྒྲོལ་མ།/བསྟོད་པ།	sungbum	0
S263	Words Of Praise	BSTOD PA	Words_Of_Praise--BSTOD_PA	r6	0
S264		རྒྱུད།/རིམ་ལྔ།/འགྲེལ་པ།	རྒྱུད།/རིམ་ལྔ།/འགྲེལ་པ།	sungbum	0
S264	Commentaries On The Practice	'GREL PA	Commentaries_On_The_Practice--'GREL_PA	r6	0
S265		རྒྱུད།/གསང་འདུས།/བསྐྱེད་རིམ།	རྒྱུད།/གསང་འདུས།/བསྐྱེད་རིམ།	sungbum	0
S265	Instructions For The Stage Of Creation	BSKYED RIM	Instructions_For_The_Stage_Of_Creation--BSKYED_RIM	r6	0
S266		རྒྱུད།/གསང་འདུས།/འགྲེལ་པ།	རྒྱུད།/གསང་འདུས།/འགྲེལ་པ།	sungbum	0
S266	Commentaries On The Practice	'GREL PA	Commentaries_On_The_Practice--'GREL_PA	r6	0
S267		གསན་ཡིག/སྐྱབས་རྗེ་ཕ་བོང་ཁ་པ་བདེ་ཆེན་སྙིང་པོ།	གསན་ཡིག/སྐྱབས་རྗེ་ཕ་བོང་ཁ་པ་བདེ་ཆེན་སྙིང་པོ།	sungbum	0
S267	Lists Of Secret Teachings Received By Eminent Lamas	GSAN YIG	Lists_Of_Secret_Teachings_Received_By_Eminent_Lamas--GSAN_YIG	r6	0
S268		གསན་ཡིག/སྐྱབས་རྗེ་ཕ་བོང་ཁ་པ་བདེ་ཆེན་སྙིང་པོ།	གསན་ཡིག/སྐྱབས་རྗེ་ཕ་བོང་ཁ་པ་བདེ་ཆེན་སྙིང་པོ།	sungbum	0
S268	Lists Of Secret Teachings Received By Eminent Lamas	GSAN YIG	Lists_Of_Secret_Teachings_Received_By_Eminent_Lamas--GSAN_YIG	r6	0
S269		གསན་ཡིག/སྐྱབས་རྗེ་ཕ་བོང་ཁ་པ་བདེ་ཆེན་སྙིང་པོ།	གསན་ཡིག/སྐྱབས་རྗེ་ཕ་བོང་ཁ་པ་བདེ་ཆེན་སྙིང་པོ།	sungbum	0
S269	Lists Of Secret Teachings Received By Eminent Lamas	GSAN YIG	Lists_Of_Secret_Teachings_Received_By_Eminent_Lamas--GSAN_YIG	r6	0
S27		མངོན་པ།/ཅོ་ནེ་བླ་མ་གྲགས་པ་བཤད་སྒྲུབ།	མངོན་པ།/ཅོ་ནེ་བླ་མ་གྲགས་པ་བཤད་སྒྲུབ།	sungbum	0
S27	Higher Knowledge	MNGON PA	Higher_Knowledge--MNGON_PA	r6	0
S270		གསན་ཡིག/སྐྱབས་རྗེ་ཕ་བོང་ཁ་པ་བདེ་ཆེན་སྙིང་པོ།	གསན་ཡིག/སྐྱབས་རྗེ་ཕ་བོང་ཁ་པ་བདེ་ཆེན་སྙིང་པོ།	sungbum	0
S270	Lists Of Secret Teachings Received By Eminent Lamas	GSAN YIG	Lists_Of_Secret_Teachings_Received_By_Eminent_Lamas--GSAN_YIG	r6	0
S271		ལམ་རིམ།/ལམ་རིམ་འབྲིང་།	ལམ་རིམ།/ལམ་རིམ་འབྲིང་།	sungbum	0
S272		གསན་ཡིག/སྐྱབས་རྗེ་ཁྲི་བྱང་རིན་པོ་ཆེ།	གསན་ཡིག/སྐྱབས་རྗེ་ཁྲི་བྱང་རིན་པོ་ཆེ།	sungbum	0
S272	Lists Of Secret Teachings Received By Eminent Lamas	GSAN YIG	Lists_Of_Secret_Teachings_Received_By_Eminent_Lamas--GSAN_YIG	r6	0
S273		དབུ་མ།/འགྲེལ་པ་སྤྱི།/དགེ་སློང་ཤེས་རབ་དབང་པོ།	དབུ་མ།/འགྲེལ་པ་སྤྱི།/དགེ་སློང་ཤེས་རབ་དབང་པོ།	sungbum	0
S273	Middle-Way Philosophy	DBU MA	Middle-Way_Philosophy--DBU_MA	r6	0
S274		རྒྱུད།/ཡིད་བཞིན་འཁོར་ལོ།/སྒྲུབ་ཐབས།	རྒྱུད།/ཡིད་བཞིན་འཁོར་ལོ།/སྒྲུབ་ཐབས།	sungbum	0
S274	Methods For Reaching The Holy Being	SGRUB THABS	Methods_For_Reaching_The_Holy_Being--SGRUB_THABS	r6	0
S275		རྒྱུད།/ཡིད་བཞིན་འཁོར་ལོ།/བསྙེན་པ།	རྒྱུད།/ཡིད་བཞིན་འཁོར་ལོ།/བསྙེན་པ།	sungbum	0
S275	Instructions For A Secret Retreat	BSNYEN PA	Instructions_For_A_Secret_Retreat--BSNYEN_PA	r6	0
S276		རྒྱུད།/ཡིད་བཞིན་འཁོར་ལོ།/སྦྱིན་སྲེག	རྒྱུད།/ཡིད་བཞིན་འཁོར་ལོ།/སྦྱིན་སྲེག	sungbum	0
S276	Methods Of Performing Fire Offerings	SBYIN SREG	Methods_Of_Performing_Fire_Offerings--SBYIN_SREG	r6	0
S277		རྒྱུད།/རྣམ་རྒྱལ་མ།/བརྟན་བཞུགས།	རྒྱུད།/རྣམ་རྒྱལ་མ།/བརྟན་བཞུགས།	sungbum	0
S278		རྒྱུད།/སྒྲོལ་མ།/སྒྲུབ་ཐབས།	རྒྱུད།/སྒྲོལ་མ།/སྒྲུབ་ཐབས།	sungbum	0
S278	Methods For Reaching The Holy Being	SGRUB THABS	Methods_For_Reaching_The_Holy_Being--SGRUB_THABS	r6	0
S279		རྒྱུད།/སྒྲོལ་མ།/བསྙེན་པ།	རྒྱུད།/སྒྲོལ་མ།/བསྙེན་པ།	sungbum	0
S279	Instructions For A Secret Retreat	BSNYEN PA	Instructions_For_A_Secret_Retreat--BSNYEN_PA	r6	0
S28		དབུ་མ།/རྩ་བ་ཤེས་རབ་གྱི་འགྲེལ་པ།/ཅོ་ནེ་བླ་མ་གྲགས་པ་བཤད་སྒྲུབ།	དབུ་མ།/རྩ་བ་ཤེས་རབ་གྱི་འགྲེལ་པ།/ཅོ་ནེ་བླ་མ་གྲགས་པ་བཤད་སྒྲུབ།	sungbum	0
S28	Middle-Way Philosophy	DBU MA	Middle-Way_Philosophy--DBU_MA	r6	0
S280		རྒྱུད།/སྒྲོལ་མ།/བརྟན་བཞུགས།	རྒྱུད།/སྒྲོལ་མ།/བརྟན་བཞུགས།	sungbum	0
S280	Methods Of Entreating Holy Beings To Stay In This World With Us	BRTAN BZHUGS	Methods_Of_Entreating_Holy_Beings_To_Stay_In_This_World_With_Us--BRTAN_BZHUGS	r6	0
S281		རྒྱུད།/སྒྲོལ་མ།/ཚོགས།	རྒྱུད།/སྒྲོལ་མ།/ཚོགས།	sungbum	0
S281	Methods Of Performing Secret Feasts	TSOGS	Methods_Of_Performing_Secret_Feasts--TSOGS	r6	0
S282		རྒྱུད།/སྒྲོལ་མ།/སྦྱིན་སྲེག	རྒྱུད།/སྒྲོལ་མ།/སྦྱིན་སྲེག	sungbum	0
S282	Methods Of Performing Fire Offerings	SBYIN SREG	Methods_Of_Performing_Fire_Offerings--SBYIN_SREG	r6	0
S283		རྒྱུད།/སྒྲོལ་མ།/མཎྜལ་བཞི།	རྒྱུད།/སྒྲོལ་མ།/མཎྜལ་བཞི།	sungbum	0
S283	The Practice Of The Four Mandalas Or Secret Worlds	MAndAL BZHI	The_Practice_Of_The_Four_Mandalas_Or_Secret_Worlds--MAndAL_BZHI	r6	0
S284		རྒྱུད།/སྒྲོལ་མ།/མཎྜལ་བཞི།	རྒྱུད།/སྒྲོལ་མ།/མཎྜལ་བཞི།	sungbum	0
S285		རྒྱུད།/སྒྲོལ་མ།/བདག་འཇུག	རྒྱུད།/སྒྲོལ་མ།/བདག་འཇུག	sungbum	0
S285	Methods For Entering The Secret World By Oneself	BDAG 'JUG	Methods_For_Entering_The_Secret_World_By_Oneself--BDAG_'JUG	r6	0
S286		རྒྱུད།/སྒྲོལ་མ།/བསྙེན་པ།	རྒྱུད།/སྒྲོལ་མ།/བསྙེན་པ།	sungbum	0
S286	Instructions For A Secret Retreat	BSNYEN PA	Instructions_For_A_Secret_Retreat--BSNYEN_PA	r6	0
S286	Methods Of Performing Fire Offerings	SBYIN SREG	Methods_Of_Performing_Fire_Offerings--SBYIN_SREG	r6	0
S287		རྒྱུད།/སྒྲོལ་མ།/བསྙེན་པ།	རྒྱུད།/སྒྲོལ་མ།/བསྙེན་པ།	sungbum	0
S287	Instructions For A Secret Retreat	BSNYEN PA	Instructions_For_A_Secret_Retreat--BSNYEN_PA	r6	0
S288		རྒྱུད།/སྒྲོལ་མ།/སྲོག་གླུད།	རྒྱུད།/སྒྲོལ་མ།/སྲོག་གླུད།	sungbum	0
S288	Methods Of Paying A Ritual Ransom To Prevent Death	'CHI BLU	Methods_Of_Paying_A_Ritual_Ransom_To_Prevent_Death--'CHI_BLU	r6	0
S289		རྒྱུད།/བདེ་མཆོག/ལུས་དཀྱིལ།	རྒྱུད།/བདེ་མཆོག/ལུས་དཀྱིལ།	sungbum	0
S289	Instructions For The Practice Of The Secret World Of The Body	LUS DKYIL	Instructions_For_The_Practice_Of_The_Secret_World_Of_The_Body--LUS_DKYIL	r6	0
S29		ཚད་མ།/ཚད་མ་རྣམ་འགྲེལ།/དགེ་བཤེས་ཡེ་ཤེས་དབང་ཕྱུག	ཚད་མ།/ཚད་མ་རྣམ་འགྲེལ།/དགེ་བཤེས་ཡེ་ཤེས་དབང་ཕྱུག	sungbum	0
S29	Buddhist Logic And Perceptual Theory	TSAD MA	Buddhist_Logic_And_Perceptual_Theory--TSAD_MA	r6	0
S290		རྒྱུད།/འཇིགས་བྱེད།/བསྙེན་པ།	རྒྱུད།/འཇིགས་བྱེད།/བསྙེན་པ།	sungbum	0
S290	Instructions For A Secret Retreat	BSNYEN PA	Instructions_For_A_Secret_Retreat--BSNYEN_PA	r6	0
S291		ཆོ་ག/རབ་གནས།	ཆོ་ག/རབ་གནས།	sungbum	0
S291	Rituals Of Consecration	RAB GNAS	Rituals_Of_Consecration--RAB_GNAS	r6	0
S292		ཆོ་ག/རབ་གནས།	ཆོ་ག/རབ་གནས།	sungbum	0
S292	Rituals Of Consecration	RAB GNAS	Rituals_Of_Consecration--RAB_GNAS	r6	0
S293		རྒྱུད།/འཇིགས་བྱེད།/སྦྱིན་སྲེག	རྒྱུད།/འཇིགས་བྱེད།/སྦྱིན་སྲེག	sungbum	0
S293	Methods Of Performing Fire Offerings	SBYIN SREG	Methods_Of_Performing_Fire_Offerings--SBYIN_SREG	r6	0
S294		རྒྱུད།/དྲུག་ཅུ་པ།/ས་ཆོག	རྒྱུད།/དྲུག་ཅུ་པ།/ས་ཆོག	sungbum	0
S294	Rituals For Blessing A Site	SA CHOG	Rituals_For_Blessing_A_Site--SA_CHOG	r6	0
S295		རྒྱུད།/དྲུག་ཅུ་པ།/མཆོད་པ།	རྒྱུད།/དྲུག་ཅུ་པ།/མཆོད་པ།	sungbum	0
S295	Methods Of Performing Spiritual Offerings	MCHOD PA	Methods_Of_Performing_Spiritual_Offerings--MCHOD_PA	r6	0
S296		རྣམ་ཐར།/མཚན་ཐོག/སྐྱབས་རྗེ་ཁྲི་བྱང་རིན་པོ་ཆེ།	རྣམ་ཐར།/མཚན་ཐོག/སྐྱབས་རྗེ་ཁྲི་བྱང་རིན་པོ་ཆེ།	sungbum	0
S296	Kyabje Trijang Rinpoche Lobsang Yeshe Tendzin Gyatso	SKYABS RJE KHRI BYANG RIN PO CHE BLO BZANG YE SHES BSTAN 'DZIN RGYA MTSO	Kyabje_Trijang_Rinpoche_Lobsang_Yeshe_Tendzin_Gyatso--SKYABS_RJE_KHRI_BYANG_RIN_PO_CHE_BLO_BZANG_YE_SHES_BSTAN_'DZIN_RGYA_MTSO	r6	0
S297		རྒྱུད།/བདེ་མཆོག/འགྲེལ་པ།	རྒྱུད།/བདེ་མཆོག/འགྲེལ་པ།	sungbum	0
S297	Commentaries On The Practice	'GREL PA	Commentaries_On_The_Practice--'GREL_PA	r6	0
S298		རྒྱུད།/བདེ་མཆོག/བསྐྱེད་རིམ།	རྒྱུད།/བདེ་མཆོག/བསྐྱེད་རིམ།	sungbum	0
S298	Instructions For The Stage Of Creation	BSKYED RIM	Instructions_For_The_Stage_Of_Creation--BSKYED_RIM	r6	0
S299		རྒྱུད།/བདེ་མཆོག/རྫོགས་རིམ།	རྒྱུད།/བདེ་མཆོག/རྫོགས་རིམ།	sungbum	0
S299	Instructions For The Stage Of Completion	RDZOGS RIM	Instructions_For_The_Stage_Of_Completion--RDZOGS_RIM	r6	0
S3		རྒྱུད།/འཇིགས་བྱེད།/བདག་འཇུག	རྒྱུད།/འཇིགས་བྱེད།/བདག་འཇུག	sungbum	0
S3	Methods For Entering The Secret World By Oneself	BDAG 'JUG	Methods_For_Entering_The_Secret_World_By_Oneself--BDAG_'JUG	r6	0
S30		ཚད་མ།/ཚད་མ་རྣམ་འགྲེལ།/དགེ་བཤེས་ཡེ་ཤེས་དབང་ཕྱུག	ཚད་མ།/ཚད་མ་རྣམ་འགྲེལ།/དགེ་བཤེས་ཡེ་ཤེས་དབང་ཕྱུག	sungbum	0
S30	Buddhist Logic And Perceptual Theory	TSAD MA	Buddhist_Logic_And_Perceptual_Theory--TSAD_MA	r6	0
S300		ཚད་མ།/ཚད་མ་རྣམ་འགྲེལ།/གཙང་པཎྜིཏ་བསྟན་པ་རྒྱ་མཚོ།	ཚད་མ།/ཚད་མ་རྣམ་འགྲེལ།/གཙང་པཎྜིཏ་བསྟན་པ་རྒྱ་མཚོ།	sungbum	0
S300	Buddhist Logic And Perceptual Theory	TSAD MA	Buddhist_Logic_And_Perceptual_Theory--TSAD_MA	r6	0
S302		དྲང་ངེས།/འཇིགས་མེད་དམ་ཆོས་རྒྱ་མཚོ།	དྲང་ངེས།/འཇིགས་མེད་དམ་ཆོས་རྒྱ་མཚོ།	sungbum	0
S302	The Art Of Interpreting The Buddha	DRANG NGES	The_Art_Of_Interpreting_The_Buddha--DRANG_NGES	r6	0
S303		དྲང་ངེས།/འཇིགས་མེད་དམ་ཆོས་རྒྱ་མཚོ།	དྲང་ངེས།/འཇིགས་མེད་དམ་ཆོས་རྒྱ་མཚོ།	sungbum	0
S303	The Art Of Interpreting The Buddha	DRANG NGES	The_Art_Of_Interpreting_The_Buddha--DRANG_NGES	r6	0
S304		རྒྱུད།/སྤྱི།/བླ་བརྒྱུད།	རྒྱུད།/སྤྱི།/བླ་བརྒྱུད།	sungbum	0
S304	Lineages Of The Lamas Who Have Passed On The Teaching	BLA MA'I BRGYUD	Lineages_Of_The_Lamas_Who_Have_Passed_On_The_Teaching--BLA_MA'I_BRGYUD	r6	0
S305		མདོ་འགྲེལ།/ཤེས་རབ་སྙིང་པོ།	མདོ་འགྲེལ།/ཤེས་རབ་སྙིང་པོ།	sungbum	0
S305	Commentaries To Sutras	MDO 'GREL	Commentaries_To_Sutras--MDO_'GREL	r6	0
S306		དབུ་མ།/ལྟ་ཁྲིད།	དབུ་མ།/ལྟ་ཁྲིད།	sungbum	0
S306	Middle-Way Philosophy	DBU MA	Middle-Way_Philosophy--DBU_MA	r6	0
S31		ཚད་མ།/ཚད་མ་རྣམ་འགྲེལ།/དགེ་བཤེས་ཡེ་ཤེས་དབང་ཕྱུག	ཚད་མ།/ཚད་མ་རྣམ་འགྲེལ།/དགེ་བཤེས་ཡེ་ཤེས་དབང་ཕྱུག	sungbum	0
S31	Buddhist Logic And Perceptual Theory	TSAD MA	Buddhist_Logic_And_Perceptual_Theory--TSAD_MA	r6	0
S312		གསན་ཡིག/སྐྱབས་རྗེ་ཕ་བོང་ཁ་པ་བདེ་ཆེན་སྙིང་པོ།	གསན་ཡིག/སྐྱབས་རྗེ་ཕ་བོང་ཁ་པ་བདེ་ཆེན་སྙིང་པོ།	sungbum	0
S312	Lists Of Secret Teachings Received By Eminent Lamas	GSAN YIG	Lists_Of_Secret_Teachings_Received_By_Eminent_Lamas--GSAN_YIG	r6	0
S313		གསན་ཡིག/སྐྱབས་རྗེ་ཕ་བོང་ཁ་པ་བདེ་ཆེན་སྙིང་པོ།	གསན་ཡིག/སྐྱབས་རྗེ་ཕ་བོང་ཁ་པ་བདེ་ཆེན་སྙིང་པོ།	sungbum	0
S313	Lists Of Secret Teachings Received By Eminent Lamas	GSAN YIG	Lists_Of_Secret_Teachings_Received_By_Eminent_Lamas--GSAN_YIG	r6	0
S314		རྒྱུད།/འཁོར་ལོ་སྡོམ་པ།/བླ་མ་མཆོད་པ།	རྒྱུད།/འཁོར་ལོ་སྡོམ་པ།/བླ་མ་མཆོད་པ།	sungbum	0
S314	Offering To Lamas	BLA MA MCHOD PA	Offering_To_Lamas--BLA_MA_MCHOD_PA	r6	0
S314	Root Text	RTZA BA	Root_Text--RTZA_BA	r6	0
S315		རྒྱུད།/འཇིགས་བྱེད།/བླ་མ་མཆོད་པ།	རྒྱུད།/འཇིགས་བྱེད།/བླ་མ་མཆོད་པ།	sungbum	0
S315	Offering To Lamas	BLA MA MCHOD PA	Offering_To_Lamas--BLA_MA_MCHOD_PA	r6	0
S315	Root Text	RTZA BA	Root_Text--RTZA_BA	r6	0
S316		རྒྱུད།/སྤྱི།/དབང་།	རྒྱུད།/སྤྱི།/དབང་།	sungbum	0
S316	Methods Of Granting Empowerment Into Secret Practice	DBANG	Methods_Of_Granting_Empowerment_Into_Secret_Practice--DBANG	r6	0
S317		རྒྱུད།/བླ་མ་མཆོད་པ།/རྩ་བ།	རྒྱུད།/བླ་མ་མཆོད་པ།/རྩ་བ།	sungbum	0
S317	Offering To Lamas	BLA MA MCHOD PA	Offering_To_Lamas--BLA_MA_MCHOD_PA	r6	0
S317	Root Text	RTZA BA	Root_Text--RTZA_BA	r6	0
S318		ཉམས་ལེན།/བླ་མའི་རྣལ་འབྱོར།/སྐྱབས་རྗེ་ཕ་བོང་ཁ་པ་བདེ་ཆེན་སྙིང་པོ།	ཉམས་ལེན།/བླ་མའི་རྣལ་འབྱོར།/སྐྱབས་རྗེ་ཕ་བོང་ཁ་པ་བདེ་ཆེན་སྙིང་པོ།	sungbum	0
S318	Lama Practices	BLA MA'I RNAL 'BYOR	Lama_Practices--BLA_MA'I_RNAL_'BYOR	r6	0
S319		བླ་བརྒྱུད།	བླ་བརྒྱུད།	sungbum	0
S319	Lineages Of The Lamas Who Have Passed On The Teaching	BLA MA'I BRGYUD	Lineages_Of_The_Lamas_Who_Have_Passed_On_The_Teaching--BLA_MA'I_BRGYUD	r6	0
S32		ཚད་མ།/ཚད་མ་རྣམ་འགྲེལ།/དགེ་བཤེས་ཡེ་ཤེས་དབང་ཕྱུག	ཚད་མ།/ཚད་མ་རྣམ་འགྲེལ།/དགེ་བཤེས་ཡེ་ཤེས་དབང་ཕྱུག	sungbum	0
S32	Buddhist Logic And Perceptual Theory	TSAD MA	Buddhist_Logic_And_Perceptual_Theory--TSAD_MA	r6	0
S320		ཉམས་ལེན།/བླ་མའི་རྣལ་འབྱོར།/རྗེ་ཙོང་ཁ་པ་བློ་བཟང་གྲགས་པ།/དགའ་ལྡན་ལྷ་བརྒྱ་མ།	ཉམས་ལེན།/བླ་མའི་རྣལ་འབྱོར།/རྗེ་ཙོང་ཁ་པ་བློ་བཟང་གྲགས་པ།/དགའ་ལྡན་ལྷ་བརྒྱ་མ།	sungbum	0
S320	Lama Practices	BLA MA'I RNAL 'BYOR	Lama_Practices--BLA_MA'I_RNAL_'BYOR	r6	0
S321		ཉམས་ལེན།/བླ་མའི་རྣལ་འབྱོར།/རྗེ་ཙོང་ཁ་པ་བློ་བཟང་གྲགས་པ།/དགའ་ལྡན་ལྷ་བརྒྱ་མ།	ཉམས་ལེན།/བླ་མའི་རྣལ་འབྱོར།/རྗེ་ཙོང་ཁ་པ་བློ་བཟང་གྲགས་པ།/དགའ་ལྡན་ལྷ་བརྒྱ་མ།	sungbum	0
S321	Lama Practices	BLA MA'I RNAL 'BYOR	Lama_Practices--BLA_MA'I_RNAL_'BYOR	r6	0
S322		རྒྱུད།/སྤྱི།/འཕོ་བ།	རྒྱུད།/སྤྱི།/འཕོ་བ།	sungbum	0
S322	Methods Of Sending Ones Mind Into Death	'PHO BA	Methods_Of_Sending_Ones_Mind_Into_Death--'PHO_BA	r6	0
S323		ལམ་རིམ།/བཤེས་གཉེན་བསྟེན་ཚུལ།	ལམ་རིམ།/བཤེས་གཉེན་བསྟེན་ཚུལ།	sungbum	0
S323	Works On The Step Of Finding And Serving A Teacher	BSHES GNYEN BSTEN TSUL	Works_On_The_Step_Of_Finding_And_Serving_A_Teacher--BSHES_GNYEN_BSTEN_TSUL	r6	0
S324		རྒྱུད།/སྤྱི།/འགྲེལ་པ།/ཆོནེ་ལམ་དྲཀྤ་ཤེདྲུཔ།	རྒྱུད།/སྤྱི།/འགྲེལ་པ།/ཆོནེ་ལམ་དྲཀྤ་ཤེདྲུཔ།	sungbum	0
S324	Commentaries On The Practice	'GREL PA	Commentaries_On_The_Practice--'GREL_PA	r6	0
S325		བཅའ་ཡིག/སྡེ་དགེ	བཅའ་ཡིག/སྡེ་དགེ	sungbum	0
S325	Official Documents Including Monastic Constitutions	BCA' YIG	Official_Documents_Including_Monastic_Constitutions--BCA'_YIG	r6	0
S326		རྒྱུད།/གསང་འདུས།/བསྐྱེད་རིམ།	རྒྱུད།/གསང་འདུས།/བསྐྱེད་རིམ།	sungbum	0
S326	Instructions For The Stage Of Completion	RDZOGS RIM	Instructions_For_The_Stage_Of_Completion--RDZOGS_RIM	r6	0
S326	Instructions For The Stage Of Creation	BSKYED RIM	Instructions_For_The_Stage_Of_Creation--BSKYED_RIM	r6	0
S327		རྒྱུད།/གསང་འདུས།/སྒྲུབ་ཐབས།	རྒྱུད།/གསང་འདུས།/སྒྲུབ་ཐབས།	sungbum	0
S327	Methods For Reaching The Holy Being	SGRUB THABS	Methods_For_Reaching_The_Holy_Being--SGRUB_THABS	r6	0
S328		རྒྱུད།/འཇིགས་བྱེད།/སྒྲུབ་ཐབས།	རྒྱུད།/འཇིགས་བྱེད།/སྒྲུབ་ཐབས།	sungbum	0
S328	Methods For Reaching The Holy Being	SGRUB THABS	Methods_For_Reaching_The_Holy_Being--SGRUB_THABS	r6	0
S329		རྒྱུད།/འཇིགས་བྱེད།/སྒྲུབ་ཐབས།	རྒྱུད།/འཇིགས་བྱེད།/སྒྲུབ་ཐབས།	sungbum	0
S329	Methods For Reaching The Holy Being	SGRUB THABS	Methods_For_Reaching_The_Holy_Being--SGRUB_THABS	r6	0
S33		ཚད་མ།/བསྡུས་གྲྭ།/སྤྱི།/རྭ་སྟོད་བསྡུས་གྲྭ།/རྩ་བ།	ཚད་མ།/བསྡུས་གྲྭ།/སྤྱི།/རྭ་སྟོད་བསྡུས་གྲྭ།/རྩ་བ།	sungbum	0
S33	Buddhist Logic And Perceptual Theory	TSAD MA	Buddhist_Logic_And_Perceptual_Theory--TSAD_MA	r6	0
S330		རྒྱུད།/འཇིགས་བྱེད།/བདག་འཇུག	རྒྱུད།/འཇིགས་བྱེད།/བདག་འཇུག	sungbum	0
S330	Methods For Entering The Secret World By Oneself	BDAG 'JUG	Methods_For_Entering_The_Secret_World_By_Oneself--BDAG_'JUG	r6	0
S330	Methods For Reaching The Holy Being	SGRUB THABS	Methods_For_Reaching_The_Holy_Being--SGRUB_THABS	r6	0
S331		རྒྱུད།/འཇིགས་བྱེད།/བསྙེན་པ།	རྒྱུད།/འཇིགས་བྱེད།/བསྙེན་པ།	sungbum	0
S331	Instructions For A Secret Retreat	BSNYEN PA	Instructions_For_A_Secret_Retreat--BSNYEN_PA	r6	0
S331	Methods For Making Torma-Cake Offerings	GTOR MA	Methods_For_Making_Torma-Cake_Offerings--GTOR_MA	r6	0
S332		རྒྱུད།/འཁོར་ལོ་སྡོམ་པ།/འགྲེལ་པ།	རྒྱུད།/འཁོར་ལོ་སྡོམ་པ།/འགྲེལ་པ།	sungbum	0
S332	Commentaries On The Practice	'GREL PA	Commentaries_On_The_Practice--'GREL_PA	r6	0
S332	Instructions For The Stage Of Creation	BSKYED RIM	Instructions_For_The_Stage_Of_Creation--BSKYED_RIM	r6	0
S333		རྒྱུད།/འཁོར་ལོ་སྡོམ་པ།/བླ་བརྒྱུད།	རྒྱུད།/འཁོར་ལོ་སྡོམ་པ།/བླ་བརྒྱུད།	sungbum	0
S333	Instructions For The Practice Of The Secret World Of The Body	LUS DKYIL	Instructions_For_The_Practice_Of_The_Secret_World_Of_The_Body--LUS_DKYIL	r6	0
S333	Lineages Of The Lamas Who Have Passed On The Teaching	BLA MA'I BRGYUD	Lineages_Of_The_Lamas_Who_Have_Passed_On_The_Teaching--BLA_MA'I_BRGYUD	r6	0
S334		རྒྱུད།/འཁོར་ལོ་སྡོམ་པ།/བུམ་པ།	རྒྱུད།/འཁོར་ལོ་སྡོམ་པ།/བུམ་པ།	sungbum	0
S334	Instructions For The Practice Of The Secret World Of The Body	LUS DKYIL	Instructions_For_The_Practice_Of_The_Secret_World_Of_The_Body--LUS_DKYIL	r6	0
S334	Methods Of Preparing A Sacred Vase	BUM PA	Methods_Of_Preparing_A_Sacred_Vase--BUM_PA	r6	0
S335		རྒྱུད།/འཁོར་ལོ་སྡོམ་པ།/བསྙེན་པ།	རྒྱུད།/འཁོར་ལོ་སྡོམ་པ།/བསྙེན་པ།	sungbum	0
S335	Instructions For A Secret Retreat	BSNYEN PA	Instructions_For_A_Secret_Retreat--BSNYEN_PA	r6	0
S335	Instructions For The Practice Of The Secret World Of The Body	LUS DKYIL	Instructions_For_The_Practice_Of_The_Secret_World_Of_The_Body--LUS_DKYIL	r6	0
S336		རྒྱུད།/འཁོར་ལོ་སྡོམ་པ།/ལུས་དཀྱིལ།	རྒྱུད།/འཁོར་ལོ་སྡོམ་པ།/ལུས་དཀྱིལ།	sungbum	0
S336	Instructions For The Practice Of The Secret World Of The Body	LUS DKYIL	Instructions_For_The_Practice_Of_The_Secret_World_Of_The_Body--LUS_DKYIL	r6	0
S336	Methods Of Performing Spiritual Offerings	MCHOD PA	Methods_Of_Performing_Spiritual_Offerings--MCHOD_PA	r6	0
S337		རྒྱུད།/འཁོར་ལོ་སྡོམ་པ།/མཆོད་པ།	རྒྱུད།/འཁོར་ལོ་སྡོམ་པ།/མཆོད་པ།	sungbum	0
S337	Methods Of Performing Spiritual Offerings	MCHOD PA	Methods_Of_Performing_Spiritual_Offerings--MCHOD_PA	r6	0
S338		རྒྱུད།/བདེ་མཆོག/རྡོ་རྗེ་བཟླས་པ།	རྒྱུད།/བདེ་མཆོག/རྡོ་རྗེ་བཟླས་པ།	sungbum	0
S338	Instructions For The Practice Of Diamond Recitation	RDO RJE'I BZLAS PA	Instructions_For_The_Practice_Of_Diamond_Recitation--RDO_RJE'I_BZLAS_PA	r6	0
S338	Methods Of Attaining Long Life	TSE SGRUB	Methods_Of_Attaining_Long_Life--TSE_SGRUB	r6	0
S339		རྒྱུད།/བདེ་མཆོག/བཟློག་པ།	རྒྱུད།/བདེ་མཆོག/བཟློག་པ།	sungbum	0
S339	Methods Of Attaining Long Life	TSE SGRUB	Methods_Of_Attaining_Long_Life--TSE_SGRUB	r6	0
S339	Practices For Preventing Harmful Spirits	BZLOG PA	Practices_For_Preventing_Harmful_Spirits--BZLOG_PA	r6	0
S34		ལམ་རིམ།/ལམ་གཙོ་རྣམ་གསུམ།/འགྲེལ་པ།	ལམ་རིམ།/ལམ་གཙོ་རྣམ་གསུམ།/འགྲེལ་པ།	sungbum	0
S34	Works On The Three Principal Paths	LAM GTZO RNAM GSUM	Works_On_The_Three_Principal_Paths--LAM_GTZO_RNAM_GSUM	r6	0
S340		རྒྱུད།/བདེ་མཆོག/ཚོགས།	རྒྱུད།/བདེ་མཆོག/ཚོགས།	sungbum	0
S340	Methods Of Performing Secret Feasts	TSOGS	Methods_Of_Performing_Secret_Feasts--TSOGS	r6	0
S341		རྒྱུད།/སྒྲོལ་མ།/འགྲེལ་པ།	རྒྱུད།/སྒྲོལ་མ།/འགྲེལ་པ།	sungbum	0
S341	Commentaries On The Practice	'GREL PA	Commentaries_On_The_Practice--'GREL_PA	r6	0
S342		རྒྱུད།/གསང་འདུས།/གཏོར་མ།	རྒྱུད།/གསང་འདུས།/གཏོར་མ།	sungbum	0
S342		རྒྱུད།/གསང་འདུས།/མཆོད་པ།	རྒྱུད།/གསང་འདུས།/མཆོད་པ།	sungbum	0
S342		རྒྱུད།/འཇིགས་བྱེད།/གཏོར་མ།	རྒྱུད།/འཇིགས་བྱེད།/གཏོར་མ།	sungbum	0
S342	Methods For Making Torma-Cake Offerings	GTOR MA	Methods_For_Making_Torma-Cake_Offerings--GTOR_MA	r6	0
S342	Methods Of Performing Spiritual Offerings	MCHOD PA	Methods_Of_Performing_Spiritual_Offerings--MCHOD_PA	r6	0
S344		རྒྱུད།/རྡོ་རྗེ་རྣལ་འབྱོར་མ།/སྒྲུབ་ཐབས།	རྒྱུད།/རྡོ་རྗེ་རྣལ་འབྱོར་མ།/སྒྲུབ་ཐབས།	sungbum	0
S344	Methods For Reaching The Holy Being	SGRUB THABS	Methods_For_Reaching_The_Holy_Being--SGRUB_THABS	r6	0
S345		རྒྱུད།/རྡོ་རྗེ་རྣལ་འབྱོར་མ།/དཀྱིལ་འཁོར།	རྒྱུད།/རྡོ་རྗེ་རྣལ་འབྱོར་མ།/དཀྱིལ་འཁོར།	sungbum	0
S345	Instructions Concerning The Secret World	DKYIL 'KHOR	Instructions_Concerning_The_Secret_World--DKYIL_'KHOR	r6	0
S346		རྒྱུད།/རྡོ་རྗེ་རྣལ་འབྱོར་མ།/བསྙེན་པ།	རྒྱུད།/རྡོ་རྗེ་རྣལ་འབྱོར་མ།/བསྙེན་པ།	sungbum	0
S346	Instructions For A Secret Retreat	BSNYEN PA	Instructions_For_A_Secret_Retreat--BSNYEN_PA	r6	0
S347		རྒྱུད།/རྡོ་རྗེ་རྣལ་འབྱོར་མ།/བསྙེན་པ།	རྒྱུད།/རྡོ་རྗེ་རྣལ་འབྱོར་མ།/བསྙེན་པ།	sungbum	0
S347	Instructions For A Secret Retreat	BSNYEN PA	Instructions_For_A_Secret_Retreat--BSNYEN_PA	r6	0
S347	Methods Of Performing The Ceremony Of The Tenth	TSES BCU	Methods_Of_Performing_The_Ceremony_Of_The_Tenth--TSES_BCU	r6	0
S348		རྒྱུད།/རྡོ་རྗེ་རྣལ་འབྱོར་མ།/སྦྱིན་སྲེག	རྒྱུད།/རྡོ་རྗེ་རྣལ་འབྱོར་མ།/སྦྱིན་སྲེག	sungbum	0
S348	Methods Of Performing Fire Offerings	SBYIN SREG	Methods_Of_Performing_Fire_Offerings--SBYIN_SREG	r6	0
S349		རྒྱུད།/རྡོ་རྗེ་རྣལ་འབྱོར་མ།/བསྙེན་པ།	རྒྱུད།/རྡོ་རྗེ་རྣལ་འབྱོར་མ།/བསྙེན་པ།	sungbum	0
S349	Instructions For A Secret Retreat	BSNYEN PA	Instructions_For_A_Secret_Retreat--BSNYEN_PA	r6	0
S349	Methods Of Performing Fire Offerings	SBYIN SREG	Methods_Of_Performing_Fire_Offerings--SBYIN_SREG	r6	0
S35		ལམ་རིམ།/ལམ་གཙོ་རྣམ་གསུམ།/འགྲེལ་པ།	ལམ་རིམ།/ལམ་གཙོ་རྣམ་གསུམ།/འགྲེལ་པ།	sungbum	0
S35	Works On The Three Principal Paths	LAM GTZO RNAM GSUM	Works_On_The_Three_Principal_Paths--LAM_GTZO_RNAM_GSUM	r6	0
S350		རྒྱུད།/རྡོ་རྗེ་རྣལ་འབྱོར་མ།/བསྙེན་པ།	རྒྱུད།/རྡོ་རྗེ་རྣལ་འབྱོར་མ།/བསྙེན་པ།	sungbum	0
S350	Instructions For A Secret Retreat	BSNYEN PA	Instructions_For_A_Secret_Retreat--BSNYEN_PA	r6	0
S350	Methods Of Performing Fire Offerings	SBYIN SREG	Methods_Of_Performing_Fire_Offerings--SBYIN_SREG	r6	0
S351		རྒྱུད།/རྡོ་རྗེ་རྣལ་འབྱོར་མ།/བསྙེན་པ།	རྒྱུད།/རྡོ་རྗེ་རྣལ་འབྱོར་མ།/བསྙེན་པ།	sungbum	0
S351	Instructions For A Secret Retreat	BSNYEN PA	Instructions_For_A_Secret_Retreat--BSNYEN_PA	r6	0
S351	Methods For Reaching The Holy Being	SGRUB THABS	Methods_For_Reaching_The_Holy_Being--SGRUB_THABS	r6	0
S352		རྒྱུད།/རྡོ་རྗེ་རྣལ་འབྱོར་མ།/སྦྱིན་སྲེག	རྒྱུད།/རྡོ་རྗེ་རྣལ་འབྱོར་མ།/སྦྱིན་སྲེག	sungbum	0
S352	Methods Of Performing Fire Offerings	SBYIN SREG	Methods_Of_Performing_Fire_Offerings--SBYIN_SREG	r6	0
S353		རྒྱུད།/རྡོ་རྗེ་རྣལ་འབྱོར་མ།/འགྲེལ་པ།	རྒྱུད།/རྡོ་རྗེ་རྣལ་འབྱོར་མ།/འགྲེལ་པ།	sungbum	0
S353	Commentaries On The Practice	'GREL PA	Commentaries_On_The_Practice--'GREL_PA	r6	0
S354		རྒྱུད།/རྡོ་རྗེ་རྣལ་འབྱོར་མ།/ཚོགས།	རྒྱུད།/རྡོ་རྗེ་རྣལ་འབྱོར་མ།/ཚོགས།	sungbum	0
S354	Methods Of Performing Secret Feasts	TSOGS	Methods_Of_Performing_Secret_Feasts--TSOGS	r6	0
S355		རྒྱུད།/རྡོ་རྗེ་རྣལ་འབྱོར་མ།/མཆོད་པ།	རྒྱུད།/རྡོ་རྗེ་རྣལ་འབྱོར་མ།/མཆོད་པ།	sungbum	0
S355	Methods Of Performing Fire Offerings	SBYIN SREG	Methods_Of_Performing_Fire_Offerings--SBYIN_SREG	r6	0
S355	Methods Of Performing Spiritual Offerings	MCHOD PA	Methods_Of_Performing_Spiritual_Offerings--MCHOD_PA	r6	0
S356		རྒྱུད།/རྡོ་རྗེ་རྣལ་འབྱོར་མ།/འཕོ་བ།	རྒྱུད།/རྡོ་རྗེ་རྣལ་འབྱོར་མ།/འཕོ་བ།	sungbum	0
S356	Methods Of Performing Spiritual Offerings	MCHOD PA	Methods_Of_Performing_Spiritual_Offerings--MCHOD_PA	r6	0
S356	Methods Of Sending Ones Mind Into Death	'PHO BA	Methods_Of_Sending_Ones_Mind_Into_Death--'PHO_BA	r6	0
S358		དབུ་མ།/དབུ་མ་ལ་འཇུག་པའི་འགྲེལ་པ།/སྐྱབས་རྗེ་ཕ་བོང་ཁ་བདེ་ཆེན་སྙིང་པོ།	དབུ་མ།/དབུ་མ་ལ་འཇུག་པའི་འགྲེལ་པ།/སྐྱབས་རྗེ་ཕ་བོང་ཁ་བདེ་ཆེན་སྙིང་པོ།	sungbum	0
S358	Commentaries To Sutras	MDO 'GREL	Commentaries_To_Sutras--MDO_'GREL	r6	0
S358	Middle-Way Philosophy	DBU MA	Middle-Way_Philosophy--DBU_MA	r6	0
S358	Perfection Of Wisdom	PHAR PHYIN	Perfection_Of_Wisdom--PHAR_PHYIN	r6	0
S359		དྲང་ངེས།/སྐྱབས་རྗེ་ཕ་བོང་ཁ་པ་བདེ་ཆེན་སྙིང་པོ།	དྲང་ངེས།/སྐྱབས་རྗེ་ཕ་བོང་ཁ་པ་བདེ་ཆེན་སྙིང་པོ།	sungbum	0
S359	The Art Of Interpreting The Buddha	DRANG NGES	The_Art_Of_Interpreting_The_Buddha--DRANG_NGES	r6	0
S36		ཚད་མ།/བསྡུས་གྲྭ།/སྤྱི།/རྭ་སྟོད་བསྡུས་གྲྭ།/འགྲེལ་པ།	ཚད་མ།/བསྡུས་གྲྭ།/སྤྱི།/རྭ་སྟོད་བསྡུས་གྲྭ།/འགྲེལ་པ།	sungbum	0
S36	Buddhist Logic And Perceptual Theory	TSAD MA	Buddhist_Logic_And_Perceptual_Theory--TSAD_MA	r6	0
S360		དབུ་མ།/སྤྱོད་འཇུག་འགྲེལ་པ།	དབུ་མ།/སྤྱོད་འཇུག་འགྲེལ་པ།	sungbum	0
S360	Middle-Way Philosophy	DBU MA	Middle-Way_Philosophy--DBU_MA	r6	0
S361		དབུ་མ།/སྤྱོད་འཇུག་འགྲེལ་པ།	དབུ་མ།/སྤྱོད་འཇུག་འགྲེལ་པ།	sungbum	0
S361	Middle-Way Philosophy	DBU MA	Middle-Way_Philosophy--DBU_MA	r6	0
S362		དབུ་མ།/སྤྱོད་འཇུག་འགྲེལ་པ།	དབུ་མ།/སྤྱོད་འཇུག་འགྲེལ་པ།	sungbum	0
S362	Middle-Way Philosophy	DBU MA	Middle-Way_Philosophy--DBU_MA	r6	0
S37		ཚད་མ།/བསྡུས་གྲྭ།/སྤྱི།/རྭ་སྟོད་བསྡུས་གྲྭ།/འགྲེལ་པ།	ཚད་མ།/བསྡུས་གྲྭ།/སྤྱི།/རྭ་སྟོད་བསྡུས་གྲྭ།/འགྲེལ་པ།	sungbum	0
S37	Buddhist Logic And Perceptual Theory	TSAD MA	Buddhist_Logic_And_Perceptual_Theory--TSAD_MA	r6	0
S372		བློ་སྦྱོང་།/བློ་སྦྱོང་ནས་ཇོ་བོའི་རྣམ་ཐར།	བློ་སྦྱོང་།/བློ་སྦྱོང་ནས་ཇོ་བོའི་རྣམ་ཐར།	sungbum	0
S372	Lord Atisha	JO BO RJE DPAL LDAN AA TI SHA	Lord_Atisha--JO_BO_RJE_DPAL_LDAN_AA_TI_SHA	r6	0
S372	Works Describing Lord Atisha's Life Practicing The Good-Heart Teachings	JO BO'I BLO SBYONG RNAM THAR	Works_Describing_Lord_Atisha's_Life_Practicing_The_Good-Heart_Teachings--JO_BO'I_BLO_SBYONG_RNAM_THAR	r6	0
S373		བློ་སྦྱོང་།/བློ་སྦྱོང་ནས་ཇོ་བོའི་རྣམ་ཐར།	བློ་སྦྱོང་།/བློ་སྦྱོང་ནས་ཇོ་བོའི་རྣམ་ཐར།	sungbum	0
S373	Lord Atisha	JO BO RJE DPAL LDAN AA TI SHA	Lord_Atisha--JO_BO_RJE_DPAL_LDAN_AA_TI_SHA	r6	0
S373	Works Describing Lord Atisha's Life Practicing The Good-Heart Teachings	JO BO'I BLO SBYONG RNAM THAR	Works_Describing_Lord_Atisha's_Life_Practicing_The_Good-Heart_Teachings--JO_BO'I_BLO_SBYONG_RNAM_THAR	r6	0
S374		བློ་སྦྱོང་།/ཨ་ཏཱི་ཤའི་ཐེག་པ་ཆེན་པོའི་བློ་སྦྱོང་།/རྩ་བ།	བློ་སྦྱོང་།/ཨ་ཏཱི་ཤའི་ཐེག་པ་ཆེན་པོའི་བློ་སྦྱོང་།/རྩ་བ།	sungbum	0
S374	Several Works Simply Entitled Good-Heart Teaching Of The Greater Way	THEG PA CHEN PO'I BLO SBYONG	Several_Works_Simply_Entitled_Good-Heart_Teaching_Of_The_Greater_Way--THEG_PA_CHEN_PO'I_BLO_SBYONG	r6	0
S375		བློ་སྦྱོང་།/ཨ་ཏཱི་ཤའི་ཐེག་པ་ཆེན་པོའི་བློ་སྦྱོང་།/འགྲེལ་པ།	བློ་སྦྱོང་།/ཨ་ཏཱི་ཤའི་ཐེག་པ་ཆེན་པོའི་བློ་སྦྱོང་།/འགྲེལ་པ།	sungbum	0
S375	Several Works Simply Entitled Good-Heart Teaching Of The Greater Way	THEG PA CHEN PO'I BLO SBYONG	Several_Works_Simply_Entitled_Good-Heart_Teaching_Of_The_Greater_Way--THEG_PA_CHEN_PO'I_BLO_SBYONG	r6	0
S376		བློ་སྦྱོང་།/བློ་སྦྱོང་གྱེར་སྒོམ་རྡོ་རྗེའི་གླུ་དབྱངས།	བློ་སྦྱོང་།/བློ་སྦྱོང་གྱེར་སྒོམ་རྡོ་རྗེའི་གླུ་དབྱངས།	sungbum	0
S376	Works On The Song Of Gyergom Dorje	GYER SGOM RDO RJE'I GLU DBYANGS	Works_On_The_Song_Of_Gyergom_Dorje--GYER_SGOM_RDO_RJE'I_GLU_DBYANGS	r6	0
S377		ཉམས་ལེན།/བླ་མའི་རྣལ་འབྱོར།	ཉམས་ལེན།/བླ་མའི་རྣལ་འབྱོར།	sungbum	0
S377	Lama Practices	BLA MA'I RNAL 'BYOR	Lama_Practices--BLA_MA'I_RNAL_'BYOR	r6	0
S378		བློ་སྦྱོང་།/བློ་སྦྱོང་རྨ་བྱ་དུག་འཇོམས།	བློ་སྦྱོང་།/བློ་སྦྱོང་རྨ་བྱ་དུག་འཇོམས།	sungbum	0
S378	Works On The Peacock Good-Heart Teaching	BLO SBYONG RMA BYA DUG 'JOMS	Works_On_The_Peacock_Good-Heart_Teaching--BLO_SBYONG_RMA_BYA_DUG_'JOMS	r6	0
S379		བློ་སྦྱོང་།/བློ་སྦྱོང་སེམས་དཔའི་རིམ་པ་ལས་གཞི་ཉོན་མོངས་གཏན་ལ་དབབ་པའི་ཆོས་ཡོངས་སུ་རྫོགས་པ།	བློ་སྦྱོང་།/བློ་སྦྱོང་སེམས་དཔའི་རིམ་པ་ལས་གཞི་ཉོན་མོངས་གཏན་ལ་དབབ་པའི་ཆོས་ཡོངས་སུ་རྫོགས་པ།	sungbum	0
S379	Steps For Bodhisattvas In The Good Heart	BLO SBYONG SEMS DPA'I RIM PA	Steps_For_Bodhisattvas_In_The_Good_Heart--BLO_SBYONG_SEMS_DPA'I_RIM_PA	r6	0
S38	Middle-Way Philosophy	DBU MA	Middle-Way_Philosophy--DBU_MA	r6	0
S380		བློ་སྦྱོང་།/བློ་སྦྱོང་ཚིག་བརྒྱད་མ།/འགྲེལ་པ།	བློ་སྦྱོང་།/བློ་སྦྱོང་ཚིག་བརྒྱད་མ།/འགྲེལ་པ།	sungbum	0
S380	Works On The Good-Heart Teaching In Eight Verses	BLO SBYONG TSIG BRGYAD MA	Works_On_The_Good-Heart_Teaching_In_Eight_Verses--BLO_SBYONG_TSIG_BRGYAD_MA	r6	0
S382		ཉམས་ལེན།/བསླབ་བྱ།/གསེར་གླིང་པ་ཆོས་ཀྱི་གྲགས་པ།	ཉམས་ལེན།/བསླབ་བྱ།/གསེར་གླིང་པ་ཆོས་ཀྱི་གྲགས་པ།	sungbum	0
S382	Personal Spiritual Advices	BSLAB BYA	Personal_Spiritual_Advices--BSLAB_BYA	r6	0
S383		བློ་སྦྱོང་།/ཉོན་མོངས་པ་ལམ་དུ་བླངས་པའི་ཆོས།	བློ་སྦྱོང་།/ཉོན་མོངས་པ་ལམ་དུ་བླངས་པའི་ཆོས།	sungbum	0
S383	Works On Making Opportunities Out Of Mental Afflictions	NYON MONGS LAM DU BLANGS PA	Works_On_Making_Opportunities_Out_Of_Mental_Afflictions--NYON_MONGS_LAM_DU_BLANGS_PA	r6	0
S384		ཉམས་ལེན།/སྡིག་པ་སྦྱོང་བ།	ཉམས་ལེན།/སྡིག་པ་སྦྱོང་བ།	sungbum	0
S384	Practices For Purifying Oneself Of Bad Karma	SDIG SBYONG	Practices_For_Purifying_Oneself_Of_Bad_Karma--SDIG_SBYONG	r6	0
S385		ཉམས་ལེན།/འཁོན་སྦྱོང་།	ཉམས་ལེན།/འཁོན་སྦྱོང་།	sungbum	0
S385	Cleaning Oneself Of Thoughts Of Hatred And Anger	'KHON SBYONG	Cleaning_Oneself_Of_Thoughts_Of_Hatred_And_Anger--'KHON_SBYONG	r6	0
S386		ཉམས་ལེན།/བསླབ་བྱ།/དཔལ་མར་མེ་མཛད་ཡེ་ཤེས།	ཉམས་ལེན།/བསླབ་བྱ།/དཔལ་མར་མེ་མཛད་ཡེ་ཤེས།	sungbum	0
S386	Personal Spiritual Advices	BSLAB BYA	Personal_Spiritual_Advices--BSLAB_BYA	r6	0
S387		བློ་སྦྱོང་།/ཀུ་སུ་ལུའི་ཚོགས་བསོག་གི་བློ་སྦྱོང་།	བློ་སྦྱོང་།/ཀུ་སུ་ལུའི་ཚོགས་བསོག་གི་བློ་སྦྱོང་།	sungbum	0
S387	Works On The Good-Heart Teaching Of The Kusulu Offering	KU SU LU'I TSOGS BSOG GI BLO SBYONG	Works_On_The_Good-Heart_Teaching_Of_The_Kusulu_Offering--KU_SU_LU'I_TSOGS_BSOG_GI_BLO_SBYONG	r6	0
S388		བློ་སྦྱོང་།/སྐྱིད་སྡུག་ལམ་འཁྱེར་གྱི་བློ་སྦྱོང་།	བློ་སྦྱོང་།/སྐྱིད་སྡུག་ལམ་འཁྱེར་གྱི་བློ་སྦྱོང་།	sungbum	0
S389		བློ་སྦྱོང་།/སུམ་པ་ལོ་ཙ་བའི་སྙན་བརྒྱུད་ཀྱི་བློ་སྦྱོང་།	བློ་སྦྱོང་།/སུམ་པ་ལོ་ཙ་བའི་སྙན་བརྒྱུད་ཀྱི་བློ་སྦྱོང་།	sungbum	0
S389	Works On The Good-Heart Teaching Of Sumpa Lotsawa	SUM PA LO TZA BA'I BLO SBYONG	Works_On_The_Good-Heart_Teaching_Of_Sumpa_Lotsawa--SUM_PA_LO_TZA_BA'I_BLO_SBYONG	r6	0
S39		ཚད་མ།/ཚད་མ་རྣམ་འགྲེལ།/དགེ་བཤེས་ཡེ་ཤེས་དབང་ཕྱུག	ཚད་མ།/ཚད་མ་རྣམ་འགྲེལ།/དགེ་བཤེས་ཡེ་ཤེས་དབང་ཕྱུག	sungbum	0
S39	Buddhist Logic And Perceptual Theory	TSAD MA	Buddhist_Logic_And_Perceptual_Theory--TSAD_MA	r6	0
S390		བློ་སྦྱོང་།/བྱང་ཆུབ་སེམས་དཔའ་ཀུན་ཏུ་བཟང་པོའི་བློ་སྦྱོང་།	བློ་སྦྱོང་།/བྱང་ཆུབ་སེམས་དཔའ་ཀུན་ཏུ་བཟང་པོའི་བློ་སྦྱོང་།	sungbum	0
S390	Works On The Good-Heart Teaching Of Samantabhadra	KUN TU BZANG PO'I BLO SBYONG	Works_On_The_Good-Heart_Teaching_Of_Samantabhadra--KUN_TU_BZANG_PO'I_BLO_SBYONG	r6	0
S391	Works On The Good-Heart Teaching For Eight Sessions	BLO SBYONG THUN BRGYAD MA	Works_On_The_Good-Heart_Teaching_For_Eight_Sessions--BLO_SBYONG_THUN_BRGYAD_MA	r6	0
S392		བློ་སྦྱོང་།/ཟས་ལ་བརྟེན་པའི་བློ་སྦྱོང་།	བློ་སྦྱོང་།/ཟས་ལ་བརྟེན་པའི་བློ་སྦྱོང་།	sungbum	0
S392	Works on using meals as occasions to develop the good heart	ZAS LA BRTEN PA'I BLO SBYONG	Works_on using meals as occasions to develop the good heart--ZAS LA BRTEN PA'I BLO SBYONG	r6	0
S393		བློ་སྦྱོང་།/དབུགས་ལ་བརྟེན་པའི་བློ་སྦྱོང་།	བློ་སྦྱོང་།/དབུགས་ལ་བརྟེན་པའི་བློ་སྦྱོང་།	sungbum	0
S393	Good-Heart Teachings Using The Breath	DBUGS LA BRTEN PA'I BLO SBYONG	Good-Heart_Teachings_Using_The_Breath--DBUGS_LA_BRTEN_PA'I_BLO_SBYONG	r6	0
S394		བློ་སྦྱོང་།/ཤ་ཁྲག་ལ་བརྟེན་པའི་བློ་སྦྱོང་།	བློ་སྦྱོང་།/ཤ་ཁྲག་ལ་བརྟེན་པའི་བློ་སྦྱོང་།	sungbum	0
S394	Works On Using Your Own Flesh And Blood To Develop A Good Heart	SHA KHRAG LA BRTEN PA'I BLO SBYONG	Works_On_Using_Your_Own_Flesh_And_Blood_To_Develop_A_Good_Heart--SHA_KHRAG_LA_BRTEN_PA'I_BLO_SBYONG	r6	0
S395		བློ་སྦྱོང་།/གཏོར་མ་ལ་བརྟེན་པའི་བློ་སྦྱོང་།	བློ་སྦྱོང་།/གཏོར་མ་ལ་བརྟེན་པའི་བློ་སྦྱོང་།	sungbum	0
S395	Good-Heart Practices Using Torma Cakes	GTOR MA LA BRTEN PA'I BLO SBYONG	Good-Heart_Practices_Using_Torma_Cakes--GTOR_MA_LA_BRTEN_PA'I_BLO_SBYONG	r6	0
S396		བློ་སྦྱོང་།/ལུས་ཡིད་བཞིན་གྱི་ནོར་བུ་རིན་པོ་ཆེར་བསྒྱུར་བའི་བློ་སྦྱོང་།	བློ་སྦྱོང་།/ལུས་ཡིད་བཞིན་གྱི་ནོར་བུ་རིན་པོ་ཆེར་བསྒྱུར་བའི་བློ་སྦྱོང་།	sungbum	0
S396	Works on turning the body into a wish-giving jewel	LUS NOR BUR BSGYUR BA	Works_on turning the body into a wish-giving jewel--LUS NOR BUR BSGYUR BA	r6	0
S397		བློ་སྦྱོང་།/བློ་སྦྱོང་འཆི་ཁ་མ།	བློ་སྦྱོང་།/བློ་སྦྱོང་འཆི་ཁ་མ།	sungbum	0
S397	Works On Practicing The Good Heart At The Moment Of Death	'CHI KHA MA'I MAN NGAG	Works_On_Practicing_The_Good_Heart_At_The_Moment_Of_Death--'CHI_KHA_MA'I_MAN_NGAG	r6	0
S398		བློ་སྦྱོང་།/གེགས་སེལ་བློ་སྦྱོང་།	བློ་སྦྱོང་།/གེགས་སེལ་བློ་སྦྱོང་།	sungbum	0
S398	Works On The Good-Heart Teaching That Removes Obstacles	GEGS SEL BLO SBYONG	Works_On_The_Good-Heart_Teaching_That_Removes_Obstacles--GEGS_SEL_BLO_SBYONG	r6	0
S399		བློ་སྦྱོང་།/བློ་སྦྱོང་མ་འོངས་པའི་ལག་ལེན།	བློ་སྦྱོང་།/བློ་སྦྱོང་མ་འོངས་པའི་ལག་ལེན།	sungbum	0
S399	Works On The Good Heart In Future Situations	MA 'ONGS PA'I LAG LEN SBYONG BA	Works_On_The_Good_Heart_In_Future_Situations--MA_'ONGS_PA'I_LAG_LEN_SBYONG_BA	r6	0
S4		ལམ་རིམ།/རྣམ་གྲོལ་ལག་བཅངས།/རྩ་བ།	ལམ་རིམ།/རྣམ་གྲོལ་ལག་བཅངས།/རྩ་བ།	sungbum	0
S4	Works On A Gift Of Liberation	LAM RIM RNAM GROL LAG BCANGS	Works_On_A_Gift_Of_Liberation--LAM_RIM_RNAM_GROL_LAG_BCANGS	r6	0
S40		དྲང་ངེས།/སེར་བྱེས་མཁན་ཟུར་དགེ་བཤེས་བློ་བཟང་དབང་ཕྱུག	དྲང་ངེས།/སེར་བྱེས་མཁན་ཟུར་དགེ་བཤེས་བློ་བཟང་དབང་ཕྱུག	sungbum	0
S40	The Art Of Interpreting The Buddha	DRANG NGES	The_Art_Of_Interpreting_The_Buddha--DRANG_NGES	r6	0
S400		བློ་སྦྱོང་།/འཆིམས་ཀྱི་བློ་སྦྱོང་།	བློ་སྦྱོང་།/འཆིམས་ཀྱི་བློ་སྦྱོང་།	sungbum	0
S400	Works On The Good-Heart Teaching Of Chim Namka Drakpa	MCHIMS KYI BLO SBYONG	Works_On_The_Good-Heart_Teaching_Of_Chim_Namka_Drakpa--MCHIMS_KYI_BLO_SBYONG	r6	0
S401		བློ་སྦྱོང་།/རྣམ་དག་གཙུག་གི་ནོར་བུ་ལ་ཇོ་བོས་གནང་བའི་བློ་སྦྱོང་།	བློ་སྦྱོང་།/རྣམ་དག་གཙུག་གི་ནོར་བུ་ལ་ཇོ་བོས་གནང་བའི་བློ་སྦྱོང་།	sungbum	0
S401	Good-Heart Teaching Granted To Tsukki Norbu By Lord Atisha	GTZUG NOR BLO SBYONG	Good-Heart_Teaching_Granted_To_Tsukki_Norbu_By_Lord_Atisha--GTZUG_NOR_BLO_SBYONG	r6	0
S402		བློ་སྦྱོང་།/བིར་ཝ་པའི་བློ་སྦྱོང་།	བློ་སྦྱོང་།/བིར་ཝ་པའི་བློ་སྦྱོང་།	sungbum	0
S402	Works On Birwapa's Teaching On The Good Heart	BIR WA PA'I BLO SBYONG	Works_On_Birwapa's_Teaching_On_The_Good_Heart--BIR_WA_PA'I_BLO_SBYONG	r6	0
S403		བློ་སྦྱོང་།/བློ་སྦྱོང་ཚོགས་བཤད་མ།	བློ་སྦྱོང་།/བློ་སྦྱོང་ཚོགས་བཤད་མ།	sungbum	0
S403	Works On The Good-Heart Teaching To The Assembly	BLO SBYONG TSOGS BSHAD MA	Works_On_The_Good-Heart_Teaching_To_The_Assembly--BLO_SBYONG_TSOGS_BSHAD_MA	r6	0
S404		བློ་སྦྱོང་།/རྒྱལ་བ་ཡང་དགོན་པའི་གདམས་ངག	བློ་སྦྱོང་།/རྒྱལ་བ་ཡང་དགོན་པའི་གདམས་ངག	sungbum	0
S404	Works On The Good-Heart Teachings Of Gyalwa Yang Gunpa	RGYAL BA YANG DGON PA'I GDAMS NGAG	Works_On_The_Good-Heart_Teachings_Of_Gyalwa_Yang_Gunpa--RGYAL_BA_YANG_DGON_PA'I_GDAMS_NGAG	r6	0
S405		བློ་སྦྱོང་།/རྟེན་འབྲེལ་སྙིང་པོའི་ཁྲིད་ཡིག	བློ་སྦྱོང་།/རྟེན་འབྲེལ་སྙིང་པོའི་ཁྲིད་ཡིག	sungbum	0
S405	Good-Heart Teaching On The Essence Of Dependence	BLO SBYONG RTEN 'BREL SNYING KHRID	Good-Heart_Teaching_On_The_Essence_Of_Dependence--BLO_SBYONG_RTEN_'BREL_SNYING_KHRID	r6	0
S406		བློ་སྦྱོང་།/བློ་སྦྱོང་གསུང་བགྲོས་མའི་ཁ་སྐོང་།	བློ་སྦྱོང་།/བློ་སྦྱོང་གསུང་བགྲོས་མའི་ཁ་སྐོང་།	sungbum	0
S406	An Addendum To The Good-Heart Teachings	BLO SBYONG KHA SKONG	An_Addendum_To_The_Good-Heart_Teachings--BLO_SBYONG_KHA_SKONG	r6	0
S407		བློ་སྦྱོང་།/ཞེན་པ་བཞི་བྲལ་གྱི་གདམས་ངག	བློ་སྦྱོང་།/ཞེན་པ་བཞི་བྲལ་གྱི་གདམས་ངག	sungbum	0
S407	Freedom From The Four Attachments	ZHEN PA BZHI BRAL	Freedom_From_The_Four_Attachments--ZHEN_PA_BZHI_BRAL	r6	0
S408		བློ་སྦྱོང་།/ས་པཎ་གྱིས་མཛད་པའི་ཞེན་པ་བཞི་བྲལ་གྱི་གདམས་ངག	བློ་སྦྱོང་།/ས་པཎ་གྱིས་མཛད་པའི་ཞེན་པ་བཞི་བྲལ་གྱི་གདམས་ངག	sungbum	0
S408	Sakya Pandita Kunga Gyeltsen	SA SKYA PAnDI TA KUN DGA' RGYAL MTSAN	Sakya_Pandita_Kunga_Gyeltsen--SA_SKYA_PAnDI_TA_KUN_DGA'_RGYAL_MTSAN	r6	0
S409		བློ་སྦྱོང་།/ནུབ་པ་རིག་འཛིན་གྲགས་ཀྱིས་མཛད་པའི་ཞེན་པ་བཞི་བྲལ།	བློ་སྦྱོང་།/ནུབ་པ་རིག་འཛིན་གྲགས་ཀྱིས་མཛད་པའི་ཞེན་པ་བཞི་བྲལ།	sungbum	0
S409	Freedom From The Four Attachments	ZHEN PA BZHI BRAL	Freedom_From_The_Four_Attachments--ZHEN_PA_BZHI_BRAL	r6	0
S41	The Art Of Interpreting The Buddha	DRANG NGES	The_Art_Of_Interpreting_The_Buddha--DRANG_NGES	r6	0
S410		བློ་སྦྱོང་།/ཞེན་པ་བཞི་བྲལ་གྱི་དམིགས་ཁྲིད་ཁ་གསལ་ལ་གྲངས་ཚང་བ་གཅིག	བློ་སྦྱོང་།/ཞེན་པ་བཞི་བྲལ་གྱི་དམིགས་ཁྲིད་ཁ་གསལ་ལ་གྲངས་ཚང་བ་གཅིག	sungbum	0
S410	Freedom From The Four Attachments	ZHEN PA BZHI BRAL	Freedom_From_The_Four_Attachments--ZHEN_PA_BZHI_BRAL	r6	0
S411		བློ་སྦྱོང་།/ཞེན་པ་བཞི་བྲལ་གྱི་ཁྲིད་ཡིག	བློ་སྦྱོང་།/ཞེན་པ་བཞི་བྲལ་གྱི་ཁྲིད་ཡིག	sungbum	0
S411	Freedom From The Four Attachments	ZHEN PA BZHI BRAL	Freedom_From_The_Four_Attachments--ZHEN_PA_BZHI_BRAL	r6	0
S412		བློ་སྦྱོང་།/གསེར་གླིང་པའི་ལུགས་ཀྱི་བློ་སྦྱོང་གདམས་ངག	བློ་སྦྱོང་།/གསེར་གླིང་པའི་ལུགས་ཀྱི་བློ་སྦྱོང་གདམས་ངག	sungbum	0
S412	Several Works Simply Entitled Good-Heart Teaching Of The Greater Way	THEG PA CHEN PO'I BLO SBYONG	Several_Works_Simply_Entitled_Good-Heart_Teaching_Of_The_Greater_Way--THEG_PA_CHEN_PO'I_BLO_SBYONG	r6	0
S413		བློ་སྦྱོང་།/བློ་སྦྱོང་ཇོ་བོའི་བློ་སྦྱོང་དོན་བདུན་མ།	བློ་སྦྱོང་།/བློ་སྦྱོང་ཇོ་བོའི་བློ་སྦྱོང་དོན་བདུན་མ།	sungbum	0
S413	Works On Lord Atisha's Good-Heart Teaching In Seven Points	JO BO'I BLO SBYONG DON BDUN MA	Works_On_Lord_Atisha's_Good-Heart_Teaching_In_Seven_Points--JO_BO'I_BLO_SBYONG_DON_BDUN_MA	r6	0
S414		བློ་སྦྱོང་།/རྗེ་བཙུན་གྲགས་པ་རྒྱལ་མཚན་གྱིས་མཛད་པའི་ཞེན་པ་བཞི་བྲལ།	བློ་སྦྱོང་།/རྗེ་བཙུན་གྲགས་པ་རྒྱལ་མཚན་གྱིས་མཛད་པའི་ཞེན་པ་བཞི་བྲལ།	sungbum	0
S414	Freedom From The Four Attachments	ZHEN PA BZHI BRAL	Freedom_From_The_Four_Attachments--ZHEN_PA_BZHI_BRAL	r6	0
S415		བློ་སྦྱོང་།/བློ་སྦྱོང་ཐུན་བརྒྱད་མའི་མན་ངག	བློ་སྦྱོང་།/བློ་སྦྱོང་ཐུན་བརྒྱད་མའི་མན་ངག	sungbum	0
S415	Works On The Good-Heart Teaching For Eight Sessions	BLO SBYONG THUN BRGYAD MA	Works_On_The_Good-Heart_Teaching_For_Eight_Sessions--BLO_SBYONG_THUN_BRGYAD_MA	r6	0
S416		བློ་སྦྱོང་།/ལུས་གངྒའི་ཀླུང་གི་བྱེ་མ་དེ་སྙེད་དུ་སྤྲུལ་ནས་རིགས་དྲུག་གི་སྡུག་བསྔལ་དང་དུ་ལེན་པའི་བློ་སྦྱོང་།	བློ་སྦྱོང་།/ལུས་གངྒའི་ཀླུང་གི་བྱེ་མ་དེ་སྙེད་དུ་སྤྲུལ་ནས་རིགས་དྲུག་གི་སྡུག་བསྔལ་དང་དུ་ལེན་པའི་བློ་སྦྱོང་།	sungbum	0
S416	Works On The Drops Of Water In The Ganges	GANGGA'I KLUNG GI BLO SYONG	Works_On_The_Drops_Of_Water_In_The_Ganges--GANGGA'I_KLUNG_GI_BLO_SYONG	r6	0
S417		བློ་སྦྱོང་།/འབྱུང་བ་ལ་བརྟེན་པའི་བློ་སྦྱོང་།	བློ་སྦྱོང་།/འབྱུང་བ་ལ་བརྟེན་པའི་བློ་སྦྱོང་།	sungbum	0
S417	Works On The Good-Heart Teaching Using The Elements	'BYUNG BA LA BRTEN PA'I BLO SBYONG	Works_On_The_Good-Heart_Teaching_Using_The_Elements--'BYUNG_BA_LA_BRTEN_PA'I_BLO_SBYONG	r6	0
S418		བློ་སྦྱོང་།/གཟུགས་ངན་གྱི་གཏམ་བརྒྱུད།	བློ་སྦྱོང་།/གཟུགས་ངན་གྱི་གཏམ་བརྒྱུད།	sungbum	0
S418	Works On The Parable Of The Ugly Man	GZUGS NGAN GTAM BRGYUD	Works_On_The_Parable_Of_The_Ugly_Man--GZUGS_NGAN_GTAM_BRGYUD	r6	0
S419		བློ་སྦྱོང་།/འགྲོ་མགོན་ཨ་ཏི་ཤ་ལ་བླ་མ་གསེར་གླིང་པ་ཆོས་ཀྱི་གྲགས་པས་མཐའ་འཁོབ་འདུལ་བའི་དོན་ལ་གདམས་པ།	བློ་སྦྱོང་།/འགྲོ་མགོན་ཨ་ཏི་ཤ་ལ་བླ་མ་གསེར་གླིང་པ་ཆོས་ཀྱི་གྲགས་པས་མཐའ་འཁོབ་འདུལ་བའི་དོན་ལ་གདམས་པ།	sungbum	0
S419	Works On Good-Heart Teachings For Barbarian Lands	MTHA' 'KHOB 'DUL BA'I BLO SBYONG	Works_On_Good-Heart_Teachings_For_Barbarian_Lands--MTHA'_'KHOB_'DUL_BA'I_BLO_SBYONG	r6	0
S42		དྲང་ངེས།/སེར་བྱེས་མཁན་ཟུར་དགེ་བཤེས་བློ་བཟང་དབང་ཕྱུག	དྲང་ངེས།/སེར་བྱེས་མཁན་ཟུར་དགེ་བཤེས་བློ་བཟང་དབང་ཕྱུག	sungbum	0
S42	The Art Of Interpreting The Buddha	DRANG NGES	The_Art_Of_Interpreting_The_Buddha--DRANG_NGES	r6	0
S421		ཉམས་ལེན།/ཕྱག་འཚལ་བ།	ཉམས་ལེན།/ཕྱག་འཚལ་བ།	sungbum	0
S421	General Commentaries	SPYI	General_Commentaries--SPYI	r6	0
S422		ཉམས་ལེན།/ཕྱག་འཚལ་བ།	ཉམས་ལེན།/ཕྱག་འཚལ་བ།	sungbum	0
S422	General Commentaries	SPYI	General_Commentaries--SPYI	r6	0
S423		ཉམས་ལེན།/ཕྱག་འཚལ་བ།	ཉམས་ལེན།/ཕྱག་འཚལ་བ།	sungbum	0
S423	General Commentaries	SPYI	General_Commentaries--SPYI	r6	0
S424		ཉམས་ལེན།/བླ་མའི་རྣལ་འབྱོར།/ཆེ་ཤོས་རིན་པོ་ཆེ་བློ་བཟང་བྱང་ཆུབ་བསྟན་པའི་སྒྲོན་མེ།	ཉམས་ལེན།/བླ་མའི་རྣལ་འབྱོར།/ཆེ་ཤོས་རིན་པོ་ཆེ་བློ་བཟང་བྱང་ཆུབ་བསྟན་པའི་སྒྲོན་མེ།	sungbum	0
S424	Lama Practices	BLA MA'I RNAL 'BYOR	Lama_Practices--BLA_MA'I_RNAL_'BYOR	r6	0
S425		ཉམས་ལེན།/བླ་མའི་རྣལ་འབྱོར།/ཆེ་ཤོས་རིན་པོ་ཆེ་བློ་བཟང་བྱང་ཆུབ་བསྟན་པའི་སྒྲོན་མེ།	ཉམས་ལེན།/བླ་མའི་རྣལ་འབྱོར།/ཆེ་ཤོས་རིན་པོ་ཆེ་བློ་བཟང་བྱང་ཆུབ་བསྟན་པའི་སྒྲོན་མེ།	sungbum	0
S425	Lama Practices	BLA MA'I RNAL 'BYOR	Lama_Practices--BLA_MA'I_RNAL_'BYOR	r6	0
S426		ཉམས་ལེན།/བླ་མའི་རྣལ་འབྱོར།	ཉམས་ལེན།/བླ་མའི་རྣལ་འབྱོར།	sungbum	0
S426	Lama Practices	BLA MA'I RNAL 'BYOR	Lama_Practices--BLA_MA'I_RNAL_'BYOR	r6	0
S427		རྒྱུད།/དབྱངས་ཅན་མ།/བླ་མའི་རྣལ་འབྱོར།	རྒྱུད།/དབྱངས་ཅན་མ།/བླ་མའི་རྣལ་འབྱོར།	sungbum	0
S427	Lama Practices	BLA MA'I RNAL 'BYOR	Lama_Practices--BLA_MA'I_RNAL_'BYOR	r6	0
S428		ཉམས་ལེན།/བླ་མའི་རྣལ་འབྱོར།	ཉམས་ལེན།/བླ་མའི་རྣལ་འབྱོར།	sungbum	0
S428	Lama Practices	BLA MA'I RNAL 'BYOR	Lama_Practices--BLA_MA'I_RNAL_'BYOR	r6	0
S429		རྒྱུད།/ཡིད་བཞིན་འཁོར་ལོ།/བླ་མའི་རྣལ་འབྱོར།	རྒྱུད།/ཡིད་བཞིན་འཁོར་ལོ།/བླ་མའི་རྣལ་འབྱོར།	sungbum	0
S429	Lama Practices	BLA MA'I RNAL 'BYOR	Lama_Practices--BLA_MA'I_RNAL_'BYOR	r6	0
S43		ཉམས་ལེན།/ཐེག་ཆེན་གསོ་སྦྱོང་།	ཉམས་ལེན།/ཐེག་ཆེན་གསོ་སྦྱོང་།	sungbum	0
S43	Methods For Following One-Day Vows In The Greater Way	THEG CHEN GSO SBYONG	Methods_For_Following_One-Day_Vows_In_The_Greater_Way--THEG_CHEN_GSO_SBYONG	r6	0
S430		ཉམས་ལེན།/བླ་མའི་རྣལ་འབྱོར།	ཉམས་ལེན།/བླ་མའི་རྣལ་འབྱོར།	sungbum	0
S430	Lama Practices	BLA MA'I RNAL 'BYOR	Lama_Practices--BLA_MA'I_RNAL_'BYOR	r6	0
S431		རྒྱུད།/སྤྱི།/ལྷ་བཟོ།	རྒྱུད།/སྤྱི།/ལྷ་བཟོ།	sungbum	0
S431	Works On Sacred Art	LHA BZO	Works_On_Sacred_Art--LHA_BZO	r6	0
S432		རྒྱུད།/དུས་དགྲའི་དབང་པོ།/སྒྲུབ་ཐབས།	རྒྱུད།/དུས་དགྲའི་དབང་པོ།/སྒྲུབ་ཐབས།	sungbum	0
S432	Methods For Reaching The Holy Being	SGRUB THABS	Methods_For_Reaching_The_Holy_Being--SGRUB_THABS	r6	0
S433		རྒྱུད།/འཇིགས་བྱེད།/དབང་།	རྒྱུད།/འཇིགས་བྱེད།/དབང་།	sungbum	0
S433	Methods Of Granting Empowerment Into Secret Practice	DBANG	Methods_Of_Granting_Empowerment_Into_Secret_Practice--DBANG	r6	0
S434		རྒྱུད།/འཇིགས་བྱེད།/བསྙེན་པ།	རྒྱུད།/འཇིགས་བྱེད།/བསྙེན་པ།	sungbum	0
S434	Instructions For A Secret Retreat	BSNYEN PA	Instructions_For_A_Secret_Retreat--BSNYEN_PA	r6	0
S435		རྒྱུད།/སྤྱི།/རབ་གནས།	རྒྱུད།/སྤྱི།/རབ་གནས།	sungbum	0
S435	Methods Of Performing Fire Offerings	SBYIN SREG	Methods_Of_Performing_Fire_Offerings--SBYIN_SREG	r6	0
S435	Rituals Of Consecration	RAB GNAS	Rituals_Of_Consecration--RAB_GNAS	r6	0
S436		ཆོ་ག/ཆོས་སྤྱོད།/ཆོས་ཀྱི་རྡོ་རྗེ།	ཆོ་ག/ཆོས་སྤྱོད།/ཆོས་ཀྱི་རྡོ་རྗེ།	sungbum	0
S436	Monastic Prayer Books	CHOS SPYOD	Monastic_Prayer_Books--CHOS_SPYOD	r6	0
S437		རྒྱུད།/འཇིགས་བྱེད།/སྒྲུབ་ཐབས།	རྒྱུད།/འཇིགས་བྱེད།/སྒྲུབ་ཐབས།	sungbum	0
S437	Methods For Reaching The Holy Being	SGRUB THABS	Methods_For_Reaching_The_Holy_Being--SGRUB_THABS	r6	0
S438		རྒྱུད།/འཇིགས་བྱེད།/དབང་བརྒྱ།	རྒྱུད།/འཇིགས་བྱེད།/དབང་བརྒྱ།	sungbum	0
S438	The Hundred Rituals And Empowerments	DBANG BRGYA	The_Hundred_Rituals_And_Empowerments--DBANG_BRGYA	r6	0
S439		རྒྱུད།/མགོན་པོ།/གཏོར་མ།	རྒྱུད།/མགོན་པོ།/གཏོར་མ།	sungbum	0
S439	Methods For Making Torma-Cake Offerings	GTOR MA	Methods_For_Making_Torma-Cake_Offerings--GTOR_MA	r6	0
S44		མངོན་པ།/རྒྱལ་དབང་བློ་བཟང་འཕྲིན་ལས་རྣམ་རྒྱལ།	མངོན་པ།/རྒྱལ་དབང་བློ་བཟང་འཕྲིན་ལས་རྣམ་རྒྱལ།	sungbum	0
S44	Higher Knowledge	MNGON PA	Higher_Knowledge--MNGON_PA	r6	0
S440		རྒྱུད།/མགོན་པོ།/བསྙེན་པ།	རྒྱུད།/མགོན་པོ།/བསྙེན་པ།	sungbum	0
S440	Instructions For A Secret Retreat	BSNYEN PA	Instructions_For_A_Secret_Retreat--BSNYEN_PA	r6	0
S441		རྒྱུད།/ཁ་སར་པ་ཎི།/སྒྲུབ་ཐབས།	རྒྱུད།/ཁ་སར་པ་ཎི།/སྒྲུབ་ཐབས།	sungbum	0
S441	Methods For Reaching The Holy Being	SGRUB THABS	Methods_For_Reaching_The_Holy_Being--SGRUB_THABS	r6	0
S442		རྒྱུད།/སྤྱན་རས་གཟིགས།/སྒྲུབ་ཐབས།	རྒྱུད།/སྤྱན་རས་གཟིགས།/སྒྲུབ་ཐབས།	sungbum	0
S442	Methods For Reaching The Holy Being	SGRUB THABS	Methods_For_Reaching_The_Holy_Being--SGRUB_THABS	r6	0
S443		རྒྱུད།/རྡོ་རྗེ་སེམས་དཔའ།/སྒྲུབ་ཐབས།	རྒྱུད།/རྡོ་རྗེ་སེམས་དཔའ།/སྒྲུབ་ཐབས།	sungbum	0
S443	Methods For Reaching The Holy Being	SGRUB THABS	Methods_For_Reaching_The_Holy_Being--SGRUB_THABS	r6	0
S444		རྒྱུད།/རྟ་མགྲིན།/ལས་བྱང་།	རྒྱུད།/རྟ་མགྲིན།/ལས་བྱང་།	sungbum	0
S444	Methods Of Accomplishing The Four Actions	LAS BYANG	Methods_Of_Accomplishing_The_Four_Actions--LAS_BYANG	r6	0
S445		རྒྱུད།/པད་མ་དབང་ཆེན།/ཚོགས།	རྒྱུད།/པད་མ་དབང་ཆེན།/ཚོགས།	sungbum	0
S445	Methods Of Performing Secret Feasts	TSOGS	Methods_Of_Performing_Secret_Feasts--TSOGS	r6	0
S446		རྒྱུད།/ལྕམ་སྲིང་།/གཏོར་མ།	རྒྱུད།/ལྕམ་སྲིང་།/གཏོར་མ།	sungbum	0
S446	Methods For Making Torma-Cake Offerings	GTOR MA	Methods_For_Making_Torma-Cake_Offerings--GTOR_MA	r6	0
S447		རྒྱུད།/ལྕམ་སྲིང་།/གཏོར་མ།	རྒྱུད།/ལྕམ་སྲིང་།/གཏོར་མ།	sungbum	0
S447	Methods For Making Torma-Cake Offerings	GTOR MA	Methods_For_Making_Torma-Cake_Offerings--GTOR_MA	r6	0
S448		རྒྱུད།/ཆོས་རྒྱལ།/ཚེ་སྒྲུབ།	རྒྱུད།/ཆོས་རྒྱལ།/ཚེ་སྒྲུབ།	sungbum	0
S448	Practices For Prosperity	GTER SGRUB	Practices_For_Prosperity--GTER_SGRUB	r6	0
S449		རྒྱུད།/ཚོགས་བདག/མཆོད་པ།	རྒྱུད།/ཚོགས་བདག/མཆོད་པ།	sungbum	0
S449	Methods Of Performing Spiritual Offerings	MCHOD PA	Methods_Of_Performing_Spiritual_Offerings--MCHOD_PA	r6	0
S45		དྲང་ངེས།/གུང་ཐང་དཀོན་མཆོག་བསྟན་པའི་སྒྲོན་མེ།	དྲང་ངེས།/གུང་ཐང་དཀོན་མཆོག་བསྟན་པའི་སྒྲོན་མེ།	sungbum	0
S45	The Art Of Interpreting The Buddha	DRANG NGES	The_Art_Of_Interpreting_The_Buddha--DRANG_NGES	r6	0
S450		རྒྱུད།/ཀུནྡྷ་ལི།/སྒྲུབ་ཐབས།	རྒྱུད།/ཀུནྡྷ་ལི།/སྒྲུབ་ཐབས།	sungbum	0
S450	Methods For Reaching The Holy Being	SGRUB THABS	Methods_For_Reaching_The_Holy_Being--SGRUB_THABS	r6	0
S451		རྒྱུད།/རྟ་མགྲིན།/སྲི་མནན།	རྒྱུད།/རྟ་མགྲིན།/སྲི་མནན།	sungbum	0
S451	Methods For Controlling Evil Spirits	SRI MNAN	Methods_For_Controlling_Evil_Spirits--SRI_MNAN	r6	0
S452		རྒྱུད།/བདེ་མཆོག/ཚེ་སྒྲུབ།	རྒྱུད།/བདེ་མཆོག/ཚེ་སྒྲུབ།	sungbum	0
S452	Methods Of Attaining Long Life	TSE SGRUB	Methods_Of_Attaining_Long_Life--TSE_SGRUB	r6	0
S453		རྒྱུད།/མགོན་དཀར།/ཚེ་སྒྲུབ།	རྒྱུད།/མགོན་དཀར།/ཚེ་སྒྲུབ།	sungbum	0
S453	Methods Of Attaining Long Life	TSE SGRUB	Methods_Of_Attaining_Long_Life--TSE_SGRUB	r6	0
S454		ཆོ་ག/བྱང་སེམས་སྡོམ་པ།	ཆོ་ག/བྱང་སེམས་སྡོམ་པ།	sungbum	0
S454	Works On The Bodhisattva Vows	BYANG SEMS SDOM PA	Works_On_The_Bodhisattva_Vows--BYANG_SEMS_SDOM_PA	r6	0
S455		བཅའ་ཡིག/དགེ་འཕེལ་གླིང་།	བཅའ་ཡིག/དགེ་འཕེལ་གླིང་།	sungbum	0
S455	Official Documents Including Monastic Constitutions	BCA' YIG	Official_Documents_Including_Monastic_Constitutions--BCA'_YIG	r6	0
S456		བཅའ་ཡིག/དགེ་འཕེལ་གླིང་།	བཅའ་ཡིག/དགེ་འཕེལ་གླིང་།	sungbum	0
S456	Official Documents Including Monastic Constitutions	BCA' YIG	Official_Documents_Including_Monastic_Constitutions--BCA'_YIG	r6	0
S457		ཉམས་ལེན།/བསླབ་བྱ།/ཆེ་ཤོས་རིན་པོ་ཆེ་བློ་བཟང་བྱང་ཆུབ་བསྟན་པའི་སྒྲོན་མེ།	ཉམས་ལེན།/བསླབ་བྱ།/ཆེ་ཤོས་རིན་པོ་ཆེ་བློ་བཟང་བྱང་ཆུབ་བསྟན་པའི་སྒྲོན་མེ།	sungbum	0
S457	Personal Spiritual Advices	BSLAB BYA	Personal_Spiritual_Advices--BSLAB_BYA	r6	0
S458		ཉམས་ལེན།/མཆོད་པ།/ཆེ་ཤོས་རིན་པོ་ཆེ་བློ་བཟང་བྱང་ཆུབ་བསྟན་པའི་སྒྲོན་མེ།	ཉམས་ལེན།/མཆོད་པ།/ཆེ་ཤོས་རིན་པོ་ཆེ་བློ་བཟང་བྱང་ཆུབ་བསྟན་པའི་སྒྲོན་མེ།	sungbum	0
S458	Methods Of Performing Spiritual Offerings	MCHOD PA	Methods_Of_Performing_Spiritual_Offerings--MCHOD_PA	r6	0
S459		རྒྱུད།/འཇམ་དབྱངས།/མཆོད་པ།	རྒྱུད།/འཇམ་དབྱངས།/མཆོད་པ།	sungbum	0
S459	Methods Of Performing Spiritual Offerings	MCHOD PA	Methods_Of_Performing_Spiritual_Offerings--MCHOD_PA	r6	0
S460		རྒྱུད།/སྤྱི།/ཚེ་སྒྲུབ།	རྒྱུད།/སྤྱི།/ཚེ་སྒྲུབ།	sungbum	0
S460	Methods Of Attaining Long Life	TSE SGRUB	Methods_Of_Attaining_Long_Life--TSE_SGRUB	r6	0
S461		རྒྱུད།/སྤྱི།/སྔགས།	རྒྱུད།/སྤྱི།/སྔགས།	sungbum	0
S461	Secret Words For The Practice	SNGAGS	Secret_Words_For_The_Practice--SNGAGS	r6	0
S462		བླ་བརྒྱུད།	བླ་བརྒྱུད།	sungbum	0
S462	Lineages Of The Lamas Who Have Passed On The Teaching	BLA MA'I BRGYUD	Lineages_Of_The_Lamas_Who_Have_Passed_On_The_Teaching--BLA_MA'I_BRGYUD	r6	0
S463		རྒྱུད།/དུས་འཁོར།/འགྲེལ་པ།	རྒྱུད།/དུས་འཁོར།/འགྲེལ་པ།	sungbum	0
S463	Commentaries On The Practice	'GREL PA	Commentaries_On_The_Practice--'GREL_PA	r6	0
S464		ལམ་རིམ།/ཀུན་མཁྱེན་བདེ་ལམ།	ལམ་རིམ།/ཀུན་མཁྱེན་བདེ་ལམ།	sungbum	0
S464	Works On The Path Of Ease	BDE LAM	Works_On_The_Path_Of_Ease--BDE_LAM	r6	0
S465		ཕར་ཕྱིན།/ཡང་དག་མཐའ།	ཕར་ཕྱིན།/ཡང་དག་མཐའ།	sungbum	0
S465	Perfection Of Wisdom	PHAR PHYIN	Perfection_Of_Wisdom--PHAR_PHYIN	r6	0
S466		ཕར་ཕྱིན།/སེམས་བསྐྱེད།	ཕར་ཕྱིན།/སེམས་བསྐྱེད།	sungbum	0
S466	Perfection Of Wisdom	PHAR PHYIN	Perfection_Of_Wisdom--PHAR_PHYIN	r6	0
S467		ཕར་ཕྱིན།/སྤྱི།/མཁས་གྲུབ་སྦྱིན་པ་དར་རྒྱས།/སྤྱི་དོན།	ཕར་ཕྱིན།/སྤྱི།/མཁས་གྲུབ་སྦྱིན་པ་དར་རྒྱས།/སྤྱི་དོན།	sungbum	0
S467	Perfection Of Wisdom	PHAR PHYIN	Perfection_Of_Wisdom--PHAR_PHYIN	r6	0
S468		ཕར་ཕྱིན།/སྤྱི།/མཁས་གྲུབ་སྦྱིན་པ་དར་རྒྱས།/སྤྱི་དོན།	ཕར་ཕྱིན།/སྤྱི།/མཁས་གྲུབ་སྦྱིན་པ་དར་རྒྱས།/སྤྱི་དོན།	sungbum	0
S468	Perfection Of Wisdom	PHAR PHYIN	Perfection_Of_Wisdom--PHAR_PHYIN	r6	0
S469	The Art Of Interpreting The Buddha	DRANG NGES	The_Art_Of_Interpreting_The_Buddha--DRANG_NGES	r6	0
S47		རྒྱུད།/རྡོ་རྗེ་རྣལ་འབྱོར་མ།/རྣལ་འབྱོར།	རྒྱུད།/རྡོ་རྗེ་རྣལ་འབྱོར་མ།/རྣལ་འབྱོར།	sungbum	0
S47	Instructions For Deep Spiritual Practice	RNAL 'BYOR	Instructions_For_Deep_Spiritual_Practice--RNAL_'BYOR	r6	0
S48		རྒྱུད།/རྡོ་རྗེ་རྣལ་འབྱོར་མ།/བསྙེན་པ།	རྒྱུད།/རྡོ་རྗེ་རྣལ་འབྱོར་མ།/བསྙེན་པ།	sungbum	0
S48	Instructions For A Secret Retreat	BSNYEN PA	Instructions_For_A_Secret_Retreat--BSNYEN_PA	r6	0
S49		རྒྱུད།/ཐུན་དྲུག	རྒྱུད།/ཐུན་དྲུག	sungbum	0
S49	Sadyamayoga	Tundruk--The Practice For Six Times Of The Day--THUN DRUG	Sadyamayoga--Tundruk--The_Practice_For_Six_Times_Of_The_Day--THUN_DRUG	r6	0
S5		དབུ་མ།/འགྲེལ་པ་སྤྱི།/མཁས་གྲུབ་བསྟན་པ་དར་རྒྱས།/སྤྱི་དོན།	དབུ་མ།/འགྲེལ་པ་སྤྱི།/མཁས་གྲུབ་བསྟན་པ་དར་རྒྱས།/སྤྱི་དོན།	sungbum	0
S5	Middle-Way Philosophy	DBU MA	Middle-Way_Philosophy--DBU_MA	r6	0
S50		ཚད་མ།/ཚད་མ་རྣམ་འགྲེལ།/དགེ་བཤེས་ཡེ་ཤེས་དབང་ཕྱུག	ཚད་མ།/ཚད་མ་རྣམ་འགྲེལ།/དགེ་བཤེས་ཡེ་ཤེས་དབང་ཕྱུག	sungbum	0
S50	Buddhist Logic And Perceptual Theory	TSAD MA	Buddhist_Logic_And_Perceptual_Theory--TSAD_MA	r6	0
S500		རྒྱུད།/འཇམ་དབྱངས།/འགྲེལ་པ།	རྒྱུད།/འཇམ་དབྱངས།/འགྲེལ་པ།	sungbum	0
S500	Commentaries On The Practice	'GREL PA	Commentaries_On_The_Practice--'GREL_PA	r6	0
S5001		རྒྱུད།/དུས་འཁོར།/འགྲེལ་པ།	རྒྱུད།/དུས་འཁོར།/འགྲེལ་པ།	sungbum	0
S5001	Commentaries On The Practice	'GREL PA	Commentaries_On_The_Practice--'GREL_PA	r6	0
S5002		རྒྱུད།/དུས་འཁོར།/འགྲེལ་པ།	རྒྱུད།/དུས་འཁོར།/འགྲེལ་པ།	sungbum	0
S5002	Commentaries On The Practice	'GREL PA	Commentaries_On_The_Practice--'GREL_PA	r6	0
S501		རྒྱུད།/སྤྱི།/ཚེ་སྒྲུབ།	རྒྱུད།/སྤྱི།/ཚེ་སྒྲུབ།	sungbum	0
S501	Methods Of Attaining Long Life	TSE SGRUB	Methods_Of_Attaining_Long_Life--TSE_SGRUB	r6	0
S5011		རྒྱུད།/སྤྱི།/འགྲེལ་པ།/བུཏུན་རིནྤོཆེ་རིནྖེན་དྲུཔ།	རྒྱུད།/སྤྱི།/འགྲེལ་པ།/བུཏུན་རིནྤོཆེ་རིནྖེན་དྲུཔ།	sungbum	0
S5011	Commentaries On The Practice	'GREL PA	Commentaries_On_The_Practice--'GREL_PA	r6	0
S502		རྒྱུད།/འཇམ་དབྱངས།/སྒྲུབ་ཐབས།	རྒྱུད།/འཇམ་དབྱངས།/སྒྲུབ་ཐབས།	sungbum	0
S502	Methods For Reaching The Holy Being	SGRUB THABS	Methods_For_Reaching_The_Holy_Being--SGRUB_THABS	r6	0
S502	Methods Of Attaining Long Life	TSE SGRUB	Methods_Of_Attaining_Long_Life--TSE_SGRUB	r6	0
S503		རྒྱུད།/སྤྱི།/སྣ་ཚོགས།	རྒྱུད།/སྤྱི།/སྣ་ཚོགས།	sungbum	0
S503	Commentaries On The Practice	'GREL PA	Commentaries_On_The_Practice--'GREL_PA	r6	0
S5031		རྒྱུད།/དུས་འཁོར།/མངོན་རྟོགས།	རྒྱུད།/དུས་འཁོར།/མངོན་རྟོགས།	sungbum	0
S5031	Methods For The Practice Of Realization	MNGON RTOGS	Methods_For_The_Practice_Of_Realization--MNGON_RTOGS	r6	0
S5032		རྒྱུད།/དུས་འཁོར།/བསྟོད་པ།	རྒྱུད།/དུས་འཁོར།/བསྟོད་པ།	sungbum	0
S5032	Words Of Praise	BSTOD PA	Words_Of_Praise--BSTOD_PA	r6	0
S504	General Commentaries	SPYI	General_Commentaries--SPYI	r6	0
S505		ཕྲན་ཚེགས།/སྐྱབས་རྗེ་ཕ་བོང་ཁ་པ་བདེ་ཆེན་སྙིང་པོ།	ཕྲན་ཚེགས།/སྐྱབས་རྗེ་ཕ་བོང་ཁ་པ་བདེ་ཆེན་སྙིང་པོ།	sungbum	0
S505	General Commentaries	SPYI	General_Commentaries--SPYI	r6	0
S506		རྒྱུད།/འཇམ་དབྱངས།/རྗེས་གནང་།	རྒྱུད།/འཇམ་དབྱངས།/རྗེས་གནང་།	sungbum	0
S506	Rites For Granting Sacred Permission	RJES GNANG	Rites_For_Granting_Sacred_Permission--RJES_GNANG	r6	0
S507		རྒྱུད།/སྤྱི།/གཏོར་མ།	རྒྱུད།/སྤྱི།/གཏོར་མ།	sungbum	0
S507	Methods For Making Torma-Cake Offerings	GTOR MA	Methods_For_Making_Torma-Cake_Offerings--GTOR_MA	r6	0
S508		རྒྱུད།/སྤྱི།/གཏོར་མ།	རྒྱུད།/སྤྱི།/གཏོར་མ།	sungbum	0
S509		རྒྱུད།/འཇིགས་བྱེད།/བགེགས་སེལ།	རྒྱུད།/འཇིགས་བྱེད།/བགེགས་སེལ།	sungbum	0
S509	Commentaries On The Practice	'GREL PA	Commentaries_On_The_Practice--'GREL_PA	r6	0
S51		དྲང་ངེས།/སེ་ར་སྨད་རྒྱལ་རོང་མཁན་ཟུར་དགེ་བཤེས་ངག་དབང་ཐེག་མཆོག	དྲང་ངེས།/སེ་ར་སྨད་རྒྱལ་རོང་མཁན་ཟུར་དགེ་བཤེས་ངག་དབང་ཐེག་མཆོག	sungbum	0
S51	The Art Of Interpreting The Buddha	DRANG NGES	The_Art_Of_Interpreting_The_Buddha--DRANG_NGES	r6	0
S510		རྒྱུད།/འཇིགས་བྱེད།/བགེགས་སེལ།	རྒྱུད།/འཇིགས་བྱེད།/བགེགས་སེལ།	sungbum	0
S510	Commentaries On The Practice	'GREL PA	Commentaries_On_The_Practice--'GREL_PA	r6	0
S511		ཉམས་ལེན།/མཎྜལ་འབུལ་ཚུལ།/སྐྱབས་རྗེ་ཕ་བོང་ཁ་པ་བདེ་ཆེན་སྙིང་པོ།	ཉམས་ལེན།/མཎྜལ་འབུལ་ཚུལ།/སྐྱབས་རྗེ་ཕ་བོང་ཁ་པ་བདེ་ཆེན་སྙིང་པོ།	sungbum	0
S512		ཉམས་ལེན།/གསོལ་འདེབས།/སྐྱབས་རྗེ་ཁྲི་བྱང་རིན་པོ་ཆེ་བློ་བཟང་ཡེ་ཤེས་བསྟན་འཛིན་རྒྱ་མཚོ།	ཉམས་ལེན།/གསོལ་འདེབས།/སྐྱབས་རྗེ་ཁྲི་བྱང་རིན་པོ་ཆེ་བློ་བཟང་ཡེ་ཤེས་བསྟན་འཛིན་རྒྱ་མཚོ།	sungbum	0
S512	Methods Of Making Supplication To The Holy Being	GSOL 'DEBS	Methods_Of_Making_Supplication_To_The_Holy_Being--GSOL_'DEBS	r6	0
S513		ཉམས་ལེན།/གསོལ་འདེབས།/སྐྱབས་རྗེ་ཁྲི་བྱང་རིན་པོ་ཆེ་བློ་བཟང་ཡེ་ཤེས་བསྟན་འཛིན་རྒྱ་མཚོ།	ཉམས་ལེན།/གསོལ་འདེབས།/སྐྱབས་རྗེ་ཁྲི་བྱང་རིན་པོ་ཆེ་བློ་བཟང་ཡེ་ཤེས་བསྟན་འཛིན་རྒྱ་མཚོ།	sungbum	0
S513	Methods Of Making Supplication To The Holy Being	GSOL 'DEBS	Methods_Of_Making_Supplication_To_The_Holy_Being--GSOL_'DEBS	r6	0
S514		ཉམས་ལེན།/གསོལ་འདེབས།/སྐྱབས་རྗེ་ཁྲི་བྱང་རིན་པོ་ཆེ་བློ་བཟང་ཡེ་ཤེས་བསྟན་འཛིན་རྒྱ་མཚོ།	ཉམས་ལེན།/གསོལ་འདེབས།/སྐྱབས་རྗེ་ཁྲི་བྱང་རིན་པོ་ཆེ་བློ་བཟང་ཡེ་ཤེས་བསྟན་འཛིན་རྒྱ་མཚོ།	sungbum	0
S514	Methods Of Making Supplication To The Holy Being	GSOL 'DEBS	Methods_Of_Making_Supplication_To_The_Holy_Being--GSOL_'DEBS	r6	0
S515		རྒྱུད།/རྡོ་རྗེ་གདོང་བཞི་པ།	རྒྱུད།/རྡོ་རྗེ་གདོང་བཞི་པ།	sungbum	0
S515	Pelgun Shelshipa	The Glorious Protector the Four- Headed One	Pelgun_Shelshipa--The Glorious Protector the Four- Headed One	r6	0
S516		རྒྱུད།/རྡོ་རྗེ་གདོང་བཞི་པ།	རྒྱུད།/རྡོ་རྗེ་གདོང་བཞི་པ།	sungbum	0
S516	Pelgun Shelshipa	The Glorious Protector the Four- Headed One	Pelgun_Shelshipa--The Glorious Protector the Four- Headed One	r6	0
S517		རྒྱུད།/རྡོ་རྗེ་གདོང་བཞི་པ།	རྒྱུད།/རྡོ་རྗེ་གདོང་བཞི་པ།	sungbum	0
S517	Pelgun Shelshipa	The Glorious Protector the Four- Headed One	Pelgun_Shelshipa--The Glorious Protector the Four- Headed One	r6	0
S518		རྒྱུད།/རྡོ་རྗེ་གདོང་བཞི་པ།	རྒྱུད།/རྡོ་རྗེ་གདོང་བཞི་པ།	sungbum	0
S518	Pelgun Shelshipa	The Glorious Protector the Four- Headed One	Pelgun_Shelshipa--The Glorious Protector the Four- Headed One	r6	0
S519		རྒྱུད།/ནོར་ཧླ།/འགྲེལ་པ།	རྒྱུད།/ནོར་ཧླ།/འགྲེལ་པ།	sungbum	0
S519	Commentaries On The Practice	'GREL PA	Commentaries_On_The_Practice--'GREL_PA	r6	0
S519	Instructions For The Sacred Offering Of The Golden Beverage	GSER SKYEMS	Instructions_For_The_Sacred_Offering_Of_The_Golden_Beverage--GSER_SKYEMS	r6	0
S519	Methods Of Performing Spiritual Offerings	MCHOD PA	Methods_Of_Performing_Spiritual_Offerings--MCHOD_PA	r6	0
S52		བཅའ་ཡིག/སེ་ར་སྨད།	བཅའ་ཡིག/སེ་ར་སྨད།	sungbum	0
S52	Official Documents Including Monastic Constitutions	BCA' YIG	Official_Documents_Including_Monastic_Constitutions--BCA'_YIG	r6	0
S520		རྒྱུད།/རྡོ་རྗེ་ཤུགས་ལྡན།/སྲོག་གཏད།	རྒྱུད།/རྡོ་རྗེ་ཤུགས་ལྡན།/སྲོག་གཏད།	sungbum	0
S520	Commentaries On The Practice	'GREL PA	Commentaries_On_The_Practice--'GREL_PA	r6	0
S521		རྒྱུད།/རྡོ་རྗེ་ཤུགས་ལྡན།/སྲོག་གཏད།	རྒྱུད།/རྡོ་རྗེ་ཤུགས་ལྡན།/སྲོག་གཏད།	sungbum	0
S521	Commentaries On The Practice	'GREL PA	Commentaries_On_The_Practice--'GREL_PA	r6	0
S522		རྒྱུད།/རྡོ་རྗེ་ཤུགས་ལྡན།/བསྙེན་པ།	རྒྱུད།/རྡོ་རྗེ་ཤུགས་ལྡན།/བསྙེན་པ།	sungbum	0
S522	Instructions For A Secret Retreat	BSNYEN PA	Instructions_For_A_Secret_Retreat--BSNYEN_PA	r6	0
S523		རྒྱུད།/རྡོ་རྗེ་ཤུགས་ལྡན།/བསྐང་གསོ།	རྒྱུད།/རྡོ་རྗེ་ཤུགས་ལྡན།/བསྐང་གསོ།	sungbum	0
S523	Rites Of Fulfilment And Restoration Of Vows	BSKANG GSO	Rites_Of_Fulfilment_And_Restoration_Of_Vows--BSKANG_GSO	r6	0
S524		རྒྱུད།/རྡོ་རྗེ་ཤུགས་ལྡན།/བསྐང་གསོ།	རྒྱུད།/རྡོ་རྗེ་ཤུགས་ལྡན།/བསྐང་གསོ།	sungbum	0
S524	Rites Of Fulfilment And Restoration Of Vows	BSKANG GSO	Rites_Of_Fulfilment_And_Restoration_Of_Vows--BSKANG_GSO	r6	0
S525		རྒྱུད།/འཁོར་ལོ་སྡོམ་པ།/བསངས་མཆོད།	རྒྱུད།/འཁོར་ལོ་སྡོམ་པ།/བསངས་མཆོད།	sungbum	0
S525	Methods For The Ritual Offering Of Fragrant Sang	GSANG	Methods_For_The_Ritual_Offering_Of_Fragrant_Sang--GSANG	r6	0
S5259		རྣམ་ཐར།/མཚན་ཐོག/རྗེ་ཙོང་ཁ་པ་བློ་བཟང་གྲགས་པ།	རྣམ་ཐར།/མཚན་ཐོག/རྗེ་ཙོང་ཁ་པ་བློ་བཟང་གྲགས་པ།	sungbum	0
S5259	Je Tsongkapa Lobsang Drakpa	RJE TZONG KHA PA BLO BZANG GRAGS PA	Je_Tsongkapa_Lobsang_Drakpa--RJE_TZONG_KHA_PA_BLO_BZANG_GRAGS_PA	r6	0
S526		ཕར་ཕྱིན།/སྤྱི།/བློ་བཟང་བསྟན་པའི་ཉི་མ།	ཕར་ཕྱིན།/སྤྱི།/བློ་བཟང་བསྟན་པའི་ཉི་མ།	sungbum	0
S526	Perfection Of Wisdom	PHAR PHYIN	Perfection_Of_Wisdom--PHAR_PHYIN	r6	0
S5260		རྣམ་ཐར།/མཚན་ཐོག/རྗེ་ཙོང་ཁ་པ་བློ་བཟང་གྲགས་པ།	རྣམ་ཐར།/མཚན་ཐོག/རྗེ་ཙོང་ཁ་པ་བློ་བཟང་གྲགས་པ།	sungbum	0
S5260	Je Tsongkapa Lobsang Drakpa	RJE TZONG KHA PA BLO BZANG GRAGS PA	Je_Tsongkapa_Lobsang_Drakpa--RJE_TZONG_KHA_PA_BLO_BZANG_GRAGS_PA	r6	0
S5261		རྣམ་ཐར།/མཚན་ཐོག/རྗེ་ཙོང་ཁ་པ་བློ་བཟང་གྲགས་པ།	རྣམ་ཐར།/མཚན་ཐོག/རྗེ་ཙོང་ཁ་པ་བློ་བཟང་གྲགས་པ།	sungbum	0
S5261	Je Tsongkapa Lobsang Drakpa	RJE TZONG KHA PA BLO BZANG GRAGS PA	Je_Tsongkapa_Lobsang_Drakpa--RJE_TZONG_KHA_PA_BLO_BZANG_GRAGS_PA	r6	0
S5262		རྣམ་ཐར།/མཚན་ཐོག/རྗེ་ཙོང་ཁ་པ་བློ་བཟང་གྲགས་པ།	རྣམ་ཐར།/མཚན་ཐོག/རྗེ་ཙོང་ཁ་པ་བློ་བཟང་གྲགས་པ།	sungbum	0
S5262	Je Tsongkapa Lobsang Drakpa	RJE TZONG KHA PA BLO BZANG GRAGS PA	Je_Tsongkapa_Lobsang_Drakpa--RJE_TZONG_KHA_PA_BLO_BZANG_GRAGS_PA	r6	0
S5263		རྣམ་ཐར།/མཚན་ཐོག/རྗེ་ཙོང་ཁ་པ་བློ་བཟང་གྲགས་པ།	རྣམ་ཐར།/མཚན་ཐོག/རྗེ་ཙོང་ཁ་པ་བློ་བཟང་གྲགས་པ།	sungbum	0
S5263	Je Tsongkapa Lobsang Drakpa	RJE TZONG KHA PA BLO BZANG GRAGS PA	Je_Tsongkapa_Lobsang_Drakpa--RJE_TZONG_KHA_PA_BLO_BZANG_GRAGS_PA	r6	0
S5264		རྣམ་ཐར།/མཚན་ཐོག/རྗེ་ཙོང་ཁ་པ་བློ་བཟང་གྲགས་པ།	རྣམ་ཐར།/མཚན་ཐོག/རྗེ་ཙོང་ཁ་པ་བློ་བཟང་གྲགས་པ།	sungbum	0
S5264	Je Tsongkapa Lobsang Drakpa	RJE TZONG KHA PA BLO BZANG GRAGS PA	Je_Tsongkapa_Lobsang_Drakpa--RJE_TZONG_KHA_PA_BLO_BZANG_GRAGS_PA	r6	0
S5265		ཉམས་ལེན།/བླ་མའི་རྣལ་འབྱོར།/རྗེ་ཙོང་ཁ་པ་བློ་བཟང་གྲགས་པ།	ཉམས་ལེན།/བླ་མའི་རྣལ་འབྱོར།/རྗེ་ཙོང་ཁ་པ་བློ་བཟང་གྲགས་པ།	sungbum	0
S5265	Lama Practices	BLA MA'I RNAL 'BYOR	Lama_Practices--BLA_MA'I_RNAL_'BYOR	r6	0
S5266		ཉམས་ལེན།/བླ་མའི་རྣལ་འབྱོར།/རྗེ་ཙོང་ཁ་པ་བློ་བཟང་གྲགས་པ།	ཉམས་ལེན།/བླ་མའི་རྣལ་འབྱོར།/རྗེ་ཙོང་ཁ་པ་བློ་བཟང་གྲགས་པ།	sungbum	0
S5266	Lama Practices	BLA MA'I RNAL 'BYOR	Lama_Practices--BLA_MA'I_RNAL_'BYOR	r6	0
S5267		གསན་ཡིག/རྗེ་ཙོང་ཁ་པ་བློ་བཟང་གྲགས་པ།	གསན་ཡིག/རྗེ་ཙོང་ཁ་པ་བློ་བཟང་གྲགས་པ།	sungbum	0
S5267	Lists Of Secret Teachings Received By Eminent Lamas	GSAN YIG	Lists_Of_Secret_Teachings_Received_By_Eminent_Lamas--GSAN_YIG	r6	0
S5268		རྒྱུད།/སྤྱི།/འགྲེལ་པ།/ཇེ་ཚོངྐཔ་ལོབྶང་དྲཀྤ།	རྒྱུད།/སྤྱི།/འགྲེལ་པ།/ཇེ་ཚོངྐཔ་ལོབྶང་དྲཀྤ།	sungbum	0
S5268	Commentaries On The Practice	'GREL PA	Commentaries_On_The_Practice--'GREL_PA	r6	0
S5269		རྒྱུད།/བླ་མ་ལྔ་བཅུ་པ།/འགྲེལ་པ།	རྒྱུད།/བླ་མ་ལྔ་བཅུ་པ།/འགྲེལ་པ།	sungbum	0
S5269	Commentaries On The Practice	'GREL PA	Commentaries_On_The_Practice--'GREL_PA	r6	0
S527		ཕར་ཕྱིན།/སྤྱི།/བློ་བཟང་བསྟན་པའི་ཉི་མ།	ཕར་ཕྱིན།/སྤྱི།/བློ་བཟང་བསྟན་པའི་ཉི་མ།	sungbum	0
S527	Perfection Of Wisdom	PHAR PHYIN	Perfection_Of_Wisdom--PHAR_PHYIN	r6	0
S5270		རྒྱུད།/སྤྱི།/སྡོམ་པ།	རྒྱུད།/སྤྱི།/སྡོམ་པ།	sungbum	0
S5270	Descriptions Of The Secret Vows	SDOM PA	Descriptions_Of_The_Secret_Vows--SDOM_PA	r6	0
S5271		ལམ་རིམ།/བྱང་སེམས་ཀྱི་སྡོམ་པ།	ལམ་རིམ།/བྱང་སེམས་ཀྱི་སྡོམ་པ།	sungbum	0
S5271	Works On The Bodhisattva Vows	BYANG SEMS SDOM PA	Works_On_The_Bodhisattva_Vows--BYANG_SEMS_SDOM_PA	r6	0
S5272		འདུལ་བ།/དགེ་སློང་།	འདུལ་བ།/དགེ་སློང་།	sungbum	0
S5272	Instructions For Full Monks And Nuns	DGE SLONG	Instructions_For_Full_Monks_And_Nuns--DGE_SLONG	r6	0
S5273		འདུལ་བ།/དགེ་ཚུལ།	འདུལ་བ།/དགེ་ཚུལ།	sungbum	0
S5273	Instructions For Novice Monks And Nuns	DGE TSUL	Instructions_For_Novice_Monks_And_Nuns--DGE_TSUL	r6	0
S5274		འདུལ་བ།/སྤྱི།/རྗེ་ཙོང་ཁ་པ་བློ་བཟང་གྲགས་པ།/འདུལ་བའི་ཟིན་བྲིས།	འདུལ་བ།/སྤྱི།/རྗེ་ཙོང་ཁ་པ་བློ་བཟང་གྲགས་པ།/འདུལ་བའི་ཟིན་བྲིས།	sungbum	0
S5274	General Commentaries	SPYI	General_Commentaries--SPYI	r6	0
S5275		ཆོ་ག/བྱང་ཆོག	ཆོ་ག/བྱང་ཆོག	sungbum	0
S5275		ཆོ་ག/སྨོན་ལམ་ཆེན་མོ།	ཆོ་ག/སྨོན་ལམ་ཆེན་མོ།	sungbum	0
S5275		ཉམས་ལེན།/གསོལ་འདེབས།/རྗེ་ཙོང་ཁ་པ་བློ་བཟང་གྲགས་པ།	ཉམས་ལེན།/གསོལ་འདེབས།/རྗེ་ཙོང་ཁ་པ་བློ་བཟང་གྲགས་པ།	sungbum	0
S5275		ཉམས་ལེན།/བཤགས་པ།/རྗེ་ཙོང་ཁ་པ་བློ་བཟང་གྲགས་པ།	ཉམས་ལེན།/བཤགས་པ།/རྗེ་ཙོང་ཁ་པ་བློ་བཟང་གྲགས་པ།	sungbum	0
S5275		ཉམས་ལེན།/བསྔོ་བ།/རྗེ་ཙོང་ཁ་པ་བློ་བཟང་གྲགས་པ།	ཉམས་ལེན།/བསྔོ་བ།/རྗེ་ཙོང་ཁ་པ་བློ་བཟང་གྲགས་པ།	sungbum	0
S5275		ཉམས་ལེན།/བསླབ་བྱ།/རྗེ་ཙོང་ཁ་པ་བློ་བཟང་གྲགས་པ།	ཉམས་ལེན།/བསླབ་བྱ།/རྗེ་ཙོང་ཁ་པ་བློ་བཟང་གྲགས་པ།	sungbum	0
S5275		ཉམས་ལེན།/བླ་མའི་རྣལ་འབྱོར།/རྗེ་ཙོང་ཁ་པ་བློ་བཟང་གྲགས་པ།	ཉམས་ལེན།/བླ་མའི་རྣལ་འབྱོར།/རྗེ་ཙོང་ཁ་པ་བློ་བཟང་གྲགས་པ།	sungbum	0
S5275		ཉམས་ལེན།/སྟོབས་བཞི་བསྒོམ་ཚུལ།/རྗེ་ཙོང་ཁ་པ་བློ་བཟང་གྲགས་པ།	ཉམས་ལེན།/སྟོབས་བཞི་བསྒོམ་ཚུལ།/རྗེ་ཙོང་ཁ་པ་བློ་བཟང་གྲགས་པ།	sungbum	0
S5275		ཉམས་ལེན།/སྡུག་བསྔལ་ལམ་སློང་།	ཉམས་ལེན།/སྡུག་བསྔལ་ལམ་སློང་།	sungbum	0
S5275		ཉམས་ལེན།/སྤྱི།/རིན་པོ་ཆེ་གསུམ།	ཉམས་ལེན།/སྤྱི།/རིན་པོ་ཆེ་གསུམ།	sungbum	0
S5275		ཉམས་ལེན།/སྤྱི།/རྗེ་ཙོང་ཁ་པ་བློ་བཟང་གྲགས་པ།/གདུལ་དཀའི་སེམས་ལ་བཤད་པ།	ཉམས་ལེན།/སྤྱི།/རྗེ་ཙོང་ཁ་པ་བློ་བཟང་གྲགས་པ།/གདུལ་དཀའི་སེམས་ལ་བཤད་པ།	sungbum	0
S5275		ཉམས་ལེན།/སྤྱི།/རྗེ་ཙོང་ཁ་པ་བློ་བཟང་གྲགས་པ།/ཕྱག་རྡོར་བ་ལ་ཕུལ་བའི་ཆབ་ཤོག	ཉམས་ལེན།/སྤྱི།/རྗེ་ཙོང་ཁ་པ་བློ་བཟང་གྲགས་པ།/ཕྱག་རྡོར་བ་ལ་ཕུལ་བའི་ཆབ་ཤོག	sungbum	0
S5275		ཉམས་ལེན།/སྤྱི།/རྗེ་ཙོང་ཁ་པ་བློ་བཟང་གྲགས་པ།/བྱང་ཆུབ་བླ་མ་ལ་ཕུལ་བའི་འཕྲིན་ཡིག	ཉམས་ལེན།/སྤྱི།/རྗེ་ཙོང་ཁ་པ་བློ་བཟང་གྲགས་པ།/བྱང་ཆུབ་བླ་མ་ལ་ཕུལ་བའི་འཕྲིན་ཡིག	sungbum	0
S5275		ཉམས་ལེན།/སྤྱི།/རྗེ་ཙོང་ཁ་པ་བློ་བཟང་གྲགས་པ།/འཇམ་དབྱངས་ཀྱི་ཤླཽ་ཀ།	ཉམས་ལེན།/སྤྱི།/རྗེ་ཙོང་ཁ་པ་བློ་བཟང་གྲགས་པ།/འཇམ་དབྱངས་ཀྱི་ཤླཽ་ཀ།	sungbum	0
S5275		ཉམས་ལེན།/སྤྱི།/རྗེ་ཙོང་ཁ་པ་བློ་བཟང་གྲགས་པ།/འདུན་ལེགས་མ།	ཉམས་ལེན།/སྤྱི།/རྗེ་ཙོང་ཁ་པ་བློ་བཟང་གྲགས་པ།/འདུན་ལེགས་མ།	sungbum	0
S5275		ཉམས་ལེན།/སྤྱི།/རྗེ་ཙོང་ཁ་པ་བློ་བཟང་གྲགས་པ།/རྒྱལ་དབང་པའི་དྲི་ལན།	ཉམས་ལེན།/སྤྱི།/རྗེ་ཙོང་ཁ་པ་བློ་བཟང་གྲགས་པ།/རྒྱལ་དབང་པའི་དྲི་ལན།	sungbum	0
S5275		ཉམས་ལེན།/སྤྱི།/རྗེ་ཙོང་ཁ་པ་བློ་བཟང་གྲགས་པ།/རྗེ་རེད་མདའ་བའི་གསུང་ལན།	ཉམས་ལེན།/སྤྱི།/རྗེ་ཙོང་ཁ་པ་བློ་བཟང་གྲགས་པ།/རྗེ་རེད་མདའ་བའི་གསུང་ལན།	sungbum	0
S5275		ཉམས་ལེན།/སྤྱི།/རྗེ་ཙོང་ཁ་པ་བློ་བཟང་གྲགས་པ།/ལ་མ་དབུ་མ་པ་ལ་ཕུལ་བའི་ཆབ་ཤོག	ཉམས་ལེན།/སྤྱི།/རྗེ་ཙོང་ཁ་པ་བློ་བཟང་གྲགས་པ།/ལ་མ་དབུ་མ་པ་ལ་ཕུལ་བའི་ཆབ་ཤོག	sungbum	0
S5275		ཉམས་ལེན།/སྤྱི།/རྗེ་ཙོང་ཁ་པ་བློ་བཟང་གྲགས་པ།/ལམ་གྱི་གནད་གསུམ།	ཉམས་ལེན།/སྤྱི།/རྗེ་ཙོང་ཁ་པ་བློ་བཟང་གྲགས་པ།/ལམ་གྱི་གནད་གསུམ།	sungbum	0
S5275		ཉམས་ལེན།/སྤྱི།/རྗེ་ཙོང་ཁ་པ་བློ་བཟང་གྲགས་པ།/ལྷག་བསམ་རབ་དཀར།	ཉམས་ལེན།/སྤྱི།/རྗེ་ཙོང་ཁ་པ་བློ་བཟང་གྲགས་པ།/ལྷག་བསམ་རབ་དཀར།	sungbum	0
S5275		ཉམས་ལེན།/སྤྱི།/རྗེ་ཙོང་ཁ་པ་བློ་བཟང་གྲགས་པ།/སྦྱོར་བའི་རིམ་པ།	ཉམས་ལེན།/སྤྱི།/རྗེ་ཙོང་ཁ་པ་བློ་བཟང་གྲགས་པ།/སྦྱོར་བའི་རིམ་པ།	sungbum	0
S5275		ཉམས་ལེན།/སྨོན་ལམ།/རྗེ་ཙོང་ཁ་པ་བློ་བཟང་གྲགས་པ།	ཉམས་ལེན།/སྨོན་ལམ།/རྗེ་ཙོང་ཁ་པ་བློ་བཟང་གྲགས་པ།	sungbum	0
S5275		དབུ་མ།/རྟེན་འབྲེལ།/རྟེན་འབྲེལ་བསྟོད་པ།/རྩ་བ།	དབུ་མ།/རྟེན་འབྲེལ།/རྟེན་འབྲེལ་བསྟོད་པ།/རྩ་བ།	sungbum	0
S5275		བསྟོད་པ།	བསྟོད་པ།	sungbum	0
S5275		བསྟོད་པ།/གྲགས་པ་བྱང་ཆུབ།	བསྟོད་པ།/གྲགས་པ་བྱང་ཆུབ།	sungbum	0
S5275		བསྟོད་པ།/ཆོས་ཀྱི་རྒྱལ་པོ།	བསྟོད་པ།/ཆོས་ཀྱི་རྒྱལ་པོ།	sungbum	0
S5275		བསྟོད་པ།/དབྱངས་ཅན་མ།	བསྟོད་པ།/དབྱངས་ཅན་མ།	sungbum	0
S5275		བསྟོད་པ།/རེད་མདའ་བ།	བསྟོད་པ།/རེད་མདའ་བ།	sungbum	0
S5275		བསྟོད་པ།/ཤཱཀྱ་ཐུབ་པ།	བསྟོད་པ།/ཤཱཀྱ་ཐུབ་པ།	sungbum	0
S5275		བསྟོད་པ།/ཤཱཀྱ་ཐུབ་པ།/སྐབས་གསུམ་མ།/རྩ་བ།	བསྟོད་པ།/ཤཱཀྱ་ཐུབ་པ།/སྐབས་གསུམ་མ།/རྩ་བ།	sungbum	0
S5275		བསྟོད་པ།/ས་སྐྱ་པ།	བསྟོད་པ།/ས་སྐྱ་པ།	sungbum	0
S5275		བསྟོད་པ།/ཧོར་རྒྱལ་བུ།	བསྟོད་པ།/ཧོར་རྒྱལ་བུ།	sungbum	0
S5275		འདུལ་བ།/བཅའ་ཁྲིམས།	འདུལ་བ།/བཅའ་ཁྲིམས།	sungbum	0
S5275		འདུལ་བ།/སྤྱི།/རྗེ་ཙོང་ཁ་པ་བློ་བཟང་གྲགས་པ།/ངག་དབང་གྲགས་པ།	འདུལ་བ།/སྤྱི།/རྗེ་ཙོང་ཁ་པ་བློ་བཟང་གྲགས་པ།/ངག་དབང་གྲགས་པ།	sungbum	0
S5275		འདུལ་བ།/སྤྱི།/རྗེ་ཙོང་ཁ་པ་བློ་བཟང་གྲགས་པ།/འདུལ་བ་རྒྱ་མཚོའི་སྙིང་པོ།	འདུལ་བ།/སྤྱི།/རྗེ་ཙོང་ཁ་པ་བློ་བཟང་གྲགས་པ།/འདུལ་བ་རྒྱ་མཚོའི་སྙིང་པོ།	sungbum	0
S5275		རྒྱུད།/ཁ་སར་པ་ཎི།/སྨོན་ལམ།	རྒྱུད།/ཁ་སར་པ་ཎི།/སྨོན་ལམ།	sungbum	0
S5275		རྒྱུད།/གདུགས་དཀར།/བསྟོད་པ།	རྒྱུད།/གདུགས་དཀར།/བསྟོད་པ།	sungbum	0
S5275		རྒྱུད།/གཙུག་ཏོར།/བསྟོད་པ།	རྒྱུད།/གཙུག་ཏོར།/བསྟོད་པ།	sungbum	0
S5275		རྒྱུད།/གསང་འདུས།/དཀྱིལ་འཁོར།	རྒྱུད།/གསང་འདུས།/དཀྱིལ་འཁོར།	sungbum	0
S5275		རྒྱུད།/གསང་འདུས།/མཆོད་པ།	རྒྱུད།/གསང་འདུས།/མཆོད་པ།	sungbum	0
S5275		རྒྱུད།/གསང་འདུས།/འགྲེལ་པ།	རྒྱུད།/གསང་འདུས།/འགྲེལ་པ།	sungbum	0
S5275		རྒྱུད།/ཆོས་རྒྱལ།/བསྟོད་པ།	རྒྱུད།/ཆོས་རྒྱལ།/བསྟོད་པ།	sungbum	0
S5275		རྒྱུད།/དབྱངས་ཅན་མ།/བསྟོད་པ།	རྒྱུད།/དབྱངས་ཅན་མ།/བསྟོད་པ།	sungbum	0
S5275		རྒྱུད།/དུས་འཁོར།/རྫོགས་རིམ།	རྒྱུད།/དུས་འཁོར།/རྫོགས་རིམ།	sungbum	0
S5275		རྒྱུད།/ཕག་དཀར་ཤེས་རབ་གསལ་བྱེད།/བསྟོད་པ།	རྒྱུད།/ཕག་དཀར་ཤེས་རབ་གསལ་བྱེད།/བསྟོད་པ།	sungbum	0
S5275		རྒྱུད།/བདེ་མཆོག/མཆོད་པ།	རྒྱུད།/བདེ་མཆོག/མཆོད་པ།	sungbum	0
S5275		རྒྱུད།/བྱམས་པ།/བསྟོད་པ།	རྒྱུད།/བྱམས་པ།/བསྟོད་པ།	sungbum	0
S5275		རྒྱུད།/བྱམས་པ།/སྨོན་ལམ།	རྒྱུད།/བྱམས་པ།/སྨོན་ལམ།	sungbum	0
S5275		རྒྱུད།/མི་གཡོ་མགོན་པོ།/བསྟོད་པ།	རྒྱུད།/མི་གཡོ་མགོན་པོ།/བསྟོད་པ།	sungbum	0
S5275		རྒྱུད།/མི་གཡོ་མགོན་པོ།/སྨོན་ལམ།	རྒྱུད།/མི་གཡོ་མགོན་པོ།/སྨོན་ལམ།	sungbum	0
S5275		རྒྱུད།/ཚེ་དཔག་མེད།/བསྟོད་པ།	རྒྱུད།/ཚེ་དཔག་མེད།/བསྟོད་པ།	sungbum	0
S5275		རྒྱུད།/འཇམ་དབྱངས།/བསྟོད་པ།	རྒྱུད།/འཇམ་དབྱངས།/བསྟོད་པ།	sungbum	0
S5275		རྒྱུད།/འཇམ་དབྱངས།/སྨོན་ལམ།	རྒྱུད།/འཇམ་དབྱངས།/སྨོན་ལམ།	sungbum	0
S5275		རྒྱུད།/འཇའ་ཚོན་མ།/མཆོད་པ།	རྒྱུད།/འཇའ་ཚོན་མ།/མཆོད་པ།	sungbum	0
S5275		རྒྱུད།/འཇིགས་བྱེད།/བསྟོད་པ།	རྒྱུད།/འཇིགས་བྱེད།/བསྟོད་པ།	sungbum	0
S5275		རྒྱུད།/འཇིགས་བྱེད།/སྒྲུབ་ཐབས།	རྒྱུད།/འཇིགས་བྱེད།/སྒྲུབ་ཐབས།	sungbum	0
S5275		རྒྱུད།/འོད་དཔག་མེད།/བསྟོད་པ།	རྒྱུད།/འོད་དཔག་མེད།/བསྟོད་པ།	sungbum	0
S5275		རྒྱུད།/རྡོ་རྗེ་རྣམ་གནོན།/བསྟོད་པ།	རྒྱུད།/རྡོ་རྗེ་རྣམ་གནོན།/བསྟོད་པ།	sungbum	0
S5275		རྒྱུད།/རྡོ་རྗེ་རྣམ་འཇོམས།/བསྟོད་པ།	རྒྱུད།/རྡོ་རྗེ་རྣམ་འཇོམས།/བསྟོད་པ།	sungbum	0
S5275		རྒྱུད།/རྣམ་རྒྱལ་མ།/བསྟོད་པ།	རྒྱུད།/རྣམ་རྒྱལ་མ།/བསྟོད་པ།	sungbum	0
S5275		རྒྱུད།/སྤྱན་རས་གཟིགས།/བསྟོད་པ།	རྒྱུད།/སྤྱན་རས་གཟིགས།/བསྟོད་པ།	sungbum	0
S5275		རྒྱུད།/སྤྱི།/འགྲེལ་པ།/ཇེ་ཚོངྐཔ་ལོབྶང་དྲཀྤ།	རྒྱུད།/སྤྱི།/འགྲེལ་པ།/ཇེ་ཚོངྐཔ་ལོབྶང་དྲཀྤ།	sungbum	0
S5275		རྒྱུད།/སྤྱི།/འཕོ་བ།	རྒྱུད།/སྤྱི།/འཕོ་བ།	sungbum	0
S5275		རྒྱུད།/སྨན་བླ།/བསྟོད་པ།	རྒྱུད།/སྨན་བླ།/བསྟོད་པ།	sungbum	0
S5275		རྟོགས་བརྗོད།/རྟག་ཏུ་ངུ་།	རྟོགས་བརྗོད།/རྟག་ཏུ་ངུ་།	sungbum	0
S5275		རྣམ་ཐར།/མཚན་ཐོག/གྲགས་པ་བྱང་ཆུབ་དཔལ་བཟང་པོ།	རྣམ་ཐར།/མཚན་ཐོག/གྲགས་པ་བྱང་ཆུབ་དཔལ་བཟང་པོ།	sungbum	0
S5275		ལམ་རིམ།/ལམ་རིམ་བསྡུས་དོན།	ལམ་རིམ།/ལམ་རིམ་བསྡུས་དོན།	sungbum	0
S5275		ལམ་རིམ།/ལམ་རིམ་མདོ་ཙམ་བསྟན་པ།	ལམ་རིམ།/ལམ་རིམ་མདོ་ཙམ་བསྟན་པ།	sungbum	0
S5275	Commentaries On The Practice	'GREL PA	Commentaries_On_The_Practice--'GREL_PA	r6	0
S5275	General Commentaries	SPYI	General_Commentaries--SPYI	r6	0
S5275	Instructions Concerning The Secret World	DKYIL 'KHOR	Instructions_Concerning_The_Secret_World--DKYIL_'KHOR	r6	0
S5275	Instructions For The Stage Of Completion	RDZOGS RIM	Instructions_For_The_Stage_Of_Completion--RDZOGS_RIM	r6	0
S5275	Instructions For Turning Suffering Into A Spiritual Path	SDUG BSNGAL LAM SLONG	Instructions_For_Turning_Suffering_Into_A_Spiritual_Path--SDUG_BSNGAL_LAM_SLONG	r6	0
S5275	Instructions On The Practice Of Fusion	BSRE BA	Instructions_On_The_Practice_Of_Fusion--BSRE_BA	r6	0
S5275	Lama Practices	BLA MA'I RNAL 'BYOR	Lama_Practices--BLA_MA'I_RNAL_'BYOR	r6	0
S5275	Methods For Purifying Oneself Of Bad Karma Through The Four Forces	STOBS BZHI	Methods_For_Purifying_Oneself_Of_Bad_Karma_Through_The_Four_Forces--STOBS_BZHI	r6	0
S5275	Methods For Reaching The Holy Being	SGRUB THABS	Methods_For_Reaching_The_Holy_Being--SGRUB_THABS	r6	0
S5275	Methods Of Dedicating Good Deeds	BSNGO BA	Methods_Of_Dedicating_Good_Deeds--BSNGO_BA	r6	0
S5275	Methods Of Making Supplication To The Holy Being	GSOL 'DEBS	Methods_Of_Making_Supplication_To_The_Holy_Being--GSOL_'DEBS	r6	0
S5275	Methods Of Performing Spiritual Offerings	MCHOD PA	Methods_Of_Performing_Spiritual_Offerings--MCHOD_PA	r6	0
S5275	Methods Of Prayer	SMON LAM	Methods_Of_Prayer--SMON_LAM	r6	0
S5275	Methods Of Sending Ones Mind Into Death	'PHO BA	Methods_Of_Sending_Ones_Mind_Into_Death--'PHO_BA	r6	0
S5275	Middle-Way Philosophy	DBU MA	Middle-Way_Philosophy--DBU_MA	r6	0
S5275	Monastic Rules	BCA' KHRIMS	Monastic_Rules--BCA'_KHRIMS	r6	0
S5275	Personal Spiritual Advices	BSLAB BYA	Personal_Spiritual_Advices--BSLAB_BYA	r6	0
S5275	Practices Of Confession And Purification Of Bad Karma	BSHAGS PA	Practices_Of_Confession_And_Purification_Of_Bad_Karma--BSHAGS_PA	r6	0
S5275	Rituals For Entering The Secret World	DKYIL CHOG	Rituals_For_Entering_The_Secret_World--DKYIL_CHOG	r6	0
S5275	Rituals For Purifying Bad Karma Of The Dead	SBYANG CHOG	Rituals_For_Purifying_Bad_Karma_Of_The_Dead--SBYANG_CHOG	r6	0
S5275	Rituals For The Great Prayer Festival	SMON LAM CHEN MO	Rituals_For_The_Great_Prayer_Festival--SMON_LAM_CHEN_MO	r6	0
S5275	Spiritual Biographies	RTOGS BRJOD	Spiritual_Biographies--RTOGS_BRJOD	r6	0
S5275	Words Of Praise	BSTOD PA	Words_Of_Praise--BSTOD_PA	r6	0
S5275	Works On A Very Short Teaching On The Steps Of The Path	LAM RIM MDO TZAM	Works_On_A_Very_Short_Teaching_On_The_Steps_Of_The_Path--LAM_RIM_MDO_TZAM	r6	0
S5275	Works On The Briefer Book On The Steps Of The Path	LAM RIM BSDUS DON	Works_On_The_Briefer_Book_On_The_Steps_Of_The_Path--LAM_RIM_BSDUS_DON	r6	0
S5275	Works On The Source Of All My Good	YON TAN GZHIR GYUR MA	Works_On_The_Source_Of_All_My_Good--YON_TAN_GZHIR_GYUR_MA	r6	0
S5275	Works On The Three Principal Paths	LAM GTZO RNAM GSUM	Works_On_The_Three_Principal_Paths--LAM_GTZO_RNAM_GSUM	r6	0
S5276		རྒྱུད།/རྡོ་རྗེ་རྩེ་མོ།/འགྲེལ་པ།	རྒྱུད།/རྡོ་རྗེ་རྩེ་མོ།/འགྲེལ་པ།	sungbum	0
S5276	Commentaries On The Practice	'GREL PA	Commentaries_On_The_Practice--'GREL_PA	r6	0
S5277		རྒྱུད།/ཡེ་ཤེས་མཁའ་འགྲོ།/སྒྲུབ་ཐབས།	རྒྱུད།/ཡེ་ཤེས་མཁའ་འགྲོ།/སྒྲུབ་ཐབས།	sungbum	0
S5277	Methods For Reaching The Holy Being	SGRUB THABS	Methods_For_Reaching_The_Holy_Being--SGRUB_THABS	r6	0
S5278		རྒྱུད།/སྤྱི།/ཚེ་སྒྲུབ།	རྒྱུད།/སྤྱི།/ཚེ་སྒྲུབ།	sungbum	0
S5278	Methods Of Attaining Long Life	TSE SGRUB	Methods_Of_Attaining_Long_Life--TSE_SGRUB	r6	0
S5279		རྒྱུད།/སྤྱི།/སྡོམ་པ།	རྒྱུད།/སྤྱི།/སྡོམ་པ།	sungbum	0
S5279	Descriptions Of The Secret Vows	SDOM PA	Descriptions_Of_The_Secret_Vows--SDOM_PA	r6	0
S528		ཕར་ཕྱིན།/སྤྱི།/མཁས་གྲུབ་སྦྱིན་པ་དར་རྒྱས།/མཐའ་དཔྱོད།	ཕར་ཕྱིན།/སྤྱི།/མཁས་གྲུབ་སྦྱིན་པ་དར་རྒྱས།/མཐའ་དཔྱོད།	sungbum	0
S528	Perfection Of Wisdom	PHAR PHYIN	Perfection_Of_Wisdom--PHAR_PHYIN	r6	0
S5280		རྒྱུད།/སྤྱི།/གཏོར་མ།	རྒྱུད།/སྤྱི།/གཏོར་མ།	sungbum	0
S5280	Methods For Making Torma-Cake Offerings	GTOR MA	Methods_For_Making_Torma-Cake_Offerings--GTOR_MA	r6	0
S5281		རྒྱུད།/སྤྱི།/འགྲེལ་པ།/ཇེ་ཚོངྐཔ་ལོབྶང་དྲཀྤ།	རྒྱུད།/སྤྱི།/འགྲེལ་པ།/ཇེ་ཚོངྐཔ་ལོབྶང་དྲཀྤ།	sungbum	0
S5281	Commentaries On The Practice	'GREL PA	Commentaries_On_The_Practice--'GREL_PA	r6	0
S5282		རྒྱུད།/གསང་འདུས།/འགྲེལ་པ།	རྒྱུད།/གསང་འདུས།/འགྲེལ་པ།	sungbum	0
S5282	Commentaries On The Practice	'GREL PA	Commentaries_On_The_Practice--'GREL_PA	r6	0
S5283		རྒྱུད།/གསང་འདུས།/འགྲེལ་པ།	རྒྱུད།/གསང་འདུས།/འགྲེལ་པ།	sungbum	0
S5283	Commentaries On The Practice	'GREL PA	Commentaries_On_The_Practice--'GREL_PA	r6	0
S5284		རྒྱུད།/གསང་འདུས།/འགྲེལ་པ།	རྒྱུད།/གསང་འདུས།/འགྲེལ་པ།	sungbum	0
S5284	Commentaries On The Practice	'GREL PA	Commentaries_On_The_Practice--'GREL_PA	r6	0
S5285		རྒྱུད།/གསང་འདུས།/འགྲེལ་པ།	རྒྱུད།/གསང་འདུས།/འགྲེལ་པ།	sungbum	0
S5285	Commentaries On The Practice	'GREL PA	Commentaries_On_The_Practice--'GREL_PA	r6	0
S5286		རྒྱུད།/གསང་འདུས།/འགྲེལ་པ།	རྒྱུད།/གསང་འདུས།/འགྲེལ་པ།	sungbum	0
S5286	Commentaries On The Practice	'GREL PA	Commentaries_On_The_Practice--'GREL_PA	r6	0
S5287		རྒྱུད།/གསང་འདུས།/དཀྱིལ་འཁོར།	རྒྱུད།/གསང་འདུས།/དཀྱིལ་འཁོར།	sungbum	0
S5287	Instructions Concerning The Secret World	DKYIL 'KHOR	Instructions_Concerning_The_Secret_World--DKYIL_'KHOR	r6	0
S5288		རྒྱུད།/གསང་འདུས།/བསྐྱེད་རིམ།	རྒྱུད།/གསང་འདུས།/བསྐྱེད་རིམ།	sungbum	0
S5288	Instructions For The Stage Of Creation	BSKYED RIM	Instructions_For_The_Stage_Of_Creation--BSKYED_RIM	r6	0
S5289		རྒྱུད།/གསང་འདུས།/འགྲེལ་པ།	རྒྱུད།/གསང་འདུས།/འགྲེལ་པ།	sungbum	0
S5289	Commentaries On The Practice	'GREL PA	Commentaries_On_The_Practice--'GREL_PA	r6	0
S529		ཕར་ཕྱིན།/སྤྱི།/མཁས་གྲུབ་སྦྱིན་པ་དར་རྒྱས།/མཐའ་དཔྱོད།	ཕར་ཕྱིན།/སྤྱི།/མཁས་གྲུབ་སྦྱིན་པ་དར་རྒྱས།/མཐའ་དཔྱོད།	sungbum	0
S529	Perfection Of Wisdom	PHAR PHYIN	Perfection_Of_Wisdom--PHAR_PHYIN	r6	0
S5290		རྒྱུད།/གསང་འདུས།/འགྲེལ་པ།	རྒྱུད།/གསང་འདུས།/འགྲེལ་པ།	sungbum	0
S5290	Commentaries On The Practice	'GREL PA	Commentaries_On_The_Practice--'GREL_PA	r6	0
S5291		རྒྱུད།/གསང་འདུས།/འགྲེལ་པ།	རྒྱུད།/གསང་འདུས།/འགྲེལ་པ།	sungbum	0
S5291	Commentaries On The Practice	'GREL PA	Commentaries_On_The_Practice--'GREL_PA	r6	0
S5292		རྒྱུད།/རིམ་ལྔ།/འགྲེལ་པ།	རྒྱུད།/རིམ་ལྔ།/འགྲེལ་པ།	sungbum	0
S5292	Commentaries On The Practice	'GREL PA	Commentaries_On_The_Practice--'GREL_PA	r6	0
S5293		རྒྱུད།/རིམ་ལྔ།/འགྲེལ་པ།	རྒྱུད།/རིམ་ལྔ།/འགྲེལ་པ།	sungbum	0
S5293	Commentaries On The Practice	'GREL PA	Commentaries_On_The_Practice--'GREL_PA	r6	0
S5294		རྒྱུད།/རྣལ་འབྱོར་བཞི་རིམ།/འགྲེལ་པ།	རྒྱུད།/རྣལ་འབྱོར་བཞི་རིམ།/འགྲེལ་པ།	sungbum	0
S5294	Commentaries On The Practice	'GREL PA	Commentaries_On_The_Practice--'GREL_PA	r6	0
S5295		རྒྱུད།/རྣལ་འབྱོར་བཞི་རིམ།/འགྲེལ་པ།	རྒྱུད།/རྣལ་འབྱོར་བཞི་རིམ།/འགྲེལ་པ།	sungbum	0
S5295	Commentaries On The Practice	'GREL PA	Commentaries_On_The_Practice--'GREL_PA	r6	0
S5296		རྒྱུད།/གསང་འདུས།/འགྲེལ་པ།	རྒྱུད།/གསང་འདུས།/འགྲེལ་པ།	sungbum	0
S5296	Commentaries On The Practice	'GREL PA	Commentaries_On_The_Practice--'GREL_PA	r6	0
S5297		རྒྱུད།/གསང་འདུས།/འགྲེལ་པ།	རྒྱུད།/གསང་འདུས།/འགྲེལ་པ།	sungbum	0
S5297	Commentaries On The Practice	'GREL PA	Commentaries_On_The_Practice--'GREL_PA	r6	0
S5298		རྒྱུད།/ཁྲོ་བོ་བཅུ།/འགྲེལ་པ།	རྒྱུད།/ཁྲོ་བོ་བཅུ།/འགྲེལ་པ།	sungbum	0
S5298	Commentaries On The Practice	'GREL PA	Commentaries_On_The_Practice--'GREL_PA	r6	0
S5299		རྒྱུད།/རྡོ་རྗེ་རྣལ་འབྱོར་མ།/འགྲེལ་པ།	རྒྱུད།/རྡོ་རྗེ་རྣལ་འབྱོར་མ།/འགྲེལ་པ།	sungbum	0
S5299	Commentaries On The Practice	'GREL PA	Commentaries_On_The_Practice--'GREL_PA	r6	0
S53		འདུལ་བ།/སྤྱི་བཤགས།	འདུལ་བ།/སྤྱི་བཤགས།	sungbum	0
S53	General Commentaries	SPYI	General_Commentaries--SPYI	r6	0
S53	Practices Of Confession And Purification Of Bad Karma	BSHAGS PA	Practices_Of_Confession_And_Purification_Of_Bad_Karma--BSHAGS_PA	r6	0
S530		རྒྱུད།/འཇིགས་བྱེད།/བླ་བརྒྱུད།	རྒྱུད།/འཇིགས་བྱེད།/བླ་བརྒྱུད།	sungbum	0
S530	Lineages Of The Lamas Who Have Passed On The Teaching	BLA MA'I BRGYUD	Lineages_Of_The_Lamas_Who_Have_Passed_On_The_Teaching--BLA_MA'I_BRGYUD	r6	0
S5300		རྒྱུད།/གསང་འདུས།/དཀྱིལ་འཁོར།	རྒྱུད།/གསང་འདུས།/དཀྱིལ་འཁོར།	sungbum	0
S5300	Rituals For Entering The Secret World	DKYIL CHOG	Rituals_For_Entering_The_Secret_World--DKYIL_CHOG	r6	0
S5301		དབུ་མ།/ཞི་གནས་ལྷག་མཐོང་།	དབུ་མ།/ཞི་གནས་ལྷག་མཐོང་།	sungbum	0
S5301		རྒྱུད།/གསང་འདུས།/བསྐྱེད་རིམ།	རྒྱུད།/གསང་འདུས།/བསྐྱེད་རིམ།	sungbum	0
S5301		རྒྱུད།/གསང་འདུས།/བསྲེ་བ།	རྒྱུད།/གསང་འདུས།/བསྲེ་བ།	sungbum	0
S5301		རྒྱུད།/གསང་འདུས།/འགྲེལ་པ།	རྒྱུད།/གསང་འདུས།/འགྲེལ་པ།	sungbum	0
S5301		རྒྱུད།/གསང་འདུས།/འཕོ་བ།	རྒྱུད།/གསང་འདུས།/འཕོ་བ།	sungbum	0
S5301		རྒྱུད།/གསང་འདུས།/རྡོ་རྗེ་བཟླས་པ།	རྒྱུད།/གསང་འདུས།/རྡོ་རྗེ་བཟླས་པ།	sungbum	0
S5301		རྒྱུད།/གསང་འདུས།/རྫོགས་རིམ།	རྒྱུད།/གསང་འདུས།/རྫོགས་རིམ།	sungbum	0
S5301		རྒྱུད།/གསང་འདུས།/སྡོམ་པ།	རྒྱུད།/གསང་འདུས།/སྡོམ་པ།	sungbum	0
S5301		རྒྱུད།/གསང་འདུས།/སྦྱིན་སྲེག	རྒྱུད།/གསང་འདུས།/སྦྱིན་སྲེག	sungbum	0
S5301		རྒྱུད།/གསང་འདུས།/སྲུང་འཁོར།	རྒྱུད།/གསང་འདུས།/སྲུང་འཁོར།	sungbum	0
S5301	Commentaries On The Practice	'GREL PA	Commentaries_On_The_Practice--'GREL_PA	r6	0
S5301	Descriptions Of The Secret Vows	SDOM PA	Descriptions_Of_The_Secret_Vows--SDOM_PA	r6	0
S5301	Instructions For The Practice Of Diamond Recitation	RDO RJE'I BZLAS PA	Instructions_For_The_Practice_Of_Diamond_Recitation--RDO_RJE'I_BZLAS_PA	r6	0
S5301	Instructions For The Stage Of Completion	RDZOGS RIM	Instructions_For_The_Stage_Of_Completion--RDZOGS_RIM	r6	0
S5301	Instructions For The Stage Of Creation	BSKYED RIM	Instructions_For_The_Stage_Of_Creation--BSKYED_RIM	r6	0
S5301	Instructions On The Practice Of Fusion	BSRE BA	Instructions_On_The_Practice_Of_Fusion--BSRE_BA	r6	0
S5301	Methods Of Performing Fire Offerings	SBYIN SREG	Methods_Of_Performing_Fire_Offerings--SBYIN_SREG	r6	0
S5301	Methods Of Sending Ones Mind Into Death	'PHO BA	Methods_Of_Sending_Ones_Mind_Into_Death--'PHO_BA	r6	0
S5301	Methods Of Spiritual Protection	BSRUNG BA	Methods_Of_Spiritual_Protection--BSRUNG_BA	r6	0
S5302		རྒྱུད།/གསང་འདུས།/རིམ་ལྔ།	རྒྱུད།/གསང་འདུས།/རིམ་ལྔ།	sungbum	0
S5302	The Five Steps Of Secret Practice Panchakrama	RIM LNGA	The_Five_Steps_Of_Secret_Practice_Panchakrama--RIM_LNGA	r6	0
S5303		རྒྱུད།/གསང་འདུས།/སྒྲུབ་ཐབས།	རྒྱུད།/གསང་འདུས།/སྒྲུབ་ཐབས།	sungbum	0
S5303	Methods For Reaching The Holy Being	SGRUB THABS	Methods_For_Reaching_The_Holy_Being--SGRUB_THABS	r6	0
S5304		རྒྱུད།/བསམ་གཏན་ཕྱི་མ།/འགྲེལ་པ།	རྒྱུད།/བསམ་གཏན་ཕྱི་མ།/འགྲེལ་པ།	sungbum	0
S5304	Commentaries On The Practice	'GREL PA	Commentaries_On_The_Practice--'GREL_PA	r6	0
S5305		རྒྱུད།/གསང་འདུས།/བསྐྱེད་རིམ།	རྒྱུད།/གསང་འདུས།/བསྐྱེད་རིམ།	sungbum	0
S5305	Instructions For The Stage Of Creation	BSKYED RIM	Instructions_For_The_Stage_Of_Creation--BSKYED_RIM	r6	0
S5306		རྒྱུད།/གསང་འདུས།/དཀྱིལ་འཁོར།	རྒྱུད།/གསང་འདུས།/དཀྱིལ་འཁོར།	sungbum	0
S5306	Instructions Concerning The Secret World	DKYIL 'KHOR	Instructions_Concerning_The_Secret_World--DKYIL_'KHOR	r6	0
S5307		རྒྱུད།/རྡོ་རྗེ་ཕྲེང་བ།/སྔགས།	རྒྱུད།/རྡོ་རྗེ་ཕྲེང་བ།/སྔགས།	sungbum	0
S5307	Secret Words For The Practice	SNGAGS	Secret_Words_For_The_Practice--SNGAGS	r6	0
S5308		རྒྱུད།/རྡོ་རྗེ་འཆང་།/འགྲེལ་པ།	རྒྱུད།/རྡོ་རྗེ་འཆང་།/འགྲེལ་པ།	sungbum	0
S5308	Commentaries On The Practice	'GREL PA	Commentaries_On_The_Practice--'GREL_PA	r6	0
S5309		རྒྱུད།/སྤྱི།/རིམ་གཉིས།	རྒྱུད།/སྤྱི།/རིམ་གཉིས།	sungbum	0
S5309	Works On The Two Stages Of Secret Practice	RIM GNYIS	Works_On_The_Two_Stages_Of_Secret_Practice--RIM_GNYIS	r6	0
S531		རྒྱུད།/སྤྱི།/ཇ་མཆོད།	རྒྱུད།/སྤྱི།/ཇ་མཆོད།	sungbum	0
S531	Instructions For The Ritual Offering Of Tea	JA MCHOD	Instructions_For_The_Ritual_Offering_Of_Tea--JA_MCHOD	r6	0
S531	Methods Of Performing The Ceremony Of The Tenth	TSES BCU	Methods_Of_Performing_The_Ceremony_Of_The_Tenth--TSES_BCU	r6	0
S5310		རྒྱུད།/གསང་འདུས།/རྡོ་རྗེ་སེམས་དཔའ།	རྒྱུད།/གསང་འདུས།/རྡོ་རྗེ་སེམས་དཔའ།	sungbum	0
S5310	Vajrasattva	Dorje Sempa--The Warrior Of Diamond--RDO RJE SEMS DPA'	Vajrasattva--Dorje_Sempa--The_Warrior_Of_Diamond--RDO_RJE_SEMS_DPA'	r6	0
S5311		རྒྱུད།/གསང་འདུས།/འཇམ་པའི་རྡོ་རྗེ།	རྒྱུད།/གསང་འདུས།/འཇམ་པའི་རྡོ་རྗེ།	sungbum	0
S5311	Manjuvajra	Jampay Dorje--Gentle Diamond--'JAM PA'I RDO RJE	Manjuvajra--Jampay_Dorje--Gentle_Diamond--'JAM_PA'I_RDO_RJE	r6	0
S5312		རྒྱུད།/གསང་འདུས།/དཀྱིལ་འཁོར།	རྒྱུད།/གསང་འདུས།/དཀྱིལ་འཁོར།	sungbum	0
S5312	Instructions Concerning The Secret World	DKYIL 'KHOR	Instructions_Concerning_The_Secret_World--DKYIL_'KHOR	r6	0
S5313		རྒྱུད།/སྤྱི།/རིམ་གཉིས།	རྒྱུད།/སྤྱི།/རིམ་གཉིས།	sungbum	0
S5313	Works On The Two Stages Of Secret Practice	RIM GNYIS	Works_On_The_Two_Stages_Of_Secret_Practice--RIM_GNYIS	r6	0
S5314		རྒྱུད།/གསང་འདུས།/རྫོགས་རིམ།	རྒྱུད།/གསང་འདུས།/རྫོགས་རིམ།	sungbum	0
S5314	Instructions For The Stage Of Completion	RDZOGS RIM	Instructions_For_The_Stage_Of_Completion--RDZOGS_RIM	r6	0
S5315		ཆོ་ག/རབ་གནས།	ཆོ་ག/རབ་གནས།	sungbum	0
S5315	Rituals Of Consecration	RAB GNAS	Rituals_Of_Consecration--RAB_GNAS	r6	0
S5316		རྒྱུད།/བདེ་མཆོག/འགྲེལ་པ།	རྒྱུད།/བདེ་མཆོག/འགྲེལ་པ།	sungbum	0
S5316	Commentaries On The Practice	'GREL PA	Commentaries_On_The_Practice--'GREL_PA	r6	0
S5317		རྒྱུད།/ན་རོ་ཆོས་དྲུག/འགྲེལ་པ།	རྒྱུད།/ན་རོ་ཆོས་དྲུག/འགྲེལ་པ།	sungbum	0
S5317	Commentaries On The Practice	'GREL PA	Commentaries_On_The_Practice--'GREL_PA	r6	0
S5318		རྒྱུད།/ན་རོ་ཆོས་དྲུག/འགྲེལ་པ།	རྒྱུད།/ན་རོ་ཆོས་དྲུག/འགྲེལ་པ།	sungbum	0
S5318	Commentaries On The Practice	'GREL PA	Commentaries_On_The_Practice--'GREL_PA	r6	0
S5319		རྒྱུད།/བདེ་མཆོག/མངོན་རྟོགས།	རྒྱུད།/བདེ་མཆོག/མངོན་རྟོགས།	sungbum	0
S5319	Methods For The Practice Of Realization	MNGON RTOGS	Methods_For_The_Practice_Of_Realization--MNGON_RTOGS	r6	0
S532		རྒྱུད།/སྤྱི།/བསྙེན་པ།	རྒྱུད།/སྤྱི།/བསྙེན་པ།	sungbum	0
S532	Instructions For A Secret Retreat	BSNYEN PA	Instructions_For_A_Secret_Retreat--BSNYEN_PA	r6	0
S5320		རྒྱུད།/བདེ་མཆོག/མངོན་རྟོགས།	རྒྱུད།/བདེ་མཆོག/མངོན་རྟོགས།	sungbum	0
S5320	Methods For The Practice Of Realization	MNGON RTOGS	Methods_For_The_Practice_Of_Realization--MNGON_RTOGS	r6	0
S5321		རྒྱུད།/སྤྱི།/འགྲེལ་པ།/ཇེ་ཚོངྐཔ་ལོབྶང་དྲཀྤ།	རྒྱུད།/སྤྱི།/འགྲེལ་པ།/ཇེ་ཚོངྐཔ་ལོབྶང་དྲཀྤ།	sungbum	0
S5321	Commentaries On The Practice	'GREL PA	Commentaries_On_The_Practice--'GREL_PA	r6	0
S5322		རྒྱུད།/བདེ་མཆོག/འགྲེལ་པ།	རྒྱུད།/བདེ་མཆོག/འགྲེལ་པ།	sungbum	0
S5322	Commentaries On The Practice	'GREL PA	Commentaries_On_The_Practice--'GREL_PA	r6	0
S5323		རྒྱུད།/འཁོར་ལོ་སྡོམ་པ།/སྒྲུབ་ཐབས།	རྒྱུད།/འཁོར་ལོ་སྡོམ་པ།/སྒྲུབ་ཐབས།	sungbum	0
S5323	Methods For Reaching The Holy Being	SGRUB THABS	Methods_For_Reaching_The_Holy_Being--SGRUB_THABS	r6	0
S5324		རྒྱུད།/བདེ་མཆོག/ལུས་དཀྱིལ།	རྒྱུད།/བདེ་མཆོག/ལུས་དཀྱིལ།	sungbum	0
S5324	Instructions For The Practice Of The Secret World Of The Body	LUS DKYIL	Instructions_For_The_Practice_Of_The_Secret_World_Of_The_Body--LUS_DKYIL	r6	0
S5325		རྒྱུད།/འཁོར་ལོ་སྡོམ་པ།/རྫོགས་རིམ།	རྒྱུད།/འཁོར་ལོ་སྡོམ་པ།/རྫོགས་རིམ།	sungbum	0
S5325	Instructions For The Stage Of Completion	RDZOGS RIM	Instructions_For_The_Stage_Of_Completion--RDZOGS_RIM	r6	0
S5326		རྒྱུད།/བདེ་མཆོག/ལུས་དཀྱིལ།	རྒྱུད།/བདེ་མཆོག/ལུས་དཀྱིལ།	sungbum	0
S5326	Instructions For The Practice Of The Secret World Of The Body	LUS DKYIL	Instructions_For_The_Practice_Of_The_Secret_World_Of_The_Body--LUS_DKYIL	r6	0
S5327		རྒྱུད།/བདེ་མཆོག/ལུས་དཀྱིལ།	རྒྱུད།/བདེ་མཆོག/ལུས་དཀྱིལ།	sungbum	0
S5327	Instructions For The Practice Of The Secret World Of The Body	LUS DKYIL	Instructions_For_The_Practice_Of_The_Secret_World_Of_The_Body--LUS_DKYIL	r6	0
S5328		རྒྱུད།/བདེ་མཆོག/རིམ་ལྔ།	རྒྱུད།/བདེ་མཆོག/རིམ་ལྔ།	sungbum	0
S5328	The Five Steps Of Secret Practice Panchakrama	RIM LNGA	The_Five_Steps_Of_Secret_Practice_Panchakrama--RIM_LNGA	r6	0
S5329		རྒྱུད།/བདེ་མཆོག/རིམ་ལྔ།	རྒྱུད།/བདེ་མཆོག/རིམ་ལྔ།	sungbum	0
S5329	The Five Steps Of Secret Practice Panchakrama	RIM LNGA	The_Five_Steps_Of_Secret_Practice_Panchakrama--RIM_LNGA	r6	0
S533		ལམ་རིམ།/འཇམ་དཔལ་ཞལ་ལུང་།/འགྲེལ་པ།	ལམ་རིམ།/འཇམ་དཔལ་ཞལ་ལུང་།/འགྲེལ་པ།	sungbum	0
S533	Works On The Word Of Manjushri	'JAM DPAL ZHAL LUNG	Works_On_The_Word_Of_Manjushri--'JAM_DPAL_ZHAL_LUNG	r6	0
S5330		རྒྱུད།/རྡོ་རྗེ་རྣལ་འབྱོར་མ།/སྒྲུབ་ཐབས།	རྒྱུད།/རྡོ་རྗེ་རྣལ་འབྱོར་མ།/སྒྲུབ་ཐབས།	sungbum	0
S5330	Methods For Reaching The Holy Being	SGRUB THABS	Methods_For_Reaching_The_Holy_Being--SGRUB_THABS	r6	0
S5331		རྒྱུད།/རྡོ་རྗེ་རྣལ་འབྱོར་མ།/འགྲེལ་པ།	རྒྱུད།/རྡོ་རྗེ་རྣལ་འབྱོར་མ།/འགྲེལ་པ།	sungbum	0
S5331	Commentaries On The Practice	'GREL PA	Commentaries_On_The_Practice--'GREL_PA	r6	0
S5332		རྒྱུད།/རྡོ་རྗེ་རྣལ་འབྱོར་མ།/ཚེས་བཅུ།	རྒྱུད།/རྡོ་རྗེ་རྣལ་འབྱོར་མ།/ཚེས་བཅུ།	sungbum	0
S5332	Methods Of Performing The Ceremony Of The Tenth	TSES BCU	Methods_Of_Performing_The_Ceremony_Of_The_Tenth--TSES_BCU	r6	0
S5333		རྒྱུད།/སྤྱི།/འགྲེལ་པ།/ཇེ་ཚོངྐཔ་ལོབྶང་དྲཀྤ།	རྒྱུད།/སྤྱི།/འགྲེལ་པ།/ཇེ་ཚོངྐཔ་ལོབྶང་དྲཀྤ།	sungbum	0
S5333	Commentaries On The Practice	'GREL PA	Commentaries_On_The_Practice--'GREL_PA	r6	0
S5334		རྒྱུད།/ངན་སོང་སྦྱོང་བ།/འགྲེལ་པ།	རྒྱུད།/ངན་སོང་སྦྱོང་བ།/འགྲེལ་པ།	sungbum	0
S5334	Commentaries On The Practice	'GREL PA	Commentaries_On_The_Practice--'GREL_PA	r6	0
S5335		རྒྱུད།/ཀུན་རིག/སྒྲུབ་ཐབས།	རྒྱུད།/ཀུན་རིག/སྒྲུབ་ཐབས།	sungbum	0
S5335	Methods For Reaching The Holy Being	SGRUB THABS	Methods_For_Reaching_The_Holy_Being--SGRUB_THABS	r6	0
S5336		རྒྱུད།/འཇིགས་བྱེད།/སྒྲུབ་ཐབས།	རྒྱུད།/འཇིགས་བྱེད།/སྒྲུབ་ཐབས།	sungbum	0
S5336	Methods For Reaching The Holy Being	SGRUB THABS	Methods_For_Reaching_The_Holy_Being--SGRUB_THABS	r6	0
S5337		རྒྱུད།/འཇིགས་བྱེད།/སྒྲུབ་ཐབས།	རྒྱུད།/འཇིགས་བྱེད།/སྒྲུབ་ཐབས།	sungbum	0
S5337	Methods For Reaching The Holy Being	SGRUB THABS	Methods_For_Reaching_The_Holy_Being--SGRUB_THABS	r6	0
S5338		རྒྱུད།/གཤིན་རྗེ་དགྲ་ནག/སྒྲུབ་ཐབས།	རྒྱུད།/གཤིན་རྗེ་དགྲ་ནག/སྒྲུབ་ཐབས།	sungbum	0
S5338	Methods For Reaching The Holy Being	SGRUB THABS	Methods_For_Reaching_The_Holy_Being--SGRUB_THABS	r6	0
S5339		རྒྱུད།/འཇིགས་བྱེད།/དབང་།	རྒྱུད།/འཇིགས་བྱེད།/དབང་།	sungbum	0
S5339	Methods Of Granting Empowerment Into Secret Practice	DBANG	Methods_Of_Granting_Empowerment_Into_Secret_Practice--DBANG	r6	0
S534		འདུལ་བ།/དགེ་སློང་།	འདུལ་བ།/དགེ་སློང་།	sungbum	0
S534	Instructions For Full Monks And Nuns	DGE SLONG	Instructions_For_Full_Monks_And_Nuns--DGE_SLONG	r6	0
S5340		རྒྱུད།/བདེ་མཆོག/རྫོགས་རིམ།	རྒྱུད།/བདེ་མཆོག/རྫོགས་རིམ།	sungbum	0
S5340	Instructions For The Stage Of Completion	RDZOGS RIM	Instructions_For_The_Stage_Of_Completion--RDZOGS_RIM	r6	0
S5341		རྒྱུད།/སྤྱི།/རྫོགས་རིམ།	རྒྱུད།/སྤྱི།/རྫོགས་རིམ།	sungbum	0
S5341	Instructions For The Stage Of Completion	RDZOGS RIM	Instructions_For_The_Stage_Of_Completion--RDZOGS_RIM	r6	0
S5342		རྒྱུད།/སྤྱི།/རྫོགས་རིམ།	རྒྱུད།/སྤྱི།/རྫོགས་རིམ།	sungbum	0
S5342	Instructions For The Stage Of Completion	RDZOGS RIM	Instructions_For_The_Stage_Of_Completion--RDZOGS_RIM	r6	0
S5343		རྒྱུད།/འཁོར་ལོ་སྡོམ་པ།/རྫོགས་རིམ།	རྒྱུད།/འཁོར་ལོ་སྡོམ་པ།/རྫོགས་རིམ།	sungbum	0
S5343	Instructions For The Stage Of Completion	RDZOGS RIM	Instructions_For_The_Stage_Of_Completion--RDZOGS_RIM	r6	0
S5344		རྒྱུད།/འཇིགས་བྱེད།/དཀྱིལ་འཁོར།	རྒྱུད།/འཇིགས་བྱེད།/དཀྱིལ་འཁོར།	sungbum	0
S5344	Instructions Concerning The Secret World	DKYIL 'KHOR	Instructions_Concerning_The_Secret_World--DKYIL_'KHOR	r6	0
S5345		རྒྱུད།/འཇིགས་བྱེད།/བསྲུང་བ།	རྒྱུད།/འཇིགས་བྱེད།/བསྲུང་བ།	sungbum	0
S5345	Methods Of Spiritual Protection	BSRUNG BA	Methods_Of_Spiritual_Protection--BSRUNG_BA	r6	0
S5346		རྒྱུད།/འཇིགས་བྱེད།/ཕྱག་མཚན།	རྒྱུད།/འཇིགས་བྱེད།/ཕྱག་མཚན།	sungbum	0
S5346	Descriptions Of Sacred Gestures And Accoutrements	PHYAG RGYA	Descriptions_Of_Sacred_Gestures_And_Accoutrements--PHYAG_RGYA	r6	0
S5347		རྒྱུད།/འཇིགས་བྱེད།/སྦྱིན་སྲེག	རྒྱུད།/འཇིགས་བྱེད།/སྦྱིན་སྲེག	sungbum	0
S5347	Methods Of Performing Fire Offerings	SBYIN SREG	Methods_Of_Performing_Fire_Offerings--SBYIN_SREG	r6	0
S5348		རྒྱུད།/དུས་འཁོར།/འགྲེལ་པ།	རྒྱུད།/དུས་འཁོར།/འགྲེལ་པ།	sungbum	0
S5348	Commentaries On The Practice	'GREL PA	Commentaries_On_The_Practice--'GREL_PA	r6	0
S5349		རྒྱུད།/དུས་འཁོར།/འགྲེལ་པ།	རྒྱུད།/དུས་འཁོར།/འགྲེལ་པ།	sungbum	0
S5349	Commentaries On The Practice	'GREL PA	Commentaries_On_The_Practice--'GREL_PA	r6	0
S535		ལམ་རིམ།/ཆེ་ཤོས་ལམ་རིམ་ཟིན་བྲིས།	ལམ་རིམ།/ཆེ་ཤོས་ལམ་རིམ་ཟིན་བྲིས།	sungbum	0
S535	General Commentaries	SPYI	General_Commentaries--SPYI	r6	0
S5350		རྒྱུད།/ཀྱེ་རྡོར།/འགྲེལ་པ།	རྒྱུད།/ཀྱེ་རྡོར།/འགྲེལ་པ།	sungbum	0
S5350	Commentaries On The Practice	'GREL PA	Commentaries_On_The_Practice--'GREL_PA	r6	0
S5351		རྒྱུད།/དུས་འཁོར།/འགྲེལ་པ།	རྒྱུད།/དུས་འཁོར།/འགྲེལ་པ།	sungbum	0
S5351	Commentaries On The Practice	'GREL PA	Commentaries_On_The_Practice--'GREL_PA	r6	0
S5352		རྒྱུད།/དུས་འཁོར།/འགྲེལ་པ།	རྒྱུད།/དུས་འཁོར།/འགྲེལ་པ།	sungbum	0
S5352	Commentaries On The Practice	'GREL PA	Commentaries_On_The_Practice--'GREL_PA	r6	0
S5353		ཕྲན་ཚེགས།/རྗེ་ཙོང་ཁ་པ་བློ་བཟང་གྲགས་པ།	ཕྲན་ཚེགས།/རྗེ་ཙོང་ཁ་པ་བློ་བཟང་གྲགས་པ།	sungbum	0
S5353	Miscellaneous works that do not fit into any other category	PHRAN TSEGS	Miscellaneous_works_that do not fit into any other category--PHRAN TSEGS	r6	0
S5354		རྒྱུད།/དཔལ་མཆོག/འགྲེལ་པ།	རྒྱུད།/དཔལ་མཆོག/འགྲེལ་པ།	sungbum	0
S5354	Commentaries On The Practice	'GREL PA	Commentaries_On_The_Practice--'GREL_PA	r6	0
S5355		རྒྱུད།/ཀྱེ་རྡོར།/འགྲེལ་པ།	རྒྱུད།/ཀྱེ་རྡོར།/འགྲེལ་པ།	sungbum	0
S5355	Commentaries On The Practice	'GREL PA	Commentaries_On_The_Practice--'GREL_PA	r6	0
S5356		རྒྱུད།/བདག་མེད་མ།/སྒྲུབ་ཐབས།	རྒྱུད།/བདག་མེད་མ།/སྒྲུབ་ཐབས།	sungbum	0
S5356	Methods For Reaching The Holy Being	SGRUB THABS	Methods_For_Reaching_The_Holy_Being--SGRUB_THABS	r6	0
S5357		རྒྱུད།/སངས་རྒྱས་ཐོད་པ།/འགྲེལ་པ།	རྒྱུད།/སངས་རྒྱས་ཐོད་པ།/འགྲེལ་པ།	sungbum	0
S5357	Commentaries On The Practice	'GREL PA	Commentaries_On_The_Practice--'GREL_PA	r6	0
S5358		རྒྱུད།/སྤྱི།/འཕོ་བ།	རྒྱུད།/སྤྱི།/འཕོ་བ།	sungbum	0
S5358	Methods Of Sending Ones Mind Into Death	'PHO BA	Methods_Of_Sending_Ones_Mind_Into_Death--'PHO_BA	r6	0
S5359		རྒྱུད།/སྤྱི།/འཕོ་བ།	རྒྱུད།/སྤྱི།/འཕོ་བ།	sungbum	0
S5359	Methods Of Sending Ones Mind Into Death	'PHO BA	Methods_Of_Sending_Ones_Mind_Into_Death--'PHO_BA	r6	0
S536		ལམ་རིམ།/འགྲེལ་པ་བཞི་སྦྲག	ལམ་རིམ།/འགྲེལ་པ་བཞི་སྦྲག	sungbum	0
S536	Commentaries On The Practice	'GREL PA	Commentaries_On_The_Practice--'GREL_PA	r6	0
S5360		རྒྱུད།/འཁོར་ལོ་ཆེན་པོ།/མངོན་རྟོགས།	རྒྱུད།/འཁོར་ལོ་ཆེན་པོ།/མངོན་རྟོགས།	sungbum	0
S5360	Methods For The Practice Of Realization	MNGON RTOGS	Methods_For_The_Practice_Of_Realization--MNGON_RTOGS	r6	0
S5361		རྒྱུད།/སྤྱི།/ཆར་འབེབས།	རྒྱུད།/སྤྱི།/ཆར་འབེབས།	sungbum	0
S5361	Rituals That Cause Rain To Fall	CHAR 'BEBS	Rituals_That_Cause_Rain_To_Fall--CHAR_'BEBS	r6	0
S5362		རྒྱུད།/རྟ་མགྲིན།/རྣལ་འབྱོར།	རྒྱུད།/རྟ་མགྲིན།/རྣལ་འབྱོར།	sungbum	0
S5362	Instructions For Deep Spiritual Practice	RNAL 'BYOR	Instructions_For_Deep_Spiritual_Practice--RNAL_'BYOR	r6	0
S5362	Rituals For Stopping Excessive Rainfall	SPRIN BRAL	Rituals_For_Stopping_Excessive_Rainfall--SPRIN_BRAL	r6	0
S5363		རྒྱུད།/རི་ཁྲོད་ལོ་མ་ཅན།/སྒྲུབ་ཐབས།	རྒྱུད།/རི་ཁྲོད་ལོ་མ་ཅན།/སྒྲུབ་ཐབས།	sungbum	0
S5363	Methods For Reaching The Holy Being	SGRUB THABS	Methods_For_Reaching_The_Holy_Being--SGRUB_THABS	r6	0
S5364		རྒྱུད།/དབྱངས་ཅན་མ།/རྗེས་གནང་།	རྒྱུད།/དབྱངས་ཅན་མ།/རྗེས་གནང་།	sungbum	0
S5364	Methods For Reaching The Holy Being	SGRUB THABS	Methods_For_Reaching_The_Holy_Being--SGRUB_THABS	r6	0
S5364	Rites For Granting Sacred Permission	RJES GNANG	Rites_For_Granting_Sacred_Permission--RJES_GNANG	r6	0
S5365		རྒྱུད།/སྨེ་བརྩེགས།/སྒྲུབ་ཐབས།	རྒྱུད།/སྨེ་བརྩེགས།/སྒྲུབ་ཐབས།	sungbum	0
S5365	Methods For Reaching The Holy Being	SGRUB THABS	Methods_For_Reaching_The_Holy_Being--SGRUB_THABS	r6	0
S5366		རྒྱུད།/སྤྱི།/ལྷ་བཟོ།	རྒྱུད།/སྤྱི།/ལྷ་བཟོ།	sungbum	0
S5366	Works On Sacred Art	LHA BZO	Works_On_Sacred_Art--LHA_BZO	r6	0
S5367		རྒྱུད།/དེ་ཉིད་བསྡུས་པ།/འགྲེལ་པ།	རྒྱུད།/དེ་ཉིད་བསྡུས་པ།/འགྲེལ་པ།	sungbum	0
S5367	Commentaries On The Practice	'GREL PA	Commentaries_On_The_Practice--'GREL_PA	r6	0
S5368		རྒྱུད།/རྡོ་རྗེ་དབྱིངས།/ས་ཆོག	རྒྱུད།/རྡོ་རྗེ་དབྱིངས།/ས་ཆོག	sungbum	0
S5368	Rituals For Blessing A Site	SA CHOG	Rituals_For_Blessing_A_Site--SA_CHOG	r6	0
S5369		རྒྱུད།/རྡོ་རྗེ་དབྱིངས།/བསྙེན་པ།	རྒྱུད།/རྡོ་རྗེ་དབྱིངས།/བསྙེན་པ།	sungbum	0
S5369	Instructions For A Secret Retreat	BSNYEN PA	Instructions_For_A_Secret_Retreat--BSNYEN_PA	r6	0
S537		རྒྱུད།/འཇིགས་བྱེད།/བསྐྱེད་རིམ།	རྒྱུད།/འཇིགས་བྱེད།/བསྐྱེད་རིམ།	sungbum	0
S537	Instructions For The Stage Of Creation	BSKYED RIM	Instructions_For_The_Stage_Of_Creation--BSKYED_RIM	r6	0
S5370		རྒྱུད།/འཇམ་དབྱངས།/སྒྲུབ་ཐབས།	རྒྱུད།/འཇམ་དབྱངས།/སྒྲུབ་ཐབས།	sungbum	0
S5370	Methods For Reaching The Holy Being	SGRUB THABS	Methods_For_Reaching_The_Holy_Being--SGRUB_THABS	r6	0
S5371		རྒྱུད།/འཇམ་དབྱངས།/སྒྲུབ་ཐབས།	རྒྱུད།/འཇམ་དབྱངས།/སྒྲུབ་ཐབས།	sungbum	0
S5371	Methods For Reaching The Holy Being	SGRUB THABS	Methods_For_Reaching_The_Holy_Being--SGRUB_THABS	r6	0
S5372		ཉམས་ལེན།/བླ་མའི་རྣལ་འབྱོར།/རྗེ་ཙོང་ཁ་པ་བློ་བཟང་གྲགས་པ།	ཉམས་ལེན།/བླ་མའི་རྣལ་འབྱོར།/རྗེ་ཙོང་ཁ་པ་བློ་བཟང་གྲགས་པ།	sungbum	0
S5372	Lama Practices	BLA MA'I RNAL 'BYOR	Lama_Practices--BLA_MA'I_RNAL_'BYOR	r6	0
S5373		རྒྱུད།/འཇིགས་བྱེད།/སྒྲུབ་ཐབས།	རྒྱུད།/འཇིགས་བྱེད།/སྒྲུབ་ཐབས།	sungbum	0
S5373	Methods For Reaching The Holy Being	SGRUB THABS	Methods_For_Reaching_The_Holy_Being--SGRUB_THABS	r6	0
S5374		རྒྱུད།/འཇིགས་བྱེད།/སྒྲུབ་ཐབས།	རྒྱུད།/འཇིགས་བྱེད།/སྒྲུབ་ཐབས།	sungbum	0
S5374	Methods For Reaching The Holy Being	SGRUB THABS	Methods_For_Reaching_The_Holy_Being--SGRUB_THABS	r6	0
S5375		རྒྱུད།/སྤྱི།/རྫོགས་རིམ།	རྒྱུད།/སྤྱི།/རྫོགས་རིམ།	sungbum	0
S5375	Instructions For The Stage Of Completion	RDZOGS RIM	Instructions_For_The_Stage_Of_Completion--RDZOGS_RIM	r6	0
S5376		རྒྱུད།/སྤྱི།/རྫོགས་རིམ།	རྒྱུད།/སྤྱི།/རྫོགས་རིམ།	sungbum	0
S5376	Instructions For The Stage Of Completion	RDZOGS RIM	Instructions_For_The_Stage_Of_Completion--RDZOGS_RIM	r6	0
S5378		རྒྱུད།/གསང་འདུས།/སྒྲུབ་ཐབས།	རྒྱུད།/གསང་འདུས།/སྒྲུབ་ཐབས།	sungbum	0
S5378	Methods For Reaching The Holy Being	SGRUB THABS	Methods_For_Reaching_The_Holy_Being--SGRUB_THABS	r6	0
S5379		རྒྱུད།/གསང་འདུས།/མཆོད་པ།	རྒྱུད།/གསང་འདུས།/མཆོད་པ།	sungbum	0
S5379	Methods Of Performing Spiritual Offerings	MCHOD PA	Methods_Of_Performing_Spiritual_Offerings--MCHOD_PA	r6	0
S538		རྒྱུད།/ན་རོ་ཆོས་དྲུག/འགྲེལ་པ།	རྒྱུད།/ན་རོ་ཆོས་དྲུག/འགྲེལ་པ།	sungbum	0
S538	Commentaries On The Practice	'GREL PA	Commentaries_On_The_Practice--'GREL_PA	r6	0
S5380		རྒྱུད།/སྤྱི།/ས་ཆོག	རྒྱུད།/སྤྱི།/ས་ཆོག	sungbum	0
S5380	Rituals For Blessing A Site	SA CHOG	Rituals_For_Blessing_A_Site--SA_CHOG	r6	0
S5381		རྒྱུད།/དུས་འཁོར།/འགྲེལ་པ།	རྒྱུད།/དུས་འཁོར།/འགྲེལ་པ།	sungbum	0
S5381	Commentaries On The Practice	'GREL PA	Commentaries_On_The_Practice--'GREL_PA	r6	0
S5382		རྒྱུད།/འཁོར་ལོ་སྡོམ་པ།/མཆོད་པ།	རྒྱུད།/འཁོར་ལོ་སྡོམ་པ།/མཆོད་པ།	sungbum	0
S5382	Methods Of Performing Spiritual Offerings	MCHOD PA	Methods_Of_Performing_Spiritual_Offerings--MCHOD_PA	r6	0
S5383		རྒྱུད།/འཇིགས་བྱེད།/དག་སྦྱར།	རྒྱུད།/འཇིགས་བྱེད།/དག་སྦྱར།	sungbum	0
S5383	Methods Of Transformation	DAG SBYAR	Methods_Of_Transformation--DAG_SBYAR	r6	0
S5384		རྒྱུད།/འཇམ་དབྱངས།/སྒྲུབ་ཐབས།	རྒྱུད།/འཇམ་དབྱངས།/སྒྲུབ་ཐབས།	sungbum	0
S5384	Methods For Reaching The Holy Being	SGRUB THABS	Methods_For_Reaching_The_Holy_Being--SGRUB_THABS	r6	0
S5385		རྒྱུད།/རྣམ་པར་སྣང་མཛད།/ངན་སྦྱོང་།	རྒྱུད།/རྣམ་པར་སྣང་མཛད།/ངན་སྦྱོང་།	sungbum	0
S5385	Practices For Purifying The Lower Realms	NGAN SBYONG	Practices_For_Purifying_The_Lower_Realms--NGAN_SBYONG	r6	0
S5386		རྒྱུད།/སྤྱི།/བྱ་རྒྱུད།	རྒྱུད།/སྤྱི།/བྱ་རྒྱུད།	sungbum	0
S5386	Teachings On The Tantric Class Of Action	BYA RGYUD	Teachings_On_The_Tantric_Class_Of_Action--BYA_RGYUD	r6	0
S5386	Teachings On The Tantric Class Of Activity	SPYOD RGYUD	Teachings_On_The_Tantric_Class_Of_Activity--SPYOD_RGYUD	r6	0
S5387		རྒྱུད།/འོད་ཟེར་ཅན།/སྒྲུབ་ཐམྦ།	རྒྱུད།/འོད་ཟེར་ཅན།/སྒྲུབ་ཐམྦ།	sungbum	0
S5387	Methods For Reaching The Holy Being	SGRUB THABS	Methods_For_Reaching_The_Holy_Being--SGRUB_THABS	r6	0
S5388		རྒྱུད།/དུས་འཁོར།/རྫོགས་རིམ།	རྒྱུད།/དུས་འཁོར།/རྫོགས་རིམ།	sungbum	0
S5388	Instructions For The Stage Of Completion	RDZOGS RIM	Instructions_For_The_Stage_Of_Completion--RDZOGS_RIM	r6	0
S5389		རྒྱུད།/གསང་འདུས།/འགྲེལ་པ།	རྒྱུད།/གསང་འདུས།/འགྲེལ་པ།	sungbum	0
S5389	Commentaries On The Practice	'GREL PA	Commentaries_On_The_Practice--'GREL_PA	r6	0
S539		རྒྱུད།/སྤྱི།/བྱ་རྒྱུད།	རྒྱུད།/སྤྱི།/བྱ་རྒྱུད།	sungbum	0
S539	Teachings On The Tantric Class Of Action	BYA RGYUD	Teachings_On_The_Tantric_Class_Of_Action--BYA_RGYUD	r6	0
S5390		རྒྱུད།/སྤྱི།/རྫོགས་རིམ།	རྒྱུད།/སྤྱི།/རྫོགས་རིམ།	sungbum	0
S5390	Instructions For The Stage Of Completion	RDZOGS RIM	Instructions_For_The_Stage_Of_Completion--RDZOGS_RIM	r6	0
S5391		རྒྱུད།/དུས་འཁོར།/ཕྱག་རྒྱ།	རྒྱུད།/དུས་འཁོར།/ཕྱག་རྒྱ།	sungbum	0
S5391	Descriptions Of Sacred Gestures And Accoutrements	PHYAG RGYA	Descriptions_Of_Sacred_Gestures_And_Accoutrements--PHYAG_RGYA	r6	0
S5392		ལམ་རིམ།/ལམ་རིམ་ཆེན་མོ།/རྩ་བ།	ལམ་རིམ།/ལམ་རིམ་ཆེན་མོ།/རྩ་བ།	sungbum	0
S5392	Works On The Great Book On The Steps Of The Path	LAM RIM CHEN MO	Works_On_The_Great_Book_On_The_Steps_Of_The_Path--LAM_RIM_CHEN_MO	r6	0
S5393		ལམ་རིམ།/ལམ་རིམ་འབྲིང་།	ལམ་རིམ།/ལམ་རིམ་འབྲིང་།	sungbum	0
S5393	Works on The Middle-Legnth Book on the Steps of the Path	LAM RIM 'BRING PO	Works_on The Middle-Legnth Book on the Steps of the Path--LAM RIM 'BRING PO	r6	0
S5394		ལམ་རིམ།/ལམ་རིམ་ཆེན་མོ།/ས་བཅད།	ལམ་རིམ།/ལམ་རིམ་ཆེན་མོ།/ས་བཅད།	sungbum	0
S5394	Works On The Great Book On The Steps Of The Path	LAM RIM CHEN MO	Works_On_The_Great_Book_On_The_Steps_Of_The_Path--LAM_RIM_CHEN_MO	r6	0
S5395		དབུ་མ།/ཞི་གནས་ལྷག་མཐོང་།	དབུ་མ།/ཞི་གནས་ལྷག་མཐོང་།	sungbum	0
S5395	Commentaries On The Practice	'GREL PA	Commentaries_On_The_Practice--'GREL_PA	r6	0
S5395	Middle-Way Philosophy	DBU MA	Middle-Way_Philosophy--DBU_MA	r6	0
S5396		དྲང་ངེས།/རྗེ་ཙོང་ཁ་པ་བློ་བསང་གྲགས་པ།	དྲང་ངེས།/རྗེ་ཙོང་ཁ་པ་བློ་བསང་གྲགས་པ།	sungbum	0
S54		ཉམས་ལེན།/མཎྜལ་འབུལ་ཚུལ།	ཉམས་ལེན།/མཎྜལ་འབུལ་ཚུལ།	sungbum	0
S54	Methods Of Offering A Mandala Or A Gift Of The Universe	MAndAL 'BUL TSUL	Methods_Of_Offering_A_Mandala_Or_A_Gift_Of_The_Universe--MAndAL_'BUL_TSUL	r6	0
S540		རྒྱུད།/སྣར་ཐང་།/འགྲེལ་པ།	རྒྱུད།/སྣར་ཐང་།/འགྲེལ་པ།	sungbum	0
S540	Tara	Drolma--The Lady Of Liberation--SGROL MA	Tara--Drolma--The_Lady_Of_Liberation--SGROL_MA	r6	0
S5400		ཚད་མ།/སྤྱི།/རྗེ་ཙོང་ཁ་པ་བློ་བཟང་གྲགས་པ།	ཚད་མ།/སྤྱི།/རྗེ་ཙོང་ཁ་པ་བློ་བཟང་གྲགས་པ།	sungbum	0
S5400	Buddhist Logic And Perceptual Theory	TSAD MA	Buddhist_Logic_And_Perceptual_Theory--TSAD_MA	r6	0
S5401		དབུ་མ།/རྩ་བ་ཤེས་རབ་གྱི་འགྲེལ་པ།/རྗེ་ཙོང་ཁ་པ་བློ་བཟང་གྲགས་པ།	དབུ་མ།/རྩ་བ་ཤེས་རབ་གྱི་འགྲེལ་པ།/རྗེ་ཙོང་ཁ་པ་བློ་བཟང་གྲགས་པ།	sungbum	0
S5408	Middle-Way Philosophy	DBU MA	Middle-Way_Philosophy--DBU_MA	r6	0
S541		རྒྱུད།/སྒྲོལ་མ།/རྗེས་གནང་།	རྒྱུད།/སྒྲོལ་མ།/རྗེས་གནང་།	sungbum	0
S541	Rites For Granting Sacred Permission	RJES GNANG	Rites_For_Granting_Sacred_Permission--RJES_GNANG	r6	0
S5412		ཕར་ཕྱིན།/སྤྱི།/རྗེ་ཙོང་ཁ་པ་བློ་བཟང་གྲགས་པ།/ལེགས་བཤད་གསེར་ཕྲེང་།	ཕར་ཕྱིན།/སྤྱི།/རྗེ་ཙོང་ཁ་པ་བློ་བཟང་གྲགས་པ།/ལེགས་བཤད་གསེར་ཕྲེང་།	sungbum	0
S5412	Perfection Of Wisdom	PHAR PHYIN	Perfection_Of_Wisdom--PHAR_PHYIN	r6	0
S542		རྒྱུད།/དབྱངས་ཅན་མ།/རྗེས་གནང་།	རྒྱུད།/དབྱངས་ཅན་མ།/རྗེས་གནང་།	sungbum	0
S542	Rites For Granting Sacred Permission	RJES GNANG	Rites_For_Granting_Sacred_Permission--RJES_GNANG	r6	0
S5420		ཕར་ཕྱིན།/དགེ་འདུན་ཉི་ཤུ།/རྗེ་ཙོང་ཁ་པ་བློ་བཟང་གྲགས་པ།	ཕར་ཕྱིན།/དགེ་འདུན་ཉི་ཤུ།/རྗེ་ཙོང་ཁ་པ་བློ་བཟང་གྲགས་པ།	sungbum	0
S5420	Perfection Of Wisdom	PHAR PHYIN	Perfection_Of_Wisdom--PHAR_PHYIN	r6	0
S5421		རྒྱུད།/གསང་འདུས།/དཀྱིལ་འཁོར།	རྒྱུད།/གསང་འདུས།/དཀྱིལ་འཁོར།	sungbum	0
S5421	Instructions Concerning The Secret World	DKYIL 'KHOR	Instructions_Concerning_The_Secret_World--DKYIL_'KHOR	r6	0
S5422		རྒྱུད།/དུས་འཁོར།/འགྲེལ་པ།	རྒྱུད།/དུས་འཁོར།/འགྲེལ་པ།	sungbum	0
S5422	Commentaries On The Practice	'GREL PA	Commentaries_On_The_Practice--'GREL_PA	r6	0
S5423		རྒྱུད།/དུས་འཁོར།/ཕྱག་རྒྱ།	རྒྱུད།/དུས་འཁོར།/ཕྱག་རྒྱ།	sungbum	0
S5423	Descriptions Of Sacred Gestures And Accoutrements	PHYAG RGYA	Descriptions_Of_Sacred_Gestures_And_Accoutrements--PHYAG_RGYA	r6	0
S5425		དབུ་མ།/བདེན་གཉིས་ཀྱི་རྣམ་གཞག	དབུ་མ།/བདེན་གཉིས་ཀྱི་རྣམ་གཞག	sungbum	0
S5425	Middle-Way Philosophy	DBU MA	Middle-Way_Philosophy--DBU_MA	r6	0
S5426		དབུ་མ།/དཀའ་གནས་བརྒྱད།	དབུ་མ།/དཀའ་གནས་བརྒྱད།	sungbum	0
S5426	Middle-Way Philosophy	DBU MA	Middle-Way_Philosophy--DBU_MA	r6	0
S5427		དབུ་མ།/འགྲེལ་པ་སྤྱི།/རྒྱལ་ཚབ་རྗེ་དར་མ་རིན་ཆེན།	དབུ་མ།/འགྲེལ་པ་སྤྱི།/རྒྱལ་ཚབ་རྗེ་དར་མ་རིན་ཆེན།	sungbum	0
S5427	Middle-Way Philosophy	DBU MA	Middle-Way_Philosophy--DBU_MA	r6	0
S5428		དབུ་མ།/བཞི་བརྒྱ་པའི་འགྲེལ་པ།	དབུ་མ།/བཞི་བརྒྱ་པའི་འགྲེལ་པ།	sungbum	0
S5428	Middle-Way Philosophy	DBU MA	Middle-Way_Philosophy--DBU_MA	r6	0
S5429		ཉམས་ལེན།/སངས་རྒྱས་སུམ་ཅུ་སོ།	ཉམས་ལེན།/སངས་རྒྱས་སུམ་ཅུ་སོ།	sungbum	0
S5429	Methods Of Purification Through The 35 Buddhas	SANGS RGYAS SO LNGA'I MTSAN	Methods_Of_Purification_Through_The_35_Buddhas--SANGS_RGYAS_SO_LNGA'I_MTSAN	r6	0
S543		རྒྱུད།/སྤྱི།/གཏོར་མ།	རྒྱུད།/སྤྱི།/གཏོར་མ།	sungbum	0
S543	Methods For Making Torma-Cake Offerings	GTOR MA	Methods_For_Making_Torma-Cake_Offerings--GTOR_MA	r6	0
S5430		རྒྱུད།/སྤྱི།/རྫོགས་རིམ།	རྒྱུད།/སྤྱི།/རྫོགས་རིམ།	sungbum	0
S5430	Instructions For The Stage Of Completion	RDZOGS RIM	Instructions_For_The_Stage_Of_Completion--RDZOGS_RIM	r6	0
S5431		རྒྱུད།/དུས་འཁོར།/རྫོགས་རིམ།	རྒྱུད།/དུས་འཁོར།/རྫོགས་རིམ།	sungbum	0
S5431	Instructions For The Stage Of Completion	RDZOGS RIM	Instructions_For_The_Stage_Of_Completion--RDZOGS_RIM	r6	0
S5432		རྒྱུད།/སྤྱི།/རྫོགས་རིམ།	རྒྱུད།/སྤྱི།/རྫོགས་རིམ།	sungbum	0
S5432	Instructions For The Stage Of Completion	RDZOGS RIM	Instructions_For_The_Stage_Of_Completion--RDZOGS_RIM	r6	0
S5433		ཕར་ཕྱིན།/སྤྱི།/རྗེ་ཙོང་ཁ་པ་བློ་བཟང་གྲགས་པ།/རྣམ་བཤད་སྙིང་པོ་རྒྱན།	ཕར་ཕྱིན།/སྤྱི།/རྗེ་ཙོང་ཁ་པ་བློ་བཟང་གྲགས་པ།/རྣམ་བཤད་སྙིང་པོ་རྒྱན།	sungbum	0
S5433	Perfection Of Wisdom	PHAR PHYIN	Perfection_Of_Wisdom--PHAR_PHYIN	r6	0
S5434		སེམས་ཙམ།/རྒྱུད་བླ་མ།	སེམས་ཙམ།/རྒྱུད་བླ་མ།	sungbum	0
S5434	The Mind Only School	SEMS TZAM	The_Mind_Only_School--SEMS_TZAM	r6	0
S5435		མངོན་པ།/རྒྱལ་ཚབ་དར་མ་རིན་ཆེན།	མངོན་པ།/རྒྱལ་ཚབ་དར་མ་རིན་ཆེན།	sungbum	0
S5435	Higher Knowledge	MNGON PA	Higher_Knowledge--MNGON_PA	r6	0
S5436		དབུ་མ།/སྤྱོད་འཇུག་འགྲེལ་པ།	དབུ་མ།/སྤྱོད་འཇུག་འགྲེལ་པ།	sungbum	0
S5436	Middle-Way Philosophy	DBU MA	Middle-Way_Philosophy--DBU_MA	r6	0
S5437		ཚད་མ།/ཚད་མ་ཀུན་བཏུས།	ཚད་མ།/ཚད་མ་ཀུན་བཏུས།	sungbum	0
S5437	Buddhist Logic And Perceptual Theory	TSAD MA	Buddhist_Logic_And_Perceptual_Theory--TSAD_MA	r6	0
S544		རྒྱུད།/སྤྱི།/དབང་།	རྒྱུད།/སྤྱི།/དབང་།	sungbum	0
S544	Methods Of Granting Empowerment Into Secret Practice	DBANG	Methods_Of_Granting_Empowerment_Into_Secret_Practice--DBANG	r6	0
S545		སྒྲ།/སྤྱི།	སྒྲ།/སྤྱི།	sungbum	0
S545	Tibetan Works On The Sanskrit Language And Sacred Sanskrit Syllables	SGRA	Tibetan_Works_On_The_Sanskrit_Language_And_Sacred_Sanskrit_Syllables--SGRA	r6	0
S5450		ཚད་མ།/ཚད་མ་རྣམ་འགྲེལ།/རྒྱལ་ཚབ་དར་མ་རིན་ཆེན།	ཚད་མ།/ཚད་མ་རྣམ་འགྲེལ།/རྒྱལ་ཚབ་དར་མ་རིན་ཆེན།	sungbum	0
S5450	Buddhist Logic And Perceptual Theory	TSAD MA	Buddhist_Logic_And_Perceptual_Theory--TSAD_MA	r6	0
S5456		རྣམ་ཐར།/མཚན་ཐོག/མཁས་གྲུབ་རྗེ་དགེ་ལེགས་དཔལ་བཟང་པོ།	རྣམ་ཐར།/མཚན་ཐོག/མཁས་གྲུབ་རྗེ་དགེ་ལེགས་དཔལ་བཟང་པོ།	sungbum	0
S5456	Kedrup Je Gelek Pel Sangpo	MKHAS GRUB RJE DGE LEGS DPAL BZANG PO	Kedrup_Je_Gelek_Pel_Sangpo--MKHAS_GRUB_RJE_DGE_LEGS_DPAL_BZANG_PO	r6	0
S546		སྨན།/སྤྱི།	སྨན།/སྤྱི།	sungbum	0
S546	Medicine	SMAN	Medicine--SMAN	r6	0
S5461		ཕར་ཕྱིན།/སྤྱི།/མཁས་གྲུབ་རྗེ་དགེ་ལེགས་དཔལ་བཟང་པོ།	ཕར་ཕྱིན།/སྤྱི།/མཁས་གྲུབ་རྗེ་དགེ་ལེགས་དཔལ་བཟང་པོ།	sungbum	0
S5461	Perfection Of Wisdom	PHAR PHYIN	Perfection_Of_Wisdom--PHAR_PHYIN	r6	0
S5462		རྒྱུད།/སྤྱི།/འགྲེལ་པ།/ཀེདྲུཔ་ཇེ་གེལེཀ་པེལ་སངྤོ།	རྒྱུད།/སྤྱི།/འགྲེལ་པ།/ཀེདྲུཔ་ཇེ་གེལེཀ་པེལ་སངྤོ།	sungbum	0
S5462	Commentaries On The Practice	'GREL PA	Commentaries_On_The_Practice--'GREL_PA	r6	0
S5463		རྒྱུད།/དུས་འཁོར།/འགྲེལ་པ།	རྒྱུད།/དུས་འཁོར།/འགྲེལ་པ།	sungbum	0
S5463	Commentaries On The Practice	'GREL PA	Commentaries_On_The_Practice--'GREL_PA	r6	0
S547		རྒྱུད།/སྤྱི།/བཅུད་ལེན།	རྒྱུད།/སྤྱི།/བཅུད་ལེན།	sungbum	0
S547	Instructions On Living Off The Essence Of Flowers And Such	BCUD LEN	Instructions_On_Living_Off_The_Essence_Of_Flowers_And_Such--BCUD_LEN	r6	0
S548		རྒྱུད།/སྤྱི།/རབ་གནས།	རྒྱུད།/སྤྱི།/རབ་གནས།	sungbum	0
S548	Rituals Of Consecration	RAB GNAS	Rituals_Of_Consecration--RAB_GNAS	r6	0
S549		རྒྱུད།/འཇམ་དབྱངས།/སྒྲུབ་ཐབས།	རྒྱུད།/འཇམ་དབྱངས།/སྒྲུབ་ཐབས།	sungbum	0
S549	Methods For Reaching The Holy Being	SGRUB THABS	Methods_For_Reaching_The_Holy_Being--SGRUB_THABS	r6	0
S55		ཉམས་ལེན།/བླ་མའི་རྣལ་འབྱོར།/རྗེ་ཙོང་ཁ་པ་བློ་བཟང་གྲགས་པ།/དགའ་ལྡན་ལྷ་བརྒྱ་མ།	ཉམས་ལེན།/བླ་མའི་རྣལ་འབྱོར།/རྗེ་ཙོང་ཁ་པ་བློ་བཟང་གྲགས་པ།/དགའ་ལྡན་ལྷ་བརྒྱ་མ།	sungbum	0
S55	Lama Practices	BLA MA'I RNAL 'BYOR	Lama_Practices--BLA_MA'I_RNAL_'BYOR	r6	0
S550		རྒྱུད།/འཇམ་དབྱངས།/སྒྲུབ་ཐབས།	རྒྱུད།/འཇམ་དབྱངས།/སྒྲུབ་ཐབས།	sungbum	0
S550	Methods For Reaching The Holy Being	SGRUB THABS	Methods_For_Reaching_The_Holy_Being--SGRUB_THABS	r6	0
S5501		ཚད་མ།/སྤྱི།/མཁས་གྲུབ་རྗེ་དགེ་ལེགས་དཔལ་བཟང་པོ།	ཚད་མ།/སྤྱི།/མཁས་གྲུབ་རྗེ་དགེ་ལེགས་དཔལ་བཟང་པོ།	sungbum	0
S5501	Buddhist Logic And Perceptual Theory	TSAD MA	Buddhist_Logic_And_Perceptual_Theory--TSAD_MA	r6	0
S5502		རྒྱུད།/འཇམ་དཔལ་མཚན་བརྗོད།/འགྲེལ་པ།	རྒྱུད།/འཇམ་དཔལ་མཚན་བརྗོད།/འགྲེལ་པ།	sungbum	0
S5502	Commentaries On The Practice	'GREL PA	Commentaries_On_The_Practice--'GREL_PA	r6	0
S5503		རྒྱུད།/གསང་འདུས།/སྦྱིན་སྲེག	རྒྱུད།/གསང་འདུས།/སྦྱིན་སྲེག	sungbum	0
S5503	Methods Of Performing Fire Offerings	SBYIN SREG	Methods_Of_Performing_Fire_Offerings--SBYIN_SREG	r6	0
S5504		ཉམས་ལེན།/སྤྱི།/མཁས་གྲུབ་རྗེ་དགེ་ལེགས་དཔལ་བཟང་པོ།	ཉམས་ལེན།/སྤྱི།/མཁས་གྲུབ་རྗེ་དགེ་ལེགས་དཔལ་བཟང་པོ།	sungbum	0
S5504	General Commentaries	SPYI	General_Commentaries--SPYI	r6	0
S5505		ཚད་མ།/ཚད་མ་རྣམ་འགྲེལ།/མཁས་གྲུབ་རྗེ་དགེ་ལེགས་དཔལ་བཟང་པོ།	ཚད་མ།/ཚད་མ་རྣམ་འགྲེལ།/མཁས་གྲུབ་རྗེ་དགེ་ལེགས་དཔལ་བཟང་པོ།	sungbum	0
S5505	Buddhist Logic And Perceptual Theory	TSAD MA	Buddhist_Logic_And_Perceptual_Theory--TSAD_MA	r6	0
S5506		ཚད་མ།/ཚད་མ་རྣམ་འགྲེལ།/མཁས་གྲུབ་རྗེ་དགེ་ལེགས་དཔལ་བཟང་པོ།	ཚད་མ།/ཚད་མ་རྣམ་འགྲེལ།/མཁས་གྲུབ་རྗེ་དགེ་ལེགས་དཔལ་བཟང་པོ།	sungbum	0
S5506	Buddhist Logic And Perceptual Theory	TSAD MA	Buddhist_Logic_And_Perceptual_Theory--TSAD_MA	r6	0
S551		ཉམས་ལེན།/སྨོན་ལམ།/ཆེ་ཤོས་རིན་པོ་ཆེ་བློ་བཟང་བྱང་ཆུབ་བསྟན་པའི་སྒྲོན་མེ།	ཉམས་ལེན།/སྨོན་ལམ།/ཆེ་ཤོས་རིན་པོ་ཆེ་བློ་བཟང་བྱང་ཆུབ་བསྟན་པའི་སྒྲོན་མེ།	sungbum	0
S551	Methods Of Prayer	SMON LAM	Methods_Of_Prayer--SMON_LAM	r6	0
S552		ཉམས་ལེན།/གསོལ་འདེབས།/ཆེ་ཤོས་རིན་པོ་ཆེ་བློ་བཟང་བྱང་ཆུབ་བསྟན་པའི་སྒྲོན་མེ།	ཉམས་ལེན།/གསོལ་འདེབས།/ཆེ་ཤོས་རིན་པོ་ཆེ་བློ་བཟང་བྱང་ཆུབ་བསྟན་པའི་སྒྲོན་མེ།	sungbum	0
S552	Methods Of Making Supplication To The Holy Being	GSOL 'DEBS	Methods_Of_Making_Supplication_To_The_Holy_Being--GSOL_'DEBS	r6	0
S5528		ཚད་མ།/ཚད་མ་རྣམ་འགྲེལ།/རྒྱལ་བ་དགེ་འདུན་གྲུབ།	ཚད་མ།/ཚད་མ་རྣམ་འགྲེལ།/རྒྱལ་བ་དགེ་འདུན་གྲུབ།	sungbum	0
S5528	Buddhist Logic And Perceptual Theory	TSAD MA	Buddhist_Logic_And_Perceptual_Theory--TSAD_MA	r6	0
S553		རྒྱུད།/སྤྱི།/བསངས་ཆོག	རྒྱུད།/སྤྱི།/བསངས་ཆོག	sungbum	0
S553	Methods For The Ritual Offering Of Fragrant Sang	GSANG	Methods_For_The_Ritual_Offering_Of_Fragrant_Sang--GSANG	r6	0
S554		ཉམས་ལེན།/བསྔོ་བ།/ཆེ་ཤོས་རིན་པོ་ཆེ་བློ་བཟང་བྱང་ཆུབ་བསྟན་པའི་སྒྲོན་མེ།	ཉམས་ལེན།/བསྔོ་བ།/ཆེ་ཤོས་རིན་པོ་ཆེ་བློ་བཟང་བྱང་ཆུབ་བསྟན་པའི་སྒྲོན་མེ།	sungbum	0
S554	Methods Of Dedicating Good Deeds	BSNGO BA	Methods_Of_Dedicating_Good_Deeds--BSNGO_BA	r6	0
S555		ཉམས་ལེན།/བཤགས་པ།	ཉམས་ལེན།/བཤགས་པ།	sungbum	0
S555	Practices Of Confession And Purification Of Bad Karma	BSHAGS PA	Practices_Of_Confession_And_Purification_Of_Bad_Karma--BSHAGS_PA	r6	0
S558		ཉམས་ལེན།/སྨོན་ལམ།/ཆེ་ཤོས་རིན་པོ་ཆེ་བློ་བཟང་བྱང་ཆུབ་བསྟན་པའི་སྒྲོན་མེ།	ཉམས་ལེན།/སྨོན་ལམ།/ཆེ་ཤོས་རིན་པོ་ཆེ་བློ་བཟང་བྱང་ཆུབ་བསྟན་པའི་སྒྲོན་མེ།	sungbum	0
S558	Methods Of Prayer	SMON LAM	Methods_Of_Prayer--SMON_LAM	r6	0
S559		ཕྲན་ཚེགས།/ཆེ་ཤོས་རིན་པོ་ཆེ་བློ་བཟང་བྱང་ཆུབ་བསྟན་པའི་སྒྲོན་མེ།	ཕྲན་ཚེགས།/ཆེ་ཤོས་རིན་པོ་ཆེ་བློ་བཟང་བྱང་ཆུབ་བསྟན་པའི་སྒྲོན་མེ།	sungbum	0
S559	General Commentaries	SPYI	General_Commentaries--SPYI	r6	0
S56		གྲུབ་མཐའ།/སེ་ར་རྗེ་བཙུན་ཆོས་ཀྱི་རྒྱལ་མཚན།	གྲུབ་མཐའ།/སེ་ར་རྗེ་བཙུན་ཆོས་ཀྱི་རྒྱལ་མཚན།	sungbum	0
S56	Commentaries To Sutras	MDO 'GREL	Commentaries_To_Sutras--MDO_'GREL	r6	0
S560		རྒྱུད།/བླ་མ་མཆོད་པ།/འགྲེལ་པ།	རྒྱུད།/བླ་མ་མཆོད་པ།/འགྲེལ་པ།	sungbum	0
S560	Commentaries On The Practice	'GREL PA	Commentaries_On_The_Practice--'GREL_PA	r6	0
S561		རྒྱུད།/རྟ་མགྲིན།/བསྙེན་པ།	རྒྱུད།/རྟ་མགྲིན།/བསྙེན་པ།	sungbum	0
S561	Instructions For A Secret Retreat	BSNYEN PA	Instructions_For_A_Secret_Retreat--BSNYEN_PA	r6	0
S562		ཉམས་ལེན།/སྨོན་ལམ།/ཆེ་ཤོས་རིན་པོ་ཆེ་བློ་བཟང་བྱང་ཆུབ་བསྟན་པའི་སྒྲོན་མེ།	ཉམས་ལེན།/སྨོན་ལམ།/ཆེ་ཤོས་རིན་པོ་ཆེ་བློ་བཟང་བྱང་ཆུབ་བསྟན་པའི་སྒྲོན་མེ།	sungbum	0
S562	Methods Of Prayer	SMON LAM	Methods_Of_Prayer--SMON_LAM	r6	0
S5637		ལམ་རིམ།/འཇམ་དཔལ་ཞལ་ལུང་།/རྩ་བ།	ལམ་རིམ།/འཇམ་དཔལ་ཞལ་ལུང་།/རྩ་བ།	sungbum	0
S5650		མངོན་པ།/ལྔ་པ་ཆེན་པོ་ངག་དབང་བློ་བཟང་རྒྱ་མཚོ།	མངོན་པ།/ལྔ་པ་ཆེན་པོ་ངག་དབང་བློ་བཟང་རྒྱ་མཚོ།	sungbum	0
S57		འདུལ་བ།/སྤྱི།/ཅོ་ནེ་བླ་མ་གྲགས་པ་བཤད་སྒྲུབ།	འདུལ་བ།/སྤྱི།/ཅོ་ནེ་བླ་མ་གྲགས་པ་བཤད་སྒྲུབ།	sungbum	0
S57	General Commentaries	SPYI	General_Commentaries--SPYI	r6	0
S58		འདུལ་བ།/སྤྱི།/ཤར་ཆེན་ཀོང་པོ་ངག་དབང་ཚུལ་ཁྲིམས།	འདུལ་བ།/སྤྱི།/ཤར་ཆེན་ཀོང་པོ་ངག་དབང་ཚུལ་ཁྲིམས།	sungbum	0
S58	General Commentaries	SPYI	General_Commentaries--SPYI	r6	0
S5827		ཉམས་ལེན།/བླ་མའི་རྣལ་འབྱོར།/རྗེ་ཙོང་ཁ་པ་བློ་བཟང་གྲགས་པ།/དགའ་ལྡན་ལྷ་བརྒྱ་མ།	ཉམས་ལེན།/བླ་མའི་རྣལ་འབྱོར།/རྗེ་ཙོང་ཁ་པ་བློ་བཟང་གྲགས་པ།/དགའ་ལྡན་ལྷ་བརྒྱ་མ།	sungbum	0
S5827	Works On The Thousand Angels Of The Heaven Of Bliss	DGA' LDAN LHA BRGYA MA	Works_On_The_Thousand_Angels_Of_The_Heaven_Of_Bliss--DGA'_LDAN_LHA_BRGYA_MA	r6	0
S5828		རྒྱུད།/འཇིགས་བྱེད།/གསོལ་འདེབས།	རྒྱུད།/འཇིགས་བྱེད།/གསོལ་འདེབས།	sungbum	0
S5828	Methods Of Making Supplication To The Holy Being	GSOL 'DEBS	Methods_Of_Making_Supplication_To_The_Holy_Being--GSOL_'DEBS	r6	0
S5829		ཉམས་ལེན།/བླ་མའི་རྣལ་འབྱོར།/རྒྱལ་བ་བདུན་པ་སྐལ་བཟང་རྒྱ་མཚོ།	ཉམས་ལེན།/བླ་མའི་རྣལ་འབྱོར།/རྒྱལ་བ་བདུན་པ་སྐལ་བཟང་རྒྱ་མཚོ།	sungbum	0
S5829	Lama Practices	BLA MA'I RNAL 'BYOR	Lama_Practices--BLA_MA'I_RNAL_'BYOR	r6	0
S5877		རྣམ་ཐར།/མཚན་ཐོག/པཎ་ཆེན་བློ་བཟང་ཆོས་ཀྱི་རྒྱལ་མཚན།	རྣམ་ཐར།/མཚན་ཐོག/པཎ་ཆེན་བློ་བཟང་ཆོས་ཀྱི་རྒྱལ་མཚན།	sungbum	0
S5877	Panchen Lobsang Chukyi Gyetsen	PAn CHEN BLO BZANG CHOS KYI RGYAL MTSAN	Panchen_Lobsang_Chukyi_Gyetsen--PAn_CHEN_BLO_BZANG_CHOS_KYI_RGYAL_MTSAN	r6	0
S5878		ཉམས་ལེན།/གསོལ་འདེབས།/པཎ་ཆེན་བློ་བཟང་ཆོས་ཀྱི་རྒྱལ་མཚན།	ཉམས་ལེན།/གསོལ་འདེབས།/པཎ་ཆེན་བློ་བཟང་ཆོས་ཀྱི་རྒྱལ་མཚན།	sungbum	0
S5878	Methods Of Making Supplication To The Holy Being	GSOL 'DEBS	Methods_Of_Making_Supplication_To_The_Holy_Being--GSOL_'DEBS	r6	0
S5879		རྣམ་ཐར།/མཚན་ཐོག/དབེན་ས་པ་བློ་བཟང་དོན་གྲུབ།	རྣམ་ཐར།/མཚན་ཐོག/དབེན་ས་པ་བློ་བཟང་དོན་གྲུབ།	sungbum	0
S5879	Kyabchok Pel Sangpo	SKYABS MCHOG DPAL BZANG PO	Kyabchok_Pel_Sangpo--SKYABS_MCHOG_DPAL_BZANG_PO	r6	0
S5879	Sanggye Yeshe	SANGS RGYAS YE SHES	Sanggye_Yeshe--SANGS_RGYAS_YE_SHES	r6	0
S5879	Wensapa Lobsang Dundrup	DBEN SA PA BLO BZANG DON GRUB	Wensapa_Lobsang_Dundrup--DBEN_SA_PA_BLO_BZANG_DON_GRUB	r6	0
S5880		རྣམ་ཐར།/བརྗོད་བྱའི་ཐོག/དགེ་ལྡན་བརྒྱུད་པའི་རྣམ་ཐར།	རྣམ་ཐར།/བརྗོད་བྱའི་ཐོག/དགེ་ལྡན་བརྒྱུད་པའི་རྣམ་ཐར།	sungbum	0
S5880	Collections Of Biographies Of The Genden Tradition	DGE LDAN BKA' BRGYUD	Collections_Of_Biographies_Of_The_Genden_Tradition--DGE_LDAN_BKA'_BRGYUD	r6	0
S5881		རྟོགས་བརྗོད།/རབ་འབྱོར།	རྟོགས་བརྗོད།/རབ་འབྱོར།	sungbum	0
S5881	Spiritual Biographies	RTOGS BRJOD	Spiritual_Biographies--RTOGS_BRJOD	r6	0
S5882		རྟོགས་བརྗོད།/རིགས་ལྡན་གྲགས་པ།	རྟོགས་བརྗོད།/རིགས་ལྡན་གྲགས་པ།	sungbum	0
S5882	Spiritual Biographies	RTOGS BRJOD	Spiritual_Biographies--RTOGS_BRJOD	r6	0
S5883		རྟོགས་བརྗོད།/འཇིགས་མེད་འབྱུང་གནས།	རྟོགས་བརྗོད།/འཇིགས་མེད་འབྱུང་གནས།	sungbum	0
S5883	Spiritual Biographies	RTOGS BRJOD	Spiritual_Biographies--RTOGS_BRJOD	r6	0
S5884		རྣམ་ཐར།/མཚན་ཐོག/ས་སྐྱ་པཎྜི་ཏ་ཀུན་དགའ་རྒྱལ་མཚན།	རྣམ་ཐར།/མཚན་ཐོག/ས་སྐྱ་པཎྜི་ཏ་ཀུན་དགའ་རྒྱལ་མཚན།	sungbum	0
S5884	Sakya Pandita Kunga Gyeltsen	SA SKYA PAnDI TA KUN DGA' RGYAL MTSAN	Sakya_Pandita_Kunga_Gyeltsen--SA_SKYA_PAnDI_TA_KUN_DGA'_RGYAL_MTSAN	r6	0
S5885		རྣམ་ཐར།/མཚན་ཐོག/གཡུང་སྟོན་རི་ཁྲོད་པ།	རྣམ་ཐར།/མཚན་ཐོག/གཡུང་སྟོན་རི་ཁྲོད་པ།	sungbum	0
S5885	Yungtun Ritrupa	G-YUNG STON RI KHROD PA	Yungtun_Ritrupa--G-YUNG_STON_RI_KHROD_PA	r6	0
S5886		རྣམ་ཐར།/མཚན་ཐོག/ཤི་བ་ལྷ།	རྣམ་ཐར།/མཚན་ཐོག/ཤི་བ་ལྷ།	sungbum	0
S5886	Master Shantideva Gyelse Shiwa Hla	RGYAL SRAS ZHI BA LHA	Master_Shantideva_Gyelse_Shiwa_Hla--RGYAL_SRAS_ZHI_BA_LHA	r6	0
S5887		རྟོགས་བརྗོད།/པྲཇཔཏི།	རྟོགས་བརྗོད།/པྲཇཔཏི།	sungbum	0
S5887	Spiritual Biographies	RTOGS BRJOD	Spiritual_Biographies--RTOGS_BRJOD	r6	0
S5888		རྣམ་ཐར།/མཚན་ཐོག/དབང་ཕྱུག་གྲགས་པ་བཟང་པོ།	རྣམ་ཐར།/མཚན་ཐོག/དབང་ཕྱུག་གྲགས་པ་བཟང་པོ།	sungbum	0
S5888	Kyenrab Wangchuk Drakpa Sangpo	MKHYEN RAB DBANG PHYUG GRAGS PA BZANG PO	Kyenrab_Wangchuk_Drakpa_Sangpo--MKHYEN_RAB_DBANG_PHYUG_GRAGS_PA_BZANG_PO	r6	0
S5889		རྣམ་ཐར།/མཚན་ཐོག/རྗེ་ཙོང་ཁ་པ་བློ་བཟང་གྲགས་པ།	རྣམ་ཐར།/མཚན་ཐོག/རྗེ་ཙོང་ཁ་པ་བློ་བཟང་གྲགས་པ།	sungbum	0
S5889	Je Tsongkapa Lobsang Drakpa	RJE TZONG KHA PA BLO BZANG GRAGS PA	Je_Tsongkapa_Lobsang_Drakpa--RJE_TZONG_KHA_PA_BLO_BZANG_GRAGS_PA	r6	0
S5890		ཉམས་ལེན།/བླ་མའི་རྣལ་འབྱོར།/པཎ་ཆེན་བློ་བཟང་ཆོས་ཀྱི་རྒྱལ་མཚན།	ཉམས་ལེན།/བླ་མའི་རྣལ་འབྱོར།/པཎ་ཆེན་བློ་བཟང་ཆོས་ཀྱི་རྒྱལ་མཚན།	sungbum	0
S5890	Lama Practices	BLA MA'I RNAL 'BYOR	Lama_Practices--BLA_MA'I_RNAL_'BYOR	r6	0
S5891		ཉམས་ལེན།/བླ་མའི་རྣལ་འབྱོར།/པཎ་ཆེན་བློ་བཟང་ཆོས་ཀྱི་རྒྱལ་མཚན།	ཉམས་ལེན།/བླ་མའི་རྣལ་འབྱོར།/པཎ་ཆེན་བློ་བཟང་ཆོས་ཀྱི་རྒྱལ་མཚན།	sungbum	0
S5891	Lama Practices	BLA MA'I RNAL 'BYOR	Lama_Practices--BLA_MA'I_RNAL_'BYOR	r6	0
S5891	Personal Spiritual Advices	BSLAB BYA	Personal_Spiritual_Advices--BSLAB_BYA	r6	0
S5892		རྒྱུད།/བླ་མ་མཆོད་པ།/རྩ་བ།	རྒྱུད།/བླ་མ་མཆོད་པ།/རྩ་བ།	sungbum	0
S5892	Root Text	RTZA BA	Root_Text--RTZA_BA	r6	0
S5893		རྒྱུད།/ཐུན་དྲུག	རྒྱུད།/ཐུན་དྲུག	sungbum	0
S5893	Sadyamayoga	Tundruk--The Practice For Six Times Of The Day--THUN DRUG	Sadyamayoga--Tundruk--The_Practice_For_Six_Times_Of_The_Day--THUN_DRUG	r6	0
S5894		ཉམས་ལེན།/བླ་མའི་རྣལ་འབྱོར།/པཎ་ཆེན་བློ་བཟང་ཆོས་ཀྱི་རྒྱལ་མཚན།	ཉམས་ལེན།/བླ་མའི་རྣལ་འབྱོར།/པཎ་ཆེན་བློ་བཟང་ཆོས་ཀྱི་རྒྱལ་མཚན།	sungbum	0
S5894	Lama Practices	BLA MA'I RNAL 'BYOR	Lama_Practices--BLA_MA'I_RNAL_'BYOR	r6	0
S5895		རྒྱུད།/སྤྱི།/ཞིང་བཀོད་སྨོན་ལམ།	རྒྱུད།/སྤྱི།/ཞིང་བཀོད་སྨོན་ལམ།	sungbum	0
S5895	Descriptions Of Enlightened Paradises	ZHING KHAMS	Descriptions_Of_Enlightened_Paradises--ZHING_KHAMS	r6	0
S5896		རྒྱུད།/འོད་དཔག་མེད།/འཕོ་བ།	རྒྱུད།/འོད་དཔག་མེད།/འཕོ་བ།	sungbum	0
S5896	Methods Of Sending Ones Mind Into Death	'PHO BA	Methods_Of_Sending_Ones_Mind_Into_Death--'PHO_BA	r6	0
S5897		ཉམས་ལེན།/བླ་མའི་རྣལ་འབྱོར།/པཎ་ཆེན་བློ་བཟང་ཆོས་ཀྱི་རྒྱལ་མཚན།	ཉམས་ལེན།/བླ་མའི་རྣལ་འབྱོར།/པཎ་ཆེན་བློ་བཟང་ཆོས་ཀྱི་རྒྱལ་མཚན།	sungbum	0
S5897	Lama Practices	BLA MA'I RNAL 'BYOR	Lama_Practices--BLA_MA'I_RNAL_'BYOR	r6	0
S5898		ཉམས་ལེན།/བླ་མའི་རྣལ་འབྱོར།/པཎ་ཆེན་བློ་བཟང་ཆོས་ཀྱི་རྒྱལ་མཚན།	ཉམས་ལེན།/བླ་མའི་རྣལ་འབྱོར།/པཎ་ཆེན་བློ་བཟང་ཆོས་ཀྱི་རྒྱལ་མཚན།	sungbum	0
S5898	Lama Practices	BLA MA'I RNAL 'BYOR	Lama_Practices--BLA_MA'I_RNAL_'BYOR	r6	0
S5899		ཉམས་ལེན།/བླ་མའི་རྣལ་འབྱོར།/པཎ་ཆེན་བློ་བཟང་ཆོས་ཀྱི་རྒྱལ་མཚན།	ཉམས་ལེན།/བླ་མའི་རྣལ་འབྱོར།/པཎ་ཆེན་བློ་བཟང་ཆོས་ཀྱི་རྒྱལ་མཚན།	sungbum	0
S5899	Lama Practices	BLA MA'I RNAL 'BYOR	Lama_Practices--BLA_MA'I_RNAL_'BYOR	r6	0
S5900		ཉམས་ལེན།/གསོལ་འདེབས།/པཎ་ཆེན་བློ་བཟང་ཆོས་ཀྱི་རྒྱལ་མཚན།	ཉམས་ལེན།/གསོལ་འདེབས།/པཎ་ཆེན་བློ་བཟང་ཆོས་ཀྱི་རྒྱལ་མཚན།	sungbum	0
S5900	Methods Of Making Supplication To The Holy Being	GSOL 'DEBS	Methods_Of_Making_Supplication_To_The_Holy_Being--GSOL_'DEBS	r6	0
S5901		ཉམས་ལེན།/བསླབ་བྱ།/པཎ་ཆེན་བློ་བཟང་ཆོས་ཀྱི་རྒྱལ་མཚན།	ཉམས་ལེན།/བསླབ་བྱ།/པཎ་ཆེན་བློ་བཟང་ཆོས་ཀྱི་རྒྱལ་མཚན།	sungbum	0
S5901	Personal Spiritual Advices	BSLAB BYA	Personal_Spiritual_Advices--BSLAB_BYA	r6	0
S5902		རྒྱུད།/རྡོ་རྗེ་ཕྲེང་བ།/སྒྲུབ་ཐབས།	རྒྱུད།/རྡོ་རྗེ་ཕྲེང་བ།/སྒྲུབ་ཐབས།	sungbum	0
S5902	Methods For Reaching The Holy Being	SGRUB THABS	Methods_For_Reaching_The_Holy_Being--SGRUB_THABS	r6	0
S5903		རྒྱུད།/གསང་འདུས།/བླ་མའི་རྣལ་འབྱོར།	རྒྱུད།/གསང་འདུས།/བླ་མའི་རྣལ་འབྱོར།	sungbum	0
S5903	Lama Practices	BLA MA'I RNAL 'BYOR	Lama_Practices--BLA_MA'I_RNAL_'BYOR	r6	0
S5904		རྒྱུད།/བདེ་མཆོག/བསྐྱེད་རིམ།	རྒྱུད།/བདེ་མཆོག/བསྐྱེད་རིམ།	sungbum	0
S5904	Instructions For The Stage Of Creation	BSKYED RIM	Instructions_For_The_Stage_Of_Creation--BSKYED_RIM	r6	0
S5905		རྒྱུད།/འཇིགས་བྱེད།/བླ་མའི་རྣལ་འབྱོར།	རྒྱུད།/འཇིགས་བྱེད།/བླ་མའི་རྣལ་འབྱོར།	sungbum	0
S5905	Lama Practices	BLA MA'I RNAL 'BYOR	Lama_Practices--BLA_MA'I_RNAL_'BYOR	r6	0
S5906		རྒྱུད།/འཇིགས་བྱེད།/བསྐྱེད་རིམ།	རྒྱུད།/འཇིགས་བྱེད།/བསྐྱེད་རིམ།	sungbum	0
S5906	Instructions For The Stage Of Creation	BSKYED RIM	Instructions_For_The_Stage_Of_Creation--BSKYED_RIM	r6	0
S5907		ཉམས་ལེན།/བསླབ་བྱ།/པཎ་ཆེན་བློ་བཟང་ཆོས་ཀྱི་རྒྱལ་མཚན།	ཉམས་ལེན།/བསླབ་བྱ།/པཎ་ཆེན་བློ་བཟང་ཆོས་ཀྱི་རྒྱལ་མཚན།	sungbum	0
S5907	Personal Spiritual Advices	BSLAB BYA	Personal_Spiritual_Advices--BSLAB_BYA	r6	0
S5908		གསན་ཡིག/པཎ་ཆེན་བློ་བཟང་ཆོས་ཀྱི་རྒྱལ་མཚན།	གསན་ཡིག/པཎ་ཆེན་བློ་བཟང་ཆོས་ཀྱི་རྒྱལ་མཚན།	sungbum	0
S5908	Lists Of Secret Teachings Received By Eminent Lamas	GSAN YIG	Lists_Of_Secret_Teachings_Received_By_Eminent_Lamas--GSAN_YIG	r6	0
S5908	Panchen Lobsang Chukyi Gyetsen	PAn CHEN BLO BZANG CHOS KYI RGYAL MTSAN	Panchen_Lobsang_Chukyi_Gyetsen--PAn_CHEN_BLO_BZANG_CHOS_KYI_RGYAL_MTSAN	r6	0
S5909		རྒྱུད།/དྲུག་ཅུ་པ།/མཆོད་པ།	རྒྱུད།/དྲུག་ཅུ་པ།/མཆོད་པ།	sungbum	0
S5909	Methods Of Performing Spiritual Offerings	MCHOD PA	Methods_Of_Performing_Spiritual_Offerings--MCHOD_PA	r6	0
S5910		རྒྱུད།/དུས་འཁོར།/འགྲེལ་པ།	རྒྱུད།/དུས་འཁོར།/འགྲེལ་པ།	sungbum	0
S5910	Commentaries On The Practice	'GREL PA	Commentaries_On_The_Practice--'GREL_PA	r6	0
S5911		རྒྱུད།/དུས་འཁོར།/སྨོན་ལམ།	རྒྱུད།/དུས་འཁོར།/སྨོན་ལམ།	sungbum	0
S5911	Methods Of Prayer	SMON LAM	Methods_Of_Prayer--SMON_LAM	r6	0
S5912		རྒྱུད།/དུས་འཁོར།/འགྲེལ་པ།	རྒྱུད།/དུས་འཁོར།/འགྲེལ་པ།	sungbum	0
S5912	Commentaries On The Practice	'GREL PA	Commentaries_On_The_Practice--'GREL_PA	r6	0
S5913		རྒྱུད།/དུས་འཁོར།/སྒྲུབ་ཐབས།	རྒྱུད།/དུས་འཁོར།/སྒྲུབ་ཐབས།	sungbum	0
S5913	Methods For Reaching The Holy Being	SGRUB THABS	Methods_For_Reaching_The_Holy_Being--SGRUB_THABS	r6	0
S5914		རྒྱུད།/འཇིགས་བྱེད།/སྒྲུབ་ཐབས།	རྒྱུད།/འཇིགས་བྱེད།/སྒྲུབ་ཐབས།	sungbum	0
S5914	Methods For Reaching The Holy Being	SGRUB THABS	Methods_For_Reaching_The_Holy_Being--SGRUB_THABS	r6	0
S5915		རྒྱུད།/འཇིགས་བྱེད།/སྒྲུབ་ཐབས།	རྒྱུད།/འཇིགས་བྱེད།/སྒྲུབ་ཐབས།	sungbum	0
S5915	Methods For Reaching The Holy Being	SGRUB THABS	Methods_For_Reaching_The_Holy_Being--SGRUB_THABS	r6	0
S5916		རྒྱུད།/འཇིགས་བྱེད།/བུམ་པ།	རྒྱུད།/འཇིགས་བྱེད།/བུམ་པ།	sungbum	0
S5916	Methods Of Granting Empowerment Into Secret Practice	DBANG	Methods_Of_Granting_Empowerment_Into_Secret_Practice--DBANG	r6	0
S5916	Methods Of Preparing A Sacred Vase	BUM PA	Methods_Of_Preparing_A_Sacred_Vase--BUM_PA	r6	0
S5917		རྒྱུད།/འཇིགས་བྱེད།/སྦྱིན་སྲེག	རྒྱུད།/འཇིགས་བྱེད།/སྦྱིན་སྲེག	sungbum	0
S5917	Methods Of Performing Fire Offerings	SBYIN SREG	Methods_Of_Performing_Fire_Offerings--SBYIN_SREG	r6	0
S5918		རྒྱུད།/འཇིགས་བྱེད།/སྦྱིན་སྲེག	རྒྱུད།/འཇིགས་བྱེད།/སྦྱིན་སྲེག	sungbum	0
S5918	Methods Of Performing Fire Offerings	SBYIN SREG	Methods_Of_Performing_Fire_Offerings--SBYIN_SREG	r6	0
S5918	Methods Of Performing Secret Feasts	TSOGS	Methods_Of_Performing_Secret_Feasts--TSOGS	r6	0
S5919		རྒྱུད།/ཚེ་དཔག་མེད།/ཚེ་སྒྲུབ།	རྒྱུད།/ཚེ་དཔག་མེད།/ཚེ་སྒྲུབ།	sungbum	0
S5919	Methods Of Attaining Long Life	TSE SGRUB	Methods_Of_Attaining_Long_Life--TSE_SGRUB	r6	0
S5920		རྒྱུད།/ཚེ་དཔག་མེད།/ཚེ་སྒྲུབ།	རྒྱུད།/ཚེ་དཔག་མེད།/ཚེ་སྒྲུབ།	sungbum	0
S5920	Methods Of Attaining Long Life	TSE SGRUB	Methods_Of_Attaining_Long_Life--TSE_SGRUB	r6	0
S5921		རྒྱུད།/ཀུན་རིག/སྒྲུབ་ཐབས།	རྒྱུད།/ཀུན་རིག/སྒྲུབ་ཐབས།	sungbum	0
S5921	Methods For Reaching The Holy Being	SGRUB THABS	Methods_For_Reaching_The_Holy_Being--SGRUB_THABS	r6	0
S5922		རྒྱུད།/ཀུན་རིག/བུམ་པ།	རྒྱུད།/ཀུན་རིག/བུམ་པ།	sungbum	0
S5922	Methods Of Preparing A Sacred Vase	BUM PA	Methods_Of_Preparing_A_Sacred_Vase--BUM_PA	r6	0
S5923		རྒྱུད།/ཀུན་རིག/སྦྱང་ཆོག	རྒྱུད།/ཀུན་རིག/སྦྱང་ཆོག	sungbum	0
S5923	Rituals For Purifying Bad Karma Of The Dead	SBYANG CHOG	Rituals_For_Purifying_Bad_Karma_Of_The_Dead--SBYANG_CHOG	r6	0
S5924		རྒྱུད།/སྙིང་རྗེ་ཆེན་པོ།/དཀྱིལ་ཆོག	རྒྱུད།/སྙིང་རྗེ་ཆེན་པོ།/དཀྱིལ་ཆོག	sungbum	0
S5924	Rituals For Entering The Secret World	DKYIL CHOG	Rituals_For_Entering_The_Secret_World--DKYIL_CHOG	r6	0
S5925		རྒྱུད།/རྣམ་རྒྱལ་མ།/སྒྲུབ་ཐབས།	རྒྱུད།/རྣམ་རྒྱལ་མ།/སྒྲུབ་ཐབས།	sungbum	0
S5925	Methods For Reaching The Holy Being	SGRUB THABS	Methods_For_Reaching_The_Holy_Being--SGRUB_THABS	r6	0
S5926		རྒྱུད།/རྡོ་རྗེ་མི་འཁྲུགས་པ།/སྒྲུབ་ཐབས།	རྒྱུད།/རྡོ་རྗེ་མི་འཁྲུགས་པ།/སྒྲུབ་ཐབས།	sungbum	0
S5926	Methods For Reaching The Holy Being	SGRUB THABS	Methods_For_Reaching_The_Holy_Being--SGRUB_THABS	r6	0
S5927		རྒྱུད།/སྨན་བླ།/མདོ་ཆོག	རྒྱུད།/སྨན་བླ།/མདོ་ཆོག	sungbum	0
S5927	Methods Of Performing The Summary Ritual	MDO CHOG	Methods_Of_Performing_The_Summary_Ritual--MDO_CHOG	r6	0
S5928		རྒྱུད།/འཇམ་དབྱངས་དཀར་པོ།/སྒྲུབ་ཐབས།	རྒྱུད།/འཇམ་དབྱངས་དཀར་པོ།/སྒྲུབ་ཐབས།	sungbum	0
S5928	Methods For Reaching The Holy Being	SGRUB THABS	Methods_For_Reaching_The_Holy_Being--SGRUB_THABS	r6	0
S5929		རྒྱུད།/ཞལ་བཅུ་གཅིག/སྨྱུང་གནས།	རྒྱུད།/ཞལ་བཅུ་གཅིག/སྨྱུང་གནས།	sungbum	0
S5929	Methods Of Spiritual Fasting	SMYUNG GNAS	Methods_Of_Spiritual_Fasting--SMYUNG_GNAS	r6	0
S5930		རྒྱུད།/ཞལ་བཅུ་གཅིག/དབང་།	རྒྱུད།/ཞལ་བཅུ་གཅིག/དབང་།	sungbum	0
S5930	Methods Of Granting Empowerment Into Secret Practice	DBANG	Methods_Of_Granting_Empowerment_Into_Secret_Practice--DBANG	r6	0
S5930	Methods Of Spiritual Fasting	SMYUNG GNAS	Methods_Of_Spiritual_Fasting--SMYUNG_GNAS	r6	0
S5931		རྒྱུད།/ཁྱུང་ཁྲ།/སྒྲུབ་ཐབས།	རྒྱུད།/ཁྱུང་ཁྲ།/སྒྲུབ་ཐབས།	sungbum	0
S5931	Methods For Reaching The Holy Being	SGRUB THABS	Methods_For_Reaching_The_Holy_Being--SGRUB_THABS	r6	0
S5932		རྒྱུད།/ཕྱག་ན་རྡོ་རྗེ།/གདོན་འགྲོལ།	རྒྱུད།/ཕྱག་ན་རྡོ་རྗེ།/གདོན་འགྲོལ།	sungbum	0
S5932	Instructions For Stopping Demons	GDON 'GROL	Instructions_For_Stopping_Demons--GDON_'GROL	r6	0
S5933		རྒྱུད།/སྒྲོལ་མ།/སྒྲུབ་ཐབས།	རྒྱུད།/སྒྲོལ་མ།/སྒྲུབ་ཐབས།	sungbum	0
S5933	Methods For Reaching The Holy Being	SGRUB THABS	Methods_For_Reaching_The_Holy_Being--SGRUB_THABS	r6	0
S5934		རྒྱུད།/སྒྲོལ་མ།/བཟློག་པ།	རྒྱུད།/སྒྲོལ་མ།/བཟློག་པ།	sungbum	0
S5934	Practices For Preventing Harmful Spirits	BZLOG PA	Practices_For_Preventing_Harmful_Spirits--BZLOG_PA	r6	0
S5935		རྒྱུད།/རྡོ་རྗེ་རྣམ་འཇོམས།/སྒྲུབ་ཐབས།	རྒྱུད།/རྡོ་རྗེ་རྣམ་འཇོམས།/སྒྲུབ་ཐབས།	sungbum	0
S5935	Methods For Reaching The Holy Being	SGRUB THABS	Methods_For_Reaching_The_Holy_Being--SGRUB_THABS	r6	0
S5936		རྒྱུད།/སྨེ་བརྩེགས།/སྒྲུབ་ཐབས།	རྒྱུད།/སྨེ་བརྩེགས།/སྒྲུབ་ཐབས།	sungbum	0
S5936	Methods For Reaching The Holy Being	SGRUB THABS	Methods_For_Reaching_The_Holy_Being--SGRUB_THABS	r6	0
S5937		རྒྱུད།/ཆོས་རྒྱལ།/སྒྲུབ་ཐབས།	རྒྱུད།/ཆོས་རྒྱལ།/སྒྲུབ་ཐབས།	sungbum	0
S5938		རྒྱུད།/སྤྱི།/རྒྱུད་སྡེ་བཞི།	རྒྱུད།/སྤྱི།/རྒྱུད་སྡེ་བཞི།	sungbum	0
S5938	Works On The Four Classes Of Secret Teachings	RGYUD SDE BZHI	Works_On_The_Four_Classes_Of_Secret_Teachings--RGYUD_SDE_BZHI	r6	0
S5940		རྒྱུད།/ཕྱག་རྒྱ་ཆེན་པོ།/འགྲེལ་པ།	རྒྱུད།/ཕྱག་རྒྱ་ཆེན་པོ།/འགྲེལ་པ།	sungbum	0
S5940	Commentaries On The Practice	'GREL PA	Commentaries_On_The_Practice--'GREL_PA	r6	0
S5941		ལམ་རིམ།/ལམ་སྒྲོན།/འགྲེལ་པ།	ལམ་རིམ།/ལམ་སྒྲོན།/འགྲེལ་པ།	sungbum	0
S5941	Works On A Lamp For The Path	LAM GYI SGRON MA	Works_On_A_Lamp_For_The_Path--LAM_GYI_SGRON_MA	r6	0
S5942		ཕར་ཕྱིན།/སྤྱི།/པཎ་ཆེན་བློ་བཟང་ཆོས་ཀྱི་རྒྱལ་མཚན།	ཕར་ཕྱིན།/སྤྱི།/པཎ་ཆེན་བློ་བཟང་ཆོས་ཀྱི་རྒྱལ་མཚན།	sungbum	0
S5942	Perfection Of Wisdom	PHAR PHYIN	Perfection_Of_Wisdom--PHAR_PHYIN	r6	0
S5943		ལམ་རིམ།/བྱང་ཆུབ་ལམ་གྱི་རིམ་པའི་ཁྲིད་ཚིགས་སུ་བཅད་པ་ཁྱེར་བདེ་བ།	ལམ་རིམ།/བྱང་ཆུབ་ལམ་གྱི་རིམ་པའི་ཁྲིད་ཚིགས་སུ་བཅད་པ་ཁྱེར་བདེ་བ།	sungbum	0
S5943	Works On The Teaching On The Steps Of The Path By Panchen Lo-Gyen	PAN CHEN BLO RGYAN LAM RIM KHRID	Works_On_The_Teaching_On_The_Steps_Of_The_Path_By_Panchen_Lo-Gyen--PAN_CHEN_BLO_RGYAN_LAM_RIM_KHRID	r6	0
S5944		ལམ་རིམ།/བདེ་ལམ།/རྩ་བ།	ལམ་རིམ།/བདེ་ལམ།/རྩ་བ།	sungbum	0
S5944	Works On The Dissection Instruction For The Steps Of The Path	LAM RIM DMAR KHRID	Works_On_The_Dissection_Instruction_For_The_Steps_Of_The_Path--LAM_RIM_DMAR_KHRID	r6	0
S5944	Works On The Path Of Ease	BDE LAM	Works_On_The_Path_Of_Ease--BDE_LAM	r6	0
S5945		འདུལ་བ།/དགེ་སློང་།	འདུལ་བ།/དགེ་སློང་།	sungbum	0
S5945	Instructions For Full Monks And Nuns	DGE SLONG	Instructions_For_Full_Monks_And_Nuns--DGE_SLONG	r6	0
S5946		ཉམས་ལེན།/བསླབ་བྱ།/པཎ་ཆེན་བློ་བཟང་ཆོས་ཀྱི་རྒྱལ་མཚན།	ཉམས་ལེན།/བསླབ་བྱ།/པཎ་ཆེན་བློ་བཟང་ཆོས་ཀྱི་རྒྱལ་མཚན།	sungbum	0
S5946	Personal Spiritual Advices	BSLAB BYA	Personal_Spiritual_Advices--BSLAB_BYA	r6	0
S5947		ཉམས་ལེན།/བསླབ་བྱ།/པཎ་ཆེན་བློ་བཟང་ཆོས་ཀྱི་རྒྱལ་མཚན།	ཉམས་ལེན།/བསླབ་བྱ།/པཎ་ཆེན་བློ་བཟང་ཆོས་ཀྱི་རྒྱལ་མཚན།	sungbum	0
S5947	Personal Spiritual Advices	BSLAB BYA	Personal_Spiritual_Advices--BSLAB_BYA	r6	0
S5948		བློ་སྦྱོང་།/བློ་སྦྱོང་དམར་ཁྲིད་ཤར་རྩེ་ཆོས་རྗེ་ལ་གནང་བ།	བློ་སྦྱོང་།/བློ་སྦྱོང་དམར་ཁྲིད་ཤར་རྩེ་ཆོས་རྗེ་ལ་གནང་བ།	sungbum	0
S5948	Works On The Dissection Teaching For Developing The Good Heart	BLO SBYONG DMAR KHRID	Works_On_The_Dissection_Teaching_For_Developing_The_Good_Heart--BLO_SBYONG_DMAR_KHRID	r6	0
S5949		ཉམས་ལེན།/སྟོབས་བཞི་བསྒོམ་ཚུལ།/པཎ་ཆེན་བློ་བཟང་ཆོས་ཀྱི་རྒྱལ་མཚན།	ཉམས་ལེན།/སྟོབས་བཞི་བསྒོམ་ཚུལ།/པཎ་ཆེན་བློ་བཟང་ཆོས་ཀྱི་རྒྱལ་མཚན།	sungbum	0
S5949	Methods For Purifying Oneself Of Bad Karma Through The Four Forces	STOBS BZHI	Methods_For_Purifying_Oneself_Of_Bad_Karma_Through_The_Four_Forces--STOBS_BZHI	r6	0
S5950		ཉམས་ལེན།/བཤགས་པ།/པཎ་ཆེན་བློ་བཟང་ཆོས་ཀྱི་རྒྱལ་མཚན།	ཉམས་ལེན།/བཤགས་པ།/པཎ་ཆེན་བློ་བཟང་ཆོས་ཀྱི་རྒྱལ་མཚན།	sungbum	0
S5950	Practices Of Confession And Purification Of Bad Karma	BSHAGS PA	Practices_Of_Confession_And_Purification_Of_Bad_Karma--BSHAGS_PA	r6	0
S5951		ཉམས་ལེན།/བསླབ་བྱ།/པཎ་ཆེན་བློ་བཟང་ཆོས་ཀྱི་རྒྱལ་མཚན།	ཉམས་ལེན།/བསླབ་བྱ།/པཎ་ཆེན་བློ་བཟང་ཆོས་ཀྱི་རྒྱལ་མཚན།	sungbum	0
S5951	Personal Spiritual Advices	BSLAB BYA	Personal_Spiritual_Advices--BSLAB_BYA	r6	0
S5952		དབུ་མ།/དྲི་ལན།/པཎ་ཆེན་བློ་བཟང་ཆོས་ཀྱི་རྒྱལ་མཚན།	དབུ་མ།/དྲི་ལན།/པཎ་ཆེན་བློ་བཟང་ཆོས་ཀྱི་རྒྱལ་མཚན།	sungbum	0
S5952	Middle-Way Philosophy	DBU MA	Middle-Way_Philosophy--DBU_MA	r6	0
S5953		རྒྱུད།/ན་རོ་ཆོས་དྲུག/འགྲེལ་པ།	རྒྱུད།/ན་རོ་ཆོས་དྲུག/འགྲེལ་པ།	sungbum	0
S5953	Commentaries On The Practice	'GREL PA	Commentaries_On_The_Practice--'GREL_PA	r6	0
S5954		རྒྱུད།/སྙིང་པོ་དོན་གསུམ།/འགྲེལ་པ།	རྒྱུད།/སྙིང་པོ་དོན་གསུམ།/འགྲེལ་པ།	sungbum	0
S5954	Methods For Reaching The Holy Being	SGRUB THABS	Methods_For_Reaching_The_Holy_Being--SGRUB_THABS	r6	0
S5954	The Three Essential Practices	SNYING PO DON GSUM	The_Three_Essential_Practices--SNYING_PO_DON_GSUM	r6	0
S5955		རྒྱུད།/ནམ་མཁའ་སྒོ་འབྱེད།/དབང་།	རྒྱུད།/ནམ་མཁའ་སྒོ་འབྱེད།/དབང་།	sungbum	0
S5955	Methods Of Granting Empowerment Into Secret Practice	DBANG	Methods_Of_Granting_Empowerment_Into_Secret_Practice--DBANG	r6	0
S5956		རྒྱུད།/སྤྱི།/གཅོད།	རྒྱུད།/སྤྱི།/གཅོད།	sungbum	0
S5956	Practices For Terminating Negativities	GCOD	Practices_For_Terminating_Negativities--GCOD	r6	0
S5957		བསྟོད་པ།/གནས་བསྟོད།	བསྟོད་པ།/གནས་བསྟོད།	sungbum	0
S5957	Words Of Praise	BSTOD PA	Words_Of_Praise--BSTOD_PA	r6	0
S5958		རྒྱུད།/སྤྱི།/ཞིང་བཀོད་སྨོན་ལམ།	རྒྱུད།/སྤྱི།/ཞིང་བཀོད་སྨོན་ལམ།	sungbum	0
S5958	Descriptions Of Enlightened Paradises	ZHING KHAMS	Descriptions_Of_Enlightened_Paradises--ZHING_KHAMS	r6	0
S5959		ལྷ་བཟོ།/མཆོད་རྟེན།/བཀྲ་ཤིས་ལྷུན་པོ།	ལྷ་བཟོ།/མཆོད་རྟེན།/བཀྲ་ཤིས་ལྷུན་པོ།	sungbum	0
S5959	Official Documents Including Monastic Constitutions	BCA' YIG	Official_Documents_Including_Monastic_Constitutions--BCA'_YIG	r6	0
S5960		ལྷ་བཟོ།/མཆོད་རྟེན།/བཀྲ་ཤིས་ལྷུན་པོ།	ལྷ་བཟོ།/མཆོད་རྟེན།/བཀྲ་ཤིས་ལྷུན་པོ།	sungbum	0
S5960	Official Documents Including Monastic Constitutions	BCA' YIG	Official_Documents_Including_Monastic_Constitutions--BCA'_YIG	r6	0
S5961		རྒྱུད།/བྱམས་པ།/འཕོ་བ།	རྒྱུད།/བྱམས་པ།/འཕོ་བ།	sungbum	0
S5961	Methods Of Sending Ones Mind Into Death	'PHO BA	Methods_Of_Sending_Ones_Mind_Into_Death--'PHO_BA	r6	0
S5962		རྒྱུད།/སྨེ་བརྩེགས།/སྒྲུབ་ཐབས།	རྒྱུད།/སྨེ་བརྩེགས།/སྒྲུབ་ཐབས།	sungbum	0
S5962	Methods For Reaching The Holy Being	SGRUB THABS	Methods_For_Reaching_The_Holy_Being--SGRUB_THABS	r6	0
S5963		རྒྱུད།/ཏྲཀྵད།/གཏོར་མ།	རྒྱུད།/ཏྲཀྵད།/གཏོར་མ།	sungbum	0
S5963	Methods For Making Torma-Cake Offerings	GTOR MA	Methods_For_Making_Torma-Cake_Offerings--GTOR_MA	r6	0
S5963	Methods Of Performing Spiritual Offerings	MCHOD PA	Methods_Of_Performing_Spiritual_Offerings--MCHOD_PA	r6	0
S5964		རྒྱུད།/འཕྱིང་དཀར།/མཆོད་པ།	རྒྱུད།/འཕྱིང་དཀར།/མཆོད་པ།	sungbum	0
S5964	Methods Of Performing Spiritual Offerings	MCHOD PA	Methods_Of_Performing_Spiritual_Offerings--MCHOD_PA	r6	0
S5965		རྒྱུད།/གནོད་སྦྱིན་འཁོར་ལོ།/འགྲེལ་པ།	རྒྱུད།/གནོད་སྦྱིན་འཁོར་ལོ།/འགྲེལ་པ།	sungbum	0
S5965	Commentaries On The Practice	'GREL PA	Commentaries_On_The_Practice--'GREL_PA	r6	0
S5966		རྒྱུད།/སྤྱི།/རབ་གནས།	རྒྱུད།/སྤྱི།/རབ་གནས།	sungbum	0
S5966	Rituals Of Consecration	RAB GNAS	Rituals_Of_Consecration--RAB_GNAS	r6	0
S5967		རྒྱུད།/གཙུག་ཏོར།/བཟློག་པ།	རྒྱུད།/གཙུག་ཏོར།/བཟློག་པ།	sungbum	0
S5967	Practices For Preventing Harmful Spirits	BZLOG PA	Practices_For_Preventing_Harmful_Spirits--BZLOG_PA	r6	0
S5968		རྒྱུད།/སྤྱི།/གཏོར་མ།	རྒྱུད།/སྤྱི།/གཏོར་མ།	sungbum	0
S5968	Methods For Making Torma-Cake Offerings	GTOR MA	Methods_For_Making_Torma-Cake_Offerings--GTOR_MA	r6	0
S5969		རྒྱུད།/སྤྱི།/བཟློག་པ།	རྒྱུད།/སྤྱི།/བཟློག་པ།	sungbum	0
S5969	Practices For Preventing Harmful Spirits	BZLOG PA	Practices_For_Preventing_Harmful_Spirits--BZLOG_PA	r6	0
S5970		རྒྱུད།/སྤྱི།/གཏོར་མ།	རྒྱུད།/སྤྱི།/གཏོར་མ།	sungbum	0
S5970	Methods For Making Torma-Cake Offerings	GTOR MA	Methods_For_Making_Torma-Cake_Offerings--GTOR_MA	r6	0
S5971		རྒྱུད།/སྤྱི།/གཏོར་མ།	རྒྱུད།/སྤྱི།/གཏོར་མ།	sungbum	0
S5971	Methods For Making Torma-Cake Offerings	GTOR MA	Methods_For_Making_Torma-Cake_Offerings--GTOR_MA	r6	0
S5972		རྒྱུད།/སྤྱི།/གཏོར་མ།	རྒྱུད།/སྤྱི།/གཏོར་མ།	sungbum	0
S5972	Methods For Making Torma-Cake Offerings	GTOR MA	Methods_For_Making_Torma-Cake_Offerings--GTOR_MA	r6	0
S5973		རྒྱུད།/སྤྱི།/གཏོར་མ།	རྒྱུད།/སྤྱི།/གཏོར་མ།	sungbum	0
S5973	Methods For Making Torma-Cake Offerings	GTOR MA	Methods_For_Making_Torma-Cake_Offerings--GTOR_MA	r6	0
S5974		རྒྱུད།/སྤྱི།/གཏོར་མ།	རྒྱུད།/སྤྱི།/གཏོར་མ།	sungbum	0
S5974	Methods For Making Torma-Cake Offerings	GTOR MA	Methods_For_Making_Torma-Cake_Offerings--GTOR_MA	r6	0
S5975		རྒྱུད།/སྤྱི།/ཚ་བསུར།	རྒྱུད།/སྤྱི།/ཚ་བསུར།	sungbum	0
S5975	Instructions For The Tsasur Offering Of A Cake In A Fire	TSA GSUR	Instructions_For_The_Tsasur_Offering_Of_A_Cake_In_A_Fire--TSA_GSUR	r6	0
S5976		རྒྱུད།/སྤྱི།/གཏོར་མ།	རྒྱུད།/སྤྱི།/གཏོར་མ།	sungbum	0
S5976	Methods For Making Torma-Cake Offerings	GTOR MA	Methods_For_Making_Torma-Cake_Offerings--GTOR_MA	r6	0
S5977		ཉམས་ལེན།/གསོལ་འདེབས།/པཎ་ཆེན་བློ་བཟང་ཆོས་ཀྱི་རྒྱལ་མཚན།	ཉམས་ལེན།/གསོལ་འདེབས།/པཎ་ཆེན་བློ་བཟང་ཆོས་ཀྱི་རྒྱལ་མཚན།	sungbum	0
S5977		ཉམས་ལེན།/བསྔོ་བ།/པཎ་ཆེན་བློ་བཟང་ཆོས་ཀྱི་རྒྱལ་མཚན།	ཉམས་ལེན།/བསྔོ་བ།/པཎ་ཆེན་བློ་བཟང་ཆོས་ཀྱི་རྒྱལ་མཚན།	sungbum	0
S5977		ཉམས་ལེན།/བསླབ་བྱ།/པཎ་ཆེན་བློ་བཟང་ཆོས་ཀྱི་རྒྱལ་མཚན།	ཉམས་ལེན།/བསླབ་བྱ།/པཎ་ཆེན་བློ་བཟང་ཆོས་ཀྱི་རྒྱལ་མཚན།	sungbum	0
S5977		ཉམས་ལེན།/བླ་མའི་རྣལ་འབྱོར།/པཎ་ཆེན་བློ་བཟང་ཆོས་ཀྱི་རྒྱལ་མཚན།	ཉམས་ལེན།/བླ་མའི་རྣལ་འབྱོར།/པཎ་ཆེན་བློ་བཟང་ཆོས་ཀྱི་རྒྱལ་མཚན།	sungbum	0
S5977		ཉམས་ལེན།/མཆོད་པ།/པཎ་ཆེན་བློ་བཟང་ཆོས་ཀྱི་རྒྱལ་མཚན།	ཉམས་ལེན།/མཆོད་པ།/པཎ་ཆེན་བློ་བཟང་ཆོས་ཀྱི་རྒྱལ་མཚན།	sungbum	0
S5977		ཉམས་ལེན།/ཞབས་བརྟན།/པཎ་ཆེན་བློ་བཟང་ཆོས་ཀྱི་རྒྱལ་མཚན།	ཉམས་ལེན།/ཞབས་བརྟན།/པཎ་ཆེན་བློ་བཟང་ཆོས་ཀྱི་རྒྱལ་མཚན།	sungbum	0
S5977		ཉམས་ལེན།/ཤིས་བརྗོད།	ཉམས་ལེན།/ཤིས་བརྗོད།	sungbum	0
S5977		ཉམས་ལེན།/སངས་རྒྱས་སུམ་ཅུ་སོ།	ཉམས་ལེན།/སངས་རྒྱས་སུམ་ཅུ་སོ།	sungbum	0
S5977		ཉམས་ལེན།/སྟོབས་བཞི་བསྒོམ་ཚུལ།/པཎ་ཆེན་བློ་བཟང་ཆོས་ཀྱི་རྒྱལ་མཚན།	ཉམས་ལེན།/སྟོབས་བཞི་བསྒོམ་ཚུལ།/པཎ་ཆེན་བློ་བཟང་ཆོས་ཀྱི་རྒྱལ་མཚན།	sungbum	0
S5977		ཉམས་ལེན།/སྨོན་ལམ།/པཎ་ཆེན་བློ་བཟང་ཆོས་ཀྱི་རྒྱལ་མཚན།	ཉམས་ལེན།/སྨོན་ལམ།/པཎ་ཆེན་བློ་བཟང་ཆོས་ཀྱི་རྒྱལ་མཚན།	sungbum	0
S5977		ཕར་ཕྱིན།/བླ་བརྒྱུད།	ཕར་ཕྱིན།/བླ་བརྒྱུད།	sungbum	0
S5977		བསྟོད་པ།	བསྟོད་པ།	sungbum	0
S5977		བསྟོད་པ།/གཏང་རབས་བདུན།	བསྟོད་པ།/གཏང་རབས་བདུན།	sungbum	0
S5977		བསྟོད་པ།/བཀྲ་ཤིས་རིན་ཆེན།	བསྟོད་པ།/བཀྲ་ཤིས་རིན་ཆེན།	sungbum	0
S5977		བསྟོད་པ།/ཞི་བ་ལྷ།	བསྟོད་པ།/ཞི་བ་ལྷ།	sungbum	0
S5977		བསྟོད་པ།/འཕགས་པ་ལྷ།	བསྟོད་པ།/འཕགས་པ་ལྷ།	sungbum	0
S5977		བསྟོད་པ།/ཡོན་ཏན་རྒྱ་མཚོ།	བསྟོད་པ།/ཡོན་ཏན་རྒྱ་མཚོ།	sungbum	0
S5977		བསྟོད་པ།/སངས་རྒྱས་ཡེ་ཤེས།	བསྟོད་པ།/སངས་རྒྱས་ཡེ་ཤེས།	sungbum	0
S5977		བླ་བརྒྱུད།	བླ་བརྒྱུད།	sungbum	0
S5977		བློ་སྦྱོང་།/བློ་སྦྱོང་དོན་བདུན་མ།/འགྲེལ་པ།	བློ་སྦྱོང་།/བློ་སྦྱོང་དོན་བདུན་མ།/འགྲེལ་པ།	sungbum	0
S5977		རྒྱུད།/ཁྱུང་ནག/སྒྲུབ་ཐབས།	རྒྱུད།/ཁྱུང་ནག/སྒྲུབ་ཐབས།	sungbum	0
S5977		རྒྱུད།/གཏུམ་པོ།/སྒྲུབ་ཐབས།	རྒྱུད།/གཏུམ་པོ།/སྒྲུབ་ཐབས།	sungbum	0
S5977		རྒྱུད།/གཡུ་ཐོག་སྙིང་ཐིག/སྒྲུབ་ཐབས།	རྒྱུད།/གཡུ་ཐོག་སྙིང་ཐིག/སྒྲུབ་ཐབས།	sungbum	0
S5977		རྒྱུད།/གཤིན་པོ།/སྒྲུབ་ཐབས།	རྒྱུད།/གཤིན་པོ།/སྒྲུབ་ཐབས།	sungbum	0
S5977		རྒྱུད།/གུར་མགོན།/གཏོར་མ།	རྒྱུད།/གུར་མགོན།/གཏོར་མ།	sungbum	0
S5977		རྒྱུད།/ཐིག་ལེ་བཅུ་དྲུག/སྒྲུབ་ཐབས།	རྒྱུད།/ཐིག་ལེ་བཅུ་དྲུག/སྒྲུབ་ཐབས།	sungbum	0
S5977		རྒྱུད།/དཔལ་མགོན་སྟག་ཞོན།/གཏོར་མ།	རྒྱུད།/དཔལ་མགོན་སྟག་ཞོན།/གཏོར་མ།	sungbum	0
S5977		རྒྱུད།/དབྱངས་ཅན་མ།/སྒྲུབ་ཐབས།	རྒྱུད།/དབྱངས་ཅན་མ།/སྒྲུབ་ཐབས།	sungbum	0
S5977		རྒྱུད།/དམ་ཚིག་གསུམ།/སྒྲུབ་ཐབས།	རྒྱུད།/དམ་ཚིག་གསུམ།/སྒྲུབ་ཐབས།	sungbum	0
S5977		རྒྱུད།/དུས་མཚན་འོད་ཆེན་འབར་མ།/རྗེས་གནང་།	རྒྱུད།/དུས་མཚན་འོད་ཆེན་འབར་མ།/རྗེས་གནང་།	sungbum	0
S5977		རྒྱུད།/དྲང་སྲོང་སྡེ་བརྒྱད།/གཏོར་མ།	རྒྱུད།/དྲང་སྲོང་སྡེ་བརྒྱད།/གཏོར་མ།	sungbum	0
S5977		རྒྱུད།/པད་མ་འབྱུང་གནས།/སྒྲུབ་ཐབས།	རྒྱུད།/པད་མ་འབྱུང་གནས།/སྒྲུབ་ཐབས།	sungbum	0
S5977		རྒྱུད།/ཕག་དཀར་ཤེས་རབ་གསལ་བྱེད།/སྒྲུབ་ཐབས།	རྒྱུད།/ཕག་དཀར་ཤེས་རབ་གསལ་བྱེད།/སྒྲུབ་ཐབས།	sungbum	0
S5977		རྒྱུད།/ཕྱག་ན་རྡོ་རྗེ།/སྒྲུབ་ཐབས།	རྒྱུད།/ཕྱག་ན་རྡོ་རྗེ།/སྒྲུབ་ཐབས།	sungbum	0
S5977		རྒྱུད།/ཕྱག་རྒྱ་ཆེན་པོ།/འགྲེལ་པ།	རྒྱུད།/ཕྱག་རྒྱ་ཆེན་པོ།/འགྲེལ་པ།	sungbum	0
S5977		རྒྱུད།/བདེ་མཆོག/གསོལ་འདེབས།	རྒྱུད།/བདེ་མཆོག/གསོལ་འདེབས།	sungbum	0
S5977		རྒྱུད།/བདེ་མཆོག/བླ་བརྒྱུད།	རྒྱུད།/བདེ་མཆོག/བླ་བརྒྱུད།	sungbum	0
S5977		རྒྱུད།/བདེ་མཆོག/ཚེ་སྒྲུབ།	རྒྱུད།/བདེ་མཆོག/ཚེ་སྒྲུབ།	sungbum	0
S5977		རྒྱུད།/བདེ་མཆོག/ཚེས་བཅུ།	རྒྱུད།/བདེ་མཆོག/ཚེས་བཅུ།	sungbum	0
S5977		རྒྱུད།/བདེ་མཆོག/སྒྲུབ་ཐབས།	རྒྱུད།/བདེ་མཆོག/སྒྲུབ་ཐབས།	sungbum	0
S5977		རྒྱུད།/བྱ་རོག/བསྟོད་པ།	རྒྱུད།/བྱ་རོག/བསྟོད་པ།	sungbum	0
S5977		རྒྱུད།/བྱམས་པ།/སྒྲུབ་ཐབས།	རྒྱུད།/བྱམས་པ།/སྒྲུབ་ཐབས།	sungbum	0
S5977		རྒྱུད།/མགོན་དཀར།/སྒྲུབ་ཐབས།	རྒྱུད།/མགོན་དཀར།/སྒྲུབ་ཐབས།	sungbum	0
S5977		རྒྱུད།/མགོན་པོ་བེང་།/གཏོར་མ།	རྒྱུད།/མགོན་པོ་བེང་།/གཏོར་མ།	sungbum	0
S5977		རྒྱུད།/མགོན་པོ་བེང་།/སྒྲུབ་ཐབས།	རྒྱུད།/མགོན་པོ་བེང་།/སྒྲུབ་ཐབས།	sungbum	0
S5977		རྒྱུད།/མགོན་པོ།/གཏོར་མ།	རྒྱུད།/མགོན་པོ།/གཏོར་མ།	sungbum	0
S5977		རྒྱུད།/མི་གཡོ་མགོན་པོ།/སྒྲུབ་ཐབས།	རྒྱུད།/མི་གཡོ་མགོན་པོ།/སྒྲུབ་ཐབས།	sungbum	0
S5977		རྒྱུད།/ཚེ་དཔག་མེད།/ཚེ་སྒྲུབ།	རྒྱུད།/ཚེ་དཔག་མེད།/ཚེ་སྒྲུབ།	sungbum	0
S5977		རྒྱུད།/ཚེ་རིང་མཆེད་ལྔ།/གཏོར་མ།	རྒྱུད།/ཚེ་རིང་མཆེད་ལྔ།/གཏོར་མ།	sungbum	0
S5977		རྒྱུད།/ཚོགས་བདག/གཏོར་མ།	རྒྱུད།/ཚོགས་བདག/གཏོར་མ།	sungbum	0
S5977		རྒྱུད།/འཁོར་ལོ་ཆེན་པོ།/སྒྲུབ་ཐབས།	རྒྱུད།/འཁོར་ལོ་ཆེན་པོ།/སྒྲུབ་ཐབས།	sungbum	0
S5977		རྒྱུད།/འཁོར་ལོ་སྡོམ་པ།/འགྲེལ་པ།	རྒྱུད།/འཁོར་ལོ་སྡོམ་པ།/འགྲེལ་པ།	sungbum	0
S5977		རྒྱུད།/འཇམ་དབྱངས་དཀར་པོ།/བསྟོད་པ།	རྒྱུད།/འཇམ་དབྱངས་དཀར་པོ།/བསྟོད་པ།	sungbum	0
S5977		རྒྱུད།/འཇིགས་བྱེད།/བླ་བརྒྱུད།	རྒྱུད།/འཇིགས་བྱེད།/བླ་བརྒྱུད།	sungbum	0
S5977		རྒྱུད།/འཇིགས་བྱེད།/འཕོ་བ།	རྒྱུད།/འཇིགས་བྱེད།/འཕོ་བ།	sungbum	0
S5977		རྒྱུད།/འཇིགས་བྱེད།/སྒྲུབ་ཐབས།	རྒྱུད།/འཇིགས་བྱེད།/སྒྲུབ་ཐབས།	sungbum	0
S5977		རྒྱུད།/ཡིད་བཞིན་འཁོར་ལོ།/སྒྲུབ་ཐབས།	རྒྱུད།/ཡིད་བཞིན་འཁོར་ལོ།/སྒྲུབ་ཐབས།	sungbum	0
S5977		རྒྱུད།/རལ་གཅིག་མ།/གཏོར་མ།	རྒྱུད།/རལ་གཅིག་མ།/གཏོར་མ།	sungbum	0
S5977		རྒྱུད།/རི་ཁྲོད་ལོ་མ་ཅན།/རྗེས་གནང་།	རྒྱུད།/རི་ཁྲོད་ལོ་མ་ཅན།/རྗེས་གནང་།	sungbum	0
S5977		རྒྱུད།/རྟ་མགྲིན།/སྒྲུབ་ཐབས།	རྒྱུད།/རྟ་མགྲིན།/སྒྲུབ་ཐབས།	sungbum	0
S5977		རྒྱུད།/རྡོ་རྗེ་ཕྲེང་བ།/སྒྲུབ་ཐབས།	རྒྱུད།/རྡོ་རྗེ་ཕྲེང་བ།/སྒྲུབ་ཐབས།	sungbum	0
S5977		རྒྱུད།/རྡོ་རྗེ་བདུད་འདུལ།/བསྐང་གསོ།	རྒྱུད།/རྡོ་རྗེ་བདུད་འདུལ།/བསྐང་གསོ།	sungbum	0
S5977		རྒྱུད།/རྡོ་རྗེ་རབ་བརྟན་མ།/བསྐང་གསོ།	རྒྱུད།/རྡོ་རྗེ་རབ་བརྟན་མ།/བསྐང་གསོ།	sungbum	0
S5977		རྒྱུད།/རྡོ་རྗེ་རྣམ་འཇོམས།/སྒྲུབ་ཐབས།	རྒྱུད།/རྡོ་རྗེ་རྣམ་འཇོམས།/སྒྲུབ་ཐབས།	sungbum	0
S5977		རྒྱུད།/རྡོ་རྗེ་རྣལ་འབྱོར་མ།/སྒྲུབ་ཐབས།	རྒྱུད།/རྡོ་རྗེ་རྣལ་འབྱོར་མ།/སྒྲུབ་ཐབས།	sungbum	0
S5977		རྒྱུད།/རྣམ་རྒྱལ་མ།/ཚེ་སྒྲུབ།	རྒྱུད།/རྣམ་རྒྱལ་མ།/ཚེ་སྒྲུབ།	sungbum	0
S5977		རྒྱུད།/རྣམ་རྒྱལ་མ།/སྒྲུབ་ཐབས།	རྒྱུད།/རྣམ་རྒྱལ་མ།/སྒྲུབ་ཐབས།	sungbum	0
S5977		རྒྱུད།/ལྕམ་སྲིང་།/གཏོར་མ།	རྒྱུད།/ལྕམ་སྲིང་།/གཏོར་མ།	sungbum	0
S5977		རྒྱུད།/སོ་སོར་འབྲང་མ།/སྒྲུབ་ཐབས།	རྒྱུད།/སོ་སོར་འབྲང་མ།/སྒྲུབ་ཐབས།	sungbum	0
S5977		རྒྱུད།/སྒྲོལ་མ།/གཏོར་མ།	རྒྱུད།/སྒྲོལ་མ།/གཏོར་མ།	sungbum	0
S5977		རྒྱུད།/སྒྲོལ་མ།/སྒྲུབ་ཐབས།	རྒྱུད།/སྒྲོལ་མ།/སྒྲུབ་ཐབས།	sungbum	0
S5977		རྒྱུད།/སྣ་ཚོགས་ཡུམ།/སྒྲུབ་ཐབས།	རྒྱུད།/སྣ་ཚོགས་ཡུམ།/སྒྲུབ་ཐབས།	sungbum	0
S5977		རྒྱུད།/སྤྱན་རས་གཟིགས།/བླ་བརྒྱུད།	རྒྱུད།/སྤྱན་རས་གཟིགས།/བླ་བརྒྱུད།	sungbum	0
S5977		རྒྱུད།/སྤྱན་རས་གཟིགས།/འཁྱེར་སོ་གསུམ།	རྒྱུད།/སྤྱན་རས་གཟིགས།/འཁྱེར་སོ་གསུམ།	sungbum	0
S5977		རྒྱུད།/སྤྱན་རས་གཟིགས།/སྨྱུང་གནས།	རྒྱུད།/སྤྱན་རས་གཟིགས།/སྨྱུང་གནས།	sungbum	0
S5977		རྒྱུད།/སྤྱི།/གཏོར་མ།	རྒྱུད།/སྤྱི།/གཏོར་མ།	sungbum	0
S5977		རྒྱུད།/སྤྱི།/བསངས་ཆོག	རྒྱུད།/སྤྱི།/བསངས་ཆོག	sungbum	0
S5977		རྒྱུད།/སྤྱི།/ཚེ་སྒྲུབ།	རྒྱུད།/སྤྱི།/ཚེ་སྒྲུབ།	sungbum	0
S5977		རྒྱུད།/སྤྱི།/ཞིང་བཀོད་སྨོན་ལམ།	རྒྱུད།/སྤྱི།/ཞིང་བཀོད་སྨོན་ལམ།	sungbum	0
S5977		རྒྱུད།/སྤྱི།/རྗེས་གནང་།	རྒྱུད།/སྤྱི།/རྗེས་གནང་།	sungbum	0
S5977		རྒྱུད།/སྨན་བླ།/དབང་།	རྒྱུད།/སྨན་བླ།/དབང་།	sungbum	0
S5977		རྒྱུད།/སྨན་བླ།/བླ་མའི་རྣལ་འབྱོར།	རྒྱུད།/སྨན་བླ།/བླ་མའི་རྣལ་འབྱོར།	sungbum	0
S5977		རྒྱུད།/ཧླ་མོ།/གཏོར་མ།	རྒྱུད།/ཧླ་མོ།/གཏོར་མ།	sungbum	0
S5977		ལམ་རིམ།/བྱང་ཆུབ་ལམ་རིམ་གྱི་སྙིང་པོའི་ཡང་སྙིང་།	ལམ་རིམ།/བྱང་ཆུབ་ལམ་རིམ་གྱི་སྙིང་པོའི་ཡང་སྙིང་།	sungbum	0
S5977		ལམ་རིམ།/ཞི་གནས།	ལམ་རིམ།/ཞི་གནས།	sungbum	0
S5977		ལམ་རིམ།/ལྟ་བ་བསྒོམ་ཚུལ།	ལམ་རིམ།/ལྟ་བ་བསྒོམ་ཚུལ།	sungbum	0
S5977	Commentaries On The Practice	'GREL PA	Commentaries_On_The_Practice--'GREL_PA	r6	0
S5977	Descriptions Of Enlightened Paradises	ZHING KHAMS	Descriptions_Of_Enlightened_Paradises--ZHING_KHAMS	r6	0
S5977	Explanations Of Meditative Quietude And Special Insight From Books On The Steps Of The Path	ZHI GNAS LHAG MTHONG BSGOM TSUL	Explanations_Of_Meditative_Quietude_And_Special_Insight_From_Books_On_The_Steps_Of_The_Path--ZHI_GNAS_LHAG_MTHONG_BSGOM_TSUL	r6	0
S5977	Lama Practices	BLA MA'I RNAL 'BYOR	Lama_Practices--BLA_MA'I_RNAL_'BYOR	r6	0
S5977	Lineages Of The Lamas Who Have Passed On The Teaching	BLA MA'I BRGYUD	Lineages_Of_The_Lamas_Who_Have_Passed_On_The_Teaching--BLA_MA'I_BRGYUD	r6	0
S5977	Methods For Making Torma-Cake Offerings	GTOR MA	Methods_For_Making_Torma-Cake_Offerings--GTOR_MA	r6	0
S5977	Methods For Performing Prayers Of Auspiciousness	SHIS BRJOD	Methods_For_Performing_Prayers_Of_Auspiciousness--SHIS_BRJOD	r6	0
S5977	Methods For Practicing Deep Meditation	ZHI GNAS BSGOM TSUL	Methods_For_Practicing_Deep_Meditation--ZHI_GNAS_BSGOM_TSUL	r6	0
S5977	Methods For Purifying Oneself Of Bad Karma Through The Four Forces	STOBS BZHI	Methods_For_Purifying_Oneself_Of_Bad_Karma_Through_The_Four_Forces--STOBS_BZHI	r6	0
S5977	Methods For Reaching The Holy Being	SGRUB THABS	Methods_For_Reaching_The_Holy_Being--SGRUB_THABS	r6	0
S5977	Methods For The Ritual Offering Of Fragrant Sang	GSANG	Methods_For_The_Ritual_Offering_Of_Fragrant_Sang--GSANG	r6	0
S5977	Methods Of Attaining Long Life	TSE SGRUB	Methods_Of_Attaining_Long_Life--TSE_SGRUB	r6	0
S5977	Methods Of Dedicating Good Deeds	BSNGO BA	Methods_Of_Dedicating_Good_Deeds--BSNGO_BA	r6	0
S5977	Methods Of Finding And Following Correct World-View	LTA BA SKYONG TSUL	Methods_Of_Finding_And_Following_Correct_World-View--LTA_BA_SKYONG_TSUL	r6	0
S5977	Methods Of Granting Empowerment Into Secret Practice	DBANG	Methods_Of_Granting_Empowerment_Into_Secret_Practice--DBANG	r6	0
S5977	Methods Of Making Supplication To The Holy Being	GSOL 'DEBS	Methods_Of_Making_Supplication_To_The_Holy_Being--GSOL_'DEBS	r6	0
S5977	Methods Of Performing Spiritual Offerings	MCHOD PA	Methods_Of_Performing_Spiritual_Offerings--MCHOD_PA	r6	0
S5977	Methods Of Performing The Ceremony Of The Tenth	TSES BCU	Methods_Of_Performing_The_Ceremony_Of_The_Tenth--TSES_BCU	r6	0
S5977	Methods Of Prayer	SMON LAM	Methods_Of_Prayer--SMON_LAM	r6	0
S5977	Methods Of Praying For The Long Life Of High Beings	ZHABS BRTAN	Methods_Of_Praying_For_The_Long_Life_Of_High_Beings--ZHABS_BRTAN	r6	0
S5977	Methods Of Purification Through The 35 Buddhas	SANGS RGYAS SO LNGA'I MTSAN	Methods_Of_Purification_Through_The_35_Buddhas--SANGS_RGYAS_SO_LNGA'I_MTSAN	r6	0
S5977	Methods Of Sending Ones Mind Into Death	'PHO BA	Methods_Of_Sending_Ones_Mind_Into_Death--'PHO_BA	r6	0
S5977	Methods Of Spiritual Fasting	SMYUNG GNAS	Methods_Of_Spiritual_Fasting--SMYUNG_GNAS	r6	0
S5977	Official Documents Including Monastic Constitutions	BCA' YIG	Official_Documents_Including_Monastic_Constitutions--BCA'_YIG	r6	0
S5977	Perfection Of Wisdom	PHAR PHYIN	Perfection_Of_Wisdom--PHAR_PHYIN	r6	0
S5977	Personal Spiritual Advices	BSLAB BYA	Personal_Spiritual_Advices--BSLAB_BYA	r6	0
S5977	Rites For Granting Sacred Permission	RJES GNANG	Rites_For_Granting_Sacred_Permission--RJES_GNANG	r6	0
S5977	Rites Of Fulfilment And Restoration Of Vows	BSKANG GSO	Rites_Of_Fulfilment_And_Restoration_Of_Vows--BSKANG_GSO	r6	0
S5977	The Practice Of The Three Concepts	'KHYER SO GSUM	The_Practice_Of_The_Three_Concepts--'KHYER_SO_GSUM	r6	0
S5977	Words Of Praise	BSTOD PA	Words_Of_Praise--BSTOD_PA	r6	0
S5977	Works On The Good-Heart Instructions In Seven Points	BLO SBYONG DON BDUN MA	Works_On_The_Good-Heart_Instructions_In_Seven_Points--BLO_SBYONG_DON_BDUN_MA	r6	0
S5977	Works On The Short Book On The Steps Of The Path By Panchen Lo-Gyen	PAN CHEN BLO RGYAN LAM RIM BSDUS PA	Works_On_The_Short_Book_On_The_Steps_Of_The_Path_By_Panchen_Lo-Gyen--PAN_CHEN_BLO_RGYAN_LAM_RIM_BSDUS_PA	r6	0
S5978		ཉམས་ལེན།/བསླབ་བྱ།/པཎ་ཆེན་བློ་བཟང་ཆོས་ཀྱི་རྒྱལ་མཚན།	ཉམས་ལེན།/བསླབ་བྱ།/པཎ་ཆེན་བློ་བཟང་ཆོས་ཀྱི་རྒྱལ་མཚན།	sungbum	0
S5978	Personal Spiritual Advices	BSLAB BYA	Personal_Spiritual_Advices--BSLAB_BYA	r6	0
S5979		རྒྱུད།/སྤྱི།/བསངས་ཆོག	རྒྱུད།/སྤྱི།/བསངས་ཆོག	sungbum	0
S5979	Methods For The Ritual Offering Of Fragrant Sang	GSANG	Methods_For_The_Ritual_Offering_Of_Fragrant_Sang--GSANG	r6	0
S5980		རྒྱུད།/སྤྱི།/བསངས་ཆོག	རྒྱུད།/སྤྱི།/བསངས་ཆོག	sungbum	0
S5980	Methods For The Ritual Offering Of Fragrant Sang	GSANG	Methods_For_The_Ritual_Offering_Of_Fragrant_Sang--GSANG	r6	0
S5981		རྒྱུད།/སྤྱི།/བསངས་ཆོག	རྒྱུད།/སྤྱི།/བསངས་ཆོག	sungbum	0
S5981	Methods For The Ritual Offering Of Fragrant Sang	GSANG	Methods_For_The_Ritual_Offering_Of_Fragrant_Sang--GSANG	r6	0
S5985		བླ་བརྒྱུད།/ལམ་རིམ་བླ་མ་བརྒྱུད་པའི་རྣམ་ཐར།	བླ་བརྒྱུད།/ལམ་རིམ་བླ་མ་བརྒྱུད་པའི་རྣམ་ཐར།	sungbum	0
S6		དབུ་མ།/འགྲེལ་པ་སྤྱི།/མཁས་གྲུབ་བསྟན་པ་དར་རྒྱས།/སྤྱི་དོན།	དབུ་མ།/འགྲེལ་པ་སྤྱི།/མཁས་གྲུབ་བསྟན་པ་དར་རྒྱས།/སྤྱི་དོན།	sungbum	0
S6	Middle-Way Philosophy	DBU MA	Middle-Way_Philosophy--DBU_MA	r6	0
S60		གྲུབ་མཐའ།/ལྕང་སྐྱ་རོལ་པའི་རྡོ་རྗེ།/གྲུབ་མཐའ་ཆེན་མོ།/རྩ་བ།	གྲུབ་མཐའ།/ལྕང་སྐྱ་རོལ་པའི་རྡོ་རྗེ།/གྲུབ་མཐའ་ཆེན་མོ།/རྩ་བ།	sungbum	0
S60	Commentaries To Sutras	MDO 'GREL	Commentaries_To_Sutras--MDO_'GREL	r6	0
S6088		འདུལ་བ།/དགེ་ཚུལ།	འདུལ་བ།/དགེ་ཚུལ།	sungbum	0
S61		གྲུབ་མཐའ།/ལྕང་སྐྱ་རོལ་པའི་རྡོ་རྗེ།/གྲུབ་མཐའ་ཆེན་མོ།/རྩ་བ།	གྲུབ་མཐའ།/ལྕང་སྐྱ་རོལ་པའི་རྡོ་རྗེ།/གྲུབ་མཐའ་ཆེན་མོ།/རྩ་བ།	sungbum	0
S61	Commentaries To Sutras	MDO 'GREL	Commentaries_To_Sutras--MDO_'GREL	r6	0
S62		གྲུབ་མཐའ།/ལྕང་སྐྱ་རོལ་པའི་རྡོ་རྗེ།/གྲུབ་མཐའ་ཆེན་མོ།/རྩ་བ།	གྲུབ་མཐའ།/ལྕང་སྐྱ་རོལ་པའི་རྡོ་རྗེ།/གྲུབ་མཐའ་ཆེན་མོ།/རྩ་བ།	sungbum	0
S62	Commentaries To Sutras	MDO 'GREL	Commentaries_To_Sutras--MDO_'GREL	r6	0
S6226		བླ་བརྒྱུད།	བླ་བརྒྱུད།	sungbum	0
S6258		རྣམ་ཐར།/མཚན་ཐོག/འབི་ལུང་པ་དགེ་འདུན་བཟང་པོ།	རྣམ་ཐར།/མཚན་ཐོག/འབི་ལུང་པ་དགེ་འདུན་བཟང་པོ།	sungbum	0
S6258	Kangyur Lama Lobsang Chumpel And Others	BKA' 'GYUR BLA MA BLO BZANG CHOS 'PHEL SOG	Kangyur_Lama_Lobsang_Chumpel_And_Others--BKA'_'GYUR_BLA_MA_BLO_BZANG_CHOS_'PHEL_SOG	r6	0
S6259		ཉམས་ལེན།/གསོལ་འདེབས།/དབྱངས་ཅན་གྲུབ་པའི་རྡོ་རྗེ།	ཉམས་ལེན།/གསོལ་འདེབས།/དབྱངས་ཅན་གྲུབ་པའི་རྡོ་རྗེ།	sungbum	0
S6259	Methods Of Making Supplication To The Holy Being	GSOL 'DEBS	Methods_Of_Making_Supplication_To_The_Holy_Being--GSOL_'DEBS	r6	0
S6259	Ngulchu Dharma Bhadra	DNGUL CHU DHARMA BHADRA	Ngulchu_Dharma_Bhadra--DNGUL_CHU_DHARMA_BHADRA	r6	0
S6281		རྒྱུད།/བདེ་མཆོག/བླ་བརྒྱུད།	རྒྱུད།/བདེ་མཆོག/བླ་བརྒྱུད།	sungbum	0
S6281	Lineages Of The Lamas Who Have Passed On The Teaching	BLA MA'I BRGYUD	Lineages_Of_The_Lamas_Who_Have_Passed_On_The_Teaching--BLA_MA'I_BRGYUD	r6	0
S6281	Methods Of Granting Empowerment Into Secret Practice	DBANG	Methods_Of_Granting_Empowerment_Into_Secret_Practice--DBANG	r6	0
S6282		རྒྱུད།/བདེ་མཆོག/དཀྱིལ་ཆོག	རྒྱུད།/བདེ་མཆོག/དཀྱིལ་ཆོག	sungbum	0
S6282	Rituals For Entering The Secret World	DKYIL CHOG	Rituals_For_Entering_The_Secret_World--DKYIL_CHOG	r6	0
S6283		རྒྱུད།/བདེ་མཆོག/བསྙེན་པ།	རྒྱུད།/བདེ་མཆོག/བསྙེན་པ།	sungbum	0
S6283	Instructions For A Secret Retreat	BSNYEN PA	Instructions_For_A_Secret_Retreat--BSNYEN_PA	r6	0
S6284		རྒྱུད།/བདེ་མཆོག/སྦྱིན་སྲེག	རྒྱུད།/བདེ་མཆོག/སྦྱིན་སྲེག	sungbum	0
S6284	Methods Of Performing Fire Offerings	SBYIN SREG	Methods_Of_Performing_Fire_Offerings--SBYIN_SREG	r6	0
S6285		རྒྱུད།/བདེ་མཆོག/ལུས་དཀྱིལ།	རྒྱུད།/བདེ་མཆོག/ལུས་དཀྱིལ།	sungbum	0
S6285	Instructions For The Practice Of The Secret World Of The Body	LUS DKYIL	Instructions_For_The_Practice_Of_The_Secret_World_Of_The_Body--LUS_DKYIL	r6	0
S6286		རྒྱུད།/བདེ་མཆོག/ལུས་དཀྱིལ།	རྒྱུད།/བདེ་མཆོག/ལུས་དཀྱིལ།	sungbum	0
S6286	Instructions For The Practice Of The Secret World Of The Body	LUS DKYIL	Instructions_For_The_Practice_Of_The_Secret_World_Of_The_Body--LUS_DKYIL	r6	0
S6287		རྒྱུད།/འཁོར་ལོ་སྡོམ་པ།/རྗེས་གནང་།	རྒྱུད།/འཁོར་ལོ་སྡོམ་པ།/རྗེས་གནང་།	sungbum	0
S6287	Rites For Granting Sacred Permission	RJES GNANG	Rites_For_Granting_Sacred_Permission--RJES_GNANG	r6	0
S6288		རྒྱུད།/བདེ་མཆོག/རྫོགས་རིམ།	རྒྱུད།/བདེ་མཆོག/རྫོགས་རིམ།	sungbum	0
S6288	Instructions For The Stage Of Completion	RDZOGS RIM	Instructions_For_The_Stage_Of_Completion--RDZOGS_RIM	r6	0
S6289		རྒྱུད།/རྡོ་རྗེ་རྣལ་འབྱོར་མ།/བླ་མའི་རྣལ་འབྱོར།	རྒྱུད།/རྡོ་རྗེ་རྣལ་འབྱོར་མ།/བླ་མའི་རྣལ་འབྱོར།	sungbum	0
S6289	Lama Practices	BLA MA'I RNAL 'BYOR	Lama_Practices--BLA_MA'I_RNAL_'BYOR	r6	0
S6290		རྒྱུད།/རྡོ་རྗེ་རྣལ་འབྱོར་མ།/དབང་།	རྒྱུད།/རྡོ་རྗེ་རྣལ་འབྱོར་མ།/དབང་།	sungbum	0
S6290		རྒྱུད།/རྡོ་རྗེ་རྣལ་འབྱོར་མ།/སྒྲུབ་ཐབས།	རྒྱུད།/རྡོ་རྗེ་རྣལ་འབྱོར་མ།/སྒྲུབ་ཐབས།	sungbum	0
S6290	Methods For Reaching The Holy Being	SGRUB THABS	Methods_For_Reaching_The_Holy_Being--SGRUB_THABS	r6	0
S6290	Methods Of Granting Empowerment Into Secret Practice	DBANG	Methods_Of_Granting_Empowerment_Into_Secret_Practice--DBANG	r6	0
S6291		རྒྱུད།/རྡོ་རྗེ་རྣལ་འབྱོར་མ།/བསྙེན་པ།	རྒྱུད།/རྡོ་རྗེ་རྣལ་འབྱོར་མ།/བསྙེན་པ།	sungbum	0
S6291	Instructions For A Secret Retreat	BSNYEN PA	Instructions_For_A_Secret_Retreat--BSNYEN_PA	r6	0
S6292		རྒྱུད།/རྡོ་རྗེ་རྣལ་འབྱོར་མ།/མཆོད་པ།	རྒྱུད།/རྡོ་རྗེ་རྣལ་འབྱོར་མ།/མཆོད་པ།	sungbum	0
S6292	Methods Of Performing Spiritual Offerings	MCHOD PA	Methods_Of_Performing_Spiritual_Offerings--MCHOD_PA	r6	0
S6293		རྒྱུད།/རྡོ་རྗེ་རྣལ་འབྱོར་མ།/སྦྱིན་སྲེག	རྒྱུད།/རྡོ་རྗེ་རྣལ་འབྱོར་མ།/སྦྱིན་སྲེག	sungbum	0
S6293	Methods Of Performing Fire Offerings	SBYIN SREG	Methods_Of_Performing_Fire_Offerings--SBYIN_SREG	r6	0
S6294		རྒྱུད།/རྡོ་རྗེ་རྣལ་འབྱོར་མ།/རྗེས་གནང་།	རྒྱུད།/རྡོ་རྗེ་རྣལ་འབྱོར་མ།/རྗེས་གནང་།	sungbum	0
S6294	Rites For Granting Sacred Permission	RJES GNANG	Rites_For_Granting_Sacred_Permission--RJES_GNANG	r6	0
S6295		རྒྱུད།/བདེ་མཆོག/སྒྲུབ་ཐབས།	རྒྱུད།/བདེ་མཆོག/སྒྲུབ་ཐབས།	sungbum	0
S6295	Methods For Reaching The Holy Being	SGRUB THABS	Methods_For_Reaching_The_Holy_Being--SGRUB_THABS	r6	0
S6296		རྒྱུད།/འཇིགས་བྱེད།/གཏོར་མ།	རྒྱུད།/འཇིགས་བྱེད།/གཏོར་མ།	sungbum	0
S6296	Methods For Making Torma-Cake Offerings	GTOR MA	Methods_For_Making_Torma-Cake_Offerings--GTOR_MA	r6	0
S6297		རྒྱུད།/འཇམ་དཔལ་མཚན་བརྗོད།/རྣམ་བཅུ་དབང་ལྡན།	རྒྱུད།/འཇམ་དཔལ་མཚན་བརྗོད།/རྣམ་བཅུ་དབང་ལྡན།	sungbum	0
S6297	The Practice Of The Ten Types	RNAM BCU	The_Practice_Of_The_Ten_Types--RNAM_BCU	r6	0
S6298		རྒྱུད།/ཕྱག་ན་རྡོ་རྗེ།/བསྙེན་པ།	རྒྱུད།/ཕྱག་ན་རྡོ་རྗེ།/བསྙེན་པ།	sungbum	0
S6298	Instructions For A Secret Retreat	BSNYEN PA	Instructions_For_A_Secret_Retreat--BSNYEN_PA	r6	0
S6299		རྒྱུད།/རྟ་མགྲིན།/དབང་།	རྒྱུད།/རྟ་མགྲིན།/དབང་།	sungbum	0
S6299	Methods Of Granting Empowerment Into Secret Practice	DBANG	Methods_Of_Granting_Empowerment_Into_Secret_Practice--DBANG	r6	0
S63		གྲུབ་མཐའ།/ལྕང་སྐྱ་རོལ་པའི་རྡོ་རྗེ།/གྲུབ་མཐའ་ཆེན་མོ།/རྩ་བ།	གྲུབ་མཐའ།/ལྕང་སྐྱ་རོལ་པའི་རྡོ་རྗེ།/གྲུབ་མཐའ་ཆེན་མོ།/རྩ་བ།	sungbum	0
S63	Commentaries To Sutras	MDO 'GREL	Commentaries_To_Sutras--MDO_'GREL	r6	0
S6300		རྒྱུད།/ཀུ་རུ་ཀུལ་ལེ།/བསྟོད་པ།	རྒྱུད།/ཀུ་རུ་ཀུལ་ལེ།/བསྟོད་པ།	sungbum	0
S6300	Words Of Praise	BSTOD PA	Words_Of_Praise--BSTOD_PA	r6	0
S6301		རྒྱུད།/ཚེ་དཔག་མེད།/ཚེ་སྒྲུབ།	རྒྱུད།/ཚེ་དཔག་མེད།/ཚེ་སྒྲུབ།	sungbum	0
S6301	Methods Of Attaining Long Life	TSE SGRUB	Methods_Of_Attaining_Long_Life--TSE_SGRUB	r6	0
S6302		རྒྱུད།/ཚེ་དཔག་མེད།/ཚེ་སྒྲུབ།	རྒྱུད།/ཚེ་དཔག་མེད།/ཚེ་སྒྲུབ།	sungbum	0
S6302	Methods Of Attaining Long Life	TSE SGRUB	Methods_Of_Attaining_Long_Life--TSE_SGRUB	r6	0
S6303		རྒྱུད།/ཚེ་དཔག་མེད།/དབང་།	རྒྱུད།/ཚེ་དཔག་མེད།/དབང་།	sungbum	0
S6303	Methods Of Granting Empowerment Into Secret Practice	DBANG	Methods_Of_Granting_Empowerment_Into_Secret_Practice--DBANG	r6	0
S6304		རྒྱུད།/རྟ་མགྲིན།/ཚེ་སྒྲུབ།	རྒྱུད།/རྟ་མགྲིན།/ཚེ་སྒྲུབ།	sungbum	0
S6304	Methods Of Attaining Long Life	TSE SGRUB	Methods_Of_Attaining_Long_Life--TSE_SGRUB	r6	0
S6305		རྒྱུད།/སྤྱི།/བཅུད་ལེན།	རྒྱུད།/སྤྱི།/བཅུད་ལེན།	sungbum	0
S6305	Instructions On Living Off The Essence Of Flowers And Such	BCUD LEN	Instructions_On_Living_Off_The_Essence_Of_Flowers_And_Such--BCUD_LEN	r6	0
S6306		རྒྱུད།/སྤྱི།/འཕོ་བ།	རྒྱུད།/སྤྱི།/འཕོ་བ།	sungbum	0
S6306	Methods Of Sending Ones Mind Into Death	'PHO BA	Methods_Of_Sending_Ones_Mind_Into_Death--'PHO_BA	r6	0
S6307		རྒྱུད།/ཐིག་ལེ་བཅུ་དྲུག/འགྲེལ་པ།	རྒྱུད།/ཐིག་ལེ་བཅུ་དྲུག/འགྲེལ་པ།	sungbum	0
S6307		རྒྱུད།/སྒྲོལ་མ།/གཏོར་མ།	རྒྱུད།/སྒྲོལ་མ།/གཏོར་མ།	sungbum	0
S6307	Commentaries On The Practice	'GREL PA	Commentaries_On_The_Practice--'GREL_PA	r6	0
S6307	Methods For Making Torma-Cake Offerings	GTOR MA	Methods_For_Making_Torma-Cake_Offerings--GTOR_MA	r6	0
S6308		རྒྱུད།/ཐིག་ལེ་བཅུ་དྲུག/བསྟོད་པ།	རྒྱུད།/ཐིག་ལེ་བཅུ་དྲུག/བསྟོད་པ།	sungbum	0
S6308	Words Of Praise	BSTOD PA	Words_Of_Praise--BSTOD_PA	r6	0
S6309		རྒྱུད།/ཐིག་ལེ་བཅུ་དྲུག/བསྒོམ་བཟླས།	རྒྱུད།/ཐིག་ལེ་བཅུ་དྲུག/བསྒོམ་བཟླས།	sungbum	0
S6309	Practices Of Meditation And Reciting Sacred Words	BSGOMS BZLAS	Practices_Of_Meditation_And_Reciting_Sacred_Words--BSGOMS_BZLAS	r6	0
S6310		རྒྱུད།/སྤྱན་རས་གཟིགས།/བླ་མའི་རྣལ་འབྱོར།	རྒྱུད།/སྤྱན་རས་གཟིགས།/བླ་མའི་རྣལ་འབྱོར།	sungbum	0
S6310	Lama Practices	BLA MA'I RNAL 'BYOR	Lama_Practices--BLA_MA'I_RNAL_'BYOR	r6	0
S6311		རྒྱུད།/སྤྱན་རས་གཟིགས།/བླ་མའི་རྣལ་འབྱོར།	རྒྱུད།/སྤྱན་རས་གཟིགས།/བླ་མའི་རྣལ་འབྱོར།	sungbum	0
S6311	Instructions For The Ritual Offering Of Tea	JA MCHOD	Instructions_For_The_Ritual_Offering_Of_Tea--JA_MCHOD	r6	0
S6311	Lama Practices	BLA MA'I RNAL 'BYOR	Lama_Practices--BLA_MA'I_RNAL_'BYOR	r6	0
S6312		རྒྱུད།/ཞལ་བཅུ་གཅིག/སྨྱུང་གནས།	རྒྱུད།/ཞལ་བཅུ་གཅིག/སྨྱུང་གནས།	sungbum	0
S6312	Methods Of Spiritual Fasting	SMYUNG GNAS	Methods_Of_Spiritual_Fasting--SMYUNG_GNAS	r6	0
S6313		རྒྱུད།/ཞལ་བཅུ་གཅིག/དབང་།	རྒྱུད།/ཞལ་བཅུ་གཅིག/དབང་།	sungbum	0
S6313	Methods Of Granting Empowerment Into Secret Practice	DBANG	Methods_Of_Granting_Empowerment_Into_Secret_Practice--DBANG	r6	0
S6314		རྒྱུད།/ཞལ་བཅུ་གཅིག/རྣལ་འབྱོར།	རྒྱུད།/ཞལ་བཅུ་གཅིག/རྣལ་འབྱོར།	sungbum	0
S6314		རྒྱུད།/སྙིང་པོ་དོན་གསུམ།/རྣལ་འབྱོར།	རྒྱུད།/སྙིང་པོ་དོན་གསུམ།/རྣལ་འབྱོར།	sungbum	0
S6314	Instructions For Deep Spiritual Practice	RNAL 'BYOR	Instructions_For_Deep_Spiritual_Practice--RNAL_'BYOR	r6	0
S6315		རྒྱུད།/སྙིང་པོ་དོན་གསུམ།/རྣལ་འབྱོར།	རྒྱུད།/སྙིང་པོ་དོན་གསུམ།/རྣལ་འབྱོར།	sungbum	0
S6315	Instructions For Deep Spiritual Practice	RNAL 'BYOR	Instructions_For_Deep_Spiritual_Practice--RNAL_'BYOR	r6	0
S6316		རྒྱུད།/སྒྲོལ་མ།/བསྟོད་པ།	རྒྱུད།/སྒྲོལ་མ།/བསྟོད་པ།	sungbum	0
S6316	Words Of Praise	BSTOD PA	Words_Of_Praise--BSTOD_PA	r6	0
S6317		རྒྱུད།/སྒྲོལ་མ།/མཎྜལ་བཞི།	རྒྱུད།/སྒྲོལ་མ།/མཎྜལ་བཞི།	sungbum	0
S6317	The Practice Of The Four Mandalas Or Secret Worlds	MAndAL BZHI	The_Practice_Of_The_Four_Mandalas_Or_Secret_Worlds--MAndAL_BZHI	r6	0
S6318		རྒྱུད།/སྒྲོལ་མ།/མཎྜལ་བཞི།	རྒྱུད།/སྒྲོལ་མ།/མཎྜལ་བཞི།	sungbum	0
S6318	Instructions For Offering To The Transformed Hand	PHYAG MCHOD	Instructions_For_Offering_To_The_Transformed_Hand--PHYAG_MCHOD	r6	0
S6318	The Practice Of The Four Mandalas Or Secret Worlds	MAndAL BZHI	The_Practice_Of_The_Four_Mandalas_Or_Secret_Worlds--MAndAL_BZHI	r6	0
S6319		རྒྱུད།/སེང་ལྡེང་ནགས་སྒྲོལ།/བསྟོད་པ།	རྒྱུད།/སེང་ལྡེང་ནགས་སྒྲོལ།/བསྟོད་པ།	sungbum	0
S6319	Words Of Praise	BSTOD PA	Words_Of_Praise--BSTOD_PA	r6	0
S6320		རྒྱུད།/གནས་བརྟན་བཅུ་དྲུག/ཁྲུས་གསོལ།	རྒྱུད།/གནས་བརྟན་བཅུ་དྲུག/ཁྲུས་གསོལ།	sungbum	0
S6320	Rituals For Bathing Holy Beings	KHRUS GSOL	Rituals_For_Bathing_Holy_Beings--KHRUS_GSOL	r6	0
S6321		རྒྱུད།/བཟང་སྤྱོད་འཆི་བླུ།/འགྲེལ་པ།	རྒྱུད།/བཟང་སྤྱོད་འཆི་བླུ།/འགྲེལ་པ།	sungbum	0
S6321	Commentaries On The Practice	'GREL PA	Commentaries_On_The_Practice--'GREL_PA	r6	0
S6322		རྒྱུད།/རྡོ་རྗེ་མི་འཁྲུགས་པ།/རྣལ་འབྱོར།	རྒྱུད།/རྡོ་རྗེ་མི་འཁྲུགས་པ།/རྣལ་འབྱོར།	sungbum	0
S6322	Instructions For Deep Spiritual Practice	RNAL 'BYOR	Instructions_For_Deep_Spiritual_Practice--RNAL_'BYOR	r6	0
S6323		རྒྱུད།/རྡོ་རྗེ་མི་འཁྲུགས་པ།/རུས་ཆོག	རྒྱུད།/རྡོ་རྗེ་མི་འཁྲུགས་པ།/རུས་ཆོག	sungbum	0
S6323	Methods Of Helping The Dead Through Blessing Their Bones	RUS CHOG	Methods_Of_Helping_The_Dead_Through_Blessing_Their_Bones--RUS_CHOG	r6	0
S6323	Methods Of Helping The Dead Through Blessing Their Hair	SKRA CHOG	Methods_Of_Helping_The_Dead_Through_Blessing_Their_Hair--SKRA_CHOG	r6	0
S6324		རྒྱུད།/རྡོ་རྗེ་སེམས་དཔའ།/བསྒོམ་བཟླས།	རྒྱུད།/རྡོ་རྗེ་སེམས་དཔའ།/བསྒོམ་བཟླས།	sungbum	0
S6324	Practices Of Meditation And Reciting Sacred Words	BSGOMS BZLAS	Practices_Of_Meditation_And_Reciting_Sacred_Words--BSGOMS_BZLAS	r6	0
S6325		རྒྱུད།/དམ་ཚིག་རྡོ་རྗེ།/བསྒོམ་བཟླས།	རྒྱུད།/དམ་ཚིག་རྡོ་རྗེ།/བསྒོམ་བཟླས།	sungbum	0
S6325	Practices Of Meditation And Reciting Sacred Words	BSGOMS BZLAS	Practices_Of_Meditation_And_Reciting_Sacred_Words--BSGOMS_BZLAS	r6	0
S6326		རྒྱུད།/རྡོ་རྗེ་སེམས་དཔའ།/བསྒོམ་བཟླས།	རྒྱུད།/རྡོ་རྗེ་སེམས་དཔའ།/བསྒོམ་བཟླས།	sungbum	0
S6326	Practices Of Meditation And Reciting Sacred Words	BSGOMS BZLAS	Practices_Of_Meditation_And_Reciting_Sacred_Words--BSGOMS_BZLAS	r6	0
S6327		རྒྱུད།/རྡོ་རྗེ་རྣལ་འབྱོར་མ།/སྦྱིན་སྲེག	རྒྱུད།/རྡོ་རྗེ་རྣལ་འབྱོར་མ།/སྦྱིན་སྲེག	sungbum	0
S6327	Methods Of Performing Fire Offerings	SBYIN SREG	Methods_Of_Performing_Fire_Offerings--SBYIN_SREG	r6	0
S6328		རྒྱུད།/ཐུན་དྲུག	རྒྱུད།/ཐུན་དྲུག	sungbum	0
S6328	Sadyamayoga	Tundruk--The Practice For Six Times Of The Day--THUN DRUG	Sadyamayoga--Tundruk--The_Practice_For_Six_Times_Of_The_Day--THUN_DRUG	r6	0
S6329		རྒྱུད།/སྨན་བླ།/མདོ་ཆོག	རྒྱུད།/སྨན་བླ།/མདོ་ཆོག	sungbum	0
S6329	Methods Of Performing The Summary Ritual	MDO CHOG	Methods_Of_Performing_The_Summary_Ritual--MDO_CHOG	r6	0
S6330		རྒྱུད།/སྨན་བླ།/གསོལ་འདེབས།	རྒྱུད།/སྨན་བླ།/གསོལ་འདེབས།	sungbum	0
S6330	Methods Of Making Supplication To The Holy Being	GSOL 'DEBS	Methods_Of_Making_Supplication_To_The_Holy_Being--GSOL_'DEBS	r6	0
S6331		རྒྱུད།/སྨན་བླ།/སྔགས།	རྒྱུད།/སྨན་བླ།/སྔགས།	sungbum	0
S6331	Secret Words For The Practice	SNGAGS	Secret_Words_For_The_Practice--SNGAGS	r6	0
S6332		རྒྱུད།/གནས་བརྟན་བཅུ་དྲུག/ཕྱག་མཆོད།	རྒྱུད།/གནས་བརྟན་བཅུ་དྲུག/ཕྱག་མཆོད།	sungbum	0
S6332	Instructions For Offering To The Transformed Hand	PHYAG MCHOD	Instructions_For_Offering_To_The_Transformed_Hand--PHYAG_MCHOD	r6	0
S6333		ལམ་རིམ།/བདེ་ལམ།/ལྷན་ཐབས།	ལམ་རིམ།/བདེ་ལམ།/ལྷན་ཐབས།	sungbum	0
S6333	Works On The Path Of Ease	BDE LAM	Works_On_The_Path_Of_Ease--BDE_LAM	r6	0
S6334		ལམ་རིམ།/བྱང་ཆུབ་ལམ་གྱི་རིམ་པ་ཤིན་ཏུ་བསྡུས་པ།	ལམ་རིམ།/བྱང་ཆུབ་ལམ་གྱི་རིམ་པ་ཤིན་ཏུ་བསྡུས་པ།	sungbum	0
S6334	Works On An Extremely Brief Presentation Of The Steps Of The Path	LAM RIM SHIN TU BSDUS PA	Works_On_An_Extremely_Brief_Presentation_Of_The_Steps_Of_The_Path--LAM_RIM_SHIN_TU_BSDUS_PA	r6	0
S6335		ལམ་རིམ།/བདེ་ལམ།/འགྲེལ་པ།	ལམ་རིམ།/བདེ་ལམ།/འགྲེལ་པ།	sungbum	0
S6335	Works On An Outline Of The Steps To Buddhahood	LAM RIM RNAM GZHAG	Works_On_An_Outline_Of_The_Steps_To_Buddhahood--LAM_RIM_RNAM_GZHAG	r6	0
S6335	Works On The Path Of Ease	BDE LAM	Works_On_The_Path_Of_Ease--BDE_LAM	r6	0
S6336		ལམ་རིམ།/ལམ་རིམ་རྣམ་གཞག	ལམ་རིམ།/ལམ་རིམ་རྣམ་གཞག	sungbum	0
S6336	Works On An Outline Of The Steps To Buddhahood	LAM RIM RNAM GZHAG	Works_On_An_Outline_Of_The_Steps_To_Buddhahood--LAM_RIM_RNAM_GZHAG	r6	0
S6337		ལམ་རིམ།/བདེ་ལམ།/ལྷན་ཐབས།	ལམ་རིམ།/བདེ་ལམ།/ལྷན་ཐབས།	sungbum	0
S6337	Works On The Path Of Ease	BDE LAM	Works_On_The_Path_Of_Ease--BDE_LAM	r6	0
S6338		ཉམས་ལེན།/མཎྜལ་འབུལ་ཚུལ།/དངུལ་ཆུ་དྷརྨ་བྷདྲ།	ཉམས་ལེན།/མཎྜལ་འབུལ་ཚུལ།/དངུལ་ཆུ་དྷརྨ་བྷདྲ།	sungbum	0
S6338	Methods Of Offering A Mandala Or A Gift Of The Universe	MAndAL 'BUL TSUL	Methods_Of_Offering_A_Mandala_Or_A_Gift_Of_The_Universe--MAndAL_'BUL_TSUL	r6	0
S6339		ལམ་རིམ།/བདེ་ལམ།/བཤར་སྒོམ།	ལམ་རིམ།/བདེ་ལམ།/བཤར་སྒོམ།	sungbum	0
S6339	Works On The Path Of Ease	BDE LAM	Works_On_The_Path_Of_Ease--BDE_LAM	r6	0
S6340		ཉམས་ལེན།/ཡན་ལག་བདུན་པ།	ཉམས་ལེན།/ཡན་ལག་བདུན་པ།	sungbum	0
S6340	Instructions For The Seven-Part Practice Of Meditation	YAN LAG BDUN	Instructions_For_The_Seven-Part_Practice_Of_Meditation--YAN_LAG_BDUN	r6	0
S6341		བསྟོད་པ།/བདེ་གཤེགས་སོ་ལྔ།	བསྟོད་པ།/བདེ་གཤེགས་སོ་ལྔ།	sungbum	0
S6341	Words Of Praise	BSTOD PA	Words_Of_Praise--BSTOD_PA	r6	0
S6342		ལམ་རིམ།/ལམ་གཙོ་རྣམ་གསུམ།/འགྲེལ་པ།	ལམ་རིམ།/ལམ་གཙོ་རྣམ་གསུམ།/འགྲེལ་པ།	sungbum	0
S6342	Works On The Three Principal Paths	LAM GTZO RNAM GSUM	Works_On_The_Three_Principal_Paths--LAM_GTZO_RNAM_GSUM	r6	0
S6343		དབུ་མ།/རྟེན་འབྲེལ།/རྟེན་འབྲེལ་བསྟོད་པ།/འགྲེལ་པ།	དབུ་མ།/རྟེན་འབྲེལ།/རྟེན་འབྲེལ་བསྟོད་པ།/འགྲེལ་པ།	sungbum	0
S6343	Middle-Way Philosophy	DBU MA	Middle-Way_Philosophy--DBU_MA	r6	0
S6344		བློ་སྦྱོང་།/བློ་སྦྱོང་དོན་བདུན་མ།/འགྲེལ་པ།	བློ་སྦྱོང་།/བློ་སྦྱོང་དོན་བདུན་མ།/འགྲེལ་པ།	sungbum	0
S6344	Works On The Good-Heart Instructions In Seven Points	BLO SBYONG DON BDUN MA	Works_On_The_Good-Heart_Instructions_In_Seven_Points--BLO_SBYONG_DON_BDUN_MA	r6	0
S6345		བློ་སྦྱོང་།/བློ་སྦྱོང་ཚིག་བརྒྱད་མ།/འགྲེལ་པ།	བློ་སྦྱོང་།/བློ་སྦྱོང་ཚིག་བརྒྱད་མ།/འགྲེལ་པ།	sungbum	0
S6345	Works On The Good-Heart Teaching In Eight Verses	BLO SBYONG TSIG BRGYAD MA	Works_On_The_Good-Heart_Teaching_In_Eight_Verses--BLO_SBYONG_TSIG_BRGYAD_MA	r6	0
S6346		རྒྱུད།/མ་གཅིག་ལབ་སྒྲོན།/གཅོད།	རྒྱུད།/མ་གཅིག་ལབ་སྒྲོན།/གཅོད།	sungbum	0
S6346	Practices For Terminating Negativities	GCOD	Practices_For_Terminating_Negativities--GCOD	r6	0
S6347		རྒྱུད།/རྡོ་རྗེ་རྣལ་འབྱོར་མ།/གཅོད།	རྒྱུད།/རྡོ་རྗེ་རྣལ་འབྱོར་མ།/གཅོད།	sungbum	0
S6347	Practices For Terminating Negativities	GCOD	Practices_For_Terminating_Negativities--GCOD	r6	0
S6348		རྒྱུད།/བླ་མ་མཆོད་པ།/འགྲེལ་པ།	རྒྱུད།/བླ་མ་མཆོད་པ།/འགྲེལ་པ།	sungbum	0
S6348	Commentaries On The Practice	'GREL PA	Commentaries_On_The_Practice--'GREL_PA	r6	0
S6349		མདོ་འགྲེལ།/དཀོན་མཆོག་རྗེས་དྲན་གྱི་མདོ།	མདོ་འགྲེལ།/དཀོན་མཆོག་རྗེས་དྲན་གྱི་མདོ།	sungbum	0
S6349	Commentaries To Sutras	MDO 'GREL	Commentaries_To_Sutras--MDO_'GREL	r6	0
S6350		བསྟོད་པ།/སངས་རྒྱས་ཡེ་ཤེས།	བསྟོད་པ།/སངས་རྒྱས་ཡེ་ཤེས།	sungbum	0
S6350	Words Of Praise	BSTOD PA	Words_Of_Praise--BSTOD_PA	r6	0
S6351		རྒྱུད།/སྒོ་དྲུག་པ།/སྔགས།	རྒྱུད།/སྒོ་དྲུག་པ།/སྔགས།	sungbum	0
S6351	Secret Words For The Practice	SNGAGS	Secret_Words_For_The_Practice--SNGAGS	r6	0
S6352		མདོ་འགྲེལ།/འདའ་ག་ཡེ་ཤེས།	མདོ་འགྲེལ།/འདའ་ག་ཡེ་ཤེས།	sungbum	0
S6352	Commentaries To Sutras	MDO 'GREL	Commentaries_To_Sutras--MDO_'GREL	r6	0
S6353		རྒྱུད།/སྤྱི།/བར་དོ་གསོལ་འདེབས།	རྒྱུད།/སྤྱི།/བར་དོ་གསོལ་འདེབས།	sungbum	0
S6353	Works Relating To The State Between Death And Rebirth	BAR DO	Works_Relating_To_The_State_Between_Death_And_Rebirth--BAR_DO	r6	0
S6354		མངོན་པ།/དངུལ་ཆུ་དྷརྨ་བྷདྲ།/སེམས་སེམས་བྱུང་།	མངོན་པ།/དངུལ་ཆུ་དྷརྨ་བྷདྲ།/སེམས་སེམས་བྱུང་།	sungbum	0
S6354	Higher Knowledge	MNGON PA	Higher_Knowledge--MNGON_PA	r6	0
S6355		རྒྱུད།/སྤྱི།/ཚ་བསུར།	རྒྱུད།/སྤྱི།/ཚ་བསུར།	sungbum	0
S6355	Instructions For The Tsasur Offering Of A Cake In A Fire	TSA GSUR	Instructions_For_The_Tsasur_Offering_Of_A_Cake_In_A_Fire--TSA_GSUR	r6	0
S6356		རྒྱུད།/སྤྱི།/གཏོར་མ།	རྒྱུད།/སྤྱི།/གཏོར་མ།	sungbum	0
S6356	Methods For Making Torma-Cake Offerings	GTOR MA	Methods_For_Making_Torma-Cake_Offerings--GTOR_MA	r6	0
S6357		རྒྱུད།/སྤྱན་རས་གཟིགས།/གཏོར་མ།	རྒྱུད།/སྤྱན་རས་གཟིགས།/གཏོར་མ།	sungbum	0
S6357	Methods For Making Torma-Cake Offerings	GTOR MA	Methods_For_Making_Torma-Cake_Offerings--GTOR_MA	r6	0
S6358		རྒྱུད།/སྤྱི།/གཏོར་མ།	རྒྱུད།/སྤྱི།/གཏོར་མ།	sungbum	0
S6358	Methods For Making Torma-Cake Offerings	GTOR MA	Methods_For_Making_Torma-Cake_Offerings--GTOR_MA	r6	0
S6359		རྒྱུད།/ཛམ་བྷ་ལ།/མཆོད་པ།	རྒྱུད།/ཛམ་བྷ་ལ།/མཆོད་པ།	sungbum	0
S6359	Methods Of Performing Spiritual Offerings	MCHOD PA	Methods_Of_Performing_Spiritual_Offerings--MCHOD_PA	r6	0
S6360		འདུལ་བ།/སྡོམ་གསུམ།	འདུལ་བ།/སྡོམ་གསུམ།	sungbum	0
S6360	Summaries Of The Three Types Of Vows	SDOM GSUM	Summaries_Of_The_Three_Types_Of_Vows--SDOM_GSUM	r6	0
S6361		འདུལ་བ།/སྤྱི།/དངུལ་ཆུ་དྷརྨ་བྷདྲ།	འདུལ་བ།/སྤྱི།/དངུལ་ཆུ་དྷརྨ་བྷདྲ།	sungbum	0
S6361	General Commentaries	SPYI	General_Commentaries--SPYI	r6	0
S6362		འདུལ་བ།/སྤྱི།/དངུལ་ཆུ་དྷརྨ་བྷདྲ།	འདུལ་བ།/སྤྱི།/དངུལ་ཆུ་དྷརྨ་བྷདྲ།	sungbum	0
S6362	General Commentaries	SPYI	General_Commentaries--SPYI	r6	0
S6363		རྒྱུད།/ཀུ་རུ་ཀུལ་ལེ།/སྒྲུབ་ཐབས།	རྒྱུད།/ཀུ་རུ་ཀུལ་ལེ།/སྒྲུབ་ཐབས།	sungbum	0
S6363		རྒྱུད།/གསང་འདུས།/མངོན་རྟོགས།	རྒྱུད།/གསང་འདུས།/མངོན་རྟོགས།	sungbum	0
S6363		རྒྱུད།/གསང་འདུས།/སྒྲུབ་ཐབས།	རྒྱུད།/གསང་འདུས།/སྒྲུབ་ཐབས།	sungbum	0
S6363		རྒྱུད།/དམ་ཚིག་གསུམ།/བསྒོམ་བཟླས།	རྒྱུད།/དམ་ཚིག་གསུམ།/བསྒོམ་བཟླས།	sungbum	0
S6363		རྒྱུད།/དམ་ཚིག་རྡོ་རྗེ།/བསྒོམ་བཟླས།	རྒྱུད།/དམ་ཚིག་རྡོ་རྗེ།/བསྒོམ་བཟླས།	sungbum	0
S6363		རྒྱུད།/དུས་འཁོར།/བསྒོམ་བཟླས།	རྒྱུད།/དུས་འཁོར།/བསྒོམ་བཟླས།	sungbum	0
S6363		རྒྱུད།/ཕྱག་ན་རྡོ་རྗེ།/བསྒོམ་བཟླས།	རྒྱུད།/ཕྱག་ན་རྡོ་རྗེ།/བསྒོམ་བཟླས།	sungbum	0
S6363		རྒྱུད།/ཕྱག་ན་རྡོ་རྗེ།/སྒྲུབ་ཐབས།	རྒྱུད།/ཕྱག་ན་རྡོ་རྗེ།/སྒྲུབ་ཐབས།	sungbum	0
S6363		རྒྱུད།/བདེ་མཆོག/སྒྲུབ་ཐབས།	རྒྱུད།/བདེ་མཆོག/སྒྲུབ་ཐབས།	sungbum	0
S6363		རྒྱུད།/ཚེ་དཔག་མེད།/བསྒོམ་བཟླས།	རྒྱུད།/ཚེ་དཔག་མེད།/བསྒོམ་བཟླས།	sungbum	0
S6363		རྒྱུད།/ཚེ་དཔག་མེད།/ཚེ་སྒྲུབ།	རྒྱུད།/ཚེ་དཔག་མེད།/ཚེ་སྒྲུབ།	sungbum	0
S6363		རྒྱུད།/འཇམ་དབྱངས།/སྒྲུབ་ཐབས།	རྒྱུད།/འཇམ་དབྱངས།/སྒྲུབ་ཐབས།	sungbum	0
S6363		རྒྱུད།/འཇིགས་བྱེད།/གཏོར་མ།	རྒྱུད།/འཇིགས་བྱེད།/གཏོར་མ།	sungbum	0
S6363		རྒྱུད།/འཇིགས་བྱེད།/སྒྲུབ་ཐབས།	རྒྱུད།/འཇིགས་བྱེད།/སྒྲུབ་ཐབས།	sungbum	0
S6363		རྒྱུད།/འོད་དཔག་མེད།/འཕོ་བ།	རྒྱུད།/འོད་དཔག་མེད།/འཕོ་བ།	sungbum	0
S6363		རྒྱུད།/རྟ་མགྲིན།/བསྒོམ་བཟླས།	རྒྱུད།/རྟ་མགྲིན།/བསྒོམ་བཟླས།	sungbum	0
S6363		རྒྱུད།/རྡོ་རྗེ་རྣམ་འཇོམས།/བུམ་པ།	རྒྱུད།/རྡོ་རྗེ་རྣམ་འཇོམས།/བུམ་པ།	sungbum	0
S6363		རྒྱུད།/རྣམ་པར་སྣང་མཛད།/རྣལ་འབྱོར།	རྒྱུད།/རྣམ་པར་སྣང་མཛད།/རྣལ་འབྱོར།	sungbum	0
S6363		རྒྱུད།/སྒྲོལ་མ།/ཚེ་སྒྲུབ།	རྒྱུད།/སྒྲོལ་མ།/ཚེ་སྒྲུབ།	sungbum	0
S6363		རྒྱུད།/སྒྲོལ་མ།/འཕོ་བ།	རྒྱུད།/སྒྲོལ་མ།/འཕོ་བ།	sungbum	0
S6363		རྒྱུད།/སྒྲོལ་མ།/སྒྲུབ་ཐབས།	རྒྱུད།/སྒྲོལ་མ།/སྒྲུབ་ཐབས།	sungbum	0
S6363		རྒྱུད།/སྤྱན་རས་གཟིགས།/མ་ནི་རིལ་བུ།	རྒྱུད།/སྤྱན་རས་གཟིགས།/མ་ནི་རིལ་བུ།	sungbum	0
S6363		རྒྱུད།/སྤྱན་རས་གཟིགས།/སྒྲུབ་ཐབས།	རྒྱུད།/སྤྱན་རས་གཟིགས།/སྒྲུབ་ཐབས།	sungbum	0
S6363		རྒྱུད།/སྤྱི།/བདུད་རྩི།	རྒྱུད།/སྤྱི།/བདུད་རྩི།	sungbum	0
S6363	General Commentaries	SPYI	General_Commentaries--SPYI	r6	0
S6363	Instructions For Deep Spiritual Practice	RNAL 'BYOR	Instructions_For_Deep_Spiritual_Practice--RNAL_'BYOR	r6	0
S6363	Methods For Making Torma-Cake Offerings	GTOR MA	Methods_For_Making_Torma-Cake_Offerings--GTOR_MA	r6	0
S6363	Methods For Reaching The Holy Being	SGRUB THABS	Methods_For_Reaching_The_Holy_Being--SGRUB_THABS	r6	0
S6363	Methods For The Practice Of Realization	MNGON RTOGS	Methods_For_The_Practice_Of_Realization--MNGON_RTOGS	r6	0
S6363	Methods Of Attaining Long Life	TSE SGRUB	Methods_Of_Attaining_Long_Life--TSE_SGRUB	r6	0
S6363	Methods Of Preparing A Sacred Vase	BUM PA	Methods_Of_Preparing_A_Sacred_Vase--BUM_PA	r6	0
S6363	Methods Of Preparing Sacred Mani Pills	MA nI RIL BU	Methods_Of_Preparing_Sacred_Mani_Pills--MA_nI_RIL_BU	r6	0
S6363	Methods Of Sending Ones Mind Into Death	'PHO BA	Methods_Of_Sending_Ones_Mind_Into_Death--'PHO_BA	r6	0
S6363	Practices Of Meditation And Reciting Sacred Words	BSGOMS BZLAS	Practices_Of_Meditation_And_Reciting_Sacred_Words--BSGOMS_BZLAS	r6	0
S6364		རྒྱུད།/ཁྱུང་ཁྲ།/སྒྲུབ་ཐབས།	རྒྱུད།/ཁྱུང་ཁྲ།/སྒྲུབ་ཐབས།	sungbum	0
S6364		རྒྱུད།/གནས་བརྟན་བཅུ་དྲུག/རྗེས་གནང་།	རྒྱུད།/གནས་བརྟན་བཅུ་དྲུག/རྗེས་གནང་།	sungbum	0
S6364		རྒྱུད།/གཙུག་ཏོར།/བསྒོམ་བཟླས།	རྒྱུད།/གཙུག་ཏོར།/བསྒོམ་བཟླས།	sungbum	0
S6364		རྒྱུད།/དབྱངས་ཅན་མ།/སྒྲུབ་ཐབས།	རྒྱུད།/དབྱངས་ཅན་མ།/སྒྲུབ་ཐབས།	sungbum	0
S6364		རྒྱུད།/ཕྱག་ན་རྡོ་རྗེ།/རྣལ་འབྱོར།	རྒྱུད།/ཕྱག་ན་རྡོ་རྗེ།/རྣལ་འབྱོར།	sungbum	0
S6364		རྒྱུད།/བདེ་མཆོག/ཚེ་སྒྲུབ།	རྒྱུད།/བདེ་མཆོག/ཚེ་སྒྲུབ།	sungbum	0
S6364		རྒྱུད།/འཁོར་ལོ་སྡོམ་པ།/ཚེ་སྒྲུབ།	རྒྱུད།/འཁོར་ལོ་སྡོམ་པ།/ཚེ་སྒྲུབ།	sungbum	0
S6364		རྒྱུད།/འཇམ་དབྱངས།/རྗེས་གནང་།	རྒྱུད།/འཇམ་དབྱངས།/རྗེས་གནང་།	sungbum	0
S6364		རྒྱུད།/འཇམ་དབྱངས།/སྒྲུབ་ཐབས།	རྒྱུད།/འཇམ་དབྱངས།/སྒྲུབ་ཐབས།	sungbum	0
S6364		རྒྱུད།/རྡོ་རྗེ་མཁའ་ལྡིང་།/སྒྲུབ་ཐབས།	རྒྱུད།/རྡོ་རྗེ་མཁའ་ལྡིང་།/སྒྲུབ་ཐབས།	sungbum	0
S6364		རྒྱུད།/རྡོ་རྗེ་སེམས་དཔའ།/རྗེས་གནང་།	རྒྱུད།/རྡོ་རྗེ་སེམས་དཔའ།/རྗེས་གནང་།	sungbum	0
S6364		རྒྱུད།/སེང་གེའི་སྒྲ།/སྒྲུབ་ཐབས།	རྒྱུད།/སེང་གེའི་སྒྲ།/སྒྲུབ་ཐབས།	sungbum	0
S6364		རྒྱུད།/སེང་ལྡེང་ནགས་སྒྲོལ།/སྒྲུབ་ཐབས།	རྒྱུད།/སེང་ལྡེང་ནགས་སྒྲོལ།/སྒྲུབ་ཐབས།	sungbum	0
S6364		རྒྱུད།/སྒྲོལ་མ།/སྒྲུབ་ཐབས།	རྒྱུད།/སྒྲོལ་མ།/སྒྲུབ་ཐབས།	sungbum	0
S6364	Instructions For Deep Spiritual Practice	RNAL 'BYOR	Instructions_For_Deep_Spiritual_Practice--RNAL_'BYOR	r6	0
S6364	Methods For Reaching The Holy Being	SGRUB THABS	Methods_For_Reaching_The_Holy_Being--SGRUB_THABS	r6	0
S6364	Methods Of Attaining Long Life	TSE SGRUB	Methods_Of_Attaining_Long_Life--TSE_SGRUB	r6	0
S6364	Practices Of Meditation And Reciting Sacred Words	BSGOMS BZLAS	Practices_Of_Meditation_And_Reciting_Sacred_Words--BSGOMS_BZLAS	r6	0
S6364	Rites For Granting Sacred Permission	RJES GNANG	Rites_For_Granting_Sacred_Permission--RJES_GNANG	r6	0
S6365		ཉམས་ལེན།/བསླབ་བྱ།/དངུལ་ཆུ་དྷརྨ་བྷདྲ།	ཉམས་ལེན།/བསླབ་བྱ།/དངུལ་ཆུ་དྷརྨ་བྷདྲ།	sungbum	0
S6365	Personal Spiritual Advices	BSLAB BYA	Personal_Spiritual_Advices--BSLAB_BYA	r6	0
S6366		འདུལ་བ།/དགེ་ཚུལ།	འདུལ་བ།/དགེ་ཚུལ།	sungbum	0
S6366	Instructions For Novice Monks And Nuns	DGE TSUL	Instructions_For_Novice_Monks_And_Nuns--DGE_TSUL	r6	0
S6367		ཕར་ཕྱིན།/སྤྱི།/དངུལ་ཆུ་དྷརྨ་བྷདྲ།	ཕར་ཕྱིན།/སྤྱི།/དངུལ་ཆུ་དྷརྨ་བྷདྲ།	sungbum	0
S6367	Perfection Of Wisdom	PHAR PHYIN	Perfection_Of_Wisdom--PHAR_PHYIN	r6	0
S6368		གསུམ་རྟགས།	གསུམ་རྟགས།	sungbum	0
S6368		ཆོ་ག/བྱང་སེམས་སྡོམ་པ།	ཆོ་ག/བྱང་སེམས་སྡོམ་པ།	sungbum	0
S6368		དབུ་མ།/རྟེན་འབྲེལ།/རྟེན་འབྲེལ་བསྟོད་པ།/འགྲེལ་པ།	དབུ་མ།/རྟེན་འབྲེལ།/རྟེན་འབྲེལ་བསྟོད་པ།/འགྲེལ་པ།	sungbum	0
S6368		དབུ་མ།/ཤེས་རབ་སྙིང་པོའི་འགྲེལ་པ།	དབུ་མ།/ཤེས་རབ་སྙིང་པོའི་འགྲེལ་པ།	sungbum	0
S6368		རྒྱུད།/ཁྱུང་ནག/སྒྲུབ་ཐབས།	རྒྱུད།/ཁྱུང་ནག/སྒྲུབ་ཐབས།	sungbum	0
S6368		རྒྱུད།/ན་རོ་ཆོས་དྲུག/འགྲེལ་པ།	རྒྱུད།/ན་རོ་ཆོས་དྲུག/འགྲེལ་པ།	sungbum	0
S6368		རྒྱུད།/བདེ་མཆོག/སྨོན་ལམ།	རྒྱུད།/བདེ་མཆོག/སྨོན་ལམ།	sungbum	0
S6368		རྒྱུད།/བླ་མ་མཆོད་པ།/འགྲེལ་པ།	རྒྱུད།/བླ་མ་མཆོད་པ།/འགྲེལ་པ།	sungbum	0
S6368		རྒྱུད།/འཇམ་དཔལ་མཚན་བརྗོད།/འགྲེལ་པ།	རྒྱུད།/འཇམ་དཔལ་མཚན་བརྗོད།/འགྲེལ་པ།	sungbum	0
S6368		རྒྱུད།/འཇིགས་བྱེད།/བདག་འཇུག	རྒྱུད།/འཇིགས་བྱེད།/བདག་འཇུག	sungbum	0
S6368		རྒྱུད།/འཇིགས་བྱེད།/བསྐྱེད་རིམ།	རྒྱུད།/འཇིགས་བྱེད།/བསྐྱེད་རིམ།	sungbum	0
S6368		རྒྱུད།/འཇིགས་བྱེད།/འགྲེལ་པ།	རྒྱུད།/འཇིགས་བྱེད།/འགྲེལ་པ།	sungbum	0
S6368		རྒྱུད།/སྒྲོལ་མ།/བསྟོད་པ།	རྒྱུད།/སྒྲོལ་མ།/བསྟོད་པ།	sungbum	0
S6368		རྒྱུད།/སྤྱན་རས་གཟིགས།/སྒྲུབ་ཐབས།	རྒྱུད།/སྤྱན་རས་གཟིགས།/སྒྲུབ་ཐབས།	sungbum	0
S6368		རྒྱུད།/སྤྱི།/གཅོད།	རྒྱུད།/སྤྱི།/གཅོད།	sungbum	0
S6368		རྒྱུད།/སྤྱི།/འགྲེལ་པ།/ངུལྖུ་དྷརྨ་བྷདྲ།	རྒྱུད།/སྤྱི།/འགྲེལ་པ།/ངུལྖུ་དྷརྨ་བྷདྲ།	sungbum	0
S6368		རྒྱུད།/སྨན་བླ།/མདོ་ཆོག	རྒྱུད།/སྨན་བླ།/མདོ་ཆོག	sungbum	0
S6368		ལམ་རིམ།/བདེ་ལམ།/ས་བཅད།	ལམ་རིམ།/བདེ་ལམ།/ས་བཅད།	sungbum	0
S6368		ལམ་རིམ།/མདུན་ལེགས་མ།	ལམ་རིམ།/མདུན་ལེགས་མ།	sungbum	0
S6368	Classical Grammar	SUM RTAGS	Classical_Grammar--SUM_RTAGS	r6	0
S6368	Commentaries On The Practice	'GREL PA	Commentaries_On_The_Practice--'GREL_PA	r6	0
S6368	General Commentaries	SPYI	General_Commentaries--SPYI	r6	0
S6368	Instructions For The Stage Of Creation	BSKYED RIM	Instructions_For_The_Stage_Of_Creation--BSKYED_RIM	r6	0
S6368	Je Tsongkapa Lobsang Drakpa	RJE TZONG KHA PA BLO BZANG GRAGS PA	Je_Tsongkapa_Lobsang_Drakpa--RJE_TZONG_KHA_PA_BLO_BZANG_GRAGS_PA	r6	0
S6368	Methods For Entering The Secret World By Oneself	BDAG 'JUG	Methods_For_Entering_The_Secret_World_By_Oneself--BDAG_'JUG	r6	0
S6368	Methods For Reaching The Holy Being	SGRUB THABS	Methods_For_Reaching_The_Holy_Being--SGRUB_THABS	r6	0
S6368	Methods Of Performing The Summary Ritual	MDO CHOG	Methods_Of_Performing_The_Summary_Ritual--MDO_CHOG	r6	0
S6368	Methods Of Prayer	SMON LAM	Methods_Of_Prayer--SMON_LAM	r6	0
S6368	Middle-Way Philosophy	DBU MA	Middle-Way_Philosophy--DBU_MA	r6	0
S6368	Practices For Terminating Negativities	GCOD	Practices_For_Terminating_Negativities--GCOD	r6	0
S6368	Words Of Praise	BSTOD PA	Words_Of_Praise--BSTOD_PA	r6	0
S6368	Works On The Bodhisattva Vows	BYANG SEMS SDOM PA	Works_On_The_Bodhisattva_Vows--BYANG_SEMS_SDOM_PA	r6	0
S6368	Works On The Path Of Ease	BDE LAM	Works_On_The_Path_Of_Ease--BDE_LAM	r6	0
S6368	Works On The Prayer Of Fine Intentions	'DUN LEGS MA	Works_On_The_Prayer_Of_Fine_Intentions--'DUN_LEGS_MA	r6	0
S6369		གསུམ་རྟགས།	གསུམ་རྟགས།	sungbum	0
S6369		ཆོ་ག/སྤྱན་རས་གཟིགས།	ཆོ་ག/སྤྱན་རས་གཟིགས།	sungbum	0
S6369		ཉམས་ལེན།/གསོལ་འདེབས།/དངུལ་ཆུ་དྷརྨ་བྷདྲ།	ཉམས་ལེན།/གསོལ་འདེབས།/དངུལ་ཆུ་དྷརྨ་བྷདྲ།	sungbum	0
S6369		ཉམས་ལེན།/བླ་མའི་རྣལ་འབྱོར།/དངུལ་ཆུ་དྷརྨ་བྷདྲ།	ཉམས་ལེན།/བླ་མའི་རྣལ་འབྱོར།/དངུལ་ཆུ་དྷརྨ་བྷདྲ།	sungbum	0
S6369		ཉམས་ལེན།/ཞབས་བརྟན།/དངུལ་ཆུ་དྷརྨ་བྷདྲ།	ཉམས་ལེན།/ཞབས་བརྟན།/དངུལ་ཆུ་དྷརྨ་བྷདྲ།	sungbum	0
S6369		ཉམས་ལེན།/སྟོབས་བཞི་བསྒོམ་ཚུལ།/དངུལ་ཆུ་དྷརྨ་བྷདྲ།	ཉམས་ལེན།/སྟོབས་བཞི་བསྒོམ་ཚུལ།/དངུལ་ཆུ་དྷརྨ་བྷདྲ།	sungbum	0
S6369		ཉམས་ལེན།/སྨོན་ལམ།/དངུལ་ཆུ་དྷརྨ་བྷདྲ།	ཉམས་ལེན།/སྨོན་ལམ།/དངུལ་ཆུ་དྷརྨ་བྷདྲ།	sungbum	0
S6369		དབུ་མ།/ཤེས་རབ་སྙིང་པོའི་འགྲེལ་པ།	དབུ་མ།/ཤེས་རབ་སྙིང་པོའི་འགྲེལ་པ།	sungbum	0
S6369		ཕྲན་ཚེགས།/དངུལ་ཆུ་དྷརྨ་བྷདྲ།	ཕྲན་ཚེགས།/དངུལ་ཆུ་དྷརྨ་བྷདྲ།	sungbum	0
S6369		བསྟོད་པ།/སེང་ཆེན་སྤྲུལ་སྐུ།	བསྟོད་པ།/སེང་ཆེན་སྤྲུལ་སྐུ།	sungbum	0
S6369		བློ་སྦྱོང་།/བློ་སྦྱོང་དོན་བདུན་མ།/བླ་བརྒྱུད།	བློ་སྦྱོང་།/བློ་སྦྱོང་དོན་བདུན་མ།/བླ་བརྒྱུད།	sungbum	0
S6369		བློ་སྦྱོང་།/བློ་སྦྱོང་བརྒྱུད་འདེབས་ཁ་སྐོང་།	བློ་སྦྱོང་།/བློ་སྦྱོང་བརྒྱུད་འདེབས་ཁ་སྐོང་།	sungbum	0
S6369		བློ་སྦྱོང་།/རྒྱལ་སྲས་ལག་ལེན།	བློ་སྦྱོང་།/རྒྱལ་སྲས་ལག་ལེན།	sungbum	0
S6369		རྒྱུད།/ཀུན་རིག/བླ་བརྒྱུད།	རྒྱུད།/ཀུན་རིག/བླ་བརྒྱུད།	sungbum	0
S6369		རྒྱུད།/ཀྱེ་རྡོར།/བླ་བརྒྱུད།	རྒྱུད།/ཀྱེ་རྡོར།/བླ་བརྒྱུད།	sungbum	0
S6369		རྒྱུད།/གསང་འདུས།/དཀྱིལ་འཁོར།	རྒྱུད།/གསང་འདུས།/དཀྱིལ་འཁོར།	sungbum	0
S6369		རྒྱུད།/གསང་འདུས།/བླ་བརྒྱུད།	རྒྱུད།/གསང་འདུས།/བླ་བརྒྱུད།	sungbum	0
S6369		རྒྱུད།/ཐིག་ལེ་བཅུ་དྲུག/དཀྱིལ་འཁོར།	རྒྱུད།/ཐིག་ལེ་བཅུ་དྲུག/དཀྱིལ་འཁོར།	sungbum	0
S6369		རྒྱུད།/དམ་ཚིག་རྡོ་རྗེ།/རྣལ་འབྱོར།	རྒྱུད།/དམ་ཚིག་རྡོ་རྗེ།/རྣལ་འབྱོར།	sungbum	0
S6369		རྒྱུད།/དུས་འཁོར།/འགྲེལ་པ།	རྒྱུད།/དུས་འཁོར།/འགྲེལ་པ།	sungbum	0
S6369		རྒྱུད།/ན་རོ་ཆོས་དྲུག/བླ་བརྒྱུད།	རྒྱུད།/ན་རོ་ཆོས་དྲུག/བླ་བརྒྱུད།	sungbum	0
S6369		རྒྱུད།/ཕྱག་རྒྱ་ཆེན་པོ།/བླ་བརྒྱུད།	རྒྱུད།/ཕྱག་རྒྱ་ཆེན་པོ།/བླ་བརྒྱུད།	sungbum	0
S6369		རྒྱུད།/བདེ་མཆོག/བླ་བརྒྱུད།	རྒྱུད།/བདེ་མཆོག/བླ་བརྒྱུད།	sungbum	0
S6369		རྒྱུད།/ཚེ་དཔག་མེད།/བླ་བརྒྱུད།	རྒྱུད།/ཚེ་དཔག་མེད།/བླ་བརྒྱུད།	sungbum	0
S6369		རྒྱུད།/ཚེ་དཔག་མེད།/ཚེ་སྒྲུབ།	རྒྱུད།/ཚེ་དཔག་མེད།/ཚེ་སྒྲུབ།	sungbum	0
S6369		རྒྱུད།/ཚེམ་བུ།/བླ་བརྒྱུད།	རྒྱུད།/ཚེམ་བུ།/བླ་བརྒྱུད།	sungbum	0
S6369		རྒྱུད།/ཞལ་བཅུ་གཅིག/བུམ་པ།	རྒྱུད།/ཞལ་བཅུ་གཅིག/བུམ་པ།	sungbum	0
S6369		རྒྱུད།/འཇིགས་བྱེད།/གཏོར་མ།	རྒྱུད།/འཇིགས་བྱེད།/གཏོར་མ།	sungbum	0
S6369		རྒྱུད།/འཇིགས་བྱེད།/བླ་བརྒྱུད།	རྒྱུད།/འཇིགས་བྱེད།/བླ་བརྒྱུད།	sungbum	0
S6369		རྒྱུད།/འོད་ཟེར་ཅན།/གསོལ་འདེབས།	རྒྱུད།/འོད་ཟེར་ཅན།/གསོལ་འདེབས།	sungbum	0
S6369		རྒྱུད།/རྟ་མགྲིན།/ཚེ་སྒྲུབ།	རྒྱུད།/རྟ་མགྲིན།/ཚེ་སྒྲུབ།	sungbum	0
S6369		རྒྱུད།/རྡོ་རྗེ་རྣལ་འབྱོར་མ།/རྣལ་འབྱོར།	རྒྱུད།/རྡོ་རྗེ་རྣལ་འབྱོར་མ།/རྣལ་འབྱོར།	sungbum	0
S6369		རྒྱུད།/སྒྲོལ་མ།/བླ་བརྒྱུད།	རྒྱུད།/སྒྲོལ་མ།/བླ་བརྒྱུད།	sungbum	0
S6369		རྒྱུད།/སྙིང་པོ་དོན་གསུམ།/བླ་བརྒྱུད།	རྒྱུད།/སྙིང་པོ་དོན་གསུམ།/བླ་བརྒྱུད།	sungbum	0
S6369		རྒྱུད།/སྙིང་པོ་དོན་གསུམ།/རྣལ་འབྱོར།	རྒྱུད།/སྙིང་པོ་དོན་གསུམ།/རྣལ་འབྱོར།	sungbum	0
S6369		རྒྱུད།/སྤྱན་རས་གཟིགས།/བླ་བརྒྱུད།	རྒྱུད།/སྤྱན་རས་གཟིགས།/བླ་བརྒྱུད།	sungbum	0
S6369		རྒྱུད།/སྤྱི།/གཅོད།	རྒྱུད།/སྤྱི།/གཅོད།	sungbum	0
S6369		རྒྱུད།/སྤྱི།/གཏོར་མ།	རྒྱུད།/སྤྱི།/གཏོར་མ།	sungbum	0
S6369		རྒྱུད།/སྤྱི།/ངག་བྱིན་བརླབ།	རྒྱུད།/སྤྱི།/ངག་བྱིན་བརླབ།	sungbum	0
S6369		རྒྱུད།/སྤྱི།/བསངས་ཆོག	རྒྱུད།/སྤྱི།/བསངས་ཆོག	sungbum	0
S6369		རྒྱུད།/སྤྱི།/མཆོད་པ།	རྒྱུད།/སྤྱི།/མཆོད་པ།	sungbum	0
S6369		རྒྱུད།/སྤྱི།/རབ་གནས།	རྒྱུད།/སྤྱི།/རབ་གནས།	sungbum	0
S6369		རྒྱུད།/སྤྱི།/རྡོར་དྲིལ།	རྒྱུད།/སྤྱི།/རྡོར་དྲིལ།	sungbum	0
S6369		རྒྱུད།/སྤྱི།/སྡོམ་པ།	རྒྱུད།/སྤྱི།/སྡོམ་པ།	sungbum	0
S6369		རྒྱུད།/སྤྱི།/སྨན་བྱིན་རླབས།	རྒྱུད།/སྤྱི།/སྨན་བྱིན་རླབས།	sungbum	0
S6369		རྒྱུད།/སྨན་བླ།/བླ་བརྒྱུད།	རྒྱུད།/སྨན་བླ།/བླ་བརྒྱུད།	sungbum	0
S6369		རྒྱུད།/སྨན་བླ།/མདོ་ཆོག	རྒྱུད།/སྨན་བླ།/མདོ་ཆོག	sungbum	0
S6369		རྒྱུད།/སྨན་བླ།/རྣལ་འབྱོར།	རྒྱུད།/སྨན་བླ།/རྣལ་འབྱོར།	sungbum	0
S6369		རྒྱུད།/སྨན་བླ།/སྒྲུབ་ཐབས།	རྒྱུད།/སྨན་བླ།/སྒྲུབ་ཐབས།	sungbum	0
S6369		རྒྱུད།/ཧླ་མོ།/གཏོར་མ།	རྒྱུད།/ཧླ་མོ།/གཏོར་མ།	sungbum	0
S6369		ལམ་རིམ།/འཇམ་དཔལ་ཞལ་ལུང་།/བླ་བརྒྱུད།	ལམ་རིམ།/འཇམ་དཔལ་ཞལ་ལུང་།/བླ་བརྒྱུད།	sungbum	0
S6369	Classical Grammar	SUM RTAGS	Classical_Grammar--SUM_RTAGS	r6	0
S6369	Commentaries On The Practice	'GREL PA	Commentaries_On_The_Practice--'GREL_PA	r6	0
S6369	Descriptions Of The Sacred Diamond Bolt And Bell	RDOR DRIL	Descriptions_Of_The_Sacred_Diamond_Bolt_And_Bell--RDOR_DRIL	r6	0
S6369	Descriptions Of The Secret Vows	SDOM PA	Descriptions_Of_The_Secret_Vows--SDOM_PA	r6	0
S6369	Instructions Concerning The Secret World	DKYIL 'KHOR	Instructions_Concerning_The_Secret_World--DKYIL_'KHOR	r6	0
S6369	Instructions For Deep Spiritual Practice	RNAL 'BYOR	Instructions_For_Deep_Spiritual_Practice--RNAL_'BYOR	r6	0
S6369	Lama Practices	BLA MA'I RNAL 'BYOR	Lama_Practices--BLA_MA'I_RNAL_'BYOR	r6	0
S6369	Lineages Of The Lamas Who Have Passed On The Teaching	BLA MA'I BRGYUD	Lineages_Of_The_Lamas_Who_Have_Passed_On_The_Teaching--BLA_MA'I_BRGYUD	r6	0
S6369	Methods For Making Torma-Cake Offerings	GTOR MA	Methods_For_Making_Torma-Cake_Offerings--GTOR_MA	r6	0
S6369	Methods For Purifying Oneself Of Bad Karma Through The Four Forces	STOBS BZHI	Methods_For_Purifying_Oneself_Of_Bad_Karma_Through_The_Four_Forces--STOBS_BZHI	r6	0
S6369	Methods For Reaching The Holy Being	SGRUB THABS	Methods_For_Reaching_The_Holy_Being--SGRUB_THABS	r6	0
S6369	Methods For The Ritual Offering Of Fragrant Sang	GSANG	Methods_For_The_Ritual_Offering_Of_Fragrant_Sang--GSANG	r6	0
S6369	Methods Of Attaining Long Life	TSE SGRUB	Methods_Of_Attaining_Long_Life--TSE_SGRUB	r6	0
S6369	Methods Of Making Supplication To The Holy Being	GSOL 'DEBS	Methods_Of_Making_Supplication_To_The_Holy_Being--GSOL_'DEBS	r6	0
S6369	Methods Of Performing Spiritual Offerings	MCHOD PA	Methods_Of_Performing_Spiritual_Offerings--MCHOD_PA	r6	0
S6369	Methods Of Performing The Summary Ritual	MDO CHOG	Methods_Of_Performing_The_Summary_Ritual--MDO_CHOG	r6	0
S6369	Methods Of Prayer	SMON LAM	Methods_Of_Prayer--SMON_LAM	r6	0
S6369	Methods Of Praying For The Long Life Of High Beings	ZHABS BRTAN	Methods_Of_Praying_For_The_Long_Life_Of_High_Beings--ZHABS_BRTAN	r6	0
S6369	Methods Of Preparing A Sacred Vase	BUM PA	Methods_Of_Preparing_A_Sacred_Vase--BUM_PA	r6	0
S6369	Middle-Way Philosophy	DBU MA	Middle-Way_Philosophy--DBU_MA	r6	0
S6369	Miscellaneous works that do not fit into any other category	PHRAN TSEGS	Miscellaneous_works_that do not fit into any other category--PHRAN TSEGS	r6	0
S6369	Practices For Terminating Negativities	GCOD	Practices_For_Terminating_Negativities--GCOD	r6	0
S6369	Practices To Bless Medicine Before Its Use	SMAN BYIN	Practices_To_Bless_Medicine_Before_Its_Use--SMAN_BYIN	r6	0
S6369	Rituals For Improving Eyesight	SPYAN GSO	Rituals_For_Improving_Eyesight--SPYAN_GSO	r6	0
S6369	Rituals Of Consecration	RAB GNAS	Rituals_Of_Consecration--RAB_GNAS	r6	0
S6369	Rituals To Bless One's Speech	NGAG BYIN	Rituals_To_Bless_One's_Speech--NGAG_BYIN	r6	0
S6369	Words Of Praise	BSTOD PA	Words_Of_Praise--BSTOD_PA	r6	0
S6369	Works On The 37 Practices	LAG LEN SO BDUN MA	Works_On_The_37_Practices--LAG_LEN_SO_BDUN_MA	r6	0
S6369	Works On The Good-Heart Instructions In Seven Points	BLO SBYONG DON BDUN MA	Works_On_The_Good-Heart_Instructions_In_Seven_Points--BLO_SBYONG_DON_BDUN_MA	r6	0
S6369	Works On The Word Of Manjushri	'JAM DPAL ZHAL LUNG	Works_On_The_Word_Of_Manjushri--'JAM_DPAL_ZHAL_LUNG	r6	0
S6370		དབུ་མ།/དྲི་ལན།/དངུལ་ཆུ་དྷརྨ་བྷདྲ།	དབུ་མ།/དྲི་ལན།/དངུལ་ཆུ་དྷརྨ་བྷདྲ།	sungbum	0
S6370		དྲི་ལན།/དངུལ་ཆུ་དྷརྨ་བྷདྲ།	དྲི་ལན།/དངུལ་ཆུ་དྷརྨ་བྷདྲ།	sungbum	0
S6370		བླ་བརྒྱུད།	བླ་བརྒྱུད།	sungbum	0
S6370		བློ་སྦྱོང་།/བློ་སྦྱོང་དོན་བདུན་མ།/དཀའ་གནས།	བློ་སྦྱོང་།/བློ་སྦྱོང་དོན་བདུན་མ།/དཀའ་གནས།	sungbum	0
S6370		བློ་སྦྱོང་།/བློ་སྦྱོང་བློ་བཟང་དགོངས་རྒྱན།/འགྲེལ་པ།	བློ་སྦྱོང་།/བློ་སྦྱོང་བློ་བཟང་དགོངས་རྒྱན།/འགྲེལ་པ།	sungbum	0
S6370		འདུལ་བ།/གསོ་སྦྱོང་།	འདུལ་བ།/གསོ་སྦྱོང་།	sungbum	0
S6370		འདུལ་བ།/དགེ་ཚུལ།	འདུལ་བ།/དགེ་ཚུལ།	sungbum	0
S6370		འདུལ་བ།/དགེ་སློང་།	འདུལ་བ།/དགེ་སློང་།	sungbum	0
S6370		འདུལ་བ།/ལྟུང་བཤགས།	འདུལ་བ།/ལྟུང་བཤགས།	sungbum	0
S6370		འདུལ་བ།/སྤྱི།/དངུལ་ཆུ་དྷརྨ་བྷདྲ།	འདུལ་བ།/སྤྱི།/དངུལ་ཆུ་དྷརྨ་བྷདྲ།	sungbum	0
S6370	Astronomy And Astrology	SKAR RTZIS	Astronomy_And_Astrology--SKAR_RTZIS	r6	0
S6370	Buddhist Logic And Perceptual Theory	TSAD MA	Buddhist_Logic_And_Perceptual_Theory--TSAD_MA	r6	0
S6370	Classical Grammar	SUM RTAGS	Classical_Grammar--SUM_RTAGS	r6	0
S6370	Commentaries On The Practice	'GREL PA	Commentaries_On_The_Practice--'GREL_PA	r6	0
S6370	Commentaries To Sutras	MDO 'GREL	Commentaries_To_Sutras--MDO_'GREL	r6	0
S6370	Descriptions Of Sacred Gestures And Accoutrements	PHYAG RGYA	Descriptions_Of_Sacred_Gestures_And_Accoutrements--PHYAG_RGYA	r6	0
S6370	Descriptions Of The Burial Grounds	DUR KHROD	Descriptions_Of_The_Burial_Grounds--DUR_KHROD	r6	0
S6370	Descriptions Of The Paths And Levels Of Secret Practice	SA LAM	Descriptions_Of_The_Paths_And_Levels_Of_Secret_Practice--SA_LAM	r6	0
S6370	Descriptions Of The Sacred Diamond Bolt And Bell	RDOR DRIL	Descriptions_Of_The_Sacred_Diamond_Bolt_And_Bell--RDOR_DRIL	r6	0
S6370	Descriptions Of The Secret Vows	SDOM PA	Descriptions_Of_The_Secret_Vows--SDOM_PA	r6	0
S6370	General Commentaries	SPYI	General_Commentaries--SPYI	r6	0
S6370	Higher Knowledge	MNGON PA	Higher_Knowledge--MNGON_PA	r6	0
S6370	Instructions Concerning The Secret World	DKYIL 'KHOR	Instructions_Concerning_The_Secret_World--DKYIL_'KHOR	r6	0
S6370	Instructions For A Secret Retreat	BSNYEN PA	Instructions_For_A_Secret_Retreat--BSNYEN_PA	r6	0
S6370	Instructions For Deep Spiritual Practice	RNAL 'BYOR	Instructions_For_Deep_Spiritual_Practice--RNAL_'BYOR	r6	0
S6370	Instructions For Full Monks And Nuns	DGE SLONG	Instructions_For_Full_Monks_And_Nuns--DGE_SLONG	r6	0
S6370	Instructions For Novice Monks And Nuns	DGE TSUL	Instructions_For_Novice_Monks_And_Nuns--DGE_TSUL	r6	0
S6370	Instructions For Offering To The Transformed Hand	PHYAG MCHOD	Instructions_For_Offering_To_The_Transformed_Hand--PHYAG_MCHOD	r6	0
S6370	Instructions For The Practice Of The Eight Attainments	DNGOS GRUB BRGYAD	Instructions_For_The_Practice_Of_The_Eight_Attainments--DNGOS_GRUB_BRGYAD	r6	0
S6370	Instructions For The Practice Of The Secret World Of The Body	LUS DKYIL	Instructions_For_The_Practice_Of_The_Secret_World_Of_The_Body--LUS_DKYIL	r6	0
S6370	Instructions For The Stage Of Completion	RDZOGS RIM	Instructions_For_The_Stage_Of_Completion--RDZOGS_RIM	r6	0
S6370	Instructions For The Stage Of Creation	BSKYED RIM	Instructions_For_The_Stage_Of_Creation--BSKYED_RIM	r6	0
S6370	Instructions On The Preparation And Use Of Tantric Nectar	BDUD RTZIS	Instructions_On_The_Preparation_And_Use_Of_Tantric_Nectar--BDUD_RTZIS	r6	0
S6370	Lama Practices	BLA MA'I RNAL 'BYOR	Lama_Practices--BLA_MA'I_RNAL_'BYOR	r6	0
S6370	Lineages Of The Lamas Who Have Passed On The Teaching	BLA MA'I BRGYUD	Lineages_Of_The_Lamas_Who_Have_Passed_On_The_Teaching--BLA_MA'I_BRGYUD	r6	0
S6370	Methods For Entering The Secret World By Oneself	BDAG 'JUG	Methods_For_Entering_The_Secret_World_By_Oneself--BDAG_'JUG	r6	0
S6370	Methods For Making Torma-Cake Offerings	GTOR MA	Methods_For_Making_Torma-Cake_Offerings--GTOR_MA	r6	0
S6370	Methods For Reaching The Holy Being	SGRUB THABS	Methods_For_Reaching_The_Holy_Being--SGRUB_THABS	r6	0
S6370	Methods For The Practice Of Realization	MNGON RTOGS	Methods_For_The_Practice_Of_Realization--MNGON_RTOGS	r6	0
S6370	Methods Of Granting Empowerment Into Secret Practice	DBANG	Methods_Of_Granting_Empowerment_Into_Secret_Practice--DBANG	r6	0
S6370	Methods Of Offering A Mandala Or A Gift Of The Universe	MAndAL 'BUL TSUL	Methods_Of_Offering_A_Mandala_Or_A_Gift_Of_The_Universe--MAndAL_'BUL_TSUL	r6	0
S6370	Methods Of Performing Fire Offerings	SBYIN SREG	Methods_Of_Performing_Fire_Offerings--SBYIN_SREG	r6	0
S6370	Methods Of Performing Spiritual Offerings	MCHOD PA	Methods_Of_Performing_Spiritual_Offerings--MCHOD_PA	r6	0
S6370	Methods Of Prayer	SMON LAM	Methods_Of_Prayer--SMON_LAM	r6	0
S6370	Methods Of Spiritual Fasting	SMYUNG GNAS	Methods_Of_Spiritual_Fasting--SMYUNG_GNAS	r6	0
S6370	Middle-Way Philosophy	DBU MA	Middle-Way_Philosophy--DBU_MA	r6	0
S6370	Miscellaneous works that do not fit into any other category	PHRAN TSEGS	Miscellaneous_works_that do not fit into any other category--PHRAN TSEGS	r6	0
S6370	Ngulchu Dharma Bhadra	DNGUL CHU DHARMA BHADRA	Ngulchu_Dharma_Bhadra--DNGUL_CHU_DHARMA_BHADRA	r6	0
S6370	Philology	TSIG SNA TSOGS KYI SKOR	Philology--TSIG_SNA_TSOGS_KYI_SKOR	r6	0
S6370	Practices For Preventing Harmful Spirits	BZLOG PA	Practices_For_Preventing_Harmful_Spirits--BZLOG_PA	r6	0
S6370	Prayers For Monastic Confession	LTUNG BSHAGS	Prayers_For_Monastic_Confession--LTUNG_BSHAGS	r6	0
S6370	Preliminary Practices Before Meditation Sessions	SBYOR CHOS	Preliminary_Practices_Before_Meditation_Sessions--SBYOR_CHOS	r6	0
S6370	Rituals For Entering The Secret World	DKYIL CHOG	Rituals_For_Entering_The_Secret_World--DKYIL_CHOG	r6	0
S6370	Rituals Of Consecration	RAB GNAS	Rituals_Of_Consecration--RAB_GNAS	r6	0
S6370	Rituals Of Monastic Confession	GSO SBYONG	Rituals_Of_Monastic_Confession--GSO_SBYONG	r6	0
S6370	Sadyamayoga	Tundruk--The Practice For Six Times Of The Day--THUN DRUG	Sadyamayoga--Tundruk--The_Practice_For_Six_Times_Of_The_Day--THUN_DRUG	r6	0
S6370	Secret Words For The Practice	SNGAGS	Secret_Words_For_The_Practice--SNGAGS	r6	0
S6370	Teachings On The Tantric Class Of Action	BYA RGYUD	Teachings_On_The_Tantric_Class_Of_Action--BYA_RGYUD	r6	0
S6370	Teachings on the subject of inner heat	GTUM MO	Teachings_on_the subject of inner heat--GTUM MO	r6	0
S6370	The Art Of Interpreting The Buddha	DRANG NGES	The_Art_Of_Interpreting_The_Buddha--DRANG_NGES	r6	0
S6370	Works Concerning The Twenty Verses On Vows	SDOM PA NYI SHU PA	Works_Concerning_The_Twenty_Verses_On_Vows--SDOM_PA_NYI_SHU_PA	r6	0
S6370	Works On How To Go For Buddhist Refuge	SKYABS 'GRO	Works_On_How_To_Go_For_Buddhist_Refuge--SKYABS_'GRO	r6	0
S6370	Works On The Bodhisattva Vows	BYANG SEMS SDOM PA	Works_On_The_Bodhisattva_Vows--BYANG_SEMS_SDOM_PA	r6	0
S6370	Works On The Four Classes Of Secret Teachings	RGYUD SDE BZHI	Works_On_The_Four_Classes_Of_Secret_Teachings--RGYUD_SDE_BZHI	r6	0
S6370	Works On The Four Modes Of Sacred Activity	LAS BZHI	Works_On_The_Four_Modes_Of_Sacred_Activity--LAS_BZHI	r6	0
S6370	Works On The Good-Heart Instructions In Seven Points	BLO SBYONG DON BDUN MA	Works_On_The_Good-Heart_Instructions_In_Seven_Points--BLO_SBYONG_DON_BDUN_MA	r6	0
S6370	Works On The Great Book On The Steps Of The Path	LAM RIM CHEN MO	Works_On_The_Great_Book_On_The_Steps_Of_The_Path--LAM_RIM_CHEN_MO	r6	0
S6370	Works On The Path Of Ease	BDE LAM	Works_On_The_Path_Of_Ease--BDE_LAM	r6	0
S6370	Works On The Thousand Angels Of The Heaven Of Bliss	DGA' LDAN LHA BRGYA MA	Works_On_The_Thousand_Angels_Of_The_Heaven_Of_Bliss--DGA'_LDAN_LHA_BRGYA_MA	r6	0
S6370	Works On The True Thought Of Lobsang	BLO BZANG DGONGS RGYAN	Works_On_The_True_Thought_Of_Lobsang--BLO_BZANG_DGONGS_RGYAN	r6	0
S6370	Works Relating To The State Between Death And Rebirth	BAR DO	Works_Relating_To_The_State_Between_Death_And_Rebirth--BAR_DO	r6	0
S6371		ཉམས་ལེན།/སྐོར་བ།	ཉམས་ལེན།/སྐོར་བ།	sungbum	0
S6371	Methods For The Practice Of Praying While Walking Around Holy Places	SKOR BA	Methods_For_The_Practice_Of_Praying_While_Walking_Around_Holy_Places--SKOR_BA	r6	0
S6372		རྒྱུད།/འཇིགས་བྱེད།/དཀྱིལ་འཁོར།	རྒྱུད།/འཇིགས་བྱེད།/དཀྱིལ་འཁོར།	sungbum	0
S6372	Instructions Concerning The Secret World	DKYIL 'KHOR	Instructions_Concerning_The_Secret_World--DKYIL_'KHOR	r6	0
S6373		རྒྱུད།/མགོན་པོ།/བསྙེན་པ།	རྒྱུད།/མགོན་པོ།/བསྙེན་པ།	sungbum	0
S6374		རྒྱུད།/མགོན་པོ།/རྣལ་འབྱོར།	རྒྱུད།/མགོན་པོ།/རྣལ་འབྱོར།	sungbum	0
S6374	Instructions For Deep Spiritual Practice	RNAL 'BYOR	Instructions_For_Deep_Spiritual_Practice--RNAL_'BYOR	r6	0
S6375		རྒྱུད།/མགོན་པོ།/སྦྱིན་སྲེག	རྒྱུད།/མགོན་པོ།/སྦྱིན་སྲེག	sungbum	0
S6375	Methods Of Performing Fire Offerings	SBYIN SREG	Methods_Of_Performing_Fire_Offerings--SBYIN_SREG	r6	0
S6376		རྒྱུད།/ཆོས་རྒྱལ།/གཏོར་མ།	རྒྱུད།/ཆོས་རྒྱལ།/གཏོར་མ།	sungbum	0
S6376	Methods For Making Torma-Cake Offerings	GTOR MA	Methods_For_Making_Torma-Cake_Offerings--GTOR_MA	r6	0
S6377		རྒྱུད།/ཆོས་རྒྱལ།/རྗེས་གནང་།	རྒྱུད།/ཆོས་རྒྱལ།/རྗེས་གནང་།	sungbum	0
S6377		རྒྱུད།/དུར་ཁྲོད་བདག་པོ།/རྗེས་གནང་།	རྒྱུད།/དུར་ཁྲོད་བདག་པོ།/རྗེས་གནང་།	sungbum	0
S6377		རྒྱུད།/མགོན་པོ།/རྗེས་གནང་།	རྒྱུད།/མགོན་པོ།/རྗེས་གནང་།	sungbum	0
S6377		རྒྱུད།/འཁོར་ལོ་སྡོམ་པ།/བསྒོམ་བཟླས།	རྒྱུད།/འཁོར་ལོ་སྡོམ་པ།/བསྒོམ་བཟླས།	sungbum	0
S6377		རྒྱུད།/རྣམ་ཐོས་སྲས།/རྗེས་གནང་།	རྒྱུད།/རྣམ་ཐོས་སྲས།/རྗེས་གནང་།	sungbum	0
S6377		རྒྱུད།/ལྕམ་སྲིང་།/རྗེས་གནང་།	རྒྱུད།/ལྕམ་སྲིང་།/རྗེས་གནང་།	sungbum	0
S6377		རྒྱུད།/ཧླ་མོ།/རྗེས་གནང་།	རྒྱུད།/ཧླ་མོ།/རྗེས་གནང་།	sungbum	0
S6377		རྒྱུད།/ཧླ་མོ།/སྔགས།	རྒྱུད།/ཧླ་མོ།/སྔགས།	sungbum	0
S6377	Methods For Making Torma-Cake Offerings	GTOR MA	Methods_For_Making_Torma-Cake_Offerings--GTOR_MA	r6	0
S6377	Practices Of Meditation And Reciting Sacred Words	BSGOMS BZLAS	Practices_Of_Meditation_And_Reciting_Sacred_Words--BSGOMS_BZLAS	r6	0
S6377	Rites For Granting Sacred Permission	RJES GNANG	Rites_For_Granting_Sacred_Permission--RJES_GNANG	r6	0
S6377	Secret Words For The Practice	SNGAGS	Secret_Words_For_The_Practice--SNGAGS	r6	0
S6378		རྒྱུད།/ནེ་སེར།/རྗེས་གནང་།	རྒྱུད།/ནེ་སེར།/རྗེས་གནང་།	sungbum	0
S6378		རྒྱུད།/ཚངས་པ།/རྗེས་གནང་།	རྒྱུད།/ཚངས་པ།/རྗེས་གནང་།	sungbum	0
S6378	Rites For Granting Sacred Permission	RJES GNANG	Rites_For_Granting_Sacred_Permission--RJES_GNANG	r6	0
S6379		རྒྱུད།/ཚོགས་བདག/གཏོར་མ།	རྒྱུད།/ཚོགས་བདག/གཏོར་མ།	sungbum	0
S6379	Methods For Making Torma-Cake Offerings	GTOR MA	Methods_For_Making_Torma-Cake_Offerings--GTOR_MA	r6	0
S6380		རྒྱུད།/ཀུནྡྷ་ལི།/སྒྲུབ་ཐབས།	རྒྱུད།/ཀུནྡྷ་ལི།/སྒྲུབ་ཐབས།	sungbum	0
S6380		རྒྱུད།/གུར་མགོན།/མངའ་གསོལ།	རྒྱུད།/གུར་མགོན།/མངའ་གསོལ།	sungbum	0
S6380		རྒྱུད།/དུར་ཁྲོད་བདག་པོ།/མཆོད་པ།	རྒྱུད།/དུར་ཁྲོད་བདག་པོ།/མཆོད་པ།	sungbum	0
S6380		རྒྱུད།/ཕྱག་ན་རྡོ་རྗེ།/གཏོར་མ།	རྒྱུད།/ཕྱག་ན་རྡོ་རྗེ།/གཏོར་མ།	sungbum	0
S6380		རྒྱུད།/བདེ་མཆོག/བསྙེན་པ།	རྒྱུད།/བདེ་མཆོག/བསྙེན་པ།	sungbum	0
S6380		རྒྱུད།/ཙཎྜི་ཀཱ།/གསོལ་འདེབས།	རྒྱུད།/ཙཎྜི་ཀཱ།/གསོལ་འདེབས།	sungbum	0
S6380		རྒྱུད།/ཞལ་བཅུ་གཅིག/གཏོར་མ།	རྒྱུད།/ཞལ་བཅུ་གཅིག/གཏོར་མ།	sungbum	0
S6380		རྒྱུད།/འཇིགས་བྱེད།/གཏོར་མ།	རྒྱུད།/འཇིགས་བྱེད།/གཏོར་མ།	sungbum	0
S6380		རྒྱུད།/རྡོ་རྗེ་ཁྱུང་ལུང་མ།/མཆོད་པ།	རྒྱུད།/རྡོ་རྗེ་ཁྱུང་ལུང་མ།/མཆོད་པ།	sungbum	0
S6380		རྒྱུད།/རྡོ་རྗེ་དྲག/གཏོར་མ།	རྒྱུད།/རྡོ་རྗེ་དྲག/གཏོར་མ།	sungbum	0
S6380		རྒྱུད།/རྡོ་རྗེ་རབ་བརྟན་མ།/བླ་བརྒྱུད།	རྒྱུད།/རྡོ་རྗེ་རབ་བརྟན་མ།/བླ་བརྒྱུད།	sungbum	0
S6380		རྒྱུད།/རྣམ་ཐོས་སྲས།/གཏོར་མ།	རྒྱུད།/རྣམ་ཐོས་སྲས།/གཏོར་མ།	sungbum	0
S6380		རྒྱུད།/རྣམ་ཐོས་སྲས།/བསྒོམ་བཟླས།	རྒྱུད།/རྣམ་ཐོས་སྲས།/བསྒོམ་བཟླས།	sungbum	0
S6380		རྒྱུད།/སྤྱི།/གཏོར་མ།	རྒྱུད།/སྤྱི།/གཏོར་མ།	sungbum	0
S6380		རྒྱུད།/སྤྱི།/གསེར་སྐྱེམས།	རྒྱུད།/སྤྱི།/གསེར་སྐྱེམས།	sungbum	0
S6380		རྒྱུད།/སྤྱི།/བསངས་ཆོག	རྒྱུད།/སྤྱི།/བསངས་ཆོག	sungbum	0
S6380	Instructions For A Secret Retreat	BSNYEN PA	Instructions_For_A_Secret_Retreat--BSNYEN_PA	r6	0
S6380	Instructions For The Sacred Offering Of The Golden Beverage	GSER SKYEMS	Instructions_For_The_Sacred_Offering_Of_The_Golden_Beverage--GSER_SKYEMS	r6	0
S6380	Lineages Of The Lamas Who Have Passed On The Teaching	BLA MA'I BRGYUD	Lineages_Of_The_Lamas_Who_Have_Passed_On_The_Teaching--BLA_MA'I_BRGYUD	r6	0
S6380	Methods For Making Torma-Cake Offerings	GTOR MA	Methods_For_Making_Torma-Cake_Offerings--GTOR_MA	r6	0
S6380	Methods For Reaching The Holy Being	SGRUB THABS	Methods_For_Reaching_The_Holy_Being--SGRUB_THABS	r6	0
S6380	Methods For The Ritual Offering Of Fragrant Sang	GSANG	Methods_For_The_Ritual_Offering_Of_Fragrant_Sang--GSANG	r6	0
S6380	Methods Of Making Supplication To The Holy Being	GSOL 'DEBS	Methods_Of_Making_Supplication_To_The_Holy_Being--GSOL_'DEBS	r6	0
S6380	Methods Of Performing Spiritual Offerings	MCHOD PA	Methods_Of_Performing_Spiritual_Offerings--MCHOD_PA	r6	0
S6380	Practices Of Meditation And Reciting Sacred Words	BSGOMS BZLAS	Practices_Of_Meditation_And_Reciting_Sacred_Words--BSGOMS_BZLAS	r6	0
S6380	Rituals Of Propitiation	MNGA' GSOL	Rituals_Of_Propitiation--MNGA'_GSOL	r6	0
S6381		རྒྱུད།/སྤྱི།/རབ་གནས།	རྒྱུད།/སྤྱི།/རབ་གནས།	sungbum	0
S6381	Rituals Of Consecration	RAB GNAS	Rituals_Of_Consecration--RAB_GNAS	r6	0
S6382		རྒྱུད།/སྤྱི།/རབ་གནས།	རྒྱུད།/སྤྱི།/རབ་གནས།	sungbum	0
S6382	Rituals Of Consecration	RAB GNAS	Rituals_Of_Consecration--RAB_GNAS	r6	0
S6383		རྒྱུད།/སྤྱི།/བཟློག་པ།	རྒྱུད།/སྤྱི།/བཟློག་པ།	sungbum	0
S6383	Practices For Preventing Harmful Spirits	BZLOG PA	Practices_For_Preventing_Harmful_Spirits--BZLOG_PA	r6	0
S6384		ཉམས་ལེན།/གསོལ་འདེབས།/དངུལ་ཆུ་དྷརྨ་བྷདྲ།	ཉམས་ལེན།/གསོལ་འདེབས།/དངུལ་ཆུ་དྷརྨ་བྷདྲ།	sungbum	0
S6384		ཉམས་ལེན།/ཞབས་བརྟན།	ཉམས་ལེན།/ཞབས་བརྟན།	sungbum	0
S6384	Methods Of Making Supplication To The Holy Being	GSOL 'DEBS	Methods_Of_Making_Supplication_To_The_Holy_Being--GSOL_'DEBS	r6	0
S6384	Methods Of Praying For The Long Life Of High Beings	ZHABS BRTAN	Methods_Of_Praying_For_The_Long_Life_Of_High_Beings--ZHABS_BRTAN	r6	0
S6385		བསྟོད་པ།/ངག་དབང་རྡོ་རྗེ།	བསྟོད་པ།/ངག་དབང་རྡོ་རྗེ།	sungbum	0
S6385		བསྟོད་པ།/བློ་བཟང་ཚེ་རིང་།	བསྟོད་པ།/བློ་བཟང་ཚེ་རིང་།	sungbum	0
S6385	Methods Of Making Supplication To The Holy Being	GSOL 'DEBS	Methods_Of_Making_Supplication_To_The_Holy_Being--GSOL_'DEBS	r6	0
S6385	Words Of Praise	BSTOD PA	Words_Of_Praise--BSTOD_PA	r6	0
S6386		ཉམས་ལེན།/ཞབས་བརྟན།/དངུལ་ཆུ་དྷརྨ་བྷདྲ།	ཉམས་ལེན།/ཞབས་བརྟན།/དངུལ་ཆུ་དྷརྨ་བྷདྲ།	sungbum	0
S6386	Methods Of Praying For The Long Life Of High Beings	ZHABS BRTAN	Methods_Of_Praying_For_The_Long_Life_Of_High_Beings--ZHABS_BRTAN	r6	0
S6387		ཉམས་ལེན།/གསོལ་འདེབས།/དབྱངས་ཅན་གྲུབ་པའི་རྡོ་རྗེ།	ཉམས་ལེན།/གསོལ་འདེབས།/དབྱངས་ཅན་གྲུབ་པའི་རྡོ་རྗེ།	sungbum	0
S6387		ཉམས་ལེན།/ཞབས་བརྟན།/དངུལ་ཆུ་དྷརྨ་བྷདྲ།	ཉམས་ལེན།/ཞབས་བརྟན།/དངུལ་ཆུ་དྷརྨ་བྷདྲ།	sungbum	0
S6387		བསྟོད་པ།/དབྱངས་ཅན་གྲུབ་པའི་རྡོ་རྗེའི།	བསྟོད་པ།/དབྱངས་ཅན་གྲུབ་པའི་རྡོ་རྗེའི།	sungbum	0
S6387	Methods Of Making Supplication To The Holy Being	GSOL 'DEBS	Methods_Of_Making_Supplication_To_The_Holy_Being--GSOL_'DEBS	r6	0
S6387	Methods Of Praying For The Long Life Of High Beings	ZHABS BRTAN	Methods_Of_Praying_For_The_Long_Life_Of_High_Beings--ZHABS_BRTAN	r6	0
S6387	Words Of Praise	BSTOD PA	Words_Of_Praise--BSTOD_PA	r6	0
S6388		གསུམ་རྟགས།	གསུམ་རྟགས།	sungbum	0
S6388	Classical Grammar	SUM RTAGS	Classical_Grammar--SUM_RTAGS	r6	0
S6389		གསུམ་རྟགས།	གསུམ་རྟགས།	sungbum	0
S6389	Classical Grammar	SUM RTAGS	Classical_Grammar--SUM_RTAGS	r6	0
S6390		གསུམ་རྟགས།	གསུམ་རྟགས།	sungbum	0
S6390	Classical Grammar	SUM RTAGS	Classical_Grammar--SUM_RTAGS	r6	0
S6391		སྙན་ངག/སྤྱི།	སྙན་ངག/སྤྱི།	sungbum	0
S6391	Classical Poetry	SNYAN NGAG	Classical_Poetry--SNYAN_NGAG	r6	0
S6392		སྙན་ངག/གྲངས་ཀྱི་མགོན་བརྗོད།	སྙན་ངག/གྲངས་ཀྱི་མགོན་བརྗོད།	sungbum	0
S6392	Classical Poetry	SNYAN NGAG	Classical_Poetry--SNYAN_NGAG	r6	0
S6393	Classical Poetry	SNYAN NGAG	Classical_Poetry--SNYAN_NGAG	r6	0
S6394		སྙན་ངག/སྙན་ངག་གབ་ཚིག	སྙན་ངག/སྙན་ངག་གབ་ཚིག	sungbum	0
S6394	Classical Poetry	SNYAN NGAG	Classical_Poetry--SNYAN_NGAG	r6	0
S6395		སྙན་ངག/སྤྱི།	སྙན་ངག/སྤྱི།	sungbum	0
S6395	Classical Poetry	SNYAN NGAG	Classical_Poetry--SNYAN_NGAG	r6	0
S6396		གསུམ་རྟགས།	གསུམ་རྟགས།	sungbum	0
S6396	Classical Grammar	SUM RTAGS	Classical_Grammar--SUM_RTAGS	r6	0
S6397		འཕྲིན་ཡིག/དངུལ་ཆུ་དྷརྨ་བྷདྲ།	འཕྲིན་ཡིག/དངུལ་ཆུ་དྷརྨ་བྷདྲ།	sungbum	0
S6397	Epistles	'PHRIN YIG	Epistles--'PHRIN_YIG	r6	0
S6398		གསུམ་རྟགས།	གསུམ་རྟགས།	sungbum	0
S6398	Classical Grammar	SUM RTAGS	Classical_Grammar--SUM_RTAGS	r6	0
S6399		སྒྲ།/ཉེར་བསྒྱུར།	སྒྲ།/ཉེར་བསྒྱུར།	sungbum	0
S6399	Tibetan Works On The Sanskrit Language And Sacred Sanskrit Syllables	SGRA	Tibetan_Works_On_The_Sanskrit_Language_And_Sacred_Sanskrit_Syllables--SGRA	r6	0
S64		རྒྱུད།/རྡོ་རྗེ་རྣལ་འབྱོར་མ།/རྣལ་འབྱོར།	རྒྱུད།/རྡོ་རྗེ་རྣལ་འབྱོར་མ།/རྣལ་འབྱོར།	sungbum	0
S64	Instructions For Deep Spiritual Practice	RNAL 'BYOR	Instructions_For_Deep_Spiritual_Practice--RNAL_'BYOR	r6	0
S6400		སྒྲ།/སྔགས་ཀློག་ཚུལ།	སྒྲ།/སྔགས་ཀློག་ཚུལ།	sungbum	0
S6400	Tibetan Works On The Sanskrit Language And Sacred Sanskrit Syllables	SGRA	Tibetan_Works_On_The_Sanskrit_Language_And_Sacred_Sanskrit_Syllables--SGRA	r6	0
S6401		སྒྲ།/སྔགས་ཀློག་ཚུལ།	སྒྲ།/སྔགས་ཀློག་ཚུལ།	sungbum	0
S6401	Tibetan Works On The Sanskrit Language And Sacred Sanskrit Syllables	SGRA	Tibetan_Works_On_The_Sanskrit_Language_And_Sacred_Sanskrit_Syllables--SGRA	r6	0
S6402		སྐར་རྩིས།/གཟའ་སྐར།	སྐར་རྩིས།/གཟའ་སྐར།	sungbum	0
S6402	Astronomy And Astrology	SKAR RTZIS	Astronomy_And_Astrology--SKAR_RTZIS	r6	0
S6403		ལྷ་བཟོ།/ལམ་རིམ།	ལྷ་བཟོ།/ལམ་རིམ།	sungbum	0
S6403	Works On Sacred Art	LHA BZO	Works_On_Sacred_Art--LHA_BZO	r6	0
S6404		ལམ་རིམ།/ལམ་གཙོ་རྣམ་གསུམ།/འགྲེལ་པ།	ལམ་རིམ།/ལམ་གཙོ་རྣམ་གསུམ།/འགྲེལ་པ།	sungbum	0
S6404	Works On The Three Principal Paths	LAM GTZO RNAM GSUM	Works_On_The_Three_Principal_Paths--LAM_GTZO_RNAM_GSUM	r6	0
S6405		རྒྱུད།/དྲག་པོ་གསུམ་སྒྲིལ།/བསྒོམ་བཟླས།	རྒྱུད།/དྲག་པོ་གསུམ་སྒྲིལ།/བསྒོམ་བཟླས།	sungbum	0
S6405	Practices Of Meditation And Reciting Sacred Words	BSGOMS BZLAS	Practices_Of_Meditation_And_Reciting_Sacred_Words--BSGOMS_BZLAS	r6	0
S6405	Rites For Granting Sacred Permission	RJES GNANG	Rites_For_Granting_Sacred_Permission--RJES_GNANG	r6	0
S6406		རྒྱུད།/ཀུ་རུ་ཀུལ་ལེ།/དབང་།	རྒྱུད།/ཀུ་རུ་ཀུལ་ལེ།/དབང་།	sungbum	0
S6406	Methods Of Granting Empowerment Into Secret Practice	DBANG	Methods_Of_Granting_Empowerment_Into_Secret_Practice--DBANG	r6	0
S6407		སྐར་རྩིས།/འབྲས་རྩིས།	སྐར་རྩིས།/འབྲས་རྩིས།	sungbum	0
S6407	Astronomy And Astrology	SKAR RTZIS	Astronomy_And_Astrology--SKAR_RTZIS	r6	0
S6408		རྒྱུད།/འཇིག་རྟེན་གྱི་ལྷ་སྲུང་།/མཆོད་པ།	རྒྱུད།/འཇིག་རྟེན་གྱི་ལྷ་སྲུང་།/མཆོད་པ།	sungbum	0
S6408	Methods Of Performing Spiritual Offerings	MCHOD PA	Methods_Of_Performing_Spiritual_Offerings--MCHOD_PA	r6	0
S6409		ཉམས་ལེན།/སྨོན་ལམ།/དངུལ་ཆུ་དྷརྨ་བྷདྲ།	ཉམས་ལེན།/སྨོན་ལམ།/དངུལ་ཆུ་དྷརྨ་བྷདྲ།	sungbum	0
S6409	Methods Of Prayer	SMON LAM	Methods_Of_Prayer--SMON_LAM	r6	0
S6410		ཉམས་ལེན།/སྨོན་ལམ།/དངུལ་ཆུ་དྷརྨ་བྷདྲ།	ཉམས་ལེན།/སྨོན་ལམ།/དངུལ་ཆུ་དྷརྨ་བྷདྲ།	sungbum	0
S6410	Methods Of Prayer	SMON LAM	Methods_Of_Prayer--SMON_LAM	r6	0
S6411		རྒྱུད།/བླ་མ་མཆོད་པ།/འགྲེལ་པ།	རྒྱུད།/བླ་མ་མཆོད་པ།/འགྲེལ་པ།	sungbum	0
S6411	Commentaries On The Practice	'GREL PA	Commentaries_On_The_Practice--'GREL_PA	r6	0
S6412		རྒྱུད།/རྡོ་རྗེ་རྣལ་འབྱོར་མ།/རྣལ་འབྱོར།	རྒྱུད།/རྡོ་རྗེ་རྣལ་འབྱོར་མ།/རྣལ་འབྱོར།	sungbum	0
S6412	Instructions For Deep Spiritual Practice	RNAL 'BYOR	Instructions_For_Deep_Spiritual_Practice--RNAL_'BYOR	r6	0
S6413		རྒྱུད།/འཇིགས་བྱེད།/བསྐྱེད་རིམ།	རྒྱུད།/འཇིགས་བྱེད།/བསྐྱེད་རིམ།	sungbum	0
S6413	Instructions For The Stage Of Creation	BSKYED RIM	Instructions_For_The_Stage_Of_Creation--BSKYED_RIM	r6	0
S6414		རྒྱུད།/འཇིགས་བྱེད།/བསྐྱེད་རིམ།	རྒྱུད།/འཇིགས་བྱེད།/བསྐྱེད་རིམ།	sungbum	0
S6414	Instructions For The Stage Of Creation	BSKYED RIM	Instructions_For_The_Stage_Of_Creation--BSKYED_RIM	r6	0
S6415		རྒྱུད།/འཇིགས་བྱེད།/རྣལ་འབྱོར།	རྒྱུད།/འཇིགས་བྱེད།/རྣལ་འབྱོར།	sungbum	0
S6415	Instructions For Deep Spiritual Practice	RNAL 'BYOR	Instructions_For_Deep_Spiritual_Practice--RNAL_'BYOR	r6	0
S6416		རྒྱུད།/བླ་མ་ལྔ་བཅུ་པ།/འགྲེལ་པ།	རྒྱུད།/བླ་མ་ལྔ་བཅུ་པ།/འགྲེལ་པ།	sungbum	0
S6416	Commentaries On The Practice	'GREL PA	Commentaries_On_The_Practice--'GREL_PA	r6	0
S6419		ལམ་རིམ།/བདེ་ལམ།/འགྲེལ་པ།	ལམ་རིམ།/བདེ་ལམ།/འགྲེལ་པ།	sungbum	0
S6419	Works On The Path Of Ease	BDE LAM	Works_On_The_Path_Of_Ease--BDE_LAM	r6	0
S6420		རྒྱུད།/བདེ་མཆོག/བསྐྱེད་རིམ།	རྒྱུད།/བདེ་མཆོག/བསྐྱེད་རིམ།	sungbum	0
S6420	Instructions For The Stage Of Creation	BSKYED RIM	Instructions_For_The_Stage_Of_Creation--BSKYED_RIM	r6	0
S65		རྒྱུད།/རྡོ་རྗེ་རྣལ་འབྱོར་མ།/བསྟོད་པ།	རྒྱུད།/རྡོ་རྗེ་རྣལ་འབྱོར་མ།/བསྟོད་པ།	sungbum	0
S65	Words Of Praise	BSTOD PA	Words_Of_Praise--BSTOD_PA	r6	0
S6512		ཉམས་ལེན།/བླ་མའི་རྣལ་འབྱོར།/ཀེའུ་ཚང་བློ་བཟང་འཇམ་དབྱངས་སྨོན་ལམ།	ཉམས་ལེན།/བླ་མའི་རྣལ་འབྱོར།/ཀེའུ་ཚང་བློ་བཟང་འཇམ་དབྱངས་སྨོན་ལམ།	sungbum	0
S6512		རྒྱུད།/ཐུན་དྲུག	རྒྱུད།/ཐུན་དྲུག	sungbum	0
S6512	Lama Practices	BLA MA'I RNAL 'BYOR	Lama_Practices--BLA_MA'I_RNAL_'BYOR	r6	0
S6512	Sadyamayoga	Tundruk--The Practice For Six Times Of The Day--THUN DRUG	Sadyamayoga--Tundruk--The_Practice_For_Six_Times_Of_The_Day--THUN_DRUG	r6	0
S6514		སེམས་ཙམ།/ཀུན་གཞིའི་རྣམ་པར་ཤེས།/ཀེའུ་ཚང་བློ་བཟང་འཇམ་དབྱངས་སྨོན་ལམ།	སེམས་ཙམ།/ཀུན་གཞིའི་རྣམ་པར་ཤེས།/ཀེའུ་ཚང་བློ་བཟང་འཇམ་དབྱངས་སྨོན་ལམ།	sungbum	0
S6514	The Mind Only School	SEMS TZAM	The_Mind_Only_School--SEMS_TZAM	r6	0
S6515	Preliminary Practices Before Meditation Sessions	SBYOR CHOS	Preliminary_Practices_Before_Meditation_Sessions--SBYOR_CHOS	r6	0
S6516		ལམ་རིམ།/ལམ་རིམ་ཆུང་བ།	ལམ་རིམ།/ལམ་རིམ་ཆུང་བ།	sungbum	0
S6516	Works on The Briefer Book on the Steps of the Path	LAM RIM BSDUS DON	Works_on The Briefer Book on the Steps of the Path--LAM RIM BSDUS DON	r6	0
S6517		རྒྱུད།/ཕྱག་རྒྱ་ཆེན་པོ།/འགྲེལ་པ།	རྒྱུད།/ཕྱག་རྒྱ་ཆེན་པོ།/འགྲེལ་པ།	sungbum	0
S6517	Commentaries On The Practice	'GREL PA	Commentaries_On_The_Practice--'GREL_PA	r6	0
S6519		འདུལ་བ།/དགེ་སློང་།	འདུལ་བ།/དགེ་སློང་།	sungbum	0
S6519	Instructions For Full Monks And Nuns	DGE SLONG	Instructions_For_Full_Monks_And_Nuns--DGE_SLONG	r6	0
S6520		ཉམས་ལེན།/མཚམས།	ཉམས་ལེན།/མཚམས།	sungbum	0
S6520	General Commentaries	SPYI	General_Commentaries--SPYI	r6	0
S6529		རྒྱུད།/འཇིགས་བྱེད།/དབང་།	རྒྱུད།/འཇིགས་བྱེད།/དབང་།	sungbum	0
S6529	Methods Of Granting Empowerment Into Secret Practice	DBANG	Methods_Of_Granting_Empowerment_Into_Secret_Practice--DBANG	r6	0
S6530		ཉམས་ལེན།/སྨོན་ལམ།/ཀེའུ་ཚང་བློ་བཟང་འཇམ་དབྱངས་སྨོན་ལམ།	ཉམས་ལེན།/སྨོན་ལམ།/ཀེའུ་ཚང་བློ་བཟང་འཇམ་དབྱངས་སྨོན་ལམ།	sungbum	0
S6531		ཚད་མ།/སྤྱི།/ཀེའུ་ཚང་བློ་བཟང་འཇམ་དབྱངས་སྨོན་ལམ།	ཚད་མ།/སྤྱི།/ཀེའུ་ཚང་བློ་བཟང་འཇམ་དབྱངས་སྨོན་ལམ།	sungbum	0
S6531	Buddhist Logic And Perceptual Theory	TSAD MA	Buddhist_Logic_And_Perceptual_Theory--TSAD_MA	r6	0
S6548		གསན་ཡིག/ཀློང་རྡོལ་བླ་མ་ངག་དབང་བློ་བཟང་།	གསན་ཡིག/ཀློང་རྡོལ་བླ་མ་ངག་དབང་བློ་བཟང་།	sungbum	0
S6548	Lists Of Secret Teachings Received By Eminent Lamas	GSAN YIG	Lists_Of_Secret_Teachings_Received_By_Eminent_Lamas--GSAN_YIG	r6	0
S6549		གསན་ཡིག/ཀློང་རྡོལ་བླ་མ་ངག་དབང་བློ་བཟང་།	གསན་ཡིག/ཀློང་རྡོལ་བླ་མ་ངག་དབང་བློ་བཟང་།	sungbum	0
S6549	Lists Of Secret Teachings Received By Eminent Lamas	GSAN YIG	Lists_Of_Secret_Teachings_Received_By_Eminent_Lamas--GSAN_YIG	r6	0
S6551		གསན་ཡིག/ཀློང་རྡོལ་བླ་མ་ངག་དབང་བློ་བཟང་།	གསན་ཡིག/ཀློང་རྡོལ་བླ་མ་ངག་དབང་བློ་བཟང་།	sungbum	0
S6551	Lists Of Secret Teachings Received By Eminent Lamas	GSAN YIG	Lists_Of_Secret_Teachings_Received_By_Eminent_Lamas--GSAN_YIG	r6	0
S6552		ཆོས་འབྱུང་།/ཀློང་རྡོལ་ཆོས་འབྱུང་།	ཆོས་འབྱུང་།/ཀློང་རྡོལ་ཆོས་འབྱུང་།	sungbum	0
S6552	Commentaries On The Practice	'GREL PA	Commentaries_On_The_Practice--'GREL_PA	r6	0
S6552	General Commentaries	SPYI	General_Commentaries--SPYI	r6	0
S6553		ཆོས་འབྱུང་།/ཀློང་རྡོལ་ཆོས་འབྱུང་།	ཆོས་འབྱུང་།/ཀློང་རྡོལ་ཆོས་འབྱུང་།	sungbum	0
S6553	Commentaries On The Practice	'GREL PA	Commentaries_On_The_Practice--'GREL_PA	r6	0
S6553	General Commentaries	SPYI	General_Commentaries--SPYI	r6	0
S6554		རྒྱུད།/སྤྱི།/བསྟན་སྲུང་།	རྒྱུད།/སྤྱི།/བསྟན་སྲུང་།	sungbum	0
S6554	Commentaries On The Practice	'GREL PA	Commentaries_On_The_Practice--'GREL_PA	r6	0
S6556		ཉམས་ལེན།/གསོལ་འདེབས།/ཀློང་རྡོལ་བླ་མ་ངག་དབང་བློ་བཟང་།	ཉམས་ལེན།/གསོལ་འདེབས།/ཀློང་རྡོལ་བླ་མ་ངག་དབང་བློ་བཟང་།	sungbum	0
S6556	Methods Of Making Supplication To The Holy Being	GSOL 'DEBS	Methods_Of_Making_Supplication_To_The_Holy_Being--GSOL_'DEBS	r6	0
S6557		རྒྱུད།/བདེ་མཆོག/སྔགས།	རྒྱུད།/བདེ་མཆོག/སྔགས།	sungbum	0
S6557		རྒྱུད།/འཇམ་དབྱངས།/སྒྲུབ་ཐབས།	རྒྱུད།/འཇམ་དབྱངས།/སྒྲུབ་ཐབས།	sungbum	0
S6557	Commentaries On The Practice	'GREL PA	Commentaries_On_The_Practice--'GREL_PA	r6	0
S6557	Instructions For The Sacred Offering Of The Golden Beverage	GSER SKYEMS	Instructions_For_The_Sacred_Offering_Of_The_Golden_Beverage--GSER_SKYEMS	r6	0
S6557	Methods For Reaching The Holy Being	SGRUB THABS	Methods_For_Reaching_The_Holy_Being--SGRUB_THABS	r6	0
S6557	Methods For The Practice Of Realization	MNGON RTOGS	Methods_For_The_Practice_Of_Realization--MNGON_RTOGS	r6	0
S6557	Secret Words For The Practice	SNGAGS	Secret_Words_For_The_Practice--SNGAGS	r6	0
S6558		ཉམས་ལེན།/རྨི་ལམ་བརྟག་པ།	ཉམས་ལེན།/རྨི་ལམ་བརྟག་པ།	sungbum	0
S6558	General Commentaries	SPYI	General_Commentaries--SPYI	r6	0
S6559		ཕྲན་ཚེགས།/རིན་པོ་ཆེ་བརྟག་ཐབས།	ཕྲན་ཚེགས།/རིན་པོ་ཆེ་བརྟག་ཐབས།	sungbum	0
S6559	General Commentaries	SPYI	General_Commentaries--SPYI	r6	0
S6560		རྣམ་ཐར།/སྤྱི།	རྣམ་ཐར།/སྤྱི།	sungbum	0
S6560	General Commentaries	SPYI	General_Commentaries--SPYI	r6	0
S6561		ཉམས་ལེན།/ཉམས་མགུར།/ཀློང་རྡོལ་བླ་མ་ངག་དབང་བློ་བཟང་།	ཉམས་ལེན།/ཉམས་མགུར།/ཀློང་རྡོལ་བླ་མ་ངག་དབང་བློ་བཟང་།	sungbum	0
S6561	General Commentaries	SPYI	General_Commentaries--SPYI	r6	0
S6561	Longdol Lama	KLONG RDOL BLA MA	Longdol_Lama--KLONG RDOL BLA MA	r6	0
S66		རྒྱུད།/ཐུན་དྲུག	རྒྱུད།/ཐུན་དྲུག	sungbum	0
S66	Sadyamayoga	Tundruk--The Practice For Six Times Of The Day--THUN DRUG	Sadyamayoga--Tundruk--The_Practice_For_Six_Times_Of_The_Day--THUN_DRUG	r6	0
S6600		རྒྱུད།/སྤྱི།/སྐུ་གསུམ།	རྒྱུད།/སྤྱི།/སྐུ་གསུམ།	sungbum	0
S6600	Practices Relating To The Three Bodies Of An Enlightened Being	SKU GSUM	Practices_Relating_To_The_Three_Bodies_Of_An_Enlightened_Being--SKU_GSUM	r6	0
S6620		ཉམས་ལེན།/བླ་མའི་རྣལ་འབྱོར།/རྗེ་ཙོང་ཁ་པ་བློ་བཟང་གྲགས་པ།/དགའ་ལྡན་ལྷ་བརྒྱ་མ།	ཉམས་ལེན།/བླ་མའི་རྣལ་འབྱོར།/རྗེ་ཙོང་ཁ་པ་བློ་བཟང་གྲགས་པ།/དགའ་ལྡན་ལྷ་བརྒྱ་མ།	sungbum	0
S6620	Works On The Thousand Angels Of The Heaven Of Bliss	DGA' LDAN LHA BRGYA MA	Works_On_The_Thousand_Angels_Of_The_Heaven_Of_Bliss--DGA'_LDAN_LHA_BRGYA_MA	r6	0
S67		ལམ་རིམ།/ལམ་རིམ་ཆེན་མོ།/ས་བཅད།	ལམ་རིམ།/ལམ་རིམ་ཆེན་མོ།/ས་བཅད།	sungbum	0
S67	Methods Of Prayer	SMON LAM	Methods_Of_Prayer--SMON_LAM	r6	0
S67	Works On The Great Book On The Steps Of The Path	LAM RIM CHEN MO	Works_On_The_Great_Book_On_The_Steps_Of_The_Path--LAM_RIM_CHEN_MO	r6	0
S68		ལམ་རིམ།/ལམ་རིམ་དམར་ཁྲིད།	ལམ་རིམ།/ལམ་རིམ་དམར་ཁྲིད།	sungbum	0
S68	Works On The Dissection Instruction For The Steps Of The Path	LAM RIM DMAR KHRID	Works_On_The_Dissection_Instruction_For_The_Steps_Of_The_Path--LAM_RIM_DMAR_KHRID	r6	0
S6814		ཕར་ཕྱིན།/སྤྱི།/སེ་ར་རྗེ་བཙུན་ཆོས་ཀྱི་རྒྱལ་མཚན།/སྤྱི་དོན།	ཕར་ཕྱིན།/སྤྱི།/སེ་ར་རྗེ་བཙུན་ཆོས་ཀྱི་རྒྱལ་མཚན།/སྤྱི་དོན།	sungbum	0
S6814	Perfection Of Wisdom	PHAR PHYIN	Perfection_Of_Wisdom--PHAR_PHYIN	r6	0
S6815		ཕར་ཕྱིན།/སྤྱི།/སེ་ར་རྗེ་བཙུན་ཆོས་ཀྱི་རྒྱལ་མཚན།/མཐའ་དཔྱོད།	ཕར་ཕྱིན།/སྤྱི།/སེ་ར་རྗེ་བཙུན་ཆོས་ཀྱི་རྒྱལ་མཚན།/མཐའ་དཔྱོད།	sungbum	0
S6815	Perfection Of Wisdom	PHAR PHYIN	Perfection_Of_Wisdom--PHAR_PHYIN	r6	0
S6820		དྲང་ངེས།/སེ་ར་རྗེ་བཙུན་ཆོས་ཀྱི་རྒྱལ་མཚན།	དྲང་ངེས།/སེ་ར་རྗེ་བཙུན་ཆོས་ཀྱི་རྒྱལ་མཚན།	sungbum	0
S6820	The Art Of Interpreting The Buddha	DRANG NGES	The_Art_Of_Interpreting_The_Buddha--DRANG_NGES	r6	0
S6823		ཕར་ཕྱིན།/བསམ་གཟུགས།/སེ་ར་རྗེ་བཙུན་ཆོས་ཀྱི་རྒྱལ་མཚན།	ཕར་ཕྱིན།/བསམ་གཟུགས།/སེ་ར་རྗེ་བཙུན་ཆོས་ཀྱི་རྒྱལ་མཚན།	sungbum	0
S6823	Perfection Of Wisdom	PHAR PHYIN	Perfection_Of_Wisdom--PHAR_PHYIN	r6	0
S6825		ཕར་ཕྱིན།/འགོག་སྙོམས།	ཕར་ཕྱིན།/འགོག་སྙོམས།	sungbum	0
S6825	Perfection Of Wisdom	PHAR PHYIN	Perfection_Of_Wisdom--PHAR_PHYIN	r6	0
S6826		ཕར་ཕྱིན།/ས་ལམ་རྣམ་གཞག	ཕར་ཕྱིན།/ས་ལམ་རྣམ་གཞག	sungbum	0
S6826	Perfection Of Wisdom	PHAR PHYIN	Perfection_Of_Wisdom--PHAR_PHYIN	r6	0
S6827		ཕར་ཕྱིན།/དོན་བདུན་ཅུ།	ཕར་ཕྱིན།/དོན་བདུན་ཅུ།	sungbum	0
S6827	Perfection Of Wisdom	PHAR PHYIN	Perfection_Of_Wisdom--PHAR_PHYIN	r6	0
S6830		དྲང་ངེས།/སེར་བྱེས་དགེ་བཤེས་རབ་འབྱམས་སྨྲ་བ་བློ་བཟང་དགེ་ལེགས།	དྲང་ངེས།/སེར་བྱེས་དགེ་བཤེས་རབ་འབྱམས་སྨྲ་བ་བློ་བཟང་དགེ་ལེགས།	sungbum	0
S6830	The Art Of Interpreting The Buddha	DRANG NGES	The_Art_Of_Interpreting_The_Buddha--DRANG_NGES	r6	0
S6832		དྲང་ངེས།/མཁས་སྒྲུབ་སྦྱིན་པ་དར་རྒྱས།	དྲང་ངེས།/མཁས་སྒྲུབ་སྦྱིན་པ་དར་རྒྱས།	sungbum	0
S6848		འདུལ་བ།/སྤྱི།/སེ་ར་རྗེ་བཙུན་ཆོས་ཀྱི་རྒྱལ་མཚན།	འདུལ་བ།/སྤྱི།/སེ་ར་རྗེ་བཙུན་ཆོས་ཀྱི་རྒྱལ་མཚན།	sungbum	0
S6848	General Commentaries	SPYI	General_Commentaries--SPYI	r6	0
S6850		འདུལ་བ།/སྤྱི།/མཚོ་སྣ་བ་ཤེས་རབ་བཟང་པོ།	འདུལ་བ།/སྤྱི།/མཚོ་སྣ་བ་ཤེས་རབ་བཟང་པོ།	sungbum	0
S6850	General Commentaries	SPYI	General_Commentaries--SPYI	r6	0
S6855		ཚད་མ།/ཚད་མ་རྣམ་འགྲེལ།/སེ་ར་རྗེ་བཙུན་ཆོས་ཀྱི་རྒྱལ་མཚན།	ཚད་མ།/ཚད་མ་རྣམ་འགྲེལ།/སེ་ར་རྗེ་བཙུན་ཆོས་ཀྱི་རྒྱལ་མཚན།	sungbum	0
S6855	Buddhist Logic And Perceptual Theory	TSAD MA	Buddhist_Logic_And_Perceptual_Theory--TSAD_MA	r6	0
S6856		ཚད་མ།/ཚད་མ་རྣམ་འགྲེལ།/སེ་ར་རྗེ་བཙུན་ཆོས་ཀྱི་རྒྱལ་མཚན།	ཚད་མ།/ཚད་མ་རྣམ་འགྲེལ།/སེ་ར་རྗེ་བཙུན་ཆོས་ཀྱི་རྒྱལ་མཚན།	sungbum	0
S6856	Buddhist Logic And Perceptual Theory	TSAD MA	Buddhist_Logic_And_Perceptual_Theory--TSAD_MA	r6	0
S6857		ཚད་མ།/བསྡུས་གྲྭ།/ཡོངས་འཛིན་ཕུར་བུ་ལྕོག་བྱམས་པ་ཚུལ་ཁྲིམས་རྒྱ་མཚོ།	ཚད་མ།/བསྡུས་གྲྭ།/ཡོངས་འཛིན་ཕུར་བུ་ལྕོག་བྱམས་པ་ཚུལ་ཁྲིམས་རྒྱ་མཚོ།	sungbum	0
S6857		ཚད་མ།/བསྡུས་གྲྭ།/རྟགས་རིགས།	ཚད་མ།/བསྡུས་གྲྭ།/རྟགས་རིགས།	sungbum	0
S6857	Buddhist Logic And Perceptual Theory	TSAD MA	Buddhist_Logic_And_Perceptual_Theory--TSAD_MA	r6	0
S6860		ཚད་མ།/བསྡུས་གྲྭ།/རྟགས་རིགས།	ཚད་མ།/བསྡུས་གྲྭ།/རྟགས་རིགས།	sungbum	0
S6860	Buddhist Logic And Perceptual Theory	TSAD MA	Buddhist_Logic_And_Perceptual_Theory--TSAD_MA	r6	0
S69		ལམ་རིམ།/ཡོན་ཏན་གཞིར་གྱུར་མ།	ལམ་རིམ།/ཡོན་ཏན་གཞིར་གྱུར་མ།	sungbum	0
S69	Works On The Source Of All My Good	YON TAN GZHIR GYUR MA	Works_On_The_Source_Of_All_My_Good--YON_TAN_GZHIR_GYUR_MA	r6	0
S6954		མངོན་པ།/མཆིམས་འཇམ་པའི་དབྱངས།	མངོན་པ།/མཆིམས་འཇམ་པའི་དབྱངས།	sungbum	0
S6954	Higher Knowledge	MNGON PA	Higher_Knowledge--MNGON_PA	r6	0
S6969		བློ་སྦྱོང་།/བློ་སྦྱོང་དོན་བདུན་མ།/འགྲེལ་པ།	བློ་སྦྱོང་།/བློ་སྦྱོང་དོན་བདུན་མ།/འགྲེལ་པ།	sungbum	0
S6969	Works On The Good-Heart Instructions In Seven Points	BLO SBYONG DON BDUN MA	Works_On_The_Good-Heart_Instructions_In_Seven_Points--BLO_SBYONG_DON_BDUN_MA	r6	0
S6977		ལམ་རིམ།/ལམ་རིམ་ཆེན་མོ།/འགྲེལ་པ།	ལམ་རིམ།/ལམ་རིམ་ཆེན་མོ།/འགྲེལ་པ།	sungbum	0
S6977	Works On The Great Book On The Steps Of The Path	LAM RIM CHEN MO	Works_On_The_Great_Book_On_The_Steps_Of_The_Path--LAM_RIM_CHEN_MO	r6	0
S6980		ལམ་རིམ།/ལམ་རིམ་དམར་ཁྲིད།	ལམ་རིམ།/ལམ་རིམ་དམར་ཁྲིད།	sungbum	0
S7		དབུ་མ།/འགྲེལ་པ་སྤྱི།/མཁས་གྲུབ་བསྟན་པ་དར་རྒྱས།/སྤྱི་དོན།	དབུ་མ།/འགྲེལ་པ་སྤྱི།/མཁས་གྲུབ་བསྟན་པ་དར་རྒྱས།/སྤྱི་དོན།	sungbum	0
S7	Middle-Way Philosophy	DBU MA	Middle-Way_Philosophy--DBU_MA	r6	0
S7003		བློ་སྦྱོང་།/བློ་སྦྱོང་དོན་བདུན་མ།/འགྲེལ་པ།	བློ་སྦྱོང་།/བློ་སྦྱོང་དོན་བདུན་མ།/འགྲེལ་པ།	sungbum	0
S7003	Works On The Good-Heart Instructions In Seven Points	BLO SBYONG DON BDUN MA	Works_On_The_Good-Heart_Instructions_In_Seven_Points--BLO_SBYONG_DON_BDUN_MA	r6	0
S7007		བློ་སྦྱོང་།/ཐེག་པ་ཆེན་པོའི་བློ་སྦྱོང་མཚོན་ཆ་འཁོར་ལོ།	བློ་སྦྱོང་།/ཐེག་པ་ཆེན་པོའི་བློ་སྦྱོང་མཚོན་ཆ་འཁོར་ལོ།	sungbum	0
S7007	Works On The Good-Heart Teaching Crown Of Knives	BLO SBYONG MTSON CHA 'KHOR LO	Works_On_The_Good-Heart_Teaching_Crown_Of_Knives--BLO_SBYONG_MTSON_CHA_'KHOR_LO	r6	0
S71		བློ་སྦྱོང་།/བློ་སྦྱོང་ཚིག་བརྒྱད་མ།/རྩ་བ།	བློ་སྦྱོང་།/བློ་སྦྱོང་ཚིག་བརྒྱད་མ།/རྩ་བ།	sungbum	0
S71	Works On The Good-Heart Teaching In Eight Verses	BLO SBYONG TSIG BRGYAD MA	Works_On_The_Good-Heart_Teaching_In_Eight_Verses--BLO_SBYONG_TSIG_BRGYAD_MA	r6	0
S72	Je Tsongkapa Lobsang Drakpa	RJE TZONG KHA PA BLO BZANG GRAGS PA	Je_Tsongkapa_Lobsang_Drakpa--RJE_TZONG_KHA_PA_BLO_BZANG_GRAGS_PA	r6	0
S73		ཚད་མ།/ཚད་མ་ཀུན་བཏུས།	ཚད་མ།/ཚད་མ་ཀུན་བཏུས།	sungbum	0
S73	Buddhist Logic And Perceptual Theory	TSAD MA	Buddhist_Logic_And_Perceptual_Theory--TSAD_MA	r6	0
S74		ཚད་མ།/བསྡུས་གྲྭ།/རྟགས་རིགས།	ཚད་མ།/བསྡུས་གྲྭ།/རྟགས་རིགས།	sungbum	0
S74	Buddhist Logic And Perceptual Theory	TSAD MA	Buddhist_Logic_And_Perceptual_Theory--TSAD_MA	r6	0
S75		རྒྱུད།/སྤྱི།/སྡོམ་པ།	རྒྱུད།/སྤྱི།/སྡོམ་པ།	sungbum	0
S75	Descriptions Of The Secret Vows	SDOM PA	Descriptions_Of_The_Secret_Vows--SDOM_PA	r6	0
S76		རྒྱུད།/གསང་འདུས།/བསྐྱེད་རིམ།	རྒྱུད།/གསང་འདུས།/བསྐྱེད་རིམ།	sungbum	0
S76	Instructions For The Stage Of Creation	BSKYED RIM	Instructions_For_The_Stage_Of_Creation--BSKYED_RIM	r6	0
S77		ལམ་རིམ།/སྐྱབས་འགྲོ།	ལམ་རིམ།/སྐྱབས་འགྲོ།	sungbum	0
S77	Practices Of Meditation And Reciting Sacred Words	BSGOMS BZLAS	Practices_Of_Meditation_And_Reciting_Sacred_Words--BSGOMS_BZLAS	r6	0
S77	Works On How To Go For Buddhist Refuge	SKYABS 'GRO	Works_On_How_To_Go_For_Buddhist_Refuge--SKYABS_'GRO	r6	0
S78		རྒྱུད།/གསང་འདུས།/བསྐྱེད་རིམ།	རྒྱུད།/གསང་འདུས།/བསྐྱེད་རིམ།	sungbum	0
S78	Instructions For The Stage Of Creation	BSKYED RIM	Instructions_For_The_Stage_Of_Creation--BSKYED_RIM	r6	0
S79		རྒྱུད།/གསང་འདུས།/རྣལ་འབྱོར།	རྒྱུད།/གསང་འདུས།/རྣལ་འབྱོར།	sungbum	0
S79	Instructions For Deep Spiritual Practice	RNAL 'BYOR	Instructions_For_Deep_Spiritual_Practice--RNAL_'BYOR	r6	0
S8		དབུ་མ།/འགྲེལ་པ་སྤྱི།/མཁས་གྲུབ་བསྟན་པ་དར་རྒྱས།/སྤྱི་དོན།	དབུ་མ།/འགྲེལ་པ་སྤྱི།/མཁས་གྲུབ་བསྟན་པ་དར་རྒྱས།/སྤྱི་དོན།	sungbum	0
S8	Middle-Way Philosophy	DBU MA	Middle-Way_Philosophy--DBU_MA	r6	0
S80		རྒྱུད།/གསང་འདུས།/རྣལ་འབྱོར།	རྒྱུད།/གསང་འདུས།/རྣལ་འབྱོར།	sungbum	0
S80	Instructions For Deep Spiritual Practice	RNAL 'BYOR	Instructions_For_Deep_Spiritual_Practice--RNAL_'BYOR	r6	0
S81		རྒྱུད།/གསང་འདུས།/རྫོགས་རིམ།	རྒྱུད།/གསང་འདུས།/རྫོགས་རིམ།	sungbum	0
S81	Instructions For The Stage Of Completion	RDZOGS RIM	Instructions_For_The_Stage_Of_Completion--RDZOGS_RIM	r6	0
S82		རྒྱུད།/འཁོར་ལོ་སྡོམ་པ།/ལུས་དཀྱིལ།	རྒྱུད།/འཁོར་ལོ་སྡོམ་པ།/ལུས་དཀྱིལ།	sungbum	0
S82	Instructions For The Practice Of The Secret World Of The Body	LUS DKYIL	Instructions_For_The_Practice_Of_The_Secret_World_Of_The_Body--LUS_DKYIL	r6	0
S83		རྒྱུད།/འཁོར་ལོ་སྡོམ་པ།/རྫོགས་རིམ།	རྒྱུད།/འཁོར་ལོ་སྡོམ་པ།/རྫོགས་རིམ།	sungbum	0
S83	Instructions For The Stage Of Completion	RDZOGS RIM	Instructions_For_The_Stage_Of_Completion--RDZOGS_RIM	r6	0
S838	Commentaries On The Practice	'GREL PA	Commentaries_On_The_Practice--'GREL_PA	r6	0
S839		འདུལ་བ།/སྤྱི།/ཇམ་དབྱངས་བཞད་པའི་རྡོ་རྗེ།	འདུལ་བ།/སྤྱི།/ཇམ་དབྱངས་བཞད་པའི་རྡོ་རྗེ།	sungbum	0
S839	General Commentaries	SPYI	General_Commentaries--SPYI	r6	0
S84		རྒྱུད།/དུས་དགྲའི་དབང་པོ།/སྒྲུབ་ཐབས།	རྒྱུད།/དུས་དགྲའི་དབང་པོ།/སྒྲུབ་ཐབས།	sungbum	0
S84	Methods For Reaching The Holy Being	SGRUB THABS	Methods_For_Reaching_The_Holy_Being--SGRUB_THABS	r6	0
S85		རྒྱུད།/འཇིགས་བྱེད།/རྫོགས་རིམ།	རྒྱུད།/འཇིགས་བྱེད།/རྫོགས་རིམ།	sungbum	0
S85	Instructions For The Stage Of Completion	RDZOGS RIM	Instructions_For_The_Stage_Of_Completion--RDZOGS_RIM	r6	0
S86		རྒྱུད།/འཇིགས་བྱེད།/རྫོགས་རིམ།	རྒྱུད།/འཇིགས་བྱེད།/རྫོགས་རིམ།	sungbum	0
S86	Instructions For The Stage Of Completion	RDZOGS RIM	Instructions_For_The_Stage_Of_Completion--RDZOGS_RIM	r6	0
S87		རྒྱུད།/ན་རོ་ཆོས་དྲུག/གཏུམ་མོ།	རྒྱུད།/ན་རོ་ཆོས་དྲུག/གཏུམ་མོ།	sungbum	0
S87	Teachings on the subject of inner heat	GTUM MO	Teachings_on_the subject of inner heat--GTUM MO	r6	0
S88		རྒྱུད།/སྙིང་པོ་དོན་གསུམ།/རྣལ་འབྱོར།	རྒྱུད།/སྙིང་པོ་དོན་གསུམ།/རྣལ་འབྱོར།	sungbum	0
S88	Instructions For Deep Spiritual Practice	RNAL 'BYOR	Instructions_For_Deep_Spiritual_Practice--RNAL_'BYOR	r6	0
S89		རྒྱུད།/སྙིང་པོ་དོན་གསུམ།/རྣལ་འབྱོར།	རྒྱུད།/སྙིང་པོ་དོན་གསུམ།/རྣལ་འབྱོར།	sungbum	0
S89	Instructions For Deep Spiritual Practice	RNAL 'BYOR	Instructions_For_Deep_Spiritual_Practice--RNAL_'BYOR	r6	0
S9		ཕར་ཕྱིན།/སྤྱི།/མཁས་གྲུབ་བསྟན་པ་དར་རྒྱས།/སྤྱི་དོན།	ཕར་ཕྱིན།/སྤྱི།/མཁས་གྲུབ་བསྟན་པ་དར་རྒྱས།/སྤྱི་དོན།	sungbum	0
S9	Perfection Of Wisdom	PHAR PHYIN	Perfection_Of_Wisdom--PHAR_PHYIN	r6	0
S90		རྒྱུད།/རྡོ་རྗེ་རྣལ་འབྱོར་མ།/འཕོ་བ།	རྒྱུད།/རྡོ་རྗེ་རྣལ་འབྱོར་མ།/འཕོ་བ།	sungbum	0
S90	Methods Of Sending Ones Mind Into Death	'PHO BA	Methods_Of_Sending_Ones_Mind_Into_Death--'PHO_BA	r6	0
S900		བསྟོད་པ།/རྗེ་ཙོང་ཁ་པ།	བསྟོད་པ།/རྗེ་ཙོང་ཁ་པ།	sungbum	0
S900	Words Of Praise	BSTOD PA	Words_Of_Praise--BSTOD_PA	r6	0
S901		བསྟོད་པ།/རྗེ་ཙོང་ཁ་པ།	བསྟོད་པ།/རྗེ་ཙོང་ཁ་པ།	sungbum	0
S901	Words Of Praise	BSTOD PA	Words_Of_Praise--BSTOD_PA	r6	0
S902		མདོ་འགྲེལ།/ཤེར་ཕྱིན་སྡུད་པ།	མདོ་འགྲེལ།/ཤེར་ཕྱིན་སྡུད་པ།	sungbum	0
S902	Commentaries To Sutras	MDO 'GREL	Commentaries_To_Sutras--MDO_'GREL	r6	0
S903		ཕར་ཕྱིན།/སྤྱི།/གུང་ཐང་དཀོན་མཆོག་བསྟན་པའི་སྒྲོན་མེ།	ཕར་ཕྱིན།/སྤྱི།/གུང་ཐང་དཀོན་མཆོག་བསྟན་པའི་སྒྲོན་མེ།	sungbum	0
S903	Perfection Of Wisdom	PHAR PHYIN	Perfection_Of_Wisdom--PHAR_PHYIN	r6	0
S904		མདོ་འགྲེལ།/ཤེས་རབ་སྙིང་པོ།	མདོ་འགྲེལ།/ཤེས་རབ་སྙིང་པོ།	sungbum	0
S904	Commentaries To Sutras	MDO 'GREL	Commentaries_To_Sutras--MDO_'GREL	r6	0
S905		དབུ་མ།/དབུ་མ་ལ་འཇུག་པའི་འགྲེལ་པ།/གུང་ཐང་དཀོན་མཆོག་བསྟན་པའི་སྒྲོན་མེ།	དབུ་མ།/དབུ་མ་ལ་འཇུག་པའི་འགྲེལ་པ།/གུང་ཐང་དཀོན་མཆོག་བསྟན་པའི་སྒྲོན་མེ།	sungbum	0
S905	Middle-Way Philosophy	DBU MA	Middle-Way_Philosophy--DBU_MA	r6	0
S906	General Commentaries	SPYI	General_Commentaries--SPYI	r6	0
S907		མངོན་པ།/གུང་ཐང་དཀོན་མཆོག་བསྟན་པའི་སྒྲོན་མེ།	མངོན་པ།/གུང་ཐང་དཀོན་མཆོག་བསྟན་པའི་སྒྲོན་མེ།	sungbum	0
S907	Higher Knowledge	MNGON PA	Higher_Knowledge--MNGON_PA	r6	0
S908		ཕར་ཕྱིན།/སྤྱི།/གུང་ཐང་དཀོན་མཆོག་བསྟན་པའི་སྒྲོན་མེ།	ཕར་ཕྱིན།/སྤྱི།/གུང་ཐང་དཀོན་མཆོག་བསྟན་པའི་སྒྲོན་མེ།	sungbum	0
S908	Perfection Of Wisdom	PHAR PHYIN	Perfection_Of_Wisdom--PHAR_PHYIN	r6	0
S909		ཕར་ཕྱིན།/སྤྱི།/གུང་ཐང་དཀོན་མཆོག་བསྟན་པའི་སྒྲོན་མེ།	ཕར་ཕྱིན།/སྤྱི།/གུང་ཐང་དཀོན་མཆོག་བསྟན་པའི་སྒྲོན་མེ།	sungbum	0
S909	Perfection Of Wisdom	PHAR PHYIN	Perfection_Of_Wisdom--PHAR_PHYIN	r6	0
S91		རྒྱུད།/ཚེ་དཔག་མེད།/ཚེ་སྒྲུབ།	རྒྱུད།/ཚེ་དཔག་མེད།/ཚེ་སྒྲུབ།	sungbum	0
S91	Methods Of Attaining Long Life	TSE SGRUB	Methods_Of_Attaining_Long_Life--TSE_SGRUB	r6	0
S910		སེམས་ཙམ།/ཀུན་གཞིའི་རྣམ་པར་ཤེས།/གུང་ཐང་དཀོན་མཆོག་བསྟན་པའི་སྒྲོན་མེ།	སེམས་ཙམ།/ཀུན་གཞིའི་རྣམ་པར་ཤེས།/གུང་ཐང་དཀོན་མཆོག་བསྟན་པའི་སྒྲོན་མེ།	sungbum	0
S910	The Mind Only School	SEMS TZAM	The_Mind_Only_School--SEMS_TZAM	r6	0
S911		དྲང་ངེས།/གུང་ཐང་དཀོན་མཆོག་བསྟན་པའི་སྒྲོན་མེ།	དྲང་ངེས།/གུང་ཐང་དཀོན་མཆོག་བསྟན་པའི་སྒྲོན་མེ།	sungbum	0
S911	The Art Of Interpreting The Buddha	DRANG NGES	The_Art_Of_Interpreting_The_Buddha--DRANG_NGES	r6	0
S913		ཕར་ཕྱིན།/བདེན་བཞི།	ཕར་ཕྱིན།/བདེན་བཞི།	sungbum	0
S913	Perfection Of Wisdom	PHAR PHYIN	Perfection_Of_Wisdom--PHAR_PHYIN	r6	0
S914		ཕར་ཕྱིན།/རྟེན་འབྲེལ།/གུང་ཐང་དཀོན་མཆོག་བསྟན་པའི་སྒྲོན་མེ།	ཕར་ཕྱིན།/རྟེན་འབྲེལ།/གུང་ཐང་དཀོན་མཆོག་བསྟན་པའི་སྒྲོན་མེ།	sungbum	0
S914	Perfection Of Wisdom	PHAR PHYIN	Perfection_Of_Wisdom--PHAR_PHYIN	r6	0
S915		དབུ་མ།/རྣམ་ཐར་སྒོ་གསུམ་གྱི་རྣམ་བཞག	དབུ་མ།/རྣམ་ཐར་སྒོ་གསུམ་གྱི་རྣམ་བཞག	sungbum	0
S915	Middle-Way Philosophy	DBU MA	Middle-Way_Philosophy--DBU_MA	r6	0
S915	Perfection Of Wisdom	PHAR PHYIN	Perfection_Of_Wisdom--PHAR_PHYIN	r6	0
S916		ཚད་མ།/དམིགས་པ་བརྟག་པ།	ཚད་མ།/དམིགས་པ་བརྟག་པ།	sungbum	0
S916	Buddhist Logic And Perceptual Theory	TSAD MA	Buddhist_Logic_And_Perceptual_Theory--TSAD_MA	r6	0
S917		ཚད་མ།/བསྡུས་གྲྭ།/སྤྱི།/གུང་ཐང་དཀོན་མཆོག་བསྟན་པའི་སྒྲོན་མེ།	ཚད་མ།/བསྡུས་གྲྭ།/སྤྱི།/གུང་ཐང་དཀོན་མཆོག་བསྟན་པའི་སྒྲོན་མེ།	sungbum	0
S917	Buddhist Logic And Perceptual Theory	TSAD MA	Buddhist_Logic_And_Perceptual_Theory--TSAD_MA	r6	0
S918		གྲུབ་མཐའ།/གུང་ཐང་དཀོན་མཆོག་བསྟན་པའི་སྒྲོན་མེ།	གྲུབ་མཐའ།/གུང་ཐང་དཀོན་མཆོག་བསྟན་པའི་སྒྲོན་མེ།	sungbum	0
S918	Commentaries To Sutras	MDO 'GREL	Commentaries_To_Sutras--MDO_'GREL	r6	0
S919		ཉམས་ལེན།/བསྔོ་བ།/གུང་ཐང་དཀོན་མཆོག་བསྟན་པའི་སྒྲོན་མེ།	ཉམས་ལེན།/བསྔོ་བ།/གུང་ཐང་དཀོན་མཆོག་བསྟན་པའི་སྒྲོན་མེ།	sungbum	0
S919	Methods Of Dedicating Good Deeds	BSNGO BA	Methods_Of_Dedicating_Good_Deeds--BSNGO_BA	r6	0
S92		རྒྱུད།/འོད་དཔག་མེད།/ཚེ་སྒྲུབ།	རྒྱུད།/འོད་དཔག་མེད།/ཚེ་སྒྲུབ།	sungbum	0
S92	Methods Of Attaining Long Life	TSE SGRUB	Methods_Of_Attaining_Long_Life--TSE_SGRUB	r6	0
S920		ལམ་རིམ།/སྐྱབས་འགྲོ།	ལམ་རིམ།/སྐྱབས་འགྲོ།	sungbum	0
S920	Works On How To Go For Buddhist Refuge	SKYABS 'GRO	Works_On_How_To_Go_For_Buddhist_Refuge--SKYABS_'GRO	r6	0
S921		ཉམས་ལེན།/སྦྱོར་ཆོས།	ཉམས་ལེན།/སྦྱོར་ཆོས།	sungbum	0
S921	Preliminary Practices Before Meditation Sessions	SBYOR CHOS	Preliminary_Practices_Before_Meditation_Sessions--SBYOR_CHOS	r6	0
S922		ལམ་རིམ།/བདེ་ལམ།/གསོལ་འདེབས།	ལམ་རིམ།/བདེ་ལམ།/གསོལ་འདེབས།	sungbum	0
S922	Works On The Path Of Ease	BDE LAM	Works_On_The_Path_Of_Ease--BDE_LAM	r6	0
S923	Works On The Path Of Ease	BDE LAM	Works_On_The_Path_Of_Ease--BDE_LAM	r6	0
S924		ལམ་རིམ།/བདེ་ལམ།/འགྲེལ་པ།	ལམ་རིམ།/བདེ་ལམ།/འགྲེལ་པ།	sungbum	0
S924	Works On The Path Of Ease	BDE LAM	Works_On_The_Path_Of_Ease--BDE_LAM	r6	0
S925		ལམ་རིམ།/བདག་གཞན་མཉམ་བརྗེ།	ལམ་རིམ།/བདག་གཞན་མཉམ་བརྗེ།	sungbum	0
S925	Commentaries On The Practice	'GREL PA	Commentaries_On_The_Practice--'GREL_PA	r6	0
S926		ལམ་རིམ།/ཟབ་མོ་ལྟ་བའི་ཟིན་བྲིས་ཐར་ལམ་སྣང་བ།	ལམ་རིམ།/ཟབ་མོ་ལྟ་བའི་ཟིན་བྲིས་ཐར་ལམ་སྣང་བ།	sungbum	0
S926	Commentaries On The Practice	'GREL PA	Commentaries_On_The_Practice--'GREL_PA	r6	0
S927		དབུ་མ།/ཕྱག་རྒྱ་ཆེན་པོ།/གུང་ཐང་དཀོན་མཆོག་བསྟན་པའི་སྒྲོན་མེ།	དབུ་མ།/ཕྱག་རྒྱ་ཆེན་པོ།/གུང་ཐང་དཀོན་མཆོག་བསྟན་པའི་སྒྲོན་མེ།	sungbum	0
S927	Middle-Way Philosophy	DBU MA	Middle-Way_Philosophy--DBU_MA	r6	0
S928		ལམ་རིམ།/བྱང་ཆུབ་ཀྱི་སེམས་གཉིས་སྒོམ་ཚུལ་ཐེག་པ་མཆོག་གི་འཇུག་ངོགས།	ལམ་རིམ།/བྱང་ཆུབ་ཀྱི་སེམས་གཉིས་སྒོམ་ཚུལ་ཐེག་པ་མཆོག་གི་འཇུག་ངོགས།	sungbum	0
S928	Commentaries On The Practice	'GREL PA	Commentaries_On_The_Practice--'GREL_PA	r6	0
S929		ལམ་རིམ།/ལམ་གཙོ་རྣམ་གསུམ།/འགྲེལ་པ།	ལམ་རིམ།/ལམ་གཙོ་རྣམ་གསུམ།/འགྲེལ་པ།	sungbum	0
S929	Works On The Three Principal Paths	LAM GTZO RNAM GSUM	Works_On_The_Three_Principal_Paths--LAM_GTZO_RNAM_GSUM	r6	0
S93		རྒྱུད།/འཇིགས་བྱེད།/བསྙེན་པ།	རྒྱུད།/འཇིགས་བྱེད།/བསྙེན་པ།	sungbum	0
S93	Instructions For A Secret Retreat	BSNYEN PA	Instructions_For_A_Secret_Retreat--BSNYEN_PA	r6	0
S930		ཉམས་ལེན།/བླ་མའི་རྣལ་འབྱོར།/རྗེ་ཙོང་ཁ་པ་བློ་བཟང་གྲགས་པ།/དགའ་ལྡན་ལྷ་བརྒྱ་མ།	ཉམས་ལེན།/བླ་མའི་རྣལ་འབྱོར།/རྗེ་ཙོང་ཁ་པ་བློ་བཟང་གྲགས་པ།/དགའ་ལྡན་ལྷ་བརྒྱ་མ།	sungbum	0
S930	Lama Practices	BLA MA'I RNAL 'BYOR	Lama_Practices--BLA_MA'I_RNAL_'BYOR	r6	0
S931		ཉམས་ལེན།/བླ་མའི་རྣལ་འབྱོར།/རྗེ་ཙོང་ཁ་པ་བློ་བཟང་གྲགས་པ།/དགའ་ལྡན་ལྷ་བརྒྱ་མ།	ཉམས་ལེན།/བླ་མའི་རྣལ་འབྱོར།/རྗེ་ཙོང་ཁ་པ་བློ་བཟང་གྲགས་པ།/དགའ་ལྡན་ལྷ་བརྒྱ་མ།	sungbum	0
S931	Lama Practices	BLA MA'I RNAL 'BYOR	Lama_Practices--BLA_MA'I_RNAL_'BYOR	r6	0
S932		ཉམས་ལེན།/བླ་མའི་རྣལ་འབྱོར།/རྗེ་ཙོང་ཁ་པ་བློ་བཟང་གྲགས་པ།/དགའ་ལྡན་ལྷ་བརྒྱ་མ།	ཉམས་ལེན།/བླ་མའི་རྣལ་འབྱོར།/རྗེ་ཙོང་ཁ་པ་བློ་བཟང་གྲགས་པ།/དགའ་ལྡན་ལྷ་བརྒྱ་མ།	sungbum	0
S932	Lama Practices	BLA MA'I RNAL 'BYOR	Lama_Practices--BLA_MA'I_RNAL_'BYOR	r6	0
S933		རྒྱུད།/བྱམས་པ།/འཕོ་བ།	རྒྱུད།/བྱམས་པ།/འཕོ་བ།	sungbum	0
S933	Methods Of Sending Ones Mind Into Death	'PHO BA	Methods_Of_Sending_Ones_Mind_Into_Death--'PHO_BA	r6	0
S934		རྒྱུད།/བྱམས་པ།/འཕོ་བ།	རྒྱུད།/བྱམས་པ།/འཕོ་བ།	sungbum	0
S934	Methods Of Sending Ones Mind Into Death	'PHO BA	Methods_Of_Sending_Ones_Mind_Into_Death--'PHO_BA	r6	0
S935		ཉམས་ལེན།/བླ་མའི་རྣལ་འབྱོར།/གུང་ཐང་དཀོན་མཆོག་བསྟན་པའི་སྒྲོན་མེ།	ཉམས་ལེན།/བླ་མའི་རྣལ་འབྱོར།/གུང་ཐང་དཀོན་མཆོག་བསྟན་པའི་སྒྲོན་མེ།	sungbum	0
S935	Lama Practices	BLA MA'I RNAL 'BYOR	Lama_Practices--BLA_MA'I_RNAL_'BYOR	r6	0
S936		རྒྱུད།/འཇིགས་བྱེད།/བླ་མའི་རྣལ་འབྱོར།	རྒྱུད།/འཇིགས་བྱེད།/བླ་མའི་རྣལ་འབྱོར།	sungbum	0
S936	Lama Practices	BLA MA'I RNAL 'BYOR	Lama_Practices--BLA_MA'I_RNAL_'BYOR	r6	0
S937		རྒྱུད།/འོད་དཔག་མེད།/བླ་མའི་རྣལ་འབྱོར།	རྒྱུད།/འོད་དཔག་མེད།/བླ་མའི་རྣལ་འབྱོར།	sungbum	0
S937	Lama Practices	BLA MA'I RNAL 'BYOR	Lama_Practices--BLA_MA'I_RNAL_'BYOR	r6	0
S938		ཉམས་ལེན།/བླ་མའི་རྣལ་འབྱོར།/གུང་ཐང་དཀོན་མཆོག་བསྟན་པའི་སྒྲོན་མེ།	ཉམས་ལེན།/བླ་མའི་རྣལ་འབྱོར།/གུང་ཐང་དཀོན་མཆོག་བསྟན་པའི་སྒྲོན་མེ།	sungbum	0
S938	Lama Practices	BLA MA'I RNAL 'BYOR	Lama_Practices--BLA_MA'I_RNAL_'BYOR	r6	0
S939		ཉམས་ལེན།/བླ་མའི་རྣལ་འབྱོར།/གུང་ཐང་དཀོན་མཆོག་བསྟན་པའི་སྒྲོན་མེ།	ཉམས་ལེན།/བླ་མའི་རྣལ་འབྱོར།/གུང་ཐང་དཀོན་མཆོག་བསྟན་པའི་སྒྲོན་མེ།	sungbum	0
S939	Lama Practices	BLA MA'I RNAL 'BYOR	Lama_Practices--BLA_MA'I_RNAL_'BYOR	r6	0
S94		རྒྱུད།/སྤྱི།/སྡོམ་པ།	རྒྱུད།/སྤྱི།/སྡོམ་པ།	sungbum	0
S94	Descriptions Of The Secret Vows	SDOM PA	Descriptions_Of_The_Secret_Vows--SDOM_PA	r6	0
S940		ཉམས་ལེན།/བླ་མའི་རྣལ་འབྱོར།/གུང་ཐང་དཀོན་མཆོག་བསྟན་པའི་སྒྲོན་མེ།	ཉམས་ལེན།/བླ་མའི་རྣལ་འབྱོར།/གུང་ཐང་དཀོན་མཆོག་བསྟན་པའི་སྒྲོན་མེ།	sungbum	0
S940	Lama Practices	BLA MA'I RNAL 'BYOR	Lama_Practices--BLA_MA'I_RNAL_'BYOR	r6	0
S941		རྒྱུད།/མགོན་པོ།/བླ་མའི་རྣལ་འབྱོར།	རྒྱུད།/མགོན་པོ།/བླ་མའི་རྣལ་འབྱོར།	sungbum	0
S941	Lama Practices	BLA MA'I RNAL 'BYOR	Lama_Practices--BLA_MA'I_RNAL_'BYOR	r6	0
S942		རྒྱུད།/མགོན་པོ།/བླ་མའི་རྣལ་འབྱོར།	རྒྱུད།/མགོན་པོ།/བླ་མའི་རྣལ་འབྱོར།	sungbum	0
S942	Lama Practices	BLA MA'I RNAL 'BYOR	Lama_Practices--BLA_MA'I_RNAL_'BYOR	r6	0
S943		ཉམས་ལེན།/བླ་མའི་རྣལ་འབྱོར།/གུང་ཐང་དཀོན་མཆོག་བསྟན་པའི་སྒྲོན་མེ།	ཉམས་ལེན།/བླ་མའི་རྣལ་འབྱོར།/གུང་ཐང་དཀོན་མཆོག་བསྟན་པའི་སྒྲོན་མེ།	sungbum	0
S943	Lama Practices	BLA MA'I RNAL 'BYOR	Lama_Practices--BLA_MA'I_RNAL_'BYOR	r6	0
S944		ཉམས་ལེན།/བསླབ་བྱ།/གུང་ཐང་དཀོན་མཆོག་བསྟན་པའི་སྒྲོན་མེ།	ཉམས་ལེན།/བསླབ་བྱ།/གུང་ཐང་དཀོན་མཆོག་བསྟན་པའི་སྒྲོན་མེ།	sungbum	0
S944	Personal Spiritual Advices	BSLAB BYA	Personal_Spiritual_Advices--BSLAB_BYA	r6	0
S945		ལམ་རིམ།/མི་རྟག་པའི་སྐོར།	ལམ་རིམ།/མི་རྟག་པའི་སྐོར།	sungbum	0
S945	Commentaries On The Practice	'GREL PA	Commentaries_On_The_Practice--'GREL_PA	r6	0
S946		ཉམས་ལེན།/བསླབ་བྱ།/གུང་ཐང་དཀོན་མཆོག་བསྟན་པའི་སྒྲོན་མེ།	ཉམས་ལེན།/བསླབ་བྱ།/གུང་ཐང་དཀོན་མཆོག་བསྟན་པའི་སྒྲོན་མེ།	sungbum	0
S946	Personal Spiritual Advices	BSLAB BYA	Personal_Spiritual_Advices--BSLAB_BYA	r6	0
S947		ཉམས་ལེན།/བསླབ་བྱ།/གུང་ཐང་དཀོན་མཆོག་བསྟན་པའི་སྒྲོན་མེ།	ཉམས་ལེན།/བསླབ་བྱ།/གུང་ཐང་དཀོན་མཆོག་བསྟན་པའི་སྒྲོན་མེ།	sungbum	0
S947	Personal Spiritual Advices	BSLAB BYA	Personal_Spiritual_Advices--BSLAB_BYA	r6	0
S948		ལམ་རིམ།/ཕ་མའི་དྲིན་གཟོ།	ལམ་རིམ།/ཕ་མའི་དྲིན་གཟོ།	sungbum	0
S948	Commentaries On The Practice	'GREL PA	Commentaries_On_The_Practice--'GREL_PA	r6	0
S948	Personal Spiritual Advices	BSLAB BYA	Personal_Spiritual_Advices--BSLAB_BYA	r6	0
S949	Konchok Jikme Wangpo	DKON MCHOG 'JIGS MED DBANG PO	Konchok_Jikme Wangpo--DKON MCHOG 'JIGS MED DBANG PO	r6	0
S95		རྒྱུད།/སྤྱི།/སྡོམ་པ།	རྒྱུད།/སྤྱི།/སྡོམ་པ།	sungbum	0
S95	Descriptions Of The Secret Vows	SDOM PA	Descriptions_Of_The_Secret_Vows--SDOM_PA	r6	0
S950	Konchok Jikme Wangpo	DKON MCHOG 'JIGS MED DBANG PO	Konchok_Jikme Wangpo--DKON MCHOG 'JIGS MED DBANG PO	r6	0
S951		རྣམ་ཐར།/མཚན་ཐོག/སྡེ་ཁྲི་རིན་པོ་ཆེ་བློ་བཟང་དོན་གྲུབ།	རྣམ་ཐར།/མཚན་ཐོག/སྡེ་ཁྲི་རིན་པོ་ཆེ་བློ་བཟང་དོན་གྲུབ།	sungbum	0
S951	Lobsang Dundrup	BLO BZANG DON GRUB	Lobsang_Dundrup--BLO BZANG DON GRUB	r6	0
S952		རྣམ་ཐར།/མཚན་ཐོག/བློ་བཟང་ཆོས་དར།	རྣམ་ཐར།/མཚན་ཐོག/བློ་བཟང་ཆོས་དར།	sungbum	0
S952	Lobsang Chudar	BLO BZANG CHOS DAR	Lobsang_Chudar--BLO BZANG CHOS DAR	r6	0
S953		བསྟོད་པ།/རྗེ་ཙོང་ཁ་པ།	བསྟོད་པ།/རྗེ་ཙོང་ཁ་པ།	sungbum	0
S953	Words Of Praise	BSTOD PA	Words_Of_Praise--BSTOD_PA	r6	0
S954		རྣམ་ཐར།/མཚན་ཐོག/ཚུལ་ཁྲིམས་བསྟན་བ།	རྣམ་ཐར།/མཚན་ཐོག/ཚུལ་ཁྲིམས་བསྟན་བ།	sungbum	0
S954	Tsultrim Tenpay Nyima	TSUL KHRIMS BSTAN BA'I NYI MA	Tsultrim_Tenpay Nyima--TSUL KHRIMS BSTAN BA'I NYI MA	r6	0
S955		རྣམ་ཐར།/མཚན་ཐོག/ཡི་ལ་གོག་སན་ཨེར་ཏི་ནི་མེར་གན་པཎྜིཏ་ཧོ་ཐོག་ཐུ་བློ་བཟང་བསྟན་པ་དར་རྒྱས།	རྣམ་ཐར།/མཚན་ཐོག/ཡི་ལ་གོག་སན་ཨེར་ཏི་ནི་མེར་གན་པཎྜིཏ་ཧོ་ཐོག་ཐུ་བློ་བཟང་བསྟན་པ་དར་རྒྱས།	sungbum	0
S955	Yilagoksen Ertini Mergen Pandita	YI LA GOG SAN AER TI NI MER GAN PAndITA	Yilagoksen_Ertini Mergen Pandita--YI LA GOG SAN AER TI NI MER GAN PAndITA	r6	0
S956		རྣམ་ཐར།/མཚན་ཐོག/མཁས་གྲུབ་བསྟན་འཛིན།	རྣམ་ཐར།/མཚན་ཐོག/མཁས་གྲུབ་བསྟན་འཛིན།	sungbum	0
S956	Kedrup Tendzin	MKHAS GRUB BSTAN 'DZIN	Kedrup_Tendzin--MKHAS GRUB BSTAN 'DZIN	r6	0
S957		ཉམས་ལེན།/སྨོན་ལམ།/གུང་ཐང་དཀོན་མཆོག་བསྟན་པའི་སྒྲོན་མེ།	ཉམས་ལེན།/སྨོན་ལམ།/གུང་ཐང་དཀོན་མཆོག་བསྟན་པའི་སྒྲོན་མེ།	sungbum	0
S957	Methods Of Prayer	SMON LAM	Methods_Of_Prayer--SMON_LAM	r6	0
S958	Words Of Praise	BSTOD PA	Words_Of_Praise--BSTOD_PA	r6	0
S959		བསྟོད་པ།/གཉན་རྩེ་དཔོན་སློབ་རིན་པོ་ཆེ།	བསྟོད་པ།/གཉན་རྩེ་དཔོན་སློབ་རིན་པོ་ཆེ།	sungbum	0
S959	Words Of Praise	BSTOD PA	Words_Of_Praise--BSTOD_PA	r6	0
S96		རྒྱུད།/གསང་འདུས།/རྣལ་འབྱོར།	རྒྱུད།/གསང་འདུས།/རྣལ་འབྱོར།	sungbum	0
S96	Instructions For Deep Spiritual Practice	RNAL 'BYOR	Instructions_For_Deep_Spiritual_Practice--RNAL_'BYOR	r6	0
S960		བསྟོད་པ།/བཀའ་གདམས་གོང་མ།	བསྟོད་པ།/བཀའ་གདམས་གོང་མ།	sungbum	0
S960	Words Of Praise	BSTOD PA	Words_Of_Praise--BSTOD_PA	r6	0
S961		རྣམ་ཐར།/མཚན་ཐོག/གུང་ཐང་དཀོན་མཆོག་བསྟན་པའི་སྒྲོན་མེ།	རྣམ་ཐར།/མཚན་ཐོག/གུང་ཐང་དཀོན་མཆོག་བསྟན་པའི་སྒྲོན་མེ།	sungbum	0
S961	Lineages Of The Lamas Who Have Passed On The Teaching	BLA MA'I BRGYUD	Lineages_Of_The_Lamas_Who_Have_Passed_On_The_Teaching--BLA_MA'I_BRGYUD	r6	0
S962		རྣམ་ཐར།/མཚན་ཐོག/རྗེ་ཙོང་ཁ་པ་བློ་བཟང་གྲགས་པ།	རྣམ་ཐར།/མཚན་ཐོག/རྗེ་ཙོང་ཁ་པ་བློ་བཟང་གྲགས་པ།	sungbum	0
S962	Je Tsongkapa Lobsang Drakpa	RJE TZONG KHA PA BLO BZANG GRAGS PA	Je_Tsongkapa_Lobsang_Drakpa--RJE_TZONG_KHA_PA_BLO_BZANG_GRAGS_PA	r6	0
S963		ཉམས་ལེན།/སྨོན་ལམ།/གུང་ཐང་དཀོན་མཆོག་བསྟན་པའི་སྒྲོན་མེ།	ཉམས་ལེན།/སྨོན་ལམ།/གུང་ཐང་དཀོན་མཆོག་བསྟན་པའི་སྒྲོན་མེ།	sungbum	0
S963	Methods Of Prayer	SMON LAM	Methods_Of_Prayer--SMON_LAM	r6	0
S964		རྒྱུད།/འཇམ་དབྱངས།/སྒྲུབ་ཐབས།	རྒྱུད།/འཇམ་དབྱངས།/སྒྲུབ་ཐབས།	sungbum	0
S964	Methods For Reaching The Holy Being	SGRUB THABS	Methods_For_Reaching_The_Holy_Being--SGRUB_THABS	r6	0
S965		ཆོ་ག/སྐུ་གསུང་ཐུགས་རྟེན།	ཆོ་ག/སྐུ་གསུང་ཐུགས་རྟེན།	sungbum	0
S965	General Commentaries	SPYI	General_Commentaries--SPYI	r6	0
S965	Rituals For Creating Altars	RTEN BZHENGS	Rituals_For_Creating_Altars--RTEN_BZHENGS	r6	0
S966		ཉམས་ལེན།/མཆོད་རྟེན་སོགས་ཀྱི་དཀར་ཆག	ཉམས་ལེན།/མཆོད་རྟེན་སོགས་ཀྱི་དཀར་ཆག	sungbum	0
S967		ཕར་ཕྱིན།/སྤྱི།/གུང་ཐང་བློ་གྲོས་རྒྱ་མཚོ།/མཐའ་དཔྱོད།	ཕར་ཕྱིན།/སྤྱི།/གུང་ཐང་བློ་གྲོས་རྒྱ་མཚོ།/མཐའ་དཔྱོད།	sungbum	0
S968		ཕར་ཕྱིན།/སྤྱི།/གུང་ཐང་བློ་གྲོས་རྒྱ་མཚོ།/མཐའ་དཔྱོད།	ཕར་ཕྱིན།/སྤྱི།/གུང་ཐང་བློ་གྲོས་རྒྱ་མཚོ།/མཐའ་དཔྱོད།	sungbum	0
S968	Perfection Of Wisdom	PHAR PHYIN	Perfection_Of_Wisdom--PHAR_PHYIN	r6	0
S969		ཕར་ཕྱིན།/སྤྱི།/གུང་ཐང་བློ་གྲོས་རྒྱ་མཚོ།/མཐའ་དཔྱོད།	ཕར་ཕྱིན།/སྤྱི།/གུང་ཐང་བློ་གྲོས་རྒྱ་མཚོ།/མཐའ་དཔྱོད།	sungbum	0
S969	Perfection Of Wisdom	PHAR PHYIN	Perfection_Of_Wisdom--PHAR_PHYIN	r6	0
S97		རྒྱུད།/འཇིགས་བྱེད།/རྣལ་འབྱོར།	རྒྱུད།/འཇིགས་བྱེད།/རྣལ་འབྱོར།	sungbum	0
S97	Instructions For Deep Spiritual Practice	RNAL 'BYOR	Instructions_For_Deep_Spiritual_Practice--RNAL_'BYOR	r6	0
S970	Perfection Of Wisdom	PHAR PHYIN	Perfection_Of_Wisdom--PHAR_PHYIN	r6	0
S971		ཕར་ཕྱིན།/སྤྱི།/གུང་ཐང་བློ་གྲོས་རྒྱ་མཚོ།/མཐའ་དཔྱོད།	ཕར་ཕྱིན།/སྤྱི།/གུང་ཐང་བློ་གྲོས་རྒྱ་མཚོ།/མཐའ་དཔྱོད།	sungbum	0
S971	Perfection Of Wisdom	PHAR PHYIN	Perfection_Of_Wisdom--PHAR_PHYIN	r6	0
S972		ཕར་ཕྱིན།/སྤྱི།/གུང་ཐང་བློ་གྲོས་རྒྱ་མཚོ།/མཐའ་དཔྱོད།	ཕར་ཕྱིན།/སྤྱི།/གུང་ཐང་བློ་གྲོས་རྒྱ་མཚོ།/མཐའ་དཔྱོད།	sungbum	0
S972	Perfection Of Wisdom	PHAR PHYIN	Perfection_Of_Wisdom--PHAR_PHYIN	r6	0
S973		ཕར་ཕྱིན།/སྤྱི།/གུང་ཐང་བློ་གྲོས་རྒྱ་མཚོ།/མཐའ་དཔྱོད།	ཕར་ཕྱིན།/སྤྱི།/གུང་ཐང་བློ་གྲོས་རྒྱ་མཚོ།/མཐའ་དཔྱོད།	sungbum	0
S973	Perfection Of Wisdom	PHAR PHYIN	Perfection_Of_Wisdom--PHAR_PHYIN	r6	0
S974		ཕར་ཕྱིན།/སྤྱི།/གུང་ཐང་བློ་གྲོས་རྒྱ་མཚོ།/མཐའ་དཔྱོད།	ཕར་ཕྱིན།/སྤྱི།/གུང་ཐང་བློ་གྲོས་རྒྱ་མཚོ།/མཐའ་དཔྱོད།	sungbum	0
S974	Perfection Of Wisdom	PHAR PHYIN	Perfection_Of_Wisdom--PHAR_PHYIN	r6	0
S975		དབུ་མ།/དབུ་མའི་ཡིག་ཆ།/གུང་ཐང་བློ་གྲོས་རྒྱ་མཚོ།	དབུ་མ།/དབུ་མའི་ཡིག་ཆ།/གུང་ཐང་བློ་གྲོས་རྒྱ་མཚོ།	sungbum	0
S975	Middle-Way Philosophy	DBU MA	Middle-Way_Philosophy--DBU_MA	r6	0
S976		ཕར་ཕྱིན།/དགེ་འདུན་ཉི་ཤུ།/བཀའ་ཆེན་བློ་བཟང་བཟོད་པ།	ཕར་ཕྱིན།/དགེ་འདུན་ཉི་ཤུ།/བཀའ་ཆེན་བློ་བཟང་བཟོད་པ།	sungbum	0
S976	Perfection Of Wisdom	PHAR PHYIN	Perfection_Of_Wisdom--PHAR_PHYIN	r6	0
S977		ཚད་མ།/བསྡུས་གྲྭ།/བསྡོམས་ཚིག/བཀའ་ཆེན་བྱམས་པ་ཐུབ་བསྟན།	ཚད་མ།/བསྡུས་གྲྭ།/བསྡོམས་ཚིག/བཀའ་ཆེན་བྱམས་པ་ཐུབ་བསྟན།	sungbum	0
S977	Buddhist Logic And Perceptual Theory	TSAD MA	Buddhist_Logic_And_Perceptual_Theory--TSAD_MA	r6	0
S978		ཚད་མ།/བསྡུས་གྲྭ།/སྤྱི།/བཀའ་ཆེན་བློ་བཟང་བཟོད་པ།	ཚད་མ།/བསྡུས་གྲྭ།/སྤྱི།/བཀའ་ཆེན་བློ་བཟང་བཟོད་པ།	sungbum	0
S978	Buddhist Logic And Perceptual Theory	TSAD MA	Buddhist_Logic_And_Perceptual_Theory--TSAD_MA	r6	0
S979		ཕར་ཕྱིན།/དགེ་འདུན་ཉི་ཤུ།/ཆོས་འབྱོར་དཔལ་བཟང་།	ཕར་ཕྱིན།/དགེ་འདུན་ཉི་ཤུ།/ཆོས་འབྱོར་དཔལ་བཟང་།	sungbum	0
S979	Perfection Of Wisdom	PHAR PHYIN	Perfection_Of_Wisdom--PHAR_PHYIN	r6	0
S98		རྒྱུད།/འཇིགས་བྱེད།/བསྙེན་པ།	རྒྱུད།/འཇིགས་བྱེད།/བསྙེན་པ།	sungbum	0
S98	Instructions For A Secret Retreat	BSNYEN PA	Instructions_For_A_Secret_Retreat--BSNYEN_PA	r6	0
S980		དབུ་མ།/བདེན་གཉིས་ཀྱི་རྣམ་གཞག	དབུ་མ།/བདེན་གཉིས་ཀྱི་རྣམ་གཞག	sungbum	0
S980	Commentaries To Sutras	MDO 'GREL	Commentaries_To_Sutras--MDO_'GREL	r6	0
S980	Middle-Way Philosophy	DBU MA	Middle-Way_Philosophy--DBU_MA	r6	0
S981		དབུ་མ།/དབུ་མ་ལ་འཇུག་པའི་འགྲེལ་པ།/ཆོས་རྗེ་ཁལ་ཁ་ངག་དབང་དཔལ་ལྡན།	དབུ་མ།/དབུ་མ་ལ་འཇུག་པའི་འགྲེལ་པ།/ཆོས་རྗེ་ཁལ་ཁ་ངག་དབང་དཔལ་ལྡན།	sungbum	0
S981	Middle-Way Philosophy	DBU MA	Middle-Way_Philosophy--DBU_MA	r6	0
S982		ཕར་ཕྱིན།/སྤྱི།/ཆོས་རྗེ་ངག་དབང་དཔལ་ལྡན།/སྤྱི་དོན།	ཕར་ཕྱིན།/སྤྱི།/ཆོས་རྗེ་ངག་དབང་དཔལ་ལྡན།/སྤྱི་དོན།	sungbum	0
S982	Commentaries To Sutras	MDO 'GREL	Commentaries_To_Sutras--MDO_'GREL	r6	0
S982	Perfection Of Wisdom	PHAR PHYIN	Perfection_Of_Wisdom--PHAR_PHYIN	r6	0
S986		གྲུབ་མཐའ།/ལྕང་སྐྱ་རོལ་པའི་རྡོ་རྗེ།/གྲུབ་མཐའ་ཆེན་མོ།/འགྲེལ་པ།	གྲུབ་མཐའ།/ལྕང་སྐྱ་རོལ་པའི་རྡོ་རྗེ།/གྲུབ་མཐའ་ཆེན་མོ།/འགྲེལ་པ།	sungbum	0
S986	Commentaries To Sutras	MDO 'GREL	Commentaries_To_Sutras--MDO_'GREL	r6	0
S989		འདུལ་བ།/སྤྱི།/ཆོས་རྗེ་ཁལ་ཁ་ངག་དབང་དཔལ་ལྡན།	འདུལ་བ།/སྤྱི།/ཆོས་རྗེ་ཁལ་ཁ་ངག་དབང་དཔལ་ལྡན།	sungbum	0
S989	General Commentaries	SPYI	General_Commentaries--SPYI	r6	0
S99		རྒྱུད།/མགོན་པོ།/བསྙེན་པ།	རྒྱུད།/མགོན་པོ།/བསྙེན་པ།	sungbum	0
S99	Instructions For A Secret Retreat	BSNYEN PA	Instructions_For_A_Secret_Retreat--BSNYEN_PA	r6	0
S990		འདུལ་བ།/སྤྱི།/ཆོས་རྗེ་ཁལ་ཁ་ངག་དབང་དཔལ་ལྡན།	འདུལ་བ།/སྤྱི།/ཆོས་རྗེ་ཁལ་ཁ་ངག་དབང་དཔལ་ལྡན།	sungbum	0
S990	General Commentaries	SPYI	General_Commentaries--SPYI	r6	0
S992		རྣམ་ཐར།/མཚན་ཐོག/ཕ་བོང་ཁ་རིན་པོ་ཆེ་བདེ་ཆེན་སྙིང་པོ།	རྣམ་ཐར།/མཚན་ཐོག/ཕ་བོང་ཁ་རིན་པོ་ཆེ་བདེ་ཆེན་སྙིང་པོ།	sungbum	0
S992	Pabongka Dechen Nyingpo	PHA BONG KHA PA BDE CHEN SNYING PO	Pabongka_Dechen Nyingpo--PHA BONG KHA PA BDE CHEN SNYING PO	r6	0
S993	Pabongka Dechen Nyingpo	PHA BONG KHA PA BDE CHEN SNYING PO	Pabongka_Dechen Nyingpo--PHA BONG KHA PA BDE CHEN SNYING PO	r6	0
S994		ཚད་མ།/བསྡུས་གྲྭ།/སྤྱི།/ངག་དབང་འཕྲིན་ལས་ལྷུན་གྲུབ།	ཚད་མ།/བསྡུས་གྲྭ།/སྤྱི།/ངག་དབང་འཕྲིན་ལས་ལྷུན་གྲུབ།	sungbum	0
S994	Buddhist Logic And Perceptual Theory	TSAD MA	Buddhist_Logic_And_Perceptual_Theory--TSAD_MA	r6	0
S995		ཚད་མ།/ཚད་མ་རྣམ་འགྲེལ།/ཀུན་མཁྱེན་ཆོས་འབྱོར་དཔལ་བཟང་།	ཚད་མ།/ཚད་མ་རྣམ་འགྲེལ།/ཀུན་མཁྱེན་ཆོས་འབྱོར་དཔལ་བཟང་།	sungbum	0
S995	Buddhist Logic And Perceptual Theory	TSAD MA	Buddhist_Logic_And_Perceptual_Theory--TSAD_MA	r6	0
S996		ཚད་མ།/ཚད་མ་རྣམ་འགྲེལ།/ཀུན་མཁྱེན་ཆོས་འབྱོར་དཔལ་བཟང་།	ཚད་མ།/ཚད་མ་རྣམ་འགྲེལ།/ཀུན་མཁྱེན་ཆོས་འབྱོར་དཔལ་བཟང་།	sungbum	0
S996	Buddhist Logic And Perceptual Theory	TSAD MA	Buddhist_Logic_And_Perceptual_Theory--TSAD_MA	r6	0
S997		ཚད་མ།/ཚད་མ་རྣམ་འགྲེལ།/ཀུན་མཁྱེན་ཆོས་འབྱོར་དཔལ་བཟང་།	ཚད་མ།/ཚད་མ་རྣམ་འགྲེལ།/ཀུན་མཁྱེན་ཆོས་འབྱོར་དཔལ་བཟང་།	sungbum	0
S997	Buddhist Logic And Perceptual Theory	TSAD MA	Buddhist_Logic_And_Perceptual_Theory--TSAD_MA	r6	0
S998		ཚད་མ།/ཚད་མ་རྣམ་འགྲེལ།/ཀུན་མཁྱེན་ཆོས་འབྱོར་དཔལ་བཟང་།	ཚད་མ།/ཚད་མ་རྣམ་འགྲེལ།/ཀུན་མཁྱེན་ཆོས་འབྱོར་དཔལ་བཟང་།	sungbum	0
S998	Buddhist Logic And Perceptual Theory	TSAD MA	Buddhist_Logic_And_Perceptual_Theory--TSAD_MA	r6	0
S999		ཕར་ཕྱིན།/སྤྱི།/ཀུན་མཁྱེན་ཆོས་འབྱོར་དཔལ་བཟང་།	ཕར་ཕྱིན།/སྤྱི།/ཀུན་མཁྱེན་ཆོས་འབྱོར་དཔལ་བཟང་།	sungbum	0
S999	Perfection Of Wisdom	PHAR PHYIN	Perfection_Of_Wisdom--PHAR_PHYIN	r6	0
SA5408		དབུ་མ།/དབུ་མ་ལ་འཇུག་པའི་འགྲེལ་པ།/རྗེ་ཙོང་ཁ་པ་བློ་བཟང་གྲགས་པ།	དབུ་མ།/དབུ་མ་ལ་འཇུག་པའི་འགྲེལ་པ།/རྗེ་ཙོང་ཁ་པ་བློ་བཟང་གྲགས་པ།	sungbum	0
SA949		རྣམ་ཐར།/མཚན་ཐོག/དཀོན་མཆོག་འཇིགས་མེད་དབང་པོ།	རྣམ་ཐར།/མཚན་ཐོག/དཀོན་མཆོག་འཇིགས་མེད་དབང་པོ།	sungbum	0
SA950		རྣམ་ཐར།/མཚན་ཐོག/དཀོན་མཆོག་འཇིགས་མེད་དབང་པོ།	རྣམ་ཐར།/མཚན་ཐོག/དཀོན་མཆོག་འཇིགས་མེད་དབང་པོ།	sungbum	0
SB218		ལམ་རིམ།/ལམ་སྒྲོན།/འགྲེལ་པ།	ལམ་རིམ།/ལམ་སྒྲོན།/འགྲེལ་པ།	sungbum	0
SB218	Works On A Lamp For The Path	LAM GYI SGRON MA	Works_On_A_Lamp_For_The_Path--LAM_GYI_SGRON_MA	r6	0
SB59		འདུལ་བ།/སྤྱི།/པཎ་ཆེན་བློ་གྲོས་ལེགས་བཟང་།	འདུལ་བ།/སྤྱི།/པཎ་ཆེན་བློ་གྲོས་ལེགས་བཟང་།	sungbum	0
SB59	General Commentaries	SPYI	General_Commentaries--SPYI	r6	0
SD12135		རྣམ་ཐར།/མཚན་ཐོག/པཎ་ཆེན་གསུམ་པ་བློ་བཟང་དཔལ་ལྡན་ཡེ་ཤེས།	རྣམ་ཐར།/མཚན་ཐོག/པཎ་ཆེན་གསུམ་པ་བློ་བཟང་དཔལ་ལྡན་ཡེ་ཤེས།	sungbum	0
SD12216		རྣམ་ཐར།/མཚན་ཐོག/པཎ་ཆེན་གཉིས་པ་བློ་བཟང་ཡེ་ཤེས།	རྣམ་ཐར།/མཚན་ཐོག/པཎ་ཆེན་གཉིས་པ་བློ་བཟང་ཡེ་ཤེས།	sungbum	0
SD5394		ལམ་རིམ།/ལམ་རིམ་ཆེན་མོ།/ས་བཅད།	ལམ་རིམ།/ལམ་རིམ་ཆེན་མོ།/ས་བཅད།	sungbum	0
SD5394	Commentaries On The Practice	'GREL PA	Commentaries_On_The_Practice--'GREL_PA	r6	0
SE1		ཕར་ཕྱིན།/སྤྱི།/མཁས་གྲུབ་བསྟན་པ་དར་རྒྱས།/མཐའ་དཔྱོད།	ཕར་ཕྱིན།/སྤྱི།/མཁས་གྲུབ་བསྟན་པ་དར་རྒྱས།/མཐའ་དཔྱོད།	sungbum	0
SE1	Perfection Of Wisdom	PHAR PHYIN	Perfection_Of_Wisdom--PHAR_PHYIN	r6	0
SE191		རྣམ་ཐར།/མཚན་ཐོག/རྗེ་ཙོང་ཁ་པ་བློ་བཟང་གྲགས་པ།	རྣམ་ཐར།/མཚན་ཐོག/རྗེ་ཙོང་ཁ་པ་བློ་བཟང་གྲགས་པ།	sungbum	0
SE191	Je Tsongkapa Lobsang Drakpa	RJE TZONG KHA PA BLO BZANG GRAGS PA	Je_Tsongkapa_Lobsang_Drakpa--RJE_TZONG_KHA_PA_BLO_BZANG_GRAGS_PA	r6	0
SE23		ཚད་མ།/ཚད་མ་རྣམ་འགྲེལ།/དགེ་བཤེས་ཡེ་ཤེས་དབང་ཕྱུག	ཚད་མ།/ཚད་མ་རྣམ་འགྲེལ།/དགེ་བཤེས་ཡེ་ཤེས་དབང་ཕྱུག	sungbum	0
SE23	Buddhist Logic And Perceptual Theory	TSAD MA	Buddhist_Logic_And_Perceptual_Theory--TSAD_MA	r6	0
SE5414		སེམས་ཙམ།/ཀུན་གཞིའི་རྣམ་པར་ཤེས།/རྗེ་ཙོང་ཁ་པ་བློ་བཟང་གྲགས་པ།	སེམས་ཙམ།/ཀུན་གཞིའི་རྣམ་པར་ཤེས།/རྗེ་ཙོང་ཁ་པ་བློ་བཟང་གྲགས་པ།	sungbum	0
SE5414	The Mind Only School	SEMS TZAM	The_Mind_Only_School--SEMS_TZAM	r6	0
SE5525		མངོན་པ།/རྒྱལ་བ་དགེ་འདུན་གྲུབ།	མངོན་པ།/རྒྱལ་བ་དགེ་འདུན་གྲུབ།	sungbum	0
SE5525	Higher Knowledge	MNGON PA	Higher_Knowledge--MNGON_PA	r6	0
SE5565		དྲང་ངེས།/རྒྱལ་བ་དགེ་འདུན་རྒྱ་མཚོ།	དྲང་ངེས།/རྒྱལ་བ་དགེ་འདུན་རྒྱ་མཚོ།	sungbum	0
SE5565	The Art Of Interpreting The Buddha	DRANG NGES	The_Art_Of_Interpreting_The_Buddha--DRANG_NGES	r6	0
SE6260		རྣམ་ཐར།/མཚན་ཐོག/དངུལ་ཆུ་དྷརྨ་བྷདྲ།	རྣམ་ཐར།/མཚན་ཐོག/དངུལ་ཆུ་དྷརྨ་བྷདྲ།	sungbum	0
SE6260	Ngulchu Dharma Bhadra	DNGUL CHU DHARMA BHADRA	Ngulchu_Dharma_Bhadra--DNGUL_CHU_DHARMA_BHADRA	r6	0
SE6850		འདུལ་བ།/སྤྱི།/མཚོ་སྣ་བ་ཤེས་རབ་བཟང་པོ།	འདུལ་བ།/སྤྱི།/མཚོ་སྣ་བ་ཤེས་རབ་བཟང་པོ།	sungbum	0
SE6850	General Commentaries	SPYI	General_Commentaries--SPYI	r6	0
SE70		ལམ་རིམ།/བསྟན་རིམ་ཆེན་མོ།	ལམ་རིམ།/བསྟན་རིམ་ཆེན་མོ།	sungbum	0
SE70	Works On The Steps Of The Teaching	BSTAN RIM CHEN MO	Works_On_The_Steps_Of_The_Teaching--BSTAN_RIM_CHEN_MO	r6	0
SE9		ཕར་ཕྱིན།/སྤྱི།/མཁས་གྲུབ་བསྟན་པ་དར་རྒྱས།/སྤྱི་དོན།	ཕར་ཕྱིན།/སྤྱི།/མཁས་གྲུབ་བསྟན་པ་དར་རྒྱས།/སྤྱི་དོན།	sungbum	0
SE9	Perfection Of Wisdom	PHAR PHYIN	Perfection_Of_Wisdom--PHAR_PHYIN	r6	0
SG6815		ཕར་ཕྱིན།/སྤྱི།/སེ་ར་རྗེ་བཙུན་ཆོས་ཀྱི་རྒྱལ་མཚན།/མཐའ་དཔྱོད།	ཕར་ཕྱིན།/སྤྱི།/སེ་ར་རྗེ་བཙུན་ཆོས་ཀྱི་རྒྱལ་མཚན།/མཐའ་དཔྱོད།	sungbum	0
SG6815	Perfection Of Wisdom	PHAR PHYIN	Perfection_Of_Wisdom--PHAR_PHYIN	r6	0
SK46		རྒྱུད།/རྡོ་རྗེ་རྣལ་འབྱོར་མ།/སྒྲུབ་ཐབས།	རྒྱུད།/རྡོ་རྗེ་རྣལ་འབྱོར་མ།/སྒྲུབ་ཐབས།	sungbum	0
SK46	Methods For Reaching The Holy Being	SGRUB THABS	Methods_For_Reaching_The_Holy_Being--SGRUB_THABS	r6	0
SK5408		དབུ་མ།/དབུ་མ་ལ་འཇུག་པའི་འགྲེལ་པ།/རྗེ་ཙོང་ཁ་པ་བློ་བཟང་གྲགས་པ།	དབུ་མ།/དབུ་མ་ལ་འཇུག་པའི་འགྲེལ་པ།/རྗེ་ཙོང་ཁ་པ་བློ་བཟང་གྲགས་པ།	sungbum	0
SL1		ཕར་ཕྱིན།/སྤྱི།/མཁས་གྲུབ་བསྟན་པ་དར་རྒྱས།/མཐའ་དཔྱོད།	ཕར་ཕྱིན།/སྤྱི།/མཁས་གྲུབ་བསྟན་པ་དར་རྒྱས།/མཐའ་དཔྱོད།	sungbum	0
SL1	Perfection Of Wisdom	PHAR PHYIN	Perfection_Of_Wisdom--PHAR_PHYIN	r6	0
SL191		རྣམ་ཐར།/མཚན་ཐོག/རྗེ་ཙོང་ཁ་པ་བློ་བཟང་གྲགས་པ།	རྣམ་ཐར།/མཚན་ཐོག/རྗེ་ཙོང་ཁ་པ་བློ་བཟང་གྲགས་པ།	sungbum	0
SL191	Je Tsongkapa Lobsang Drakpa	RJE TZONG KHA PA BLO BZANG GRAGS PA	Je_Tsongkapa_Lobsang_Drakpa--RJE_TZONG_KHA_PA_BLO_BZANG_GRAGS_PA	r6	0
SL196		རྒྱུད།/སྤྱི།/ས་ལམ།	རྒྱུད།/སྤྱི།/ས་ལམ།	sungbum	0
SL196	Descriptions Of The Paths And Levels Of Secret Practice	SA LAM	Descriptions_Of_The_Paths_And_Levels_Of_Secret_Practice--SA_LAM	r6	0
SL23		ཚད་མ།/ཚད་མ་རྣམ་འགྲེལ།/དགེ་བཤེས་ཡེ་ཤེས་དབང་ཕྱུག	ཚད་མ།/ཚད་མ་རྣམ་འགྲེལ།/དགེ་བཤེས་ཡེ་ཤེས་དབང་ཕྱུག	sungbum	0
SL23	Buddhist Logic And Perceptual Theory	TSAD MA	Buddhist_Logic_And_Perceptual_Theory--TSAD_MA	r6	0
SL5414		སེམས་ཙམ།/ཀུན་གཞིའི་རྣམ་པར་ཤེས།/རྗེ་ཙོང་ཁ་པ་བློ་བཟང་གྲགས་པ།	སེམས་ཙམ།/ཀུན་གཞིའི་རྣམ་པར་ཤེས།/རྗེ་ཙོང་ཁ་པ་བློ་བཟང་གྲགས་པ།	sungbum	0
SL5414	The Mind Only School	SEMS TZAM	The_Mind_Only_School--SEMS_TZAM	r6	0
SL5525		མངོན་པ།/རྒྱལ་བ་དགེ་འདུན་གྲུབ།	མངོན་པ།/རྒྱལ་བ་དགེ་འདུན་གྲུབ།	sungbum	0
SL5525	Higher Knowledge	MNGON PA	Higher_Knowledge--MNGON_PA	r6	0
SL5565		དྲང་ངེས།/རྒྱལ་བ་དགེ་འདུན་རྒྱ་མཚོ།	དྲང་ངེས།/རྒྱལ་བ་དགེ་འདུན་རྒྱ་མཚོ།	sungbum	0
SL5565	The Art Of Interpreting The Buddha	DRANG NGES	The_Art_Of_Interpreting_The_Buddha--DRANG_NGES	r6	0
SL59		འདུལ་བ།/སྤྱི།/པཎ་ཆེན་བློ་གྲོས་ལེགས་བཟང་།	འདུལ་བ།/སྤྱི།/པཎ་ཆེན་བློ་གྲོས་ལེགས་བཟང་།	sungbum	0
SL59	General Commentaries	SPYI	General_Commentaries--SPYI	r6	0
SL5977		དབུ་མ།/ཕྱག་རྒྱ་ཆེན་པོ།/བློ་བཟང་ཆོས་ཀྱི་རྒྱལ་མཚན།/བདག་འཛིན་གཤགས་འདེབས།	དབུ་མ།/ཕྱག་རྒྱ་ཆེན་པོ།/བློ་བཟང་ཆོས་ཀྱི་རྒྱལ་མཚན།/བདག་འཛིན་གཤགས་འདེབས།	sungbum	0
SL5977	Middle-Way Philosophy	DBU MA	Middle-Way_Philosophy--DBU_MA	r6	0
SL6260		རྣམ་ཐར།/མཚན་ཐོག/དངུལ་ཆུ་དྷརྨ་བྷདྲ།	རྣམ་ཐར།/མཚན་ཐོག/དངུལ་ཆུ་དྷརྨ་བྷདྲ།	sungbum	0
SL6260	Ngulchu Dharma Bhadra	DNGUL CHU DHARMA BHADRA	Ngulchu_Dharma_Bhadra--DNGUL_CHU_DHARMA_BHADRA	r6	0
SL6850		འདུལ་བ།/སྤྱི།/མཚོ་སྣ་བ་ཤེས་རབ་བཟང་པོ།	འདུལ་བ།/སྤྱི།/མཚོ་སྣ་བ་ཤེས་རབ་བཟང་པོ།	sungbum	0
SL6850	General Commentaries	SPYI	General_Commentaries--SPYI	r6	0
SL70		ལམ་རིམ།/བསྟན་རིམ་ཆེན་མོ།	ལམ་རིམ།/བསྟན་རིམ་ཆེན་མོ།	sungbum	0
SL70	Works On The Steps Of The Teaching	BSTAN RIM CHEN MO	Works_On_The_Steps_Of_The_Teaching--BSTAN_RIM_CHEN_MO	r6	0
SL9		ཕར་ཕྱིན།/སྤྱི།/མཁས་གྲུབ་བསྟན་པ་དར་རྒྱས།/སྤྱི་དོན།	ཕར་ཕྱིན།/སྤྱི།/མཁས་གྲུབ་བསྟན་པ་དར་རྒྱས།/སྤྱི་དོན།	sungbum	0
SL9	Perfection Of Wisdom	PHAR PHYIN	Perfection_Of_Wisdom--PHAR_PHYIN	r6	0
SN12135		རྣམ་ཐར།/མཚན་ཐོག/པཎ་ཆེན་གསུམ་པ་བློ་བཟང་དཔལ་ལྡན་ཡེ་ཤེས།	རྣམ་ཐར།/མཚན་ཐོག/པཎ་ཆེན་གསུམ་པ་བློ་བཟང་དཔལ་ལྡན་ཡེ་ཤེས།	sungbum	0
SN12216		རྣམ་ཐར།/མཚན་ཐོག/པཎ་ཆེན་གཉིས་པ་བློ་བཟང་ཡེ་ཤེས།	རྣམ་ཐར།/མཚན་ཐོག/པཎ་ཆེན་གཉིས་པ་བློ་བཟང་ཡེ་ཤེས།	sungbum	0
SN6838		དབུ་མ།/འགྲེལ་པ་སྤྱི།/སེ་ར་རྗེ་བཙུན་ཆོས་ཀྱི་རྒྱལ་མཚན།	དབུ་མ།/འགྲེལ་པ་སྤྱི།/སེ་ར་རྗེ་བཙུན་ཆོས་ཀྱི་རྒྱལ་མཚན།	sungbum	0
SN6838	Middle-Way Philosophy	DBU MA	Middle-Way_Philosophy--DBU_MA	r6	0
SN956		རྣམ་ཐར།/མཚན་ཐོག/མཁས་གྲུབ་བསྟན་འཛིན།	རྣམ་ཐར།/མཚན་ཐོག/མཁས་གྲུབ་བསྟན་འཛིན།	sungbum	0
SP24		དབུ་མ།/རྡོ་རྗེ་གཅོད་པའི་འགྲེལ་པ།	དབུ་མ།/རྡོ་རྗེ་གཅོད་པའི་འགྲེལ་པ།	sungbum	0
SP5275		ལམ་རིམ།/ཡོན་ཏན་གཞིར་གྱུར་མ།	ལམ་རིམ།/ཡོན་ཏན་གཞིར་གྱུར་མ།	sungbum	0
SP5279		ཆོ་ག/བྱང་སེམས་སྡོམ་པ།	ཆོ་ག/བྱང་སེམས་སྡོམ་པ།	sungbum	0
SP5939		དབུ་མ།/ཕྱག་རྒྱ་ཆེན་པོ།/བློ་བཟང་ཆོས་ཀྱི་རྒྱལ་མཚན།/ཕྱག་ཆེན་རྩ་བ།	དབུ་མ།/ཕྱག་རྒྱ་ཆེན་པོ།/བློ་བཟང་ཆོས་ཀྱི་རྒྱལ་མཚན།/ཕྱག་ཆེན་རྩ་བ།	sungbum	0
SP5939	Middle-Way Philosophy	DBU MA	Middle-Way_Philosophy--DBU_MA	r6	0
SR218		ལམ་རིམ།/ལམ་སྒྲོན།/འགྲེལ་པ།	ལམ་རིམ།/ལམ་སྒྲོན།/འགྲེལ་པ།	sungbum	0
SR218	Works On A Lamp For The Path	LAM GYI SGRON MA	Works_On_A_Lamp_For_The_Path--LAM_GYI_SGRON_MA	r6	0
SS46		རྒྱུད།/རྡོ་རྗེ་རྣལ་འབྱོར་མ།/སྒྲུབ་ཐབས།	རྒྱུད།/རྡོ་རྗེ་རྣལ་འབྱོར་མ།/སྒྲུབ་ཐབས།	sungbum	0
SS46	Methods For Reaching The Holy Being	SGRUB THABS	Methods_For_Reaching_The_Holy_Being--SGRUB_THABS	r6	0
SS5275		ལམ་རིམ།/ཡོན་ཏན་གཞིར་གྱུར་མ།	ལམ་རིམ།/ཡོན་ཏན་གཞིར་གྱུར་མ།	sungbum	0
SS5939		རྒྱུད།/ཕྱག་རྒྱ་ཆེན་པོ།/འགྲེལ་པ།	རྒྱུད།/ཕྱག་རྒྱ་ཆེན་པོ།/འགྲེལ་པ།	sungbum	0
SS5939	Commentaries On The Practice	'GREL PA	Commentaries_On_The_Practice--'GREL_PA	r6	0
SS6838		དབུ་མ།/འགྲེལ་པ་སྤྱི།/སེ་ར་རྗེ་བཙུན་ཆོས་ཀྱི་རྒྱལ་མཚན།	དབུ་མ།/འགྲེལ་པ་སྤྱི།/སེ་ར་རྗེ་བཙུན་ཆོས་ཀྱི་རྒྱལ་མཚན།	sungbum	0
SS6838	Middle-Way Philosophy	DBU MA	Middle-Way_Philosophy--DBU_MA	r6	0
ST24		དབུ་མ།/རྡོ་རྗེ་གཅོད་པའི་འགྲེལ་པ།	དབུ་མ།/རྡོ་རྗེ་གཅོད་པའི་འགྲེལ་པ།	sungbum	0
ST24	Commentaries To Sutras	MDO 'GREL	Commentaries_To_Sutras--MDO_'GREL	r6	0
ST24	Middle-Way Philosophy	DBU MA	Middle-Way_Philosophy--DBU_MA	r6	0
ST5408		དབུ་མ།/དབུ་མ་ལ་འཇུག་པའི་འགྲེལ་པ།/རྗེ་ཙོང་ཁ་པ་བློ་བཟང་གྲགས་པ།	དབུ་མ།/དབུ་མ་ལ་འཇུག་པའི་འགྲེལ་པ།/རྗེ་ཙོང་ཁ་པ་བློ་བཟང་གྲགས་པ།	sungbum	0
ST5414		སེམས་ཙམ།/ཀུན་གཞིའི་རྣམ་པར་ཤེས།/རྗེ་ཙོང་ཁ་པ་བློ་བཟང་གྲགས་པ།	སེམས་ཙམ།/ཀུན་གཞིའི་རྣམ་པར་ཤེས།/རྗེ་ཙོང་ཁ་པ་བློ་བཟང་གྲགས་པ།	sungbum	0
ST5414	The Mind Only School	SEMS TZAM	The_Mind_Only_School--SEMS_TZAM	r6	0
TB3951	Middle-Way Philosophy	DBU MA	Middle-Way_Philosophy--DBU_MA	r6	0
TD1198	Secret Teachings	RGYUD	Secret_Teachings--RGYUD	r6	0
TD1573	Secret Teachings	RGYUD	Secret_Teachings--RGYUD	r6	0
TD1574	Secret Teachings	RGYUD	Secret_Teachings--RGYUD	r6	0
TD1575	Secret Teachings	RGYUD	Secret_Teachings--RGYUD	r6	0
TD1577	Secret Teachings	RGYUD	Secret_Teachings--RGYUD	r6	0
TD1578	Secret Teachings	RGYUD	Secret_Teachings--RGYUD	r6	0
TD1579	Secret Teachings	RGYUD	Secret_Teachings--RGYUD	r6	0
TD1580	Secret Teachings	RGYUD	Secret_Teachings--RGYUD	r6	0
TD1581	Secret Teachings	RGYUD	Secret_Teachings--RGYUD	r6	0
TD1582	Secret Teachings	RGYUD	Secret_Teachings--RGYUD	r6	0
TD1583	Secret Teachings	RGYUD	Secret_Teachings--RGYUD	r6	0
TD1584	Secret Teachings	RGYUD	Secret_Teachings--RGYUD	r6	0
TD1585	Secret Teachings	RGYUD	Secret_Teachings--RGYUD	r6	0
TD1586	Secret Teachings	RGYUD	Secret_Teachings--RGYUD	r6	0
TD1838	Secret Teachings	RGYUD	Secret_Teachings--RGYUD	r6	0
TD1839	Secret Teachings	RGYUD	Secret_Teachings--RGYUD	r6	0
TD3721	Secret Teachings	RGYUD	Secret_Teachings--RGYUD	r6	0
TD3722	Secret Teachings	RGYUD	Secret_Teachings--RGYUD	r6	0
TD3723	Secret Teachings	RGYUD	Secret_Teachings--RGYUD	r6	0
TD3724	Secret Teachings	RGYUD	Secret_Teachings--RGYUD	r6	0
TD3725	Secret Teachings	RGYUD	Secret_Teachings--RGYUD	r6	0
TD3726	Secret Teachings	RGYUD	Secret_Teachings--RGYUD	r6	0
TD3727	Secret Teachings	RGYUD	Secret_Teachings--RGYUD	r6	0
TD3728	Secret Teachings	RGYUD	Secret_Teachings--RGYUD	r6	0
TD3729	Secret Teachings	RGYUD	Secret_Teachings--RGYUD	r6	0
TD3730	Secret Teachings	RGYUD	Secret_Teachings--RGYUD	r6	0
TD3731	Secret Teachings	RGYUD	Secret_Teachings--RGYUD	r6	0
TD3732	Secret Teachings	RGYUD	Secret_Teachings--RGYUD	r6	0
TD3733	Secret Teachings	RGYUD	Secret_Teachings--RGYUD	r6	0
TD3734	Secret Teachings	RGYUD	Secret_Teachings--RGYUD	r6	0
TD3735	Secret Teachings	RGYUD	Secret_Teachings--RGYUD	r6	0
TD3736	Secret Teachings	RGYUD	Secret_Teachings--RGYUD	r6	0
TD3737	Secret Teachings	RGYUD	Secret_Teachings--RGYUD	r6	0
TD3738	Secret Teachings	RGYUD	Secret_Teachings--RGYUD	r6	0
TD3739	Secret Teachings	RGYUD	Secret_Teachings--RGYUD	r6	0
TD3740	Secret Teachings	RGYUD	Secret_Teachings--RGYUD	r6	0
TD3741	Secret Teachings	RGYUD	Secret_Teachings--RGYUD	r6	0
TD3742	Secret Teachings	RGYUD	Secret_Teachings--RGYUD	r6	0
TD3743	Secret Teachings	RGYUD	Secret_Teachings--RGYUD	r6	0
TD3744	Secret Teachings	RGYUD	Secret_Teachings--RGYUD	r6	0
TD3745	Secret Teachings	RGYUD	Secret_Teachings--RGYUD	r6	0
TD3746	Secret Teachings	RGYUD	Secret_Teachings--RGYUD	r6	0
TD3747	Secret Teachings	RGYUD	Secret_Teachings--RGYUD	r6	0
TD3748	Secret Teachings	RGYUD	Secret_Teachings--RGYUD	r6	0
TD3749	Secret Teachings	RGYUD	Secret_Teachings--RGYUD	r6	0
TD3750	Secret Teachings	RGYUD	Secret_Teachings--RGYUD	r6	0
TD3751	Secret Teachings	RGYUD	Secret_Teachings--RGYUD	r6	0
TD3752	Secret Teachings	RGYUD	Secret_Teachings--RGYUD	r6	0
TD3753	Secret Teachings	RGYUD	Secret_Teachings--RGYUD	r6	0
TD3754	Secret Teachings	RGYUD	Secret_Teachings--RGYUD	r6	0
TD3755	Secret Teachings	RGYUD	Secret_Teachings--RGYUD	r6	0
TD3756	Secret Teachings	RGYUD	Secret_Teachings--RGYUD	r6	0
TD3757	Secret Teachings	RGYUD	Secret_Teachings--RGYUD	r6	0
TD3758	Secret Teachings	RGYUD	Secret_Teachings--RGYUD	r6	0
TD3759	Secret Teachings	RGYUD	Secret_Teachings--RGYUD	r6	0
TD3760	Secret Teachings	RGYUD	Secret_Teachings--RGYUD	r6	0
TD3761	Secret Teachings	RGYUD	Secret_Teachings--RGYUD	r6	0
TD3762	Secret Teachings	RGYUD	Secret_Teachings--RGYUD	r6	0
TD3763	Secret Teachings	RGYUD	Secret_Teachings--RGYUD	r6	0
TD3764	Secret Teachings	RGYUD	Secret_Teachings--RGYUD	r6	0
TD3765	Secret Teachings	RGYUD	Secret_Teachings--RGYUD	r6	0
TD3766	Secret Teachings	RGYUD	Secret_Teachings--RGYUD	r6	0
TD3767	Secret Teachings	RGYUD	Secret_Teachings--RGYUD	r6	0
TD3768	Secret Teachings	RGYUD	Secret_Teachings--RGYUD	r6	0
TD3769	Secret Teachings	RGYUD	Secret_Teachings--RGYUD	r6	0
TD3770	Secret Teachings	RGYUD	Secret_Teachings--RGYUD	r6	0
TD3771	Secret Teachings	RGYUD	Secret_Teachings--RGYUD	r6	0
TD3772	Secret Teachings	RGYUD	Secret_Teachings--RGYUD	r6	0
TD3773	Secret Teachings	RGYUD	Secret_Teachings--RGYUD	r6	0
TD3774	Secret Teachings	RGYUD	Secret_Teachings--RGYUD	r6	0
TD3775	Secret Teachings	RGYUD	Secret_Teachings--RGYUD	r6	0
TD3776	Secret Teachings	RGYUD	Secret_Teachings--RGYUD	r6	0
TD3777	Secret Teachings	RGYUD	Secret_Teachings--RGYUD	r6	0
TD3778	Secret Teachings	RGYUD	Secret_Teachings--RGYUD	r6	0
TD3779	Secret Teachings	RGYUD	Secret_Teachings--RGYUD	r6	0
TD3780	Secret Teachings	RGYUD	Secret_Teachings--RGYUD	r6	0
TD3781	Secret Teachings	RGYUD	Secret_Teachings--RGYUD	r6	0
TD3782	Secret Teachings	RGYUD	Secret_Teachings--RGYUD	r6	0
TD3783	Secret Teachings	RGYUD	Secret_Teachings--RGYUD	r6	0
TD3784	Secret Teachings	RGYUD	Secret_Teachings--RGYUD	r6	0
TD3785	Secret Teachings	RGYUD	Secret_Teachings--RGYUD	r6	0
TD3786	Perfection of Wisdom	SHES PHYIN	Perfection_of_Wisdom--SHES PHYIN	r6	0
TD3790	Perfection of Wisdom	SHES PHYIN	Perfection_of_Wisdom--SHES PHYIN	r6	0
TD3792	Perfection of Wisdom	SHES PHYIN	Perfection_of_Wisdom--SHES PHYIN	r6	0
TD3793	Perfection of Wisdom	SHES PHYIN	Perfection_of_Wisdom--SHES PHYIN	r6	0
TD3794	Perfection of Wisdom	SHES PHYIN	Perfection_of_Wisdom--SHES PHYIN	r6	0
TD3795	Perfection of Wisdom	SHES PHYIN	Perfection_of_Wisdom--SHES PHYIN	r6	0
TD3803	Perfection of Wisdom	SHES PHYIN	Perfection_of_Wisdom--SHES PHYIN	r6	0
TD3804	Perfection of Wisdom	SHES PHYIN	Perfection_of_Wisdom--SHES PHYIN	r6	0
TD3805	Perfection of Wisdom	SHES PHYIN	Perfection_of_Wisdom--SHES PHYIN	r6	0
TD3806	Perfection of Wisdom	SHES PHYIN	Perfection_of_Wisdom--SHES PHYIN	r6	0
TD3808	Perfection of Wisdom	SHES PHYIN	Perfection_of_Wisdom--SHES PHYIN	r6	0
TD3809	Perfection of Wisdom	SHES PHYIN	Perfection_of_Wisdom--SHES PHYIN	r6	0
TD3810	Perfection of Wisdom	SHES PHYIN	Perfection_of_Wisdom--SHES PHYIN	r6	0
TD3811	Perfection of Wisdom	SHES PHYIN	Perfection_of_Wisdom--SHES PHYIN	r6	0
TD3815	Perfection of Wisdom	SHES PHYIN	Perfection_of_Wisdom--SHES PHYIN	r6	0
TD3816	Perfection of Wisdom	SHES PHYIN	Perfection_of_Wisdom--SHES PHYIN	r6	0
TD3817	Perfection of Wisdom	SHES PHYIN	Perfection_of_Wisdom--SHES PHYIN	r6	0
TD3818	Perfection of Wisdom	SHES PHYIN	Perfection_of_Wisdom--SHES PHYIN	r6	0
TD3819	Perfection of Wisdom	SHES PHYIN	Perfection_of_Wisdom--SHES PHYIN	r6	0
TD3820	Perfection of Wisdom	SHES PHYIN	Perfection_of_Wisdom--SHES PHYIN	r6	0
TD3824	Middle-Way Philosophy	DBU MA	Middle-Way_Philosophy--DBU_MA	r6	0
TD3825	Middle-Way Philosophy	DBU MA	Middle-Way_Philosophy--DBU_MA	r6	0
TD3826	Middle-Way Philosophy	DBU MA	Middle-Way_Philosophy--DBU_MA	r6	0
TD3827	Middle-Way Philosophy	DBU MA	Middle-Way_Philosophy--DBU_MA	r6	0
TD3828	Middle-Way Philosophy	DBU MA	Middle-Way_Philosophy--DBU_MA	r6	0
TD3829	Middle-Way Philosophy	DBU MA	Middle-Way_Philosophy--DBU_MA	r6	0
TD3830	Middle-Way Philosophy	DBU MA	Middle-Way_Philosophy--DBU_MA	r6	0
TD3831	Middle-Way Philosophy	DBU MA	Middle-Way_Philosophy--DBU_MA	r6	0
TD3832	Middle-Way Philosophy	DBU MA	Middle-Way_Philosophy--DBU_MA	r6	0
TD3833	Middle-Way Philosophy	DBU MA	Middle-Way_Philosophy--DBU_MA	r6	0
TD3834	Middle-Way Philosophy	DBU MA	Middle-Way_Philosophy--DBU_MA	r6	0
TD3835	Middle-Way Philosophy	DBU MA	Middle-Way_Philosophy--DBU_MA	r6	0
TD3836	Middle-Way Philosophy	DBU MA	Middle-Way_Philosophy--DBU_MA	r6	0
TD3837	Middle-Way Philosophy	DBU MA	Middle-Way_Philosophy--DBU_MA	r6	0
TD3838	Middle-Way Philosophy	DBU MA	Middle-Way_Philosophy--DBU_MA	r6	0
TD3839	Middle-Way Philosophy	DBU MA	Middle-Way_Philosophy--DBU_MA	r6	0
TD3840	Middle-Way Philosophy	DBU MA	Middle-Way_Philosophy--DBU_MA	r6	0
TD3841	Middle-Way Philosophy	DBU MA	Middle-Way_Philosophy--DBU_MA	r6	0
TD3842	Middle-Way Philosophy	DBU MA	Middle-Way_Philosophy--DBU_MA	r6	0
TD3843	Middle-Way Philosophy	DBU MA	Middle-Way_Philosophy--DBU_MA	r6	0
TD3844	Middle-Way Philosophy	DBU MA	Middle-Way_Philosophy--DBU_MA	r6	0
TD3845	Middle-Way Philosophy	DBU MA	Middle-Way_Philosophy--DBU_MA	r6	0
TD3846	Middle-Way Philosophy	DBU MA	Middle-Way_Philosophy--DBU_MA	r6	0
TD3847	Middle-Way Philosophy	DBU MA	Middle-Way_Philosophy--DBU_MA	r6	0
TD3848	Middle-Way Philosophy	DBU MA	Middle-Way_Philosophy--DBU_MA	r6	0
TD3849	Middle-Way Philosophy	DBU MA	Middle-Way_Philosophy--DBU_MA	r6	0
TD3850	Middle-Way Philosophy	DBU MA	Middle-Way_Philosophy--DBU_MA	r6	0
TD3851	Middle-Way Philosophy	DBU MA	Middle-Way_Philosophy--DBU_MA	r6	0
TD3852	Middle-Way Philosophy	DBU MA	Middle-Way_Philosophy--DBU_MA	r6	0
TD3853	Middle-Way Philosophy	DBU MA	Middle-Way_Philosophy--DBU_MA	r6	0
TD3854	Middle-Way Philosophy	DBU MA	Middle-Way_Philosophy--DBU_MA	r6	0
TD3855	Middle-Way Philosophy	DBU MA	Middle-Way_Philosophy--DBU_MA	r6	0
TD3856	Middle-Way Philosophy	DBU MA	Middle-Way_Philosophy--DBU_MA	r6	0
TD3857	Middle-Way Philosophy	DBU MA	Middle-Way_Philosophy--DBU_MA	r6	0
TD3858	Middle-Way Philosophy	DBU MA	Middle-Way_Philosophy--DBU_MA	r6	0
TD3859	Middle-Way Philosophy	DBU MA	Middle-Way_Philosophy--DBU_MA	r6	0
TD3860	Middle-Way Philosophy	DBU MA	Middle-Way_Philosophy--DBU_MA	r6	0
TD3861	Middle-Way Philosophy	DBU MA	Middle-Way_Philosophy--DBU_MA	r6	0
TD3862	Middle-Way Philosophy	DBU MA	Middle-Way_Philosophy--DBU_MA	r6	0
TD3863	Middle-Way Philosophy	DBU MA	Middle-Way_Philosophy--DBU_MA	r6	0
TD3864	Middle-Way Philosophy	DBU MA	Middle-Way_Philosophy--DBU_MA	r6	0
TD3865	Middle-Way Philosophy	DBU MA	Middle-Way_Philosophy--DBU_MA	r6	0
TD3866	Middle-Way Philosophy	DBU MA	Middle-Way_Philosophy--DBU_MA	r6	0
TD3867	Middle-Way Philosophy	DBU MA	Middle-Way_Philosophy--DBU_MA	r6	0
TD3868	Middle-Way Philosophy	DBU MA	Middle-Way_Philosophy--DBU_MA	r6	0
TD3869	Middle-Way Philosophy	DBU MA	Middle-Way_Philosophy--DBU_MA	r6	0
TD3870	Middle-Way Philosophy	DBU MA	Middle-Way_Philosophy--DBU_MA	r6	0
TD3871	Middle-Way Philosophy	DBU MA	Middle-Way_Philosophy--DBU_MA	r6	0
TD3872	Middle-Way Philosophy	DBU MA	Middle-Way_Philosophy--DBU_MA	r6	0
TD3873	Middle-Way Philosophy	DBU MA	Middle-Way_Philosophy--DBU_MA	r6	0
TD3874	Middle-Way Philosophy	DBU MA	Middle-Way_Philosophy--DBU_MA	r6	0
TD3875	Middle-Way Philosophy	DBU MA	Middle-Way_Philosophy--DBU_MA	r6	0
TD3876	Middle-Way Philosophy	DBU MA	Middle-Way_Philosophy--DBU_MA	r6	0
TD3877	Middle-Way Philosophy	DBU MA	Middle-Way_Philosophy--DBU_MA	r6	0
TD3878	Middle-Way Philosophy	DBU MA	Middle-Way_Philosophy--DBU_MA	r6	0
TD3879	Middle-Way Philosophy	DBU MA	Middle-Way_Philosophy--DBU_MA	r6	0
TD3880	Middle-Way Philosophy	DBU MA	Middle-Way_Philosophy--DBU_MA	r6	0
TD3881	Middle-Way Philosophy	DBU MA	Middle-Way_Philosophy--DBU_MA	r6	0
TD3882	Middle-Way Philosophy	DBU MA	Middle-Way_Philosophy--DBU_MA	r6	0
TD3883	Middle-Way Philosophy	DBU MA	Middle-Way_Philosophy--DBU_MA	r6	0
TD3884	Middle-Way Philosophy	DBU MA	Middle-Way_Philosophy--DBU_MA	r6	0
TD3885	Middle-Way Philosophy	DBU MA	Middle-Way_Philosophy--DBU_MA	r6	0
TD3886	Middle-Way Philosophy	DBU MA	Middle-Way_Philosophy--DBU_MA	r6	0
TD3887	Middle-Way Philosophy	DBU MA	Middle-Way_Philosophy--DBU_MA	r6	0
TD3888	Middle-Way Philosophy	DBU MA	Middle-Way_Philosophy--DBU_MA	r6	0
TD3889	Middle-Way Philosophy	DBU MA	Middle-Way_Philosophy--DBU_MA	r6	0
TD3890	Middle-Way Philosophy	DBU MA	Middle-Way_Philosophy--DBU_MA	r6	0
TD3891	Middle-Way Philosophy	DBU MA	Middle-Way_Philosophy--DBU_MA	r6	0
TD3892	Middle-Way Philosophy	DBU MA	Middle-Way_Philosophy--DBU_MA	r6	0
TD3893	Middle-Way Philosophy	DBU MA	Middle-Way_Philosophy--DBU_MA	r6	0
TD3894	Middle-Way Philosophy	DBU MA	Middle-Way_Philosophy--DBU_MA	r6	0
TD3895	Middle-Way Philosophy	DBU MA	Middle-Way_Philosophy--DBU_MA	r6	0
TD3896	Middle-Way Philosophy	DBU MA	Middle-Way_Philosophy--DBU_MA	r6	0
TD3897	Middle-Way Philosophy	DBU MA	Middle-Way_Philosophy--DBU_MA	r6	0
TD3898	Middle-Way Philosophy	DBU MA	Middle-Way_Philosophy--DBU_MA	r6	0
TD3899	Middle-Way Philosophy	DBU MA	Middle-Way_Philosophy--DBU_MA	r6	0
TD3900	Middle-Way Philosophy	DBU MA	Middle-Way_Philosophy--DBU_MA	r6	0
TD3901	Middle-Way Philosophy	DBU MA	Middle-Way_Philosophy--DBU_MA	r6	0
TD3902	Middle-Way Philosophy	DBU MA	Middle-Way_Philosophy--DBU_MA	r6	0
TD3903	Middle-Way Philosophy	DBU MA	Middle-Way_Philosophy--DBU_MA	r6	0
TD3904	Middle-Way Philosophy	DBU MA	Middle-Way_Philosophy--DBU_MA	r6	0
TD3905	Middle-Way Philosophy	DBU MA	Middle-Way_Philosophy--DBU_MA	r6	0
TD3906	Middle-Way Philosophy	DBU MA	Middle-Way_Philosophy--DBU_MA	r6	0
TD3907	Middle-Way Philosophy	DBU MA	Middle-Way_Philosophy--DBU_MA	r6	0
TD3908	Middle-Way Philosophy	DBU MA	Middle-Way_Philosophy--DBU_MA	r6	0
TD3909	Middle-Way Philosophy	DBU MA	Middle-Way_Philosophy--DBU_MA	r6	0
TD3910	Middle-Way Philosophy	DBU MA	Middle-Way_Philosophy--DBU_MA	r6	0
TD3911	Middle-Way Philosophy	DBU MA	Middle-Way_Philosophy--DBU_MA	r6	0
TD3912	Middle-Way Philosophy	DBU MA	Middle-Way_Philosophy--DBU_MA	r6	0
TD3913	Middle-Way Philosophy	DBU MA	Middle-Way_Philosophy--DBU_MA	r6	0
TD3914	Middle-Way Philosophy	DBU MA	Middle-Way_Philosophy--DBU_MA	r6	0
TD3915	Middle-Way Philosophy	DBU MA	Middle-Way_Philosophy--DBU_MA	r6	0
TD3916	Middle-Way Philosophy	DBU MA	Middle-Way_Philosophy--DBU_MA	r6	0
TD3917	Middle-Way Philosophy	DBU MA	Middle-Way_Philosophy--DBU_MA	r6	0
TD3918	Middle-Way Philosophy	DBU MA	Middle-Way_Philosophy--DBU_MA	r6	0
TD3919	Middle-Way Philosophy	DBU MA	Middle-Way_Philosophy--DBU_MA	r6	0
TD3920	Middle-Way Philosophy	DBU MA	Middle-Way_Philosophy--DBU_MA	r6	0
TD3921	Middle-Way Philosophy	DBU MA	Middle-Way_Philosophy--DBU_MA	r6	0
TD3922	Middle-Way Philosophy	DBU MA	Middle-Way_Philosophy--DBU_MA	r6	0
TD3923	Middle-Way Philosophy	DBU MA	Middle-Way_Philosophy--DBU_MA	r6	0
TD3924	Middle-Way Philosophy	DBU MA	Middle-Way_Philosophy--DBU_MA	r6	0
TD3925	Middle-Way Philosophy	DBU MA	Middle-Way_Philosophy--DBU_MA	r6	0
TD3926	Middle-Way Philosophy	DBU MA	Middle-Way_Philosophy--DBU_MA	r6	0
TD3927	Middle-Way Philosophy	DBU MA	Middle-Way_Philosophy--DBU_MA	r6	0
TD3928	Middle-Way Philosophy	DBU MA	Middle-Way_Philosophy--DBU_MA	r6	0
TD3929	Middle-Way Philosophy	DBU MA	Middle-Way_Philosophy--DBU_MA	r6	0
TD3930	Middle-Way Philosophy	DBU MA	Middle-Way_Philosophy--DBU_MA	r6	0
TD3931	Middle-Way Philosophy	DBU MA	Middle-Way_Philosophy--DBU_MA	r6	0
TD3932	Middle-Way Philosophy	DBU MA	Middle-Way_Philosophy--DBU_MA	r6	0
TD3933	Middle-Way Philosophy	DBU MA	Middle-Way_Philosophy--DBU_MA	r6	0
TD3934	Middle-Way Philosophy	DBU MA	Middle-Way_Philosophy--DBU_MA	r6	0
TD3935	Middle-Way Philosophy	DBU MA	Middle-Way_Philosophy--DBU_MA	r6	0
TD3936	Middle-Way Philosophy	DBU MA	Middle-Way_Philosophy--DBU_MA	r6	0
TD3937	Middle-Way Philosophy	DBU MA	Middle-Way_Philosophy--DBU_MA	r6	0
TD3938	Middle-Way Philosophy	DBU MA	Middle-Way_Philosophy--DBU_MA	r6	0
TD3939	Middle-Way Philosophy	DBU MA	Middle-Way_Philosophy--DBU_MA	r6	0
TD3940	Middle-Way Philosophy	DBU MA	Middle-Way_Philosophy--DBU_MA	r6	0
TD3941	Middle-Way Philosophy	DBU MA	Middle-Way_Philosophy--DBU_MA	r6	0
TD3942	Middle-Way Philosophy	DBU MA	Middle-Way_Philosophy--DBU_MA	r6	0
TD3943	Middle-Way Philosophy	DBU MA	Middle-Way_Philosophy--DBU_MA	r6	0
TD3944	Middle-Way Philosophy	DBU MA	Middle-Way_Philosophy--DBU_MA	r6	0
TD3945	Middle-Way Philosophy	DBU MA	Middle-Way_Philosophy--DBU_MA	r6	0
TD3946	Middle-Way Philosophy	DBU MA	Middle-Way_Philosophy--DBU_MA	r6	0
TD3947		ལམ་རིམ།/ལམ་སྒྲོན།/རྩ་བ།	ལམ་རིམ།/ལམ་སྒྲོན།/རྩ་བ།	sungbum	0
TD3947	Middle-Way Philosophy	DBU MA	Middle-Way_Philosophy--DBU_MA	r6	0
TD3949	Middle-Way Philosophy	DBU MA	Middle-Way_Philosophy--DBU_MA	r6	0
TD3950	Middle-Way Philosophy	DBU MA	Middle-Way_Philosophy--DBU_MA	r6	0
TD3951	Middle-Way Philosophy	DBU MA	Middle-Way_Philosophy--DBU_MA	r6	0
TD3952	Middle-Way Philosophy	DBU MA	Middle-Way_Philosophy--DBU_MA	r6	0
TD3953	Middle-Way Philosophy	DBU MA	Middle-Way_Philosophy--DBU_MA	r6	0
TD3954	Middle-Way Philosophy	DBU MA	Middle-Way_Philosophy--DBU_MA	r6	0
TD3955	Middle-Way Philosophy	DBU MA	Middle-Way_Philosophy--DBU_MA	r6	0
TD3956	Middle-Way Philosophy	DBU MA	Middle-Way_Philosophy--DBU_MA	r6	0
TD3957	Middle-Way Philosophy	DBU MA	Middle-Way_Philosophy--DBU_MA	r6	0
TD3958	Middle-Way Philosophy	DBU MA	Middle-Way_Philosophy--DBU_MA	r6	0
TD3959	Middle-Way Philosophy	DBU MA	Middle-Way_Philosophy--DBU_MA	r6	0
TD3960	Middle-Way Philosophy	DBU MA	Middle-Way_Philosophy--DBU_MA	r6	0
TD3961	Middle-Way Philosophy	DBU MA	Middle-Way_Philosophy--DBU_MA	r6	0
TD3962	Middle-Way Philosophy	DBU MA	Middle-Way_Philosophy--DBU_MA	r6	0
TD3963	Middle-Way Philosophy	DBU MA	Middle-Way_Philosophy--DBU_MA	r6	0
TD3964	Middle-Way Philosophy	DBU MA	Middle-Way_Philosophy--DBU_MA	r6	0
TD3965	Middle-Way Philosophy	DBU MA	Middle-Way_Philosophy--DBU_MA	r6	0
TD3966	Middle-Way Philosophy	DBU MA	Middle-Way_Philosophy--DBU_MA	r6	0
TD3967	Middle-Way Philosophy	DBU MA	Middle-Way_Philosophy--DBU_MA	r6	0
TD3968	Middle-Way Philosophy	DBU MA	Middle-Way_Philosophy--DBU_MA	r6	0
TD3969	Middle-Way Philosophy	DBU MA	Middle-Way_Philosophy--DBU_MA	r6	0
TD3970	Middle-Way Philosophy	DBU MA	Middle-Way_Philosophy--DBU_MA	r6	0
TD3971	Middle-Way Philosophy	DBU MA	Middle-Way_Philosophy--DBU_MA	r6	0
TD3972	Middle-Way Philosophy	DBU MA	Middle-Way_Philosophy--DBU_MA	r6	0
TD3973	Middle-Way Philosophy	DBU MA	Middle-Way_Philosophy--DBU_MA	r6	0
TD3974	Middle-Way Philosophy	DBU MA	Middle-Way_Philosophy--DBU_MA	r6	0
TD3975	Middle-Way Philosophy	DBU MA	Middle-Way_Philosophy--DBU_MA	r6	0
TD3976	Middle-Way Philosophy	DBU MA	Middle-Way_Philosophy--DBU_MA	r6	0
TD3977	Middle-Way Philosophy	DBU MA	Middle-Way_Philosophy--DBU_MA	r6	0
TD3978	Middle-Way Philosophy	DBU MA	Middle-Way_Philosophy--DBU_MA	r6	0
TD3979	Middle-Way Philosophy	DBU MA	Middle-Way_Philosophy--DBU_MA	r6	0
TD3980	Middle-Way Philosophy	DBU MA	Middle-Way_Philosophy--DBU_MA	r6	0
TD4024	The Mind Only School	SEMS TZAM	The_Mind_Only_School--SEMS_TZAM	r6	0
TD4027	The Mind Only School	SEMS TZAM	The_Mind_Only_School--SEMS_TZAM	r6	0
TD4028	The Mind Only School	SEMS TZAM	The_Mind_Only_School--SEMS_TZAM	r6	0
TD4029	The Mind Only School	SEMS TZAM	The_Mind_Only_School--SEMS_TZAM	r6	0
TD4035	The Mind Only School	SEMS TZAM	The_Mind_Only_School--SEMS_TZAM	r6	0
TD4037	The Mind Only School	SEMS TZAM	The_Mind_Only_School--SEMS_TZAM	r6	0
TD4038	The Mind Only School	SEMS TZAM	The_Mind_Only_School--SEMS_TZAM	r6	0
TD4040	The Mind Only School	SEMS TZAM	The_Mind_Only_School--SEMS_TZAM	r6	0
TD4041	The Mind Only School	SEMS TZAM	The_Mind_Only_School--SEMS_TZAM	r6	0
TD4043	The Mind Only School	SEMS TZAM	The_Mind_Only_School--SEMS_TZAM	r6	0
TD4044	The Mind Only School	SEMS TZAM	The_Mind_Only_School--SEMS_TZAM	r6	0
TD4045	The Mind Only School	SEMS TZAM	The_Mind_Only_School--SEMS_TZAM	r6	0
TD4046	The Mind Only School	SEMS TZAM	The_Mind_Only_School--SEMS_TZAM	r6	0
TD4047	The Mind Only School	SEMS TZAM	The_Mind_Only_School--SEMS_TZAM	r6	0
TD4081	The Mind Only School	SEMS TZAM	The_Mind_Only_School--SEMS_TZAM	r6	0
TD4089	Higher Knowledge	MNGON PA	Higher_Knowledge--MNGON_PA	r6	0
TD4090	Higher Knowledge	MNGON PA	Higher_Knowledge--MNGON_PA	r6	0
TD4091	Higher Knowledge	MNGON PA	Higher_Knowledge--MNGON_PA	r6	0
TD4104	Vowed Morality	'DUL BA	Vowed_Morality--'DUL_BA	r6	1
TD4105	Vowed Morality	'DUL BA	Vowed_Morality--'DUL_BA	r6	1
TD4112	Vowed Morality	'DUL BA	Vowed_Morality--'DUL_BA	r6	1
TD4113	Vowed Morality	'DUL BA	Vowed_Morality--'DUL_BA	r6	1
TD4115	Vowed Morality	'DUL BA	Vowed_Morality--'DUL_BA	r6	1
TD4116	Vowed Morality	'DUL BA	Vowed_Morality--'DUL_BA	r6	1
TD4117	Vowed Morality	'DUL BA	Vowed_Morality--'DUL_BA	r6	1
TD4119	Vowed Morality	'DUL BA	Vowed_Morality--'DUL_BA	r6	1
TD4123	Vowed Morality	'DUL BA	Vowed_Morality--'DUL_BA	r6	1
TD4124	Vowed Morality	'DUL BA	Vowed_Morality--'DUL_BA	r6	1
TD4125	Vowed Morality	'DUL BA	Vowed_Morality--'DUL_BA	r6	1
TD4126	Vowed Morality	'DUL BA	Vowed_Morality--'DUL_BA	r6	1
TD4203	Buddhist Logic And Perceptual Theory	TSAD MA	Buddhist_Logic_And_Perceptual_Theory--TSAD_MA	r6	0
TD4204	Buddhist Logic And Perceptual Theory	TSAD MA	Buddhist_Logic_And_Perceptual_Theory--TSAD_MA	r6	0
TD4205	Buddhist Logic And Perceptual Theory	TSAD MA	Buddhist_Logic_And_Perceptual_Theory--TSAD_MA	r6	0
TD4206	Buddhist Logic And Perceptual Theory	TSAD MA	Buddhist_Logic_And_Perceptual_Theory--TSAD_MA	r6	0
TD4207	Buddhist Logic And Perceptual Theory	TSAD MA	Buddhist_Logic_And_Perceptual_Theory--TSAD_MA	r6	0
TD4208	Buddhist Logic And Perceptual Theory	TSAD MA	Buddhist_Logic_And_Perceptual_Theory--TSAD_MA	r6	0
TD4209	Buddhist Logic And Perceptual Theory	TSAD MA	Buddhist_Logic_And_Perceptual_Theory--TSAD_MA	r6	0
TD4210	Buddhist Logic And Perceptual Theory	TSAD MA	Buddhist_Logic_And_Perceptual_Theory--TSAD_MA	r6	0
TD4211	Buddhist Logic And Perceptual Theory	TSAD MA	Buddhist_Logic_And_Perceptual_Theory--TSAD_MA	r6	0
TD4212	Buddhist Logic And Perceptual Theory	TSAD MA	Buddhist_Logic_And_Perceptual_Theory--TSAD_MA	r6	0
TD4213	Buddhist Logic And Perceptual Theory	TSAD MA	Buddhist_Logic_And_Perceptual_Theory--TSAD_MA	r6	0
TD4214	Buddhist Logic And Perceptual Theory	TSAD MA	Buddhist_Logic_And_Perceptual_Theory--TSAD_MA	r6	0
TD4215	Buddhist Logic And Perceptual Theory	TSAD MA	Buddhist_Logic_And_Perceptual_Theory--TSAD_MA	r6	0
TD4216	Buddhist Logic And Perceptual Theory	TSAD MA	Buddhist_Logic_And_Perceptual_Theory--TSAD_MA	r6	0
TD4220	Buddhist Logic And Perceptual Theory	TSAD MA	Buddhist_Logic_And_Perceptual_Theory--TSAD_MA	r6	0
TD4221	Buddhist Logic And Perceptual Theory	TSAD MA	Buddhist_Logic_And_Perceptual_Theory--TSAD_MA	r6	0
TD4222	Buddhist Logic And Perceptual Theory	TSAD MA	Buddhist_Logic_And_Perceptual_Theory--TSAD_MA	r6	0
TD4223	Buddhist Logic And Perceptual Theory	TSAD MA	Buddhist_Logic_And_Perceptual_Theory--TSAD_MA	r6	0
TD4224	Buddhist Logic And Perceptual Theory	TSAD MA	Buddhist_Logic_And_Perceptual_Theory--TSAD_MA	r6	0
TD4226	Buddhist Logic And Perceptual Theory	TSAD MA	Buddhist_Logic_And_Perceptual_Theory--TSAD_MA	r6	0
TD4229	Buddhist Logic And Perceptual Theory	TSAD MA	Buddhist_Logic_And_Perceptual_Theory--TSAD_MA	r6	0
TD4230	Buddhist Logic And Perceptual Theory	TSAD MA	Buddhist_Logic_And_Perceptual_Theory--TSAD_MA	r6	0
TD4231	Buddhist Logic And Perceptual Theory	TSAD MA	Buddhist_Logic_And_Perceptual_Theory--TSAD_MA	r6	0
TD4232	Buddhist Logic And Perceptual Theory	TSAD MA	Buddhist_Logic_And_Perceptual_Theory--TSAD_MA	r6	0
TD4233	Buddhist Logic And Perceptual Theory	TSAD MA	Buddhist_Logic_And_Perceptual_Theory--TSAD_MA	r6	0
TD4234	Buddhist Logic And Perceptual Theory	TSAD MA	Buddhist_Logic_And_Perceptual_Theory--TSAD_MA	r6	0
TD4235	Buddhist Logic And Perceptual Theory	TSAD MA	Buddhist_Logic_And_Perceptual_Theory--TSAD_MA	r6	0
TD4266	Buddhist Logic And Perceptual Theory	TSAD MA	Buddhist_Logic_And_Perceptual_Theory--TSAD_MA	r6	0
TD4267	Buddhist Logic And Perceptual Theory	TSAD MA	Buddhist_Logic_And_Perceptual_Theory--TSAD_MA	r6	0
TD4268	Buddhist Logic And Perceptual Theory	TSAD MA	Buddhist_Logic_And_Perceptual_Theory--TSAD_MA	r6	0
TD4282	Tibetan Works On The Sanskrit Language And Sacred Sanskrit Syllables	SGRA	Tibetan_Works_On_The_Sanskrit_Language_And_Sacred_Sanskrit_Syllables--SGRA	r6	0
TD4283	Tibetan Works On The Sanskrit Language And Sacred Sanskrit Syllables	SGRA	Tibetan_Works_On_The_Sanskrit_Language_And_Sacred_Sanskrit_Syllables--SGRA	r6	0
TD4284	Tibetan Works On The Sanskrit Language And Sacred Sanskrit Syllables	SGRA	Tibetan_Works_On_The_Sanskrit_Language_And_Sacred_Sanskrit_Syllables--SGRA	r6	0
TDE3948	Middle-Way Philosophy	DBU MA	Middle-Way_Philosophy--DBU_MA	r6	0
TDL3948	Middle-Way Philosophy	DBU MA	Middle-Way_Philosophy--DBU_MA	r6	0
