file,dir,kind,consonant_index,vowel_index,suffix_index,tibetan,wylie,identified,bytes,sha256
1_0_0--ka.mp3,syllable_mp3,syllable,1,0,0,ཀ,ka,True,6268,c6f0bb1b46bbf0eca4905826470ee25460ac68d423f2b8d0fddcf819789153fb
1_0_1--kag.mp3,syllable_mp3,syllable,1,0,1,ཀག,kag,True,7104,e45633c54a5169a9de0d6fb2490bdca6fe98641a124e107b0a84df48cfb57531
1_0_2--kang.mp3,syllable_mp3,syllable,1,0,2,ཀང,kang,True,6268,981f8cdbec73317b89dcd8f64d1145d0f654ce3608ee3ccd0997067f66006bcd
1_0_3--kad.mp3,syllable_mp3,syllable,1,0,3,ཀད,kad,True,5432,ac7fb75b9b01d867b50804e40d2daa40bde4cc4ddd92a60742d5f8a3924a3da8
1_0_4--kan.mp3,syllable_mp3,syllable,1,0,4,ཀན,kan,True,7104,c20adf854617bec9cde2bd2f5f53ed970c7d810978b04e4ca7f7305225740f12
1_0_5--kab.mp3,syllable_mp3,syllable,1,0,5,ཀབ,kab,True,6268,b7a0ac6cccde61833b39c2bbfe56e2e5394b2c5d0ae4a042517ff9e141e0dd0c
1_0_6--kam.mp3,syllable_mp3,syllable,1,0,6,ཀམ,kam,True,6268,9dd77fac8dd5f3b0765819f48e5828e79d6f45b6c4b5f259e789f29c5cfc2794
1_0_7--ka'.mp3,syllable_mp3,syllable,1,0,7,ཀའ,ka',True,6268,9a27fe9b1d232c0bd7eab5a7e56c568cc019dc995aade31bd1baf00d70e3a1b8
1_0_8--kar.mp3,syllable_mp3,syllable,1,0,8,ཀར,kar,True,6268,0ac4bea01be96de47197797fd21ccc03bac6269b96c71dc0daf381a5cdb33ba7
1_0_9--kal.mp3,syllable_mp3,syllable,1,0,9,ཀལ,kal,True,7104,b8680d28e40d20d5a00fba8535a1224a58918e60f44d959a0e980716b56faba2
1_0_10--kas.mp3,syllable_mp3,syllable,1,0,10,ཀས,kas,True,7104,ef462bebf75a3a282d1f2883bc316abbc15a3fab503556141114a4046aff70f1
1_1_0--ki.mp3,syllable_mp3,syllable,1,1,0,ཀི,ki,True,6268,3940928b96178bf1e4ee4bf2e38dcacdd06ef7a85c5a722b0613888dd4c28ad9
1_1_1--kig.mp3,syllable_mp3,syllable,1,1,1,ཀིག,kig,True,6268,505207c7d1a5b55acdde5fa2888533ad02287579113c497acf118f728acd3914
1_1_2--king.mp3,syllable_mp3,syllable,1,1,2,ཀིང,king,True,7104,e4083f2d051978b331b6be4ea3837e80b57fd52c70e7af51e84c3d94724b80e1
1_1_3--kid.mp3,syllable_mp3,syllable,1,1,3,ཀིད,kid,True,6268,4b64d5dab801ec5858eb53a3d86a7011b8f6c718d24bde8f5bcc3632aa6cefae
1_1_4--kin.mp3,syllable_mp3,syllable,1,1,4,ཀིན,kin,True,7104,cc31981fb1c1cb9d600058ed59effa25f182a841077508dde3a31b5d478224eb
1_1_5--kib.mp3,syllable_mp3,syllable,1,1,5,ཀིབ,kib,True,6268,fe93290eed872c3eeb08878da848f4c3b2912748244b20569dc797e43addbb44
1_1_6--kim.mp3,syllable_mp3,syllable,1,1,6,ཀིམ,kim,True,7104,8123784e240d4e016c75608aa96bcd1f498be150dc0c1e5c197840b2209728c9
1_1_7--ki'.mp3,syllable_mp3,syllable,1,1,7,ཀིའ,ki',True,7104,dfc9bf44db7d80346f9ecc3b8ce49225786e1b99acb192c7202aa29f9d5c2fc7
1_1_8--kir.mp3,syllable_mp3,syllable,1,1,8,ཀིར,kir,True,6268,d31f7a30dced87dc2ba4bf14bb1573bde1e405efa21bc6d519c20d009190f12a
1_1_9--kil.mp3,syllable_mp3,syllable,1,1,9,ཀིལ,kil,True,7104,a32026c4d7ea46082a02ac3f3ca720a7d08cf02781624e7bb49f0ae44a790b5e
1_1_10--kis.mp3,syllable_mp3,syllable,1,1,10,ཀིས,kis,True,7104,2c53cd43984268ddfcc8dbe46feab70be47564b26603c05b94f93fac6e7b9d6f
1_2_0--ku.mp3,syllable_mp3,syllable,1,2,0,ཀུ,ku,True,5432,6e4791a6acb822c5620b9cd7a9891025c65204d5cf3d1caa7c63e3fc947b0181
1_2_1--kug.mp3,syllable_mp3,syllable,1,2,1,ཀུག,kug,True,5432,641bfa8dc7dcf00f4d3630999705105acac8d17a87bb61851d67b0b2eda12582
1_2_2--kung.mp3,syllable_mp3,syllable,1,2,2,ཀུང,kung,True,7104,4168e2cdaf27d6f42fa7ad07792d47a34ca4d208a4b4b83298ee516b7ad24e48
1_2_3--kud.mp3,syllable_mp3,syllable,1,2,3,ཀུད,kud,True,7104,264460e1bfba180539dffa08c6ebc1eeee027593e2a7a8bcbeb264fe84876374
1_2_4--kun.mp3,syllable_mp3,syllable,1,2,4,ཀུན,kun,True,7104,10aa44564eb527fc6c048269c3f93a28bdc142baad13fc7f5577aaeaa910d141
1_2_5--kub.mp3,syllable_mp3,syllable,1,2,5,ཀུབ,kub,True,5432,8af4f2e585bcb449e914696fe946f8d0b5e2c9e22a248d1a51ccbee1b4ebbfc7
1_2_6--kum.mp3,syllable_mp3,syllable,1,2,6,ཀུམ,kum,True,6268,0eed2b97f681878553194375f69dc08413290b951579c45fae3f702f26f02dd7
1_2_7--ku'.mp3,syllable_mp3,syllable,1,2,7,ཀུའ,ku',True,7104,46c58422e49b92bfb3dd5df592ee272b2ca5c083ea36fe87dd3b73a56f48560b
1_2_8--kur.mp3,syllable_mp3,syllable,1,2,8,ཀུར,kur,True,6268,5358c0bef06eb2781db078b51cc30754d5b32d20f9d7d59bbd8147b8d2caac94
1_2_9--kul.mp3,syllable_mp3,syllable,1,2,9,ཀུལ,kul,True,7104,32587822edde7ffe55bb47113dbbfdca76fd8fcf7752f6610ba02b404d775cc4
1_2_10--kus.mp3,syllable_mp3,syllable,1,2,10,ཀུས,kus,True,7104,298668a8fda9f0c0d5ac5d60196ccf6085a938132575c1fcfd1df39aa034fc2d
1_3_0--ke.mp3,syllable_mp3,syllable,1,3,0,ཀེ,ke,True,7104,4d7112407e7fd50698c05c3a1c28c55d4288f960fd9b51aa19da217a96670918
1_3_1--keg.mp3,syllable_mp3,syllable,1,3,1,ཀེག,keg,True,6268,abb27e847fc5dfed8da4c584e2f4699750abc86487127633dfaa47eaa77541ab
1_3_2--keng.mp3,syllable_mp3,syllable,1,3,2,ཀེང,keng,True,7104,def75f4b3201d593c23a71bf9e3b7049e4c604c2811e24bbc6c7af590ad6d437
1_3_3--ked.mp3,syllable_mp3,syllable,1,3,3,ཀེད,ked,True,6268,0119d5b08b01e538ee172e0a907ca9d729fab0493517af5074cce1b40cffc4a0
1_3_4--ken.mp3,syllable_mp3,syllable,1,3,4,ཀེན,ken,True,7104,16f005e3897b34d0fd62977c47b81e18ac727160b044780adbaa0375cf7103a8
1_3_5--keb.mp3,syllable_mp3,syllable,1,3,5,ཀེབ,keb,True,5432,86ba74cded3bd70056af2e8f899f59caecfff5928f6f7aa6db46a6a632c9cebe
1_3_6--kem.mp3,syllable_mp3,syllable,1,3,6,ཀེམ,kem,True,7104,b8fb505359eef07e19a57ddba5aa897c2f7232a7f9d8c0ea518583490edb0d7e
1_3_7--ke'.mp3,syllable_mp3,syllable,1,3,7,ཀེའ,ke',True,7104,51c42ee04780b1bf8f2b821311e2263ec5a82ab91226a72581c56aa98ea3cc6f
1_3_8--ker.mp3,syllable_mp3,syllable,1,3,8,ཀེར,ker,True,7104,a63d79c3d0ba682c5d1c2b3ec4b3ee83f48bd86490eab6fd209f013905bcf1bd
1_3_9--kel.mp3,syllable_mp3,syllable,1,3,9,ཀེལ,kel,True,7104,325d1f6b2e17e086bb8d454ed6a00a8743009b6953e9df5c4a43498f68596462
1_3_10--kes.mp3,syllable_mp3,syllable,1,3,10,ཀེས,kes,True,7104,9f38780bb4a833f112b8143c9035f9d34d3ede2835495d55159b6b0932f5d79b
1_4_0--ko.mp3,syllable_mp3,syllable,1,4,0,ཀོ,ko,True,6268,7c9b48addaa557eb06598ee3f63e232b88150df4f730c5f4178d5fc415929644
1_4_1--kog.mp3,syllable_mp3,syllable,1,4,1,ཀོག,kog,True,5432,73913462c85d7a5bd7ede68c0eea2f2211f8c00a900704c8f660dcbf824a7a6d
1_4_2--kong.mp3,syllable_mp3,syllable,1,4,2,ཀོང,kong,True,7104,56e0cb7f4a8a798b1e51575f99d45fb65429e3c7607be4095478dd340424e816
1_4_3--kod.mp3,syllable_mp3,syllable,1,4,3,ཀོད,kod,True,6268,70cd99cb192a33d8c714f3205c98b5b241fb7d99bbdb42f04b468c0e51d5b946
1_4_4--kon.mp3,syllable_mp3,syllable,1,4,4,ཀོན,kon,True,7104,8dec0cf5d5617c490f4dc0ab0fa1b3790bc05ca8fad0ace4c910d8e0e6fcc51f
1_4_5--kob.mp3,syllable_mp3,syllable,1,4,5,ཀོབ,kob,True,6268,cedfbad950b520f8cfec37b04be7531f508d68b117de38a5a8a993fd36c85b08
1_4_6--kom.mp3,syllable_mp3,syllable,1,4,6,ཀོམ,kom,True,6268,8a6b271c036f660413f650a96aca02d829dd2dc5e4501edc6cc64dc71d692896
1_4_7--ko'.mp3,syllable_mp3,syllable,1,4,7,ཀོའ,ko',True,7940,fea9aa2147ce0034da9f8baca259572444a4b9d72a8a288e06ef09a5d81b3856
1_4_8--kor.mp3,syllable_mp3,syllable,1,4,8,ཀོར,kor,True,6268,d1a7a1f4311a3f2b09aa723aca90da7690101a40620b34d18cf5a8ae18220a4b
1_4_9--kol.mp3,syllable_mp3,syllable,1,4,9,ཀོལ,kol,True,7104,2329facb8f5050a7a8f5899e19fa52b41b00a436476e7d8d683b78e17f3e280f
1_4_10--kos.mp3,syllable_mp3,syllable,1,4,10,ཀོས,kos,True,8776,492dc46f07487112346827545e285d4dd5529979b111c9c5ca8868193137e4ed
2_0_0--kha.mp3,syllable_mp3,syllable,2,0,0,ཁ,kha,True,7104,e036c54904fe3c1457750ca5a2af89f2e90594f428299e9f8ca7f5c0b1afb5f4
2_0_1--khag.mp3,syllable_mp3,syllable,2,0,1,ཁག,khag,True,7104,76d2d021fb094700703f76c53046248a690aa2edfa1efd0f2742d3550c528ead
2_0_2--khang.mp3,syllable_mp3,syllable,2,0,2,ཁང,khang,True,7940,3e58535bf7590f29eeefd6744132d0f0ac15c06a2ea4463d611f531e5723ae95
2_0_3--khad.mp3,syllable_mp3,syllable,2,0,3,ཁད,khad,True,7104,3fd4dce41cc8bb00593100b22558a61970d110a4713ba8058868d54e7a42967a
2_0_4--khan.mp3,syllable_mp3,syllable,2,0,4,ཁན,khan,True,7940,b574ab45c99b4631cdd123e37ba9b6016a561da0ba026d06c2271be38da1b276
2_0_5--khab.mp3,syllable_mp3,syllable,2,0,5,ཁབ,khab,True,6268,e5158bc1270f6fc7747651f06458ef8461312f3186a297d004ed4f10c25ca6a7
2_0_6--kham.mp3,syllable_mp3,syllable,2,0,6,ཁམ,kham,True,7940,2353d0809833c68f6b81f7eec1b456910f0fe1d77222bb90bdcb276019b4dad7
2_0_7--kha'.mp3,syllable_mp3,syllable,2,0,7,ཁའ,kha',True,7104,10c3b4598a27fd5f0c78eed39ab3350e23aa34d1a7ab449e958450c127f64be4
2_0_8--khar.mp3,syllable_mp3,syllable,2,0,8,ཁར,khar,True,7104,fa63c97acabd2a730a1cba91d1ddf7c43144dfb1cd6d0a3c9f412a3f27d38313
2_0_9--khal.mp3,syllable_mp3,syllable,2,0,9,ཁལ,khal,True,7940,a6fc960402ec9ee666b233183bb75d1d8d71184e71a0d2a5e412e89420104ba9
2_0_10--khas.mp3,syllable_mp3,syllable,2,0,10,ཁས,khas,True,7940,927714be4453ba026d15a717aebda294d01f39bdad1e40e12c190438d2942c2e
2_1_0--khi.mp3,syllable_mp3,syllable,2,1,0,ཁི,khi,True,7104,0388f5aab4a739f78cce7231a9efb6da9562fed985a0f14b2422cc6777f2640e
2_1_1--khig.mp3,syllable_mp3,syllable,2,1,1,ཁིག,khig,True,7940,0c22b8aa11a87c7043315c26cf782124d39ed2580a6d10cb424c9441198ec879
2_1_2--khing.mp3,syllable_mp3,syllable,2,1,2,ཁིང,khing,True,7940,90c6e34ec0a694ac18652604bfaa49b516cf6583a048cef620ebac2af9f87feb
2_1_3--khid.mp3,syllable_mp3,syllable,2,1,3,ཁིད,khid,True,6268,6bd36375e1856a247d79bbf98597cdd178f7b62a15e6577bb235554706b51f5e
2_1_4--khin.mp3,syllable_mp3,syllable,2,1,4,ཁིན,khin,True,7940,0062294170bdd0b1782fe7c9e145bd9fa684cac95dbefbe862e6a14c4871b343
2_1_5--khib.mp3,syllable_mp3,syllable,2,1,5,ཁིབ,khib,True,6268,45eba73b72878394f132efaadcdc84e01ae75fb9c9085c1859156c138a24e54b
2_1_6--khim.mp3,syllable_mp3,syllable,2,1,6,ཁིམ,khim,True,7104,729b5512522b95d3ecfdb79fc2fb575926b02e458fb49530d6aaa881422d0dda
2_1_7--khi'.mp3,syllable_mp3,syllable,2,1,7,ཁིའ,khi',True,8776,665d7f99aa6527a128082630054b58cbc251ad0d4ebd2fe0b3a6d9e231149ee3
2_1_8--khir.mp3,syllable_mp3,syllable,2,1,8,ཁིར,khir,True,7940,d53ddf560ff9baf3b453ce225edc239f0afa23f16eaa00356d9ae8ddf0967722
2_1_9--khil.mp3,syllable_mp3,syllable,2,1,9,ཁིལ,khil,True,7940,1494ef6af94c9d7de61d518fba245e68841758dfb5c60ef3ce75f74896e8ceb3
2_1_10--khis.mp3,syllable_mp3,syllable,2,1,10,ཁིས,khis,True,8776,41b7a088a9de4ea725dd2b1c3e46a80dcf26219fdfbedf13b3f69c08d8609934
2_2_0--khu.mp3,syllable_mp3,syllable,2,2,0,ཁུ,khu,True,7104,733df13dcbdb800bf09c446cdaf02bf3747d70e206130e644ae16eda3f6623e1
2_2_1--khug.mp3,syllable_mp3,syllable,2,2,1,ཁུག,khug,True,5432,e6c1f2e7cfcaa3fbc3c495e18d2efef649b7e01df936dd8e96283954855b9d41
2_2_2--khung.mp3,syllable_mp3,syllable,2,2,2,ཁུང,khung,True,7940,4c5bd46a6a5d61bf01e0b5088efe47c82c3cb695ce68c64914c2fb1a25d26010
2_2_3--khud.mp3,syllable_mp3,syllable,2,2,3,ཁུད,khud,True,7104,14389179bf35783848093061fde08024fd5c576dc340b98d1d7ac199399096a0
2_2_4--khun.mp3,syllable_mp3,syllable,2,2,4,ཁུན,khun,True,7940,5629406a2b508e8424de843bda74f608f1fae166728d48b95b9b98c5a505bdaa
2_2_5--khub.mp3,syllable_mp3,syllable,2,2,5,ཁུབ,khub,True,6268,892fc531f277347c13066e303619bff3075d3c23fccf7becc5e7c1effdd60a8c
2_2_6--khum.mp3,syllable_mp3,syllable,2,2,6,ཁུམ,khum,True,7940,f64c0fa1c0c763ca1b8b46becce42ae463a98db6425f685ce6015de03ab12ecf
2_2_7--khu'.mp3,syllable_mp3,syllable,2,2,7,ཁུའ,khu',True,7940,955878cde090be02a8af950b6b8c22fa888c9ba5175e7977aad66fe8c56bd39d
2_2_8--khur.mp3,syllable_mp3,syllable,2,2,8,ཁུར,khur,True,7104,56b43b140a8d504eb277e651021e441f6cb6f8f1122c293ac389ef36a5888c72
2_2_9--khul.mp3,syllable_mp3,syllable,2,2,9,ཁུལ,khul,True,7104,f9e84ba5733aaab3cd494da012cf0186ad4fbf5bd7c8cc04dd52c81b2fb1e984
2_2_10--khus.mp3,syllable_mp3,syllable,2,2,10,ཁུས,khus,True,8776,b566f25d1ee41a79a32e0bfebecf4ec974c46987cdd60b8d3e9aea34f2370896
2_3_0--khe.mp3,syllable_mp3,syllable,2,3,0,ཁེ,khe,True,7104,267aea36608520910819efe2328b6db815fd625bb4a2cc02b04826591e03ec3d
2_3_1--kheg.mp3,syllable_mp3,syllable,2,3,1,ཁེག,kheg,True,7104,6dbcf30d88c876642ebb75f800ef25170aa56c01b59d1b5fc85a195b5f275a1c
2_3_2--kheng.mp3,syllable_mp3,syllable,2,3,2,ཁེང,kheng,True,7940,eff58724e8e3ce4508a4b4010d5a78b2085645446081a0c1345dd8aeafbd61fd
2_3_3--khed.mp3,syllable_mp3,syllable,2,3,3,ཁེད,khed,True,6268,f581812e4e8ca5c03c9a8e2c7614303f5a88e00df634485f924ab5f985c2f7a9
2_3_4--khen.mp3,syllable_mp3,syllable,2,3,4,ཁེན,khen,True,7940,319575cfd0f71e3a27e2a1ab6ec69a9a9d40632fe71a17f7753bc3ef9463b899
2_3_5--kheb.mp3,syllable_mp3,syllable,2,3,5,ཁེབ,kheb,True,6268,94e7ee33bd93b539b387176dc5b642f9bd3740dcbf2a305c336893881f84c0ef
2_3_6--khem.mp3,syllable_mp3,syllable,2,3,6,ཁེམ,khem,True,7104,bb2b58baaafad0a94fbf8ab8a4ed0d05719aca9fb69b54115d4626319f4c0fa0
2_3_7--khe'.mp3,syllable_mp3,syllable,2,3,7,ཁེའ,khe',True,7940,08f2efd2692646849448760c7f932d4eabab3949a2f65e6dff2c6ee06f2a9e1c
2_3_8--kher.mp3,syllable_mp3,syllable,2,3,8,ཁེར,kher,True,7104,04b5ca634373b04c29a7bc5c193636da0ec3dad9572068af645c58523e392c6d
2_3_9--khel.mp3,syllable_mp3,syllable,2,3,9,ཁེལ,khel,True,7940,6fdc6c8a1c9a97d0c01d06e5a0176fe6b00d3d7c5e43c7a0ac0baeeb47c3b5f5
2_3_10--khes.mp3,syllable_mp3,syllable,2,3,10,ཁེས,khes,True,7104,854de14968211201a03e93c603ea8eb2fc4ff96bcc8e7633875aa4eb01a199e2
2_4_0--kho.mp3,syllable_mp3,syllable,2,4,0,ཁོ,kho,True,7104,54d4b4c1919e2ef8502ea922d3e3f83b8683f721a92c6b606a509de7540cf97c
2_4_1--khog.mp3,syllable_mp3,syllable,2,4,1,ཁོག,khog,True,6268,48c971d45301f5078ffe0499aabf96c01417101c7b2847e0f4fcf0d2bcd43cfe
2_4_2--khong.mp3,syllable_mp3,syllable,2,4,2,ཁོང,khong,True,7104,9768183de50ed5cfa450a5400fe20816518775fe3eb82d47a151c5dfcbc00bb6
2_4_3--khod.mp3,syllable_mp3,syllable,2,4,3,ཁོད,khod,True,7104,8ba23bcf9ce68379e07f055c916a68fc8a9fb99cbf6bf28d47282ad02a85d943
2_4_4--khon.mp3,syllable_mp3,syllable,2,4,4,ཁོན,khon,True,7940,931ffb699986dc1d4fa6292cce5daabef5c501d8d19254062e6a5e4afaf48fef
2_4_5--khob.mp3,syllable_mp3,syllable,2,4,5,ཁོབ,khob,True,5432,db99048bcfcaffee48505b1a165af9bdd7109a53bca3ee6aabfaa91b85952b6b
2_4_6--khom.mp3,syllable_mp3,syllable,2,4,6,ཁོམ,khom,True,7940,5bcf8faef815aa6f68c30ba9508a05ddacbc9bc323b6ef5ab7c80c6cd0e63526
2_4_7--kho'.mp3,syllable_mp3,syllable,2,4,7,ཁོའ,kho',True,7940,de35bae6422bbf949d0e55d0f15ff9e3d85d84fff982b21684d4b9e589e8ad27
2_4_8--khor.mp3,syllable_mp3,syllable,2,4,8,ཁོར,khor,True,7104,a1f7e7b15942eac35683ba232df2cd30f2d0eccb1cdc4fef9cb94d4e2e632569
2_4_9--khol.mp3,syllable_mp3,syllable,2,4,9,ཁོལ,khol,True,7940,fe5b05a12fcc6d35c2367f42a5fc11e5bf034807c5c46d80c715347024ef8ac6
2_4_10--khos.mp3,syllable_mp3,syllable,2,4,10,ཁོས,khos,True,7940,2395dda741c616899a03b618fc1e09dd572a4a502e0170f472a69c08eec15f07
3_0_0--ga.mp3,syllable_mp3,syllable,3,0,0,ག,ga,True,7940,956a7b28ec764deba896548629d6bc0073ed0d8709ad239ad8f1f7f3a0982c4d
3_0_1--gag.mp3,syllable_mp3,syllable,3,0,1,གག,gag,True,7104,ef385fbb2d292a0f099a3af6a1abd69aa3c470b509b61724cc3259175df46faf
3_0_2--gang.mp3,syllable_mp3,syllable,3,0,2,གང,gang,True,7940,25839a2e4b45edf05c00e0dfb1c89fdb50d850b9b08e28730c3277808b921882
3_0_3--gad.mp3,syllable_mp3,syllable,3,0,3,གད,gad,True,7104,7b8973d9bd231db56186cd57f5c85adb9474611922dcbe7b0fc0432d8c273c68
3_0_4--gan.mp3,syllable_mp3,syllable,3,0,4,གན,gan,True,7940,444dc88ce89cddc5691e4cabe0507a6ecbc8779754ee3e9f499982d0112cf03d
3_0_5--gab.mp3,syllable_mp3,syllable,3,0,5,གབ,gab,True,6268,c9544a02ffa8b10458d492767b2f47d88e4ce99e1a18839179d99c87cd8a4ff2
3_0_6--gam.mp3,syllable_mp3,syllable,3,0,6,གམ,gam,True,7940,118c43d2ee6770d3fbe88f4037eb9bf1881405722cc638a505c1b60e7bfc1d6a
3_0_7--ga'.mp3,syllable_mp3,syllable,3,0,7,གའ,ga',True,7940,153411db1d355a7db326ac5e6fe1a8eace24b72cf61997442a90b412c8e1a22b
3_0_8--gar.mp3,syllable_mp3,syllable,3,0,8,གར,gar,True,7940,ee1724b4aa637677e4f6c77dce9ce194f6cfd99a5f91179df9e338dacd55902e
3_0_9--gal.mp3,syllable_mp3,syllable,3,0,9,གལ,gal,True,8776,884887f555e6db52f4dcb2e8d8ff8fe3e14068aff2369928414f2ec37d7a54e0
3_0_10--gas.mp3,syllable_mp3,syllable,3,0,10,གས,gas,True,8776,600bab49fb0465a9a4abc3b941d13eaf897bc57afbc2e967a3defa0d580ee823
3_1_0--gi.mp3,syllable_mp3,syllable,3,1,0,གི,gi,True,8776,08d40b1406128f8e23b8560c2259e97715c4cf9c763dbf3510ba7fcba6b68986
3_1_1--gig.mp3,syllable_mp3,syllable,3,1,1,གིག,gig,True,7940,25b0d16c03384bfbabedbdc846ec92c1fcca8522d936c4e8cc316a91179ff44f
3_1_2--ging.mp3,syllable_mp3,syllable,3,1,2,གིང,ging,True,7940,afaa3cbb106822728e7d5f6106e643424ae669ebf04ccc4d041bd8fbd58ee017
3_1_3--gid.mp3,syllable_mp3,syllable,3,1,3,གིད,gid,True,7104,b8126ceb963055f57294ea3a2a02de1cd471ad6654cdafa15774058e8962dda2
3_1_4--gin.mp3,syllable_mp3,syllable,3,1,4,གིན,gin,True,7940,2f57428a18ac2934614af67d40b6fae1338e646168083381639aea933c981fb4
3_1_5--gib.mp3,syllable_mp3,syllable,3,1,5,གིབ,gib,True,6268,d2b80b83bc7c4c8b1d8a45caec962d50f906fe891b3a4b1f6350b6069ca87680
3_1_6--gim.mp3,syllable_mp3,syllable,3,1,6,གིམ,gim,True,7104,645e91b27ef290af3231e950d6425ad7f14a728ac0fc137a66fe07474a46bec0
3_1_7--gi'.mp3,syllable_mp3,syllable,3,1,7,གིའ,gi',True,9612,70a2fd298baba7a1ebff0972d894fb2bc8f90603d13dcafcf8c44379dd8b6278
3_1_8--gir.mp3,syllable_mp3,syllable,3,1,8,གིར,gir,True,7104,1b296000af44697d22428409938af96aeeebc3fe8ad0974e98f6c5345ed79231
3_1_9--gil.mp3,syllable_mp3,syllable,3,1,9,གིལ,gil,True,7940,f31ae2e82fa095bee291c009463616d2a3ee940ce82a39f48b2f49841802cf24
3_1_10--gis.mp3,syllable_mp3,syllable,3,1,10,གིས,gis,True,9612,66f0bddb4c0c9ae86434b925f69069312b72f0f74834e7f46a3ff0f3395ab103
3_2_0--gu.mp3,syllable_mp3,syllable,3,2,0,གུ,gu,True,7940,b826a495de79d3796856a48d6c067cfc727f18948fe92190207790eeecfba497
3_2_1--gug.mp3,syllable_mp3,syllable,3,2,1,གུག,gug,True,6268,2bdac9b5062a53180eab5365934b68f3a08e411fde0aa8a9aaae91691c7c1c46
3_2_2--gung.mp3,syllable_mp3,syllable,3,2,2,གུང,gung,True,8776,1c21829c806ec030bee897cc5059bed870b26f03d86eb0c39b6c73bf246020c0
3_2_3--gud.mp3,syllable_mp3,syllable,3,2,3,གུད,gud,True,7940,e05f2f1d86cba36932fb3aa661f1b9196d4733dedac5cc3fdcaf8d5b628d9af3
3_2_4--gun.mp3,syllable_mp3,syllable,3,2,4,གུན,gun,True,8776,2d18a84d8fa79c0191ea8b8e7d34b2a5005425d77032c010b37b9f7b82daebb6
3_2_5--gub.mp3,syllable_mp3,syllable,3,2,5,གུབ,gub,True,5432,b32095e78058ff021a91afeeb0fd48d53bb03275d6da82c0cde576149be42b70
3_2_6--gum.mp3,syllable_mp3,syllable,3,2,6,གུམ,gum,True,7940,bc76de0125f391fc24a6de72a5e36ee9f46030537ac742c78fe8e6adc263b049
3_2_7--gu'.mp3,syllable_mp3,syllable,3,2,7,གུའ,gu',True,8776,49216f9f6113f7a8cab747f923d874b4277f84d620bf702bfb617119ee151770
3_2_8--gur.mp3,syllable_mp3,syllable,3,2,8,གུར,gur,True,7104,9db8cc7ecc388e6550a2125105e70b01f6d01540ecd63e5006dca98f9ca474e1
3_2_9--gul.mp3,syllable_mp3,syllable,3,2,9,གུལ,gul,True,8776,7864918a3b09ad19bb8e92b47e5d9f1cd2687d689ee74789b8ce17d2fd7099cd
3_2_10--gus.mp3,syllable_mp3,syllable,3,2,10,གུས,gus,True,8776,20071735d90db2987d02581280dc80a599a5b7aa242d1aa4a0e84029a120d219
3_3_0--ge.mp3,syllable_mp3,syllable,3,3,0,གེ,ge,True,8776,cfb9826977ac66d3cbb930f33d7f04a58a75f9c34cd334abd32d61eff941d5a9
3_3_1--geg.mp3,syllable_mp3,syllable,3,3,1,གེག,geg,True,8776,beca70b7bb1b2a0b8561073e52d9b28d5ec17aa32cf78b3dcfc8bebe51613093
3_3_2--geng.mp3,syllable_mp3,syllable,3,3,2,གེང,geng,True,7940,f20a11f7eebc2529f1c4d86f98f923f9d42c8ec1b7c78141bd2907e8fe34a8f8
3_3_3--ged.mp3,syllable_mp3,syllable,3,3,3,གེད,ged,True,6268,b7fb0c46f01212c4a8d62ebb517626fa30a0ba178f9aca32a0978a8d2e1bfada
3_3_4--gen.mp3,syllable_mp3,syllable,3,3,4,གེན,gen,True,7940,6a0cabe33eb8d9ee7d4aa7f8a04c7f0dc662772973f037c13980d6469caa301b
3_3_5--geb.mp3,syllable_mp3,syllable,3,3,5,གེབ,geb,True,6268,5a1d3583a4771754aa302a88f744cbf73dec3725e4d337027b5715edcaf78850
3_3_6--gem.mp3,syllable_mp3,syllable,3,3,6,གེམ,gem,True,7940,2aa56df4f7a50faa6dd61fb7381f780514bdc7c525bc0e1887dec8c64b22279a
3_3_7--ge'.mp3,syllable_mp3,syllable,3,3,7,གེའ,ge',True,8776,1cceed1cec82cb6b3806476d2da8ed53d0c9687439b78d27219db37597951bd1
3_3_8--ger.mp3,syllable_mp3,syllable,3,3,8,གེར,ger,True,7940,dd2602ff03c3775925e4548768dd1e9686e1d563e3da61e0d52104f1a57fd5a9
3_3_9--gel.mp3,syllable_mp3,syllable,3,3,9,གེལ,gel,True,7940,21036e44d4cdd6a3276c93cb66ea7efe2d741f1343c67badcf9eaeba1a194da5
3_3_10--ges.mp3,syllable_mp3,syllable,3,3,10,གེས,ges,True,7940,79c93fde9b68347848544b2b6cb1cf53408873bc9127a3dda6ce0719ea1b3c9c
3_4_0--go.mp3,syllable_mp3,syllable,3,4,0,གོ,go,True,7940,a1c919f14bd4e77f6fe1ffc2cf41a1e120770a060158d2b067c3478fbfc19364
3_4_1--gog.mp3,syllable_mp3,syllable,3,4,1,གོག,gog,True,6268,8dfc54232f29817af10d45c9faac367c2420e4a273bb12af85f08a3d4f41ae68
3_4_2--gong.mp3,syllable_mp3,syllable,3,4,2,གོང,gong,True,7940,c9183d732b0cb77eca4b586d0c41d791d05c403574b165e81a3f5f1bb9e050fb
3_4_3--god.mp3,syllable_mp3,syllable,3,4,3,གོད,god,True,7104,5fad133bdd97b4e309168cc552481da4733eacfc52066d594ecfd4bb48b5b658
3_4_4--gon.mp3,syllable_mp3,syllable,3,4,4,གོན,gon,True,7940,724e613ec0584bfe3c79496082da92a6875574b561e18fe34a946332f71a1eef
3_4_5--gob.mp3,syllable_mp3,syllable,3,4,5,གོབ,gob,True,6268,1c8f5706944376a0b06ca8c6bbc20f838b9def88a3a742fec9191facc2105027
3_4_6--gom.mp3,syllable_mp3,syllable,3,4,6,གོམ,gom,True,7940,4f511a3e5ef15518e44feb4276b4405fa5fe510d7515d1360ce813d1289d3331
3_4_7--go'.mp3,syllable_mp3,syllable,3,4,7,གོའ,go',True,7940,ea55766ac5843fa39d504a051e016656b1138bedbd7d735459969c7c138b9059
3_4_8--gor.mp3,syllable_mp3,syllable,3,4,8,གོར,gor,True,7104,8dc371e338c8ddabdc9aa7bde0df6159b96e0ba66b9c7475c54ddb0d21e8584f
3_4_9--gol.mp3,syllable_mp3,syllable,3,4,9,གོལ,gol,True,8776,b7629426bc6b6529b67cb9afd74eba2f925eb1a698d91cdb658fecc1e7f66571
3_4_10--gos.mp3,syllable_mp3,syllable,3,4,10,གོས,gos,True,7940,9bac16af22c0eaa71adcef61ad7d45c43bd5197f74cd355a44405a664d0a896b
4_0_0--nga.mp3,syllable_mp3,syllable,4,0,0,ང,nga,True,7104,e10a9272f26349241e2e05b129cffaab397b0e57df00020fbd46c6a7fb364b50
4_0_1--ngag.mp3,syllable_mp3,syllable,4,0,1,ངག,ngag,True,6268,9af0bcb33f33fcf90c579d2eb3cb227471c714c591b8a8868f9ac6bfa68c7898
4_0_2--ngang.mp3,syllable_mp3,syllable,4,0,2,ངང,ngang,True,7104,89161ba1f6af5028ff091f55a72aebab58690a811ad55d71fb35b8b5a7bfe47d
4_0_3--ngad.mp3,syllable_mp3,syllable,4,0,3,ངད,ngad,True,6268,ab5dac80b048a7f922921d8dc1e74d41ee99c410bf369c0435b453f1f5b5e31b
4_0_4--ngan.mp3,syllable_mp3,syllable,4,0,4,ངན,ngan,True,7104,0e56e692a4f0be4a4e4b6622f41ffe07daf5d98c053d3353f4ae6a96da2cab89
4_0_5--ngab.mp3,syllable_mp3,syllable,4,0,5,ངབ,ngab,True,5432,9f90df19985abda1a2f1c1ba2204a6fdaa63d0be2398d967ee0278aa0f77a52c
4_0_6--ngam.mp3,syllable_mp3,syllable,4,0,6,ངམ,ngam,True,7940,bdbc65611f6d3515133ae0f23e7925fd40f28493bfaaf63f25cd8e6b953e6cae
4_0_7--nga'.mp3,syllable_mp3,syllable,4,0,7,ངའ,nga',True,7940,4f8c799a5779628ab5fdb7f79c66884facbbc6f559f6c174a1258666fc55d849
4_0_8--ngar.mp3,syllable_mp3,syllable,4,0,8,ངར,ngar,True,7104,206793f363a773ab1f84d3347d349bccd510aa0ee3861f86d3cc6b1cb7f5ba4a
4_0_9--ngal.mp3,syllable_mp3,syllable,4,0,9,ངལ,ngal,True,7104,89c9ac9308ac40c65df9c79a35debd212a2467ed8770e95f9d45a5a5a36b1ba3
4_0_10--ngas.mp3,syllable_mp3,syllable,4,0,10,ངས,ngas,True,8776,984db35b87cd030992bca1e2bb5995ef9cdafb8f96f124dba31eff91d84b03dc
4_1_0--ngi.mp3,syllable_mp3,syllable,4,1,0,ངི,ngi,True,8776,834de26c685aaae67b729147e264bde6c3725c1eeb0ecb7e4a1d99f97d769942
4_1_1--ngig.mp3,syllable_mp3,syllable,4,1,1,ངིག,ngig,True,7940,7f6332dd862ba48080030d988f323f09b977a0ef9839882a59afc3cfc09e8486
4_1_2--nging.mp3,syllable_mp3,syllable,4,1,2,ངིང,nging,True,7940,02b62468d5f5fa229624c8b90d19b1ed8847d6cd368c30694ab0b7ca8eb53a58
4_1_3--ngid.mp3,syllable_mp3,syllable,4,1,3,ངིད,ngid,True,6268,ef83cc53b63d4faea6a37402abe51eab5e84f34f6b7f45352abc9c61051757b2
4_1_4--ngin.mp3,syllable_mp3,syllable,4,1,4,ངིན,ngin,True,7104,7432bf043e0374289abfa32246e20db19b950f8b30b8fccef721da9eb08259b7
4_1_5--ngib.mp3,syllable_mp3,syllable,4,1,5,ངིབ,ngib,True,6268,823462fb7d8dac950c7b2d2969029aee2836fc7dec3f1a9f06c94d63d16883e7
4_1_6--ngim.mp3,syllable_mp3,syllable,4,1,6,ངིམ,ngim,True,7940,1227853dc2c01855c1995e3e860ccd62a79e0f915523d48e179af660bc6917cc
4_1_7--ngi'.mp3,syllable_mp3,syllable,4,1,7,ངིའ,ngi',True,8776,14dff76cf86e618556daccb60c4c7e60004388c00409370da9704c4d8609d19c
4_1_8--ngir.mp3,syllable_mp3,syllable,4,1,8,ངིར,ngir,True,6268,1462675f5de8ac0a6f36eb15fe94abca41b4fc1ae2897cd76c915170092a5985
4_1_9--ngil.mp3,syllable_mp3,syllable,4,1,9,ངིལ,ngil,True,7940,49faa5e2ad8e5df2bd1f00fe687f5b826ed3d8f18e0ef33f07101ba649048b00
4_1_10--ngis.mp3,syllable_mp3,syllable,4,1,10,ངིས,ngis,True,8776,78b38ad219fc475c360afab32260abc23c67bfa1308fb02a3184be62742408d9
4_2_0--ngu.mp3,syllable_mp3,syllable,4,2,0,ངུ,ngu,True,7940,68b95a92c100edbaa980629ee9ed701e477488eecd9e74dccfd0abda7bad4019
4_2_1--ngug.mp3,syllable_mp3,syllable,4,2,1,ངུག,ngug,True,6268,0dd3782e68a3efd43e29597a2ed6222e819b5ace2cb0bc36e6f7af9266c13be7
4_2_2--ngung.mp3,syllable_mp3,syllable,4,2,2,ངུང,ngung,True,7940,d0464dc6aa16c6f3f8b05a58e640442501f95199264607a7138b4f85c6e27582
4_2_3--ngud.mp3,syllable_mp3,syllable,4,2,3,ངུད,ngud,True,7104,4693c6293dbca8927ee6923272411d8b56b93b04f1bfd6572f57e38afd8d4632
4_2_4--ngun.mp3,syllable_mp3,syllable,4,2,4,ངུན,ngun,True,7104,cc14a5b5d9088077ed5b74ae4ccd6eeca0e0ea0d1217b4904c9bb37b5075cd41
4_2_5--ngub.mp3,syllable_mp3,syllable,4,2,5,ངུབ,ngub,True,5432,f405520a013ef0a3533a3ab490a0725c85734736a88b618e309f574b84eb3275
4_2_6--ngum.mp3,syllable_mp3,syllable,4,2,6,ངུམ,ngum,True,7104,a1cb4c5022406575eb4e5ba809624526c314284bef72142920f809bfcfc1e95b
4_2_7--ngu'.mp3,syllable_mp3,syllable,4,2,7,ངུའ,ngu',True,7940,478bb10033c529b0b2f61f9e6c1812f2538c706b6abde7c471b25a95a13ea594
4_2_8--ngur.mp3,syllable_mp3,syllable,4,2,8,ངུར,ngur,True,7104,c6e7650355dded9198648557d329110134b5e0eeb5b59033c6a7f5d06ed78b71
4_2_9--ngul.mp3,syllable_mp3,syllable,4,2,9,ངུལ,ngul,True,7104,60b7787d8235474d8c638aec35a7a4afa3a421d39c42cf57f14a96e82e616eb2
4_2_10--ngus.mp3,syllable_mp3,syllable,4,2,10,ངུས,ngus,True,7940,9984bb8c5f502c218353d028518bac8f0b981d14e39619eaa21ab6c704cdc3c1
4_3_0--nge.mp3,syllable_mp3,syllable,4,3,0,ངེ,nge,True,7940,d638c6db386cf76e3c02a7440aa143d998e16b66a090a2a0bb89ec4ea29cdb43
4_3_1--ngeg.mp3,syllable_mp3,syllable,4,3,1,ངེག,ngeg,True,5432,4809927e29a2eaba96dc9db131aefcb532e2b14c8a8927155caeed082f9879e0
4_3_2--ngeng.mp3,syllable_mp3,syllable,4,3,2,ངེང,ngeng,True,7940,84f429f39b57e5a9f9fa98f877f8868d248d7ace5304068f5186b8b833f52a33
4_3_3--nged.mp3,syllable_mp3,syllable,4,3,3,ངེད,nged,True,6268,3c40bf7ba1a92e48adc2bba2e596f52ebad365c445450cf706e3eb263a078b2d
4_3_4--ngen.mp3,syllable_mp3,syllable,4,3,4,ངེན,ngen,True,7940,815c1b669d696db9e5f5bc09a2161e8ac3789c5d8d967bafe9e076f209624cc3
4_3_5--ngeb.mp3,syllable_mp3,syllable,4,3,5,ངེབ,ngeb,True,5432,3815f0c3e505d97b8ca4adb1381f0fdddd5fa868748e7a95f365fd4fce49b98d
4_3_6--ngem.mp3,syllable_mp3,syllable,4,3,6,ངེམ,ngem,True,7940,a503a240150578dff1ec52c202598f87194ba797c2fc2d463e489a1e3a2987a8
4_3_7--nge'.mp3,syllable_mp3,syllable,4,3,7,ངེའ,nge',True,8776,400ce39292511fc5919cfec139ca110e1002e9679c47fa7108ac634a1bd97e80
4_3_8--nger.mp3,syllable_mp3,syllable,4,3,8,ངེར,nger,True,7104,4c0ed8564d8767391a16ef09dd3343b921eed28c36c6ce5f29474a4dd7c1163d
4_3_9--ngel.mp3,syllable_mp3,syllable,4,3,9,ངེལ,ngel,True,7104,0d0c17d1b5b3938f17f3739cc8b1c6fa6a787241033b3e783c656d797c017789
4_3_10--nges.mp3,syllable_mp3,syllable,4,3,10,ངེས,nges,True,7940,101097cc41b12be5cbfc28969091e57ff0e577cbabf5ce3f4bfada460e83b56e
4_4_0--ngo.mp3,syllable_mp3,syllable,4,4,0,ངོ,ngo,True,7940,0ef3452e510a7035f6e63556ea9106fa2aa4a77614901dbebf9cc3657c272d81
4_4_1--ngog.mp3,syllable_mp3,syllable,4,4,1,ངོག,ngog,True,5432,57bcf0a0e56c51db292755eb75c455e3a71825aea00cb1b055a90a42c278009b
4_4_2--ngong.mp3,syllable_mp3,syllable,4,4,2,ངོང,ngong,True,7104,d8aeebd6777520211d31e9ac390193626daae466faba623d0151c8baccb0ca4a
4_4_3--ngod.mp3,syllable_mp3,syllable,4,4,3,ངོད,ngod,True,6268,fa011582ff76232776ae6218328bdb9efcdf7bf0e37aeb93504f49b162df066b
4_4_4--ngon.mp3,syllable_mp3,syllable,4,4,4,ངོན,ngon,True,7104,b5435b37bbebf510fe7f32879dd1f347505c1439ddfe136f3339c41f2c0904e2
4_4_5--ngob.mp3,syllable_mp3,syllable,4,4,5,ངོབ,ngob,True,5432,24fd39d5fa8b4e7392434fb2005d81dfe754a1b2de0948bcb8a5fbfce0666d6d
4_4_6--ngom.mp3,syllable_mp3,syllable,4,4,6,ངོམ,ngom,True,6268,525137d97ab1be590a39bd1f5e5cb4f05c73f298b966bc12a7f8c90a2059ddf0
4_4_7--ngo'.mp3,syllable_mp3,syllable,4,4,7,ངོའ,ngo',True,7940,18f7d6be758af96ca10e70ddbf49b128de0cc52fe490915db3d67b353858c228
4_4_8--ngor.mp3,syllable_mp3,syllable,4,4,8,ངོར,ngor,True,7104,c85c1259748574fd7e33e2d95fbe55b5c7a36ed54f1faeabffbe60d0daef5771
4_4_9--ngol.mp3,syllable_mp3,syllable,4,4,9,ངོལ,ngol,True,7104,4d931bb953bddce5704c0b8c99b3ffb3d70a660edb9026e34fad36fa7eea02d2
4_4_10--ngos.mp3,syllable_mp3,syllable,4,4,10,ངོས,ngos,True,8776,5a628c751bee9fb0612ede12d58a8470db01b364eefedbb4e81813557a0192ce
5_0_0--ca.mp3,syllable_mp3,syllable,5,0,0,ཅ,ca,True,7104,81b781225a1bfd8f4caa39832d56b47bd778ca0e93450ae455dc3859b0507928
5_0_1--cag.mp3,syllable_mp3,syllable,5,0,1,ཅག,cag,True,6268,1978bc408d50928f761e49cc5a1fc0c836e9d5021458e575d79ab1db6dde569f
5_0_2--cang.mp3,syllable_mp3,syllable,5,0,2,ཅང,cang,True,7940,74e7add7063cc3cfe0c5cfe3c915a259230ec490cbac9d3a0a9021e329c270ad
5_0_3--cad.mp3,syllable_mp3,syllable,5,0,3,ཅད,cad,True,6268,2b7a5da30a3462af6b3747af9e8f84ed584d7fecbc5d2d1648a934e1fec451cf
5_0_4--can.mp3,syllable_mp3,syllable,5,0,4,ཅན,can,True,7940,1e5bd1aa69959cb909d903254ac0d9ab3e7a8d59bdeea44d914ac81f242c0f88
5_0_5--cab.mp3,syllable_mp3,syllable,5,0,5,ཅབ,cab,True,6268,c092e107bfd9d36507c3e9d1e3f7bdd805e5f37e685f273e73906c3114a56754
5_0_6--cam.mp3,syllable_mp3,syllable,5,0,6,ཅམ,cam,True,7940,8796a785d4045d2a9a80dae9318622aea385c5a215ca0bf9ad1573c7c114f993
5_0_7--ca'.mp3,syllable_mp3,syllable,5,0,7,ཅའ,ca',True,7940,0e83fd5b123b4a6fc22f71358fd0ee3a8ce19b4189b9940cc132a3fdd6431982
5_0_8--car.mp3,syllable_mp3,syllable,5,0,8,ཅར,car,True,7940,3685da9d4525dad8c48893c32ad03d405f4704fb939a2b0b66e39e30e98928b1
5_0_9--cal.mp3,syllable_mp3,syllable,5,0,9,ཅལ,cal,True,8776,2ae6594992d3bc2c77b3176bf432b888cd1c78efe3e7f3b08534f57cbaa8bf9a
5_0_10--cas.mp3,syllable_mp3,syllable,5,0,10,ཅས,cas,True,7940,9cdd67c7b4ad9c6a4c70a453c892f2e20b9f04e0e60f8725de1c555e3b693a44
5_1_0--ci.mp3,syllable_mp3,syllable,5,1,0,ཅི,ci,True,7940,94f13e377543fd60eb7076dc0754455379accc130749e543ae56ec59fcc086ef
5_1_1--cig.mp3,syllable_mp3,syllable,5,1,1,ཅིག,cig,True,8776,ade0935d015e9cd2bd2fbdae5377c64b1ad78ce8318ff30a0c6fe626841043d1
5_1_2--cing.mp3,syllable_mp3,syllable,5,1,2,ཅིང,cing,True,8776,1ca9560e11162f67e2a6126f4c59791156204d1dd186ad8bae06f0e3345dda1f
5_1_3--cid.mp3,syllable_mp3,syllable,5,1,3,ཅིད,cid,True,7104,aa2e308581a69d3e056931b98cbc9404b321c9636d30cadc8b33b64845fa15a4
5_1_4--cin.mp3,syllable_mp3,syllable,5,1,4,ཅིན,cin,True,7104,0def183e838372e715a31eb19a31812399b0c3aea21a10206b598c1d26f77a17
5_1_5--cib.mp3,syllable_mp3,syllable,5,1,5,ཅིབ,cib,True,6268,a4740f91b2dcca65616f798240c10698e31dbc8f480fb6249e3e76c55d580894
5_1_6--cim.mp3,syllable_mp3,syllable,5,1,6,ཅིམ,cim,True,7940,a634044656dec0392abb6316ae8d5621655cee84f649f051cde9327981802033
5_1_7--ci'.mp3,syllable_mp3,syllable,5,1,7,ཅིའ,ci',True,7940,697ace50801ef90c179befcdf4d35e5a24389f2cf1b9115f320f223cdf0a3569
5_1_8--cir.mp3,syllable_mp3,syllable,5,1,8,ཅིར,cir,True,6268,18f43d8b8b56ca676f656822fe3048a2af02936654726d1e02f69b0a9b8d9417
5_1_9--cil.mp3,syllable_mp3,syllable,5,1,9,ཅིལ,cil,True,7940,939d5757db4b9498d737d05671e5637b5e3adbf19a1f86a01cd8cc084cb6150a
5_1_10--cis.mp3,syllable_mp3,syllable,5,1,10,ཅིས,cis,True,8776,89ba947c2a17a2ad2488a6569a185d1ae0347ba96da10c12afa55dff940b351e
5_2_0--cu.mp3,syllable_mp3,syllable,5,2,0,ཅུ,cu,True,7940,13aa4d4055faa17da46f433e630fb7c3946db2e5cafaf42c3e33d8754109ef13
5_2_1--cug.mp3,syllable_mp3,syllable,5,2,1,ཅུག,cug,True,6268,790e45bdfbb78d03bdf479a66ba7e98e39cdf6fa6f8df2ab2fb27e64ae7c0e5e
5_2_2--cung.mp3,syllable_mp3,syllable,5,2,2,ཅུང,cung,True,7104,ee51fd9a71e8558c801656f8ecedc8d59eb97d746b9b7cfb233631d934c48735
5_2_3--cud.mp3,syllable_mp3,syllable,5,2,3,ཅུད,cud,True,7104,08aaee3b709128145ec7002158242f3621746d2cbf130d44a0d3d33e9d57eaed
5_2_4--cun.mp3,syllable_mp3,syllable,5,2,4,ཅུན,cun,True,8776,c46e22b0dea4b912a69fd5e546abb8c1d2d63a2922542403a157948fb79f3904
5_2_5--cub.mp3,syllable_mp3,syllable,5,2,5,ཅུབ,cub,True,6268,17eeb331344494dfcd7db71a570e27986c7618aa9c06b53f1c93fdd547c0bec1
5_2_6--cum.mp3,syllable_mp3,syllable,5,2,6,ཅུམ,cum,True,7940,e851a873aad9faf850bc5f6c377630096f67648bc9a56272966ea746f5057853
5_2_7--cu'.mp3,syllable_mp3,syllable,5,2,7,ཅུའ,cu',True,7940,6d48cd9dd01cd6061cf6de6a0caefb8fbe6d0006937a89b18d1fd6b580a350d2
5_2_8--cur.mp3,syllable_mp3,syllable,5,2,8,ཅུར,cur,True,7104,29270c52d99e3814f81f73b2e72dd95a72f6d01727abf2825de19e7ca85d5f97
5_2_9--cul.mp3,syllable_mp3,syllable,5,2,9,ཅུལ,cul,True,7940,4667ae3a1c99baa78c5ab169a7653834b8652adf03503854152386950a2ac4ab
5_2_10--cus.mp3,syllable_mp3,syllable,5,2,10,ཅུས,cus,True,8776,fd68532610bdec8898a2ca0b0a4f6bc1f93964df6c38c1f6303b7bc7aac48f63
5_3_0--ce.mp3,syllable_mp3,syllable,5,3,0,ཅེ,ce,True,7104,c16582da029bade4463f7f26708341b07917e636e5db3602808633c7039318d0
5_3_1--ceg.mp3,syllable_mp3,syllable,5,3,1,ཅེག,ceg,True,6268,968f31cb19013ece572c6c6fda1ae9f9c7720d7a0f7fccb4aa7bf0f0c72ee6f6
5_3_2--ceng.mp3,syllable_mp3,syllable,5,3,2,ཅེང,ceng,True,7104,9d6abf090eac6786f032f14caf7d8a184405373d9d40e856c4465ef209615b25
5_3_3--ced.mp3,syllable_mp3,syllable,5,3,3,ཅེད,ced,True,7104,62935b9f13024555be88670303afd7e01c85a80c24113d7c129f20a9ae608efd
5_3_4--cen.mp3,syllable_mp3,syllable,5,3,4,ཅེན,cen,True,7940,fd56aec4b85ab1dbf49c90df050c185bdd0f76f18796a54922266150d3df0ca0
5_3_5--ceb.mp3,syllable_mp3,syllable,5,3,5,ཅེབ,ceb,True,6268,c8320d531b81434f93d77f1131fec630da121280d2e6cedead92bf0a04860a95
5_3_6--cem.mp3,syllable_mp3,syllable,5,3,6,ཅེམ,cem,True,7940,6f2b8495ff802af568d9dea154a18de64035d61fa483b1e9f5915566e4a1f3fc
5_3_7--ce'.mp3,syllable_mp3,syllable,5,3,7,ཅེའ,ce',True,8776,b517bd9ec0b11347c855538dc49671553c86f986c089611cda837181ebaf0191
5_3_8--cer.mp3,syllable_mp3,syllable,5,3,8,ཅེར,cer,True,7104,d8e2fa9baf7d9ace2f744ffb0dd521e6b3bb20e0382fef1f0d8ac284c7a60dd2
5_3_9--cel.mp3,syllable_mp3,syllable,5,3,9,ཅེལ,cel,True,7104,e742c4fad07033139090844c8bfa82fe6a630858f2069a3e42719781d3e30a8e
5_3_10--ces.mp3,syllable_mp3,syllable,5,3,10,ཅེས,ces,True,7104,acf6e0b2d61407d3d3d22b557a3a980f591f7806dfea8b2bd49f14525514c7c2
5_4_0--co.mp3,syllable_mp3,syllable,5,4,0,ཅོ,co,True,7104,33f67961a91be7b62f05dd3eccfebc5a156d5829e0c087ebf846598026a217d4
5_4_1--cog.mp3,syllable_mp3,syllable,5,4,1,ཅོག,cog,True,7104,d4fed91245489c2b499e5a178a965e9976a32dd9ad538d879c5a59d9bf17d60b
5_4_2--cong.mp3,syllable_mp3,syllable,5,4,2,ཅོང,cong,True,7104,c2601d7c9f6026a052a792322ceee49916988c9b840ab1b768b7e3b8cd230b27
5_4_3--cod.mp3,syllable_mp3,syllable,5,4,3,ཅོད,cod,True,6268,6a4d309a7069dbb0dadc918bacea9c74173c06034ccdc9fc8cafd05714712d87
5_4_4--con.mp3,syllable_mp3,syllable,5,4,4,ཅོན,con,True,7940,dd936ceb353faf2073d3e247d6fc5cea29fe2682dcc8079586f6c880b0a332bc
5_4_5--cob.mp3,syllable_mp3,syllable,5,4,5,ཅོབ,cob,True,6268,3329f0fed1792074b749097f0cba711758f40f894cabeda4b610626bb6a968df
5_4_6--com.mp3,syllable_mp3,syllable,5,4,6,ཅོམ,com,True,7940,6498215b405d7c72291b23a976b842cb2a554651de48c1bff6bebfea79e5324c
5_4_7--co'.mp3,syllable_mp3,syllable,5,4,7,ཅོའ,co',True,7940,ab5289c301024c2d35da67c79f7d8813a8d8f9d74663091a7ae6d8b41ed98992
5_4_8--cor.mp3,syllable_mp3,syllable,5,4,8,ཅོར,cor,True,7940,fd003aa8986bcb8f27658a64008e46e1ed128b506fa59986fc7d99af663e8c92
5_4_9--col.mp3,syllable_mp3,syllable,5,4,9,ཅོལ,col,True,7104,ce3c820e80ca1ea43dd943c3fdffeac51802c9b4466a0a1e8b6c733ee0ac28f8
5_4_10--cos.mp3,syllable_mp3,syllable,5,4,10,ཅོས,cos,True,8776,f69b08ff3b24608f6446f954d6857d809899ea5e93c7ee8205b5735d0a65bc53
6_0_0--cha.mp3,syllable_mp3,syllable,6,0,0,ཆ,cha,True,7940,3084ce2455bf27951e827ab5841b502bc6a377d2c69ee0e3f302180bc55c3d3a
6_0_1--chag.mp3,syllable_mp3,syllable,6,0,1,ཆག,chag,True,7104,7791c1b5bcdcade0c79f5d1e8b77129543fe55408f5ef6dd8bd6257764c72d86
6_0_2--chang.mp3,syllable_mp3,syllable,6,0,2,ཆང,chang,True,8776,d0ad9dc6b2f3cd14e30cc90e578fccc46346e0bca18af6f891cd22dbac5dd3c8
6_0_3--chad.mp3,syllable_mp3,syllable,6,0,3,ཆད,chad,True,7104,9fb5d0fbe9b7cc1bd24f29bda799d8f23d6dec5dbb2e646cb48697e0a946d8c8
6_0_4--chan.mp3,syllable_mp3,syllable,6,0,4,ཆན,chan,True,8776,ad38acdc3b4619a6a5d2f2fad456bdb076e4802b4bd57691ebfd6c9ab79f74a1
6_0_5--chab.mp3,syllable_mp3,syllable,6,0,5,ཆབ,chab,True,6268,17d67932d9998132d4e96fc980e0a3dea53c8868138b5acd2aebe1ca21d82642
6_0_6--cham.mp3,syllable_mp3,syllable,6,0,6,ཆམ,cham,True,8776,7c936fd0ea2ebeef431f5cdde83825c5a27d9d22596cb7cd38c57650fcbd8f7d
6_0_7--cha'.mp3,syllable_mp3,syllable,6,0,7,ཆའ,cha',True,7940,df7235d01da0aa16cd0969b7cf768ebbacbd6a66a4b081e08483c6186042d928
6_0_8--char.mp3,syllable_mp3,syllable,6,0,8,ཆར,char,True,7940,0f305b6e708972f9283d8ed642bcac2149e808ef53abdd404cadc1287cb04d85
6_0_9--chal.mp3,syllable_mp3,syllable,6,0,9,ཆལ,chal,True,7940,825b9fb2c6719ecdbd69dbb546194f0dcf07bef21fc21e9a9ce1299995f2eb41
6_0_10--chas.mp3,syllable_mp3,syllable,6,0,10,ཆས,chas,True,8776,2ad6336740943afb04a4e040433bf255f9366ce6d1a6272da00794c19cb85857
6_1_0--chi.mp3,syllable_mp3,syllable,6,1,0,ཆི,chi,True,7104,024a01696ebb98a80c946bec9b11fb9216d0873d83eb09927c03734fde6e09be
6_1_1--chig.mp3,syllable_mp3,syllable,6,1,1,ཆིག,chig,True,6268,ab001bb0ccbc0245b80b292b0859ea9ab300bb5b25acab751fdea6333318d37a
6_1_2--ching.mp3,syllable_mp3,syllable,6,1,2,ཆིང,ching,True,8776,d917a78b08bb18861db87ded13fa7654cb2441876ac466b5fb2ec50d8629e792
6_1_3--chid.mp3,syllable_mp3,syllable,6,1,3,ཆིད,chid,True,7104,e3c81fd7ce08874014c2caf0358f20c12d2762a9b2f8494bf794306de6be72ca
6_1_4--chin.mp3,syllable_mp3,syllable,6,1,4,ཆིན,chin,True,7940,dd476186b76d633a19d21a6bc921c1f781df133d4281c6c24b2f118e1ed96d90
6_1_5--chib.mp3,syllable_mp3,syllable,6,1,5,ཆིབ,chib,True,6268,44e3b840a642f606905afcd235b137bc7040d47b411c558949e5ee331e8c6e2a
6_1_6--chim.mp3,syllable_mp3,syllable,6,1,6,ཆིམ,chim,True,7940,c39710c13940f7b48fd3a632c2d590ef053b071cc7f7714102b370e15e909801
6_1_7--chi'.mp3,syllable_mp3,syllable,6,1,7,ཆིའ,chi',True,8358,e0d4f253e5f1d353b11d104d10021737176e17a64c75eb2d7f94ea2b15d460ce
6_1_8--chir.mp3,syllable_mp3,syllable,6,1,8,ཆིར,chir,True,7940,05a73db9d42c302a0abf75998eb653a9873d9e9588473c9c51e1910022429fdb
6_1_9--chil.mp3,syllable_mp3,syllable,6,1,9,ཆིལ,chil,True,7940,b45e9eb17e6d73d71b9fd50ea2b7f4d8a3f77468993dd05b072e3ea0719e92cf
6_1_10--chis.mp3,syllable_mp3,syllable,6,1,10,ཆིས,chis,True,8776,542268ad2030f5f9828345f8ea7c074c54c5750d738015e5e493dc6a272c5729
6_2_0--chu.mp3,syllable_mp3,syllable,6,2,0,ཆུ,chu,True,7940,f318e6940e57d62e9c945b55704db04399578ce49b7f0b3162e164bac29d1cb3
6_2_1--chug.mp3,syllable_mp3,syllable,6,2,1,ཆུག,chug,True,6268,11ad77a1880776dd9aba8018c78406b886eadb2e362f81c4de83438a706f0a8f
6_2_2--chung.mp3,syllable_mp3,syllable,6,2,2,ཆུང,chung,True,8776,3d10af251fae6abff3215e5152e77ec3e697366ee053c6ba88e1c136047df032
6_2_3--chud.mp3,syllable_mp3,syllable,6,2,3,ཆུད,chud,True,7104,4a50c2fadf25310f51c42d762d2fcbf153049e0b59237fbc0ee6955ef795afb2
6_2_4--chun.mp3,syllable_mp3,syllable,6,2,4,ཆུན,chun,True,7940,8bad9ccafe19dde45a60747973a314d09e3c2d41798775fafa0df2ddfc224556
6_2_5--chub.mp3,syllable_mp3,syllable,6,2,5,ཆུབ,chub,True,6268,b98342860a0c3567c231190238a2080b2dfc2572f91023b98094be008aac0173
6_2_6--chum.mp3,syllable_mp3,syllable,6,2,6,ཆུམ,chum,True,8776,bcd1af264ae455c54fa10da7369b5921e74de97ccfa9aa832e6fe9e1aea95337
6_2_7--chu'.mp3,syllable_mp3,syllable,6,2,7,ཆུའ,chu',True,7940,39c8d290aad28c1b1a5e35ce95ae607a5a793ad88225c78505772b4ed46fcdcb
6_2_8--chur.mp3,syllable_mp3,syllable,6,2,8,ཆུར,chur,True,7104,7aef6154a3fb0435fbb96c9e138728fa1dc651f98a08064d9ad4394ff8ae51c5
6_2_9--chul.mp3,syllable_mp3,syllable,6,2,9,ཆུལ,chul,True,7940,4d63ab52d65fc60fa722ec7b0527a9d61249f0e4bb5af35f6c6f77d07a6bd33e
6_2_10--chus.mp3,syllable_mp3,syllable,6,2,10,ཆུས,chus,True,8776,96a54dad6039aeb6d465d53e6534ec4123aecb149c6ff734d0c891e5b87115eb
6_3_0--che.mp3,syllable_mp3,syllable,6,3,0,ཆེ,che,True,7104,74f4dcca83a51128351a7c8c53eb6cd44132666f5d119a786e087eae5e72960d
6_3_1--cheg.mp3,syllable_mp3,syllable,6,3,1,ཆེག,cheg,True,6268,9c599b86cf9de951a40bd9ca93d2525131f7daf02451ac00e30f860ce4b6ce29
6_3_2--cheng.mp3,syllable_mp3,syllable,6,3,2,ཆེང,cheng,True,8776,2e443b15cc0e84c5d52e289df40df90a9991f9cb9234e82a3de34b7517a09600
6_3_3--ched.mp3,syllable_mp3,syllable,6,3,3,ཆེད,ched,True,7104,a19df1bb31064b12a3bcb909587614985c1b434116fe0044a3fd15137f0320fd
6_3_4--chen.mp3,syllable_mp3,syllable,6,3,4,ཆེན,chen,True,7940,6c87f0df6ccf58d422e725c964f19ec0fc113083ec469bab6072e5f2bcf9b568
6_3_5--cheb.mp3,syllable_mp3,syllable,6,3,5,ཆེབ,cheb,True,6268,dd60ca1026b12ee217bd873337810ff09c10333c5ff3b5fe1f4a28df06bc704c
6_3_6--chem.mp3,syllable_mp3,syllable,6,3,6,ཆེམ,chem,True,7940,5efe0a54774a952ec5be766a5627e249529e36f988cf4493c373d9a88e67cc3d
6_3_7--che'.mp3,syllable_mp3,syllable,6,3,7,ཆེའ,che',True,7104,ec9653fadc0a92e6f4999d3d2a8b35271949ac21b3bfb781a844fefc4c499f64
6_3_8--cher.mp3,syllable_mp3,syllable,6,3,8,ཆེར,cher,True,7940,1c7e60ca780d8af9a57b2584c9500380bd9ba2eb68fb7fb6564349a14b3e1c88
6_3_9--chel.mp3,syllable_mp3,syllable,6,3,9,ཆེལ,chel,True,7940,e0b6a685567e6145daa21e8ce730dcbe0081d7c42f663ef59b047fa88c4a254f
6_3_10--ches.mp3,syllable_mp3,syllable,6,3,10,ཆེས,ches,True,8776,8e3534435751b3fc3c9150c8a0aeba2747f6e643069903f05b0b99e650eb44ab
6_4_0--cho.mp3,syllable_mp3,syllable,6,4,0,ཆོ,cho,True,7940,0fb1fe653c545c2d91932d8c0d82b026724a4d1980ee51651404398393b5ad32
6_4_1--chog.mp3,syllable_mp3,syllable,6,4,1,ཆོག,chog,True,6268,2c3c68cc3b93d2a649cec6f0b6c8f0091354583cfb0103bcba4d79f677946251
6_4_2--chong.mp3,syllable_mp3,syllable,6,4,2,ཆོང,chong,True,7940,770f74a9b793e09a6f5eedf1cf5230c9708397152d13a8e47af509f22c3b7a11
6_4_3--chod.mp3,syllable_mp3,syllable,6,4,3,ཆོད,chod,True,7104,4405a0c71f7cee595655f49c206897653cc5e5405f3a185859c29227f5cdcda3
6_4_4--chon.mp3,syllable_mp3,syllable,6,4,4,ཆོན,chon,True,7940,6ad6183e4fd8f48dc25c2b3fafd43c8b88f40eb349ea3872938e662a56632d5e
6_4_5--chob.mp3,syllable_mp3,syllable,6,4,5,ཆོབ,chob,True,6268,482b1ed349aaa8587cdf9fcafb645f6161522b176a428ccf927e3338a7c64ac2
6_4_6--chom.mp3,syllable_mp3,syllable,6,4,6,ཆོམ,chom,True,8776,59b9edf99bc6412dbf2898fc2a35e42222b4dff61504b351d112a0f4b0558c7b
6_4_7--cho'.mp3,syllable_mp3,syllable,6,4,7,ཆོའ,cho',True,7940,47ea54611e988cfd81f8b80cbe84161800ea48c0c44f659ea2852ed00f9a8a0c
6_4_8--chor.mp3,syllable_mp3,syllable,6,4,8,ཆོར,chor,True,7104,6238bab14179847d22963a7278102d12d4f8a9782f440831551ff52663ce6dc1
6_4_9--chol.mp3,syllable_mp3,syllable,6,4,9,ཆོལ,chol,True,7940,7dfeb5d577911286ca8b738cdc2f995ef878fab3d90cd9a4586ffda372c716bc
6_4_10--chos.mp3,syllable_mp3,syllable,6,4,10,ཆོས,chos,True,9612,aa0282e7bc5de29c899fdce7ae999231031a742bc211e32ecc595877ea72f024
7_0_0--ja.mp3,syllable_mp3,syllable,7,0,0,ཇ,ja,True,8776,36b8778b248dce81233492b9c1831c34c9a537140757d6398861e65f14182c33
7_0_1--jag.mp3,syllable_mp3,syllable,7,0,1,ཇག,jag,True,7940,4cea7038de710c19f3f0fb6499d814e57c3883b829b3b994a97360337a59b710
7_0_2--jang.mp3,syllable_mp3,syllable,7,0,2,ཇང,jang,True,9612,a61a83dd1b0ebd6bf6d3de4181a5feef07da043e069bd37e9b836d9b83667a98
7_0_3--jad.mp3,syllable_mp3,syllable,7,0,3,ཇད,jad,True,7104,69a6527b8b0ed74bedd90409cdea79b311b5176596643af582eb8c2beae1326d
7_0_4--jan.mp3,syllable_mp3,syllable,7,0,4,ཇན,jan,True,8776,2ce6e18f1cb19940a5e6259d00c8eafecf6509e32c77797bf5bcb7c4fa9be94d
7_0_5--jab.mp3,syllable_mp3,syllable,7,0,5,ཇབ,jab,True,7104,c1ea5754be5278fb6bc52f53149de958e460c480f6ebde676ebe4195bcca6d70
7_0_6--jam.mp3,syllable_mp3,syllable,7,0,6,ཇམ,jam,True,8776,788f9bac0ecc3d3bfea8aa8212d67f62f293637c48b1b1e456e35e684cb2db16
7_0_7--ja'.mp3,syllable_mp3,syllable,7,0,7,ཇའ,ja',True,8776,483fa33f6d6457b19d694e250d99ae4ee37bcf8facca8a5bdd297ba048969090
7_0_8--jar.mp3,syllable_mp3,syllable,7,0,8,ཇར,jar,True,8776,46bab4fceec0e2ecde731276d0b38ef44c8bf46c4dd5c60b9f974ce2394bb284
7_0_9--jal.mp3,syllable_mp3,syllable,7,0,9,ཇལ,jal,True,8358,520e6415ec9a8f38a0f3202eb02825f6a0732f03790c4db5e6e0bb9f723ce889
7_0_10--jas.mp3,syllable_mp3,syllable,7,0,10,ཇས,jas,True,8776,0a70a5f5160d00aebeae7ca18e2556d1520268be75ac53e2f3c65c427a744cb1
7_1_0--ji.mp3,syllable_mp3,syllable,7,1,0,ཇི,ji,True,9612,16d53cea21609455096ba83af0ee65080d3e9a01ef94559248093bdf02c0759c
7_1_1--jig.mp3,syllable_mp3,syllable,7,1,1,ཇིག,jig,True,7104,2364b7e7dfb302ea7ce2bb12d4d97824768696e66473bb7d82571e740242a19b
7_1_2--jing.mp3,syllable_mp3,syllable,7,1,2,ཇིང,jing,True,8776,6cc9007cebb4a40ed5ddefa9d233336330fb4e052c9fd8e3cbe8fb240fef81c5
7_1_3--jid.mp3,syllable_mp3,syllable,7,1,3,ཇིད,jid,True,7104,e0c4054267126c46d2faa11a6380405f3f60652cffd1cffb4ce121e220def983
7_1_4--jin.mp3,syllable_mp3,syllable,7,1,4,ཇིན,jin,True,8776,d6dc21fc46d659ee61ecdbd9c4021e2c54016d069be2fc8a4d6ef247b5e5b297
7_1_5--jib.mp3,syllable_mp3,syllable,7,1,5,ཇིབ,jib,True,6268,c2b5bbaf2f329025a5847871af0d26a5497845f5069a67816ca6250cfd0a1e30
7_1_6--jim.mp3,syllable_mp3,syllable,7,1,6,ཇིམ,jim,True,8776,c7c5941e30db24b2498ac2b297fbef88b9a85f7050b97f93893f49c5d31b7824
7_1_7--ji'.mp3,syllable_mp3,syllable,7,1,7,ཇིའ,ji',True,8776,f585e4ae38c0d1dd9c4e695366e331a54a6ec9e84f42e32a57742df0b3ad72b3
7_1_8--jir.mp3,syllable_mp3,syllable,7,1,8,ཇིར,jir,True,7940,f248f574d53ccd50d0aaeaa1f0d36e0ef78b172cc6985baa1a8add60b9a14d89
7_1_9--jil.mp3,syllable_mp3,syllable,7,1,9,ཇིལ,jil,True,9612,5255933952c390389283b56de8aaf0be96737a728bd6ce24d441651f94364a7e
7_1_10--jis.mp3,syllable_mp3,syllable,7,1,10,ཇིས,jis,True,8776,e88d8022ab2dd527d1eef725984da8bd217c1854df1cfddc48d79fcfc25141c9
7_2_0--ju.mp3,syllable_mp3,syllable,7,2,0,ཇུ,ju,True,8776,6b280118ea18517bb9e6039987fbecd74107484638d37faa9a84eb6fa2b91e23
7_2_1--jug.mp3,syllable_mp3,syllable,7,2,1,ཇུག,jug,True,9612,41b3302da76269f0a2ee872026a2eb69628438df02f363ee9866a6416c98afbd
7_2_2--jung.mp3,syllable_mp3,syllable,7,2,2,ཇུང,jung,True,8776,48daa806568da1e554e494dac59541ead7c0e3e757006353ff311efcae4a760c
7_2_3--jud.mp3,syllable_mp3,syllable,7,2,3,ཇུད,jud,True,7940,f1ad0d80b85a513489ed9c79d64be106420f80972b9582b2b57ea381f03b35a5
7_2_4--jun.mp3,syllable_mp3,syllable,7,2,4,ཇུན,jun,True,8776,96a7af5566e6a759b7c709e5b393001c3c38cf92444f0955001c577c09a4082a
7_2_5--jub.mp3,syllable_mp3,syllable,7,2,5,ཇུབ,jub,True,7104,3ea12498210994c0a56108f0845733fa838ab1d987b235bd67bb446762274e76
7_2_6--jum.mp3,syllable_mp3,syllable,7,2,6,ཇུམ,jum,True,8776,b74a06b98cadfb13262da91a51403c5f7c899c4e9ef7cdf8e63a4691b68763a1
7_2_7--ju'.mp3,syllable_mp3,syllable,7,2,7,ཇུའ,ju',True,8776,8ddd6f4df94c752738585a3223a194d5fb796133f7e5f915fcb0882e2d88ec7f
7_2_8--jur.mp3,syllable_mp3,syllable,7,2,8,ཇུར,jur,True,7940,29000e8942c1948ba030cc837bc71fb8daee6b4c8ea25d9b8b0f8c02e5173d9b
7_2_9--jul.mp3,syllable_mp3,syllable,7,2,9,ཇུལ,jul,True,9612,eec41af380b58b0c809276a0bd223f1f0ebb9c2c5773a438e51bc68b3c36c8da
7_2_10--jus.mp3,syllable_mp3,syllable,7,2,10,ཇུས,jus,True,9612,54f47fed39515ad9f243ef8185c4c307b97560e1fa209dcf9e40cf7d6f634465
7_3_0--je.mp3,syllable_mp3,syllable,7,3,0,ཇེ,je,True,7940,3f3b77331a385ceec69a41b84b7892de5f88af2f5d13756410ffa1d92d61773b
7_3_1--jeg.mp3,syllable_mp3,syllable,7,3,1,ཇེག,jeg,True,7104,7961a2bf4cdf9096158d88776c3df239da7d886d253760d0a2207ea1f19759b5
7_3_2--jeng.mp3,syllable_mp3,syllable,7,3,2,ཇེང,jeng,True,7940,7e4cfaf1564371c8cdd1d3355ab0987acedafe0709ccaf6a4968a74c75f3dd27
7_3_3--jed.mp3,syllable_mp3,syllable,7,3,3,ཇེད,jed,True,7940,162b6bdd6282de9aa32b219ae725d665bfd114915e0727f642a171aaa296ecd8
7_3_4--jen.mp3,syllable_mp3,syllable,7,3,4,ཇེན,jen,True,8776,cf013978d588f7b2104a03f6e04e85531a2ba5203197cdde90ce11caa6fc72d1
7_3_5--jeb.mp3,syllable_mp3,syllable,7,3,5,ཇེབ,jeb,True,7104,d16bf4ea10b5a3b5730b6b6333c18e06847d4b7a766009df250b9d017c771a55
7_3_6--jem.mp3,syllable_mp3,syllable,7,3,6,ཇེམ,jem,True,8776,0b6d5febe7ac3fe1f49a7dda828ed2ea91be674911473c36d643883da33ec25b
7_3_7--je'.mp3,syllable_mp3,syllable,7,3,7,ཇེའ,je',True,8776,6b918a2c402684810e48399251bf92a0e825781f1ea369e19612e0b02b6c654e
7_3_8--jer.mp3,syllable_mp3,syllable,7,3,8,ཇེར,jer,True,7940,e5f6ec175781b5ca72bad6647677ae1567185d6624e97a431a4ea4b6c11aa0ff
7_3_9--jel.mp3,syllable_mp3,syllable,7,3,9,ཇེལ,jel,True,7940,8d3ad0e72898357efb69e65294594b3a5af7a41c06744da90c2592af821b568d
7_3_10--jes.mp3,syllable_mp3,syllable,7,3,10,ཇེས,jes,True,7940,aaa114ff04e3b5352c408bcd79dd2db21fc05d74ab334ad407524d371828bd9e
7_4_0--jo.mp3,syllable_mp3,syllable,7,4,0,ཇོ,jo,True,8776,68ed7d57846653ec1e9e1b7e4e8b0b30a80498082130188b466247232482ac2f
7_4_1--jog.mp3,syllable_mp3,syllable,7,4,1,ཇོག,jog,True,7104,33f6a410a544126ab6d6f04fb86f389306572a384cce86f6790f62a1612288de
7_4_2--jong.mp3,syllable_mp3,syllable,7,4,2,ཇོང,jong,True,8776,59b0fbb75edec4ee0e0d908d8ffe5c600fb12ee9405a7195234d7446781f6b82
7_4_3--jod.mp3,syllable_mp3,syllable,7,4,3,ཇོད,jod,True,7104,e8da2a3b97934bed69445ccbdf3cb8b11a0b5c6b24734c1c91a84661194cb6f9
7_4_4--jon.mp3,syllable_mp3,syllable,7,4,4,ཇོན,jon,True,7940,cbbe9ebaef0b28d621fc35af980837fc5e3870aa03295ee07e46b7f8931f4baa
7_4_5--job.mp3,syllable_mp3,syllable,7,4,5,ཇོབ,job,True,7104,2a902f0c2ec91245cb1396f7a3f45bab19c51f687bf655afbe724c4d034f7817
7_4_6--jom.mp3,syllable_mp3,syllable,7,4,6,ཇོམ,jom,True,7940,a567c83c4e094a4328706df252a56ff10c6ba8eb6d2275c6114c4df89010420f
7_4_7--jo'.mp3,syllable_mp3,syllable,7,4,7,ཇོའ,jo',True,8776,b187f2285f75f4fb7e77e9c9b6a04b713c7cb0fdaf81ad954f2d69b1f02c93ee
7_4_8--jor.mp3,syllable_mp3,syllable,7,4,8,ཇོར,jor,True,7940,a7cff81eb52dc1cab987127ec68673503cde38d355773fea0e8b0f1d1ecd6e3b
7_4_9--jol.mp3,syllable_mp3,syllable,7,4,9,ཇོལ,jol,True,7940,a13ceef244a4d67ea4b533422e20f18dd96754155698268037e8aa5f558640df
7_4_10--jos.mp3,syllable_mp3,syllable,7,4,10,ཇོས,jos,True,8776,c52bc0db689a3009d170c3299f7a4521b1f6cc438e0f8f155c328c848686db0e
8_0_0--nya.mp3,syllable_mp3,syllable,8,0,0,ཉ,nya,True,7104,3488626d62aa2d391c406d6f94415227e9fe70b38aaa1ef31a8045ad2d32924c
8_0_1--nyag.mp3,syllable_mp3,syllable,8,0,1,ཉག,nyag,True,6268,b6da8e2ecfbb7caf3fde04ffc6f2da929add451b93bee73a535e086922a03cd4
8_0_2--nyang.mp3,syllable_mp3,syllable,8,0,2,ཉང,nyang,True,7104,80976007e4daaf9e1985987e763304b72c982fc95a254662c2d38575946f42c5
8_0_3--nyad.mp3,syllable_mp3,syllable,8,0,3,ཉད,nyad,True,6268,d8972c1042596d1eb283483624b36c43a2a2329e734f2dcdf3a54b85ef1b73e3
8_0_4--nyan.mp3,syllable_mp3,syllable,8,0,4,ཉན,nyan,True,7104,29856ee8d4b066d61bc8168565bfd63bea01fe0b71de120dccef2717c523b732
8_0_5--nyab.mp3,syllable_mp3,syllable,8,0,5,ཉབ,nyab,True,6268,49f29047a3d0218f2b5ec14a159a7a86af5aba1974b29472f9f7d6424bc0fd07
8_0_6--nyam.mp3,syllable_mp3,syllable,8,0,6,ཉམ,nyam,True,7104,694803d365250a8902fa026f68b04fba97a6fd79bc3908e4e786b3800ef66bfe
8_0_7--nya'.mp3,syllable_mp3,syllable,8,0,7,ཉའ,nya',True,7104,1f40e77a902d55246d5e9df412521bdf589a8aecb63cbb2ec42e31efd11c8cc2
8_0_8--nyar.mp3,syllable_mp3,syllable,8,0,8,ཉར,nyar,True,6268,b453a99305f61c8ca40fe899a99b8b074d37dbbf43c1c1c1c97e24b7d0bcbc2a
8_0_9--nyal.mp3,syllable_mp3,syllable,8,0,9,ཉལ,nyal,True,7104,851f8602a31507315360314a9898c2fd4d6d29a3cffc0665ecdbecb1ffdefa30
8_0_10--nyas.mp3,syllable_mp3,syllable,8,0,10,ཉས,nyas,True,7940,557fdb1e4797122d71bea5dc9a5a766480f3300f298b228360750b5bd816787a
8_1_0--nyi.mp3,syllable_mp3,syllable,8,1,0,ཉི,nyi,True,7104,089164d6d1bb9d8704752fa24f333d677f638d8e96463c93eabc76fd775123d4
8_1_1--nyig.mp3,syllable_mp3,syllable,8,1,1,ཉིག,nyig,True,5432,23a9d5dcee6658c55bce5820d49e572c8d14b95212fbc1573af2b391b176830d
8_1_2--nying.mp3,syllable_mp3,syllable,8,1,2,ཉིང,nying,True,7104,5dd71d1788543b51b33c1a9b53b000ce8dcdff2a549b8219540e9408818d0dc9
8_1_3--nyid.mp3,syllable_mp3,syllable,8,1,3,ཉིད,nyid,True,6268,8ec36c7cd102251ad84fd3cd5db223b31aed8f6035723c74cfbb288e7e004a08
8_1_4--nyin.mp3,syllable_mp3,syllable,8,1,4,ཉིན,nyin,True,7104,f81254d20bfd97ccca0293d5d5f08a31aa831def64c11be3a742381f6554693b
8_1_5--nyib.mp3,syllable_mp3,syllable,8,1,5,ཉིབ,nyib,True,5432,60fa57d291ebfb6d8203c63f832f98e22c82abb9546888eb639755b7906d617a
8_1_6--nyim.mp3,syllable_mp3,syllable,8,1,6,ཉིམ,nyim,True,7940,d9840e955fc4a5294287e3d0420980dd5bab0b20ac2a1b4a32c486a1f3997344
8_1_7--nyi'.mp3,syllable_mp3,syllable,8,1,7,ཉིའ,nyi',True,7940,b6245e35e750ea2e3cf681c936a1b24399641ac5ea9082b4c180b6a206720096
8_1_8--nyir.mp3,syllable_mp3,syllable,8,1,8,ཉིར,nyir,True,7104,2475652a726647d5c352d798d9035d7370f5a87d668dd0dfe90bbab8cb3ad7e4
8_1_9--nyil.mp3,syllable_mp3,syllable,8,1,9,ཉིལ,nyil,True,7104,e56fd3b88314cb459f50ed302f6286e55653f19be67418aa943fbe6ec04fd4a1
8_1_10--nyis.mp3,syllable_mp3,syllable,8,1,10,ཉིས,nyis,True,8776,20e7f095113accdeb90cae02fc216f77171571697b7b936c1a362f75b19abb83
8_2_0--nyu.mp3,syllable_mp3,syllable,8,2,0,ཉུ,nyu,True,7104,babbf40b21b3e87fbba020e0201a92184132df25996397a52c187ff6fda14c37
8_2_1--nyug.mp3,syllable_mp3,syllable,8,2,1,ཉུག,nyug,True,5432,35516c0b7bf744531712a07925b86a9ed7988c3244f0c35e566530e0d987e943
8_2_2--nyung.mp3,syllable_mp3,syllable,8,2,2,ཉུང,nyung,True,7940,a28150499d0d8c730a74c83f140022eaf2c6ddf1799c59ef9ff8897495e34718
8_2_3--nyud.mp3,syllable_mp3,syllable,8,2,3,ཉུད,nyud,True,7104,a9ce06982a44751465bf2634d0096de0d8999e28dad4c4892fc984adf0efbd17
8_2_4--nyun.mp3,syllable_mp3,syllable,8,2,4,ཉུན,nyun,True,7104,e27b00236f9e88af0c5d92fae21516267f057349d70dfa2c11f0b30f3bfa0eda
8_2_5--nyub.mp3,syllable_mp3,syllable,8,2,5,ཉུབ,nyub,True,5432,8f8299a03c6d66edacda1aff6ac0afa831439dbaa69c4bad3fcf353aad6215aa
8_2_6--nyum.mp3,syllable_mp3,syllable,8,2,6,ཉུམ,nyum,True,7940,d54304d95ae0bb406c36f6256d90b0ec40d3619042cba20790dbe0eeddacc792
8_2_7--nyu'.mp3,syllable_mp3,syllable,8,2,7,ཉུའ,nyu',True,7940,564c09bacddd77f42c4bb7a739e77348b7cfb909c0a71ffed4f9dca5b081e00f
8_2_8--nyur.mp3,syllable_mp3,syllable,8,2,8,ཉུར,nyur,True,7104,d2f0774c3e0d152b576de7529144f358daab9d70f718c7997e85fed22424d110
8_2_9--nyul.mp3,syllable_mp3,syllable,8,2,9,ཉུལ,nyul,True,7940,2ef0c0e2889ac71acce90f805e72109ac26f5c458b38bae027311ed0cf8aad6f
8_2_10--nyus.mp3,syllable_mp3,syllable,8,2,10,ཉུས,nyus,True,8776,dc2bea6445769c38bed60febc130cc4a71ea023d9762b16f91ee286c63d5c493
8_3_0--nye.mp3,syllable_mp3,syllable,8,3,0,ཉེ,nye,True,7940,9949faacc04058156306f6ee46336e353a5a9018f13001407aac631a0dcfe837
8_3_1--nyeg.mp3,syllable_mp3,syllable,8,3,1,ཉེག,nyeg,True,6268,36d962e4d4069d6e71cfaf598a620c20c918548a674c0b9e6cad955f27e599c9
8_3_2--nyeng.mp3,syllable_mp3,syllable,8,3,2,ཉེང,nyeng,True,7940,7d70b6a7ce82e62cfa8de125d67c11b3ad580ac19d7fbddb38d4f0d5d8e1488a
8_3_3--nyed.mp3,syllable_mp3,syllable,8,3,3,ཉེད,nyed,True,6268,d8d3837d3c73e3386290daf5807a0a6c206311890b84defe19306681e2ad0403
8_3_4--nyen.mp3,syllable_mp3,syllable,8,3,4,ཉེན,nyen,True,7940,45febf76616805e1dbae01007ef7bd3083a5bdb30ab6f427204ff51621e27246
8_3_5--nyeb.mp3,syllable_mp3,syllable,8,3,5,ཉེབ,nyeb,True,5432,54b92fd5fc6853aad112d37e36017a5ae97303960b52537854d2c3428f32f489
8_3_6--nyem.mp3,syllable_mp3,syllable,8,3,6,ཉེམ,nyem,True,7104,69ae8e8aae87eb685f89759f8bbd1c2c0973bc61660d7f9d69323ed56eaed311
8_3_7--nye'.mp3,syllable_mp3,syllable,8,3,7,ཉེའ,nye',True,7940,3299ee8e2403a72fab290dc645c444dafd4bf591a0cea499d4a1fec94c7c131e
8_3_8--nyer.mp3,syllable_mp3,syllable,8,3,8,ཉེར,nyer,True,6268,09aa048cee80c6bae519e4e95c3332d94b0467c69eb8bb9550535fecd56ddf9b
8_3_9--nyel.mp3,syllable_mp3,syllable,8,3,9,ཉེལ,nyel,True,7104,352de29541d08ebac6cfe6cc65c45b0c8b9916c5fcfdcdfe9c46f9c4fd9d6d87
8_3_10--nyes.mp3,syllable_mp3,syllable,8,3,10,ཉེས,nyes,True,8776,7aa94880b933fac368f781f9eb2eaf4d11f834f78a80a0f70494bf81032e23d6
8_4_0--nyo.mp3,syllable_mp3,syllable,8,4,0,ཉོ,nyo,True,7104,7300928b90ff2a87ef45829eafade8978577a17f9069ab59be86c96df58b9e7a
8_4_1--nyog.mp3,syllable_mp3,syllable,8,4,1,ཉོག,nyog,True,6268,b330e87eb668bec9970681519acb9a3afc9affd5bba179865681d326d721be9d
8_4_2--nyong.mp3,syllable_mp3,syllable,8,4,2,ཉོང,nyong,True,7104,d49a25352c8847378c299fbee11f85f43b15d0fdd5e684868108399edb209c53
8_4_3--nyod.mp3,syllable_mp3,syllable,8,4,3,ཉོད,nyod,True,6268,4104a503140d7eb6fa092888cfb931791876388838d38d0d73e59cf7f31af518
8_4_4--nyon.mp3,syllable_mp3,syllable,8,4,4,ཉོན,nyon,True,7104,fd9fe0261c3785b7d37d15a92b4fbd3bfc68250e14addfca3e6a30327873189a
8_4_5--nyob.mp3,syllable_mp3,syllable,8,4,5,ཉོབ,nyob,True,5432,766dc5bbf27ce1089c6d3a14fea023516066e81b79aa3d61001354b789950f83
8_4_6--nyom.mp3,syllable_mp3,syllable,8,4,6,ཉོམ,nyom,True,7104,4eed65a6a9e61e5fb0e7f76ab0812b0b0d76fbe05a9fac009973701a71f5e3f0
8_4_7--nyo'.mp3,syllable_mp3,syllable,8,4,7,ཉོའ,nyo',True,7940,ed4c31b63954c9d5ea1e97cf09bc9d5c9db18c7ae62273c3112ad87df57945f1
8_4_8--nyor.mp3,syllable_mp3,syllable,8,4,8,ཉོར,nyor,True,7104,515488aeab7985d3246431af864fdee901d3347749f38352c076e41398193c43
8_4_9--nyol.mp3,syllable_mp3,syllable,8,4,9,ཉོལ,nyol,True,7104,e7d126fd5ee88cd2994c02af1f3d571f1244353fd0dd59e84c0c0bd84fdfb66c
8_4_10--nyos.mp3,syllable_mp3,syllable,8,4,10,ཉོས,nyos,True,8776,8f9e369eb569a5b4fbf23e202be02966a0f163a7714ec61096d1880fa16b1c4c
9_0_0--ta.mp3,syllable_mp3,syllable,9,0,0,ཏ,ta,True,5432,846fad38dbff5082c070ab38d08a52c05a4252429f07637b0eedc605cd8df232
9_0_1--tag.mp3,syllable_mp3,syllable,9,0,1,ཏག,tag,True,6268,21b3dba53e4c1e05e6fdd6fbcaa91b523f84ab90f1e9cb91b354c25cf40fb940
9_0_2--tang.mp3,syllable_mp3,syllable,9,0,2,ཏང,tang,True,6268,46c13799c683997818fe12d80a88f0b1054149b864977666277ef04783e6c2cc
9_0_3--tad.mp3,syllable_mp3,syllable,9,0,3,ཏད,tad,True,6268,2093c86dd05f37444bc9646dae2a74babc922a7c9f6f5862d0d4e943ab70e183
9_0_4--tan.mp3,syllable_mp3,syllable,9,0,4,ཏན,tan,True,7104,b011ff3739b7ca505e0ba04f8eeb6d5c7b0ce9e628ebd0f0dbb1188d2a59f127
9_0_5--tab.mp3,syllable_mp3,syllable,9,0,5,ཏབ,tab,True,4596,ecb9ce682dd64e3136200b101919c698d976c70fcfbd0d2bf6c093574cae6676
9_0_6--tam.mp3,syllable_mp3,syllable,9,0,6,ཏམ,tam,True,6268,f905fd46415477b5b02ddd9d0c990576d22f19bae39833da425ff0de03926516
9_0_7--ta'.mp3,syllable_mp3,syllable,9,0,7,ཏའ,ta',True,6268,6977ffd4d308a59cde989950ee65e4eae7c36bc332ac775e9f6becfdb3208074
9_0_8--tar.mp3,syllable_mp3,syllable,9,0,8,ཏར,tar,True,6268,2843a5403088ffca2ff2ee49ac1cdb182be11176bab313b7b037653625013874
9_0_9--tal.mp3,syllable_mp3,syllable,9,0,9,ཏལ,tal,True,6268,a88830d211b21c47648cb5db690109743319bb679eccadd412d2136f7166988c
9_0_10--tas.mp3,syllable_mp3,syllable,9,0,10,ཏས,tas,True,7940,585ee843decfa12137c6c230350e02b23a0c36268d13b38a7149f448d56945b7
9_1_0--ti.mp3,syllable_mp3,syllable,9,1,0,ཏི,ti,True,6268,8bcb15e66b98842658d889def091e2df3be9ad2927998d39134fec885c9e0bbd
9_1_1--tig.mp3,syllable_mp3,syllable,9,1,1,ཏིག,tig,True,7940,af873b81cc7c21cbec5ce06c6dde60e8598f8b4c7816926e3ed17b6fadb35b6e
9_1_2--ting.mp3,syllable_mp3,syllable,9,1,2,ཏིང,ting,True,7104,b729b67875905cfdc6f99212efe3b252a889caaea6687fa3b8e4432382aec0fb
9_1_3--tid.mp3,syllable_mp3,syllable,9,1,3,ཏིད,tid,True,6268,4f2df17f687b4a3359e1bec6b6bc7e4b8846afd99a1fff2d1f92c590e96e8106
9_1_4--tin.mp3,syllable_mp3,syllable,9,1,4,ཏིན,tin,True,6268,42efa10e4824ee71e76f9bfc848ae2f4db19769243df643a4b9b2eec6c30eb2b
9_1_5--tib.mp3,syllable_mp3,syllable,9,1,5,ཏིབ,tib,True,4596,8dba2eb93d233e6b9725e2ef184ad1ef3f54655b424ab211d8604de28be7e723
9_1_6--tim.mp3,syllable_mp3,syllable,9,1,6,ཏིམ,tim,True,7104,18a3b25e003a4ec9cbf9d80edc44ed4e09edbe105005a0d5f543b76572a9e3c8
9_1_7--ti'.mp3,syllable_mp3,syllable,9,1,7,ཏིའ,ti',True,7104,e35423f4348c8361d51edce4ff307010bddc5977d15959bc0ec2e21494ba9b96
9_1_8--tir.mp3,syllable_mp3,syllable,9,1,8,ཏིར,tir,True,6268,58ec9bf75e8924b6df2be17a920392417b96dfe59d68a895b6eb83bfc8009b88
9_1_9--til.mp3,syllable_mp3,syllable,9,1,9,ཏིལ,til,True,6268,78161a4dff43f6df1324853e45d8f36acb2fd7e4c64dd8cb3835ba5a3837fecc
9_1_10--tis.mp3,syllable_mp3,syllable,9,1,10,ཏིས,tis,True,6268,7fbe56e055d5adc24601b64a6c3a1f095bcb5fef7c82b4a75a07632cdf9e368b
9_2_0--tu.mp3,syllable_mp3,syllable,9,2,0,ཏུ,tu,True,6268,f8a9fa60939af2781d59052f3fd4c445a89ebc3e0767de341b8fc75f054cdfd2
9_2_1--tug.mp3,syllable_mp3,syllable,9,2,1,ཏུག,tug,True,4596,73cf7896e2b996d487e0bc478959cda2b6fb10bf101fc7d2902eb0e1f4a8b344
9_2_2--tung.mp3,syllable_mp3,syllable,9,2,2,ཏུང,tung,True,6268,e4f94224f3a1eb20894140b55b976ebef5ff4cd043e4ba15c4b88a99f2cfd734
9_2_3--tud.mp3,syllable_mp3,syllable,9,2,3,ཏུད,tud,True,5432,33cd07163093fa6cb647f45032b3fe0363955d47e406af270fcf0565aab6cabd
9_2_4--tun.mp3,syllable_mp3,syllable,9,2,4,ཏུན,tun,True,7104,ac68317c543f8c564cb62c6c1193eb74a9e8dbd747b7b711ecf9bd42a97e9952
9_2_5--tub.mp3,syllable_mp3,syllable,9,2,5,ཏུབ,tub,True,5432,673071c0fe4fc24ea7667dca96159b4aab4f8709de4bffc9edd4b98dc6cd19bc
9_2_6--tum.mp3,syllable_mp3,syllable,9,2,6,ཏུམ,tum,True,7104,9d3bea07e2ebf8dd7b59b73a15fbd35dd8295c5bba9749601199227399dbfba0
9_2_7--tu'.mp3,syllable_mp3,syllable,9,2,7,ཏུའ,tu',True,6268,0558c48207003ed4d8b7381d941949486e3feee7dfa0d574454a904180f5b241
9_2_8--tur.mp3,syllable_mp3,syllable,9,2,8,ཏུར,tur,True,6268,446691daaeb8142e0d8ac5a343d4e64c6362c895dd2c79164f173de2c4dba584
9_2_9--tul.mp3,syllable_mp3,syllable,9,2,9,ཏུལ,tul,True,7104,ec379992efce4f5231feabaa0646edce075f86ec7d7b7db819157da85c255d17
9_2_10--tus.mp3,syllable_mp3,syllable,9,2,10,ཏུས,tus,True,7104,de0d1c3af46f72f445b3ba6932c3429903bbb836060b355c4023f4fcef1ad8bb
9_3_0--te.mp3,syllable_mp3,syllable,9,3,0,ཏེ,te,True,5432,bc06b924f26fad938ec1c382a9667d6b931122f33249f4803594948cf4b03435
9_3_1--teg.mp3,syllable_mp3,syllable,9,3,1,ཏེག,teg,True,8776,790466bef7f17eb448fcaf1d2db1822ef1605a2aac5429178ab367213e7b4038
9_3_2--teng.mp3,syllable_mp3,syllable,9,3,2,ཏེང,teng,True,7104,05b9a9f35b0ab6af611859c61b34327b57f7f3a37ae78c94896bbb08ee83707a
9_3_3--ted.mp3,syllable_mp3,syllable,9,3,3,ཏེད,ted,True,5432,ed767cabb21c7d864d6705168163ffd99827ae2603c7e6987dd12e8dccfbcefc
9_3_4--ten.mp3,syllable_mp3,syllable,9,3,4,ཏེན,ten,True,6268,7ea4557febedda3bd806292f3d50af069a6d18f194669e806c7b149666eb4b8a
9_3_5--teb.mp3,syllable_mp3,syllable,9,3,5,ཏེབ,teb,True,5432,202645edaba50a09f2e68282627710664e99fc3f4f136c0efc6769267b5ad4be
9_3_6--tem.mp3,syllable_mp3,syllable,9,3,6,ཏེམ,tem,True,7104,63cb26240c620b37fd58bcba5f8efb7f907adf4b0c79fe51898e5ac6dd5a4135
9_3_7--te'.mp3,syllable_mp3,syllable,9,3,7,ཏེའ,te',True,7104,a8ca390ff60c5c6e1066ffa2cb28b2ab45897153010a9e27af05cc2b4cb93e6f
9_3_8--ter.mp3,syllable_mp3,syllable,9,3,8,ཏེར,ter,True,6268,dd360c483072cfedb34bc1e0235e702244c906f441a4f555b78966c3102f2e1b
9_3_9--tel.mp3,syllable_mp3,syllable,9,3,9,ཏེལ,tel,True,6268,37c60dbf9a7881ff40513ec29871746c84f51e6ffc289f71e21b979ec4dab96c
9_3_10--tes.mp3,syllable_mp3,syllable,9,3,10,ཏེས,tes,True,7104,22a9c276c6b3275ac98e534ea623b4160884788a703ab77cf53683dc63e6f4aa
9_4_0--to.mp3,syllable_mp3,syllable,9,4,0,ཏོ,to,True,5432,00d12018e2f97aa13a6e08729b248d5a3f456152f26c23544f8d1798a262a945
9_4_1--tog.mp3,syllable_mp3,syllable,9,4,1,ཏོག,tog,True,5432,2b20c9a99091dde608487f6b264353b51501171581b5188b6a317421dfad49cb
9_4_2--tong.mp3,syllable_mp3,syllable,9,4,2,ཏོང,tong,True,7104,f00feb89118c53a66ebb8ef4bbaaaaf6a591ed648d66893040c915975ba0adca
9_4_3--tod.mp3,syllable_mp3,syllable,9,4,3,ཏོད,tod,True,5432,1d95fd92c633ba86f1a6ce8457290a3da0f9e731b5cd7323e87e9510db28162d
9_4_4--ton.mp3,syllable_mp3,syllable,9,4,4,ཏོན,ton,True,7104,240f0ff2beb294ff6b1e408472ce88c115bf2793d9b9cb962ef2aa5dcf16a2a9
9_4_5--tob.mp3,syllable_mp3,syllable,9,4,5,ཏོབ,tob,True,5432,eb9fb36d1f269f8f62c9d9d19fbccb1845a2c2ed83c4463692f7762f07d82957
9_4_6--tom.mp3,syllable_mp3,syllable,9,4,6,ཏོམ,tom,True,7104,577817b597f1790f66b8abfa9411d96a48de9b8b356e78958de41a8e5bc7e00c
9_4_7--to'.mp3,syllable_mp3,syllable,9,4,7,ཏོའ,to',True,6268,718dcddcc4523f4cdf604271bb0112dee22a4676405ea1ed3fefe4532cc402e2
9_4_8--tor.mp3,syllable_mp3,syllable,9,4,8,ཏོར,tor,True,6268,cc0c0c3923efd00d5727024c04bafd65f20a53ef2a4611d0b76c98a400d51d56
9_4_9--tol.mp3,syllable_mp3,syllable,9,4,9,ཏོལ,tol,True,7104,b83fd0e1540926d7050c62cd053e41e97fb2b2c3e1509932380c8cd5f257f6d5
9_4_10--tos.mp3,syllable_mp3,syllable,9,4,10,ཏོས,tos,True,7104,2f27af4e7ad2a54e50cffb90f52cda7cb9fca49c0200c9d446585df36238e17b
10_0_0--tha.mp3,syllable_mp3,syllable,10,0,0,ཐ,tha,True,7104,70f1bb4eb7cdcfce851c9c3b1f2ef090d30a9b997aee5bf406fae68e0b0c1042
10_0_1--thag.mp3,syllable_mp3,syllable,10,0,1,ཐག,thag,True,6268,080d18de5c9e5a6a1302751a358f68b2ea04fbb4a27d62b0aa950dfe6b8cdef1
10_0_2--thang.mp3,syllable_mp3,syllable,10,0,2,ཐང,thang,True,7104,40164f581fd7e4e5ccae490db93ce4be19b54e8af9fda0de7f4c3157a646db43
10_0_3--thad.mp3,syllable_mp3,syllable,10,0,3,ཐད,thad,True,7104,c8d97601051a0d3324b8aae01249931ab94b1559ea33080485e60c8f81b6dcad
10_0_4--than.mp3,syllable_mp3,syllable,10,0,4,ཐན,than,True,7104,2bfe3231309d5436b615e18734f7038139a8cfab4de22f0d44ca296411a57a46
10_0_5--thab.mp3,syllable_mp3,syllable,10,0,5,ཐབ,thab,True,5432,b02c36734656e78a0ad3a769ca3bc7775559833112f8e401990916b8c2d244f3
10_0_6--tham.mp3,syllable_mp3,syllable,10,0,6,ཐམ,tham,True,7104,cd95a7ed583250c8841282b7c8f0a9bdd48abf8394ea8f6e1fb222c2a401eb25
10_0_7--tha'.mp3,syllable_mp3,syllable,10,0,7,ཐའ,tha',True,7104,c78923b40ed69d16c830e8d56b6b1baefc301bab9fb501f4fbf8704a53919de5
10_0_8--thar.mp3,syllable_mp3,syllable,10,0,8,ཐར,thar,True,7104,d6fce5a719b38ea9bbea89e88228e36960e48040e63bdf52e2849a6374d0033d
10_0_9--thal.mp3,syllable_mp3,syllable,10,0,9,ཐལ,thal,True,7940,3357ad92087b6b0963b85ba145d84d55edd1d514415ccfbc330063b50c48792b
10_0_10--thas.mp3,syllable_mp3,syllable,10,0,10,ཐས,thas,True,7940,c2ebdda135c0011e73cea8148a0db7fcc2267c068513bb4a43932a96e4120722
10_1_0--thi.mp3,syllable_mp3,syllable,10,1,0,ཐི,thi,True,7104,49a0392703070b0eab2512454a4cd36350b3e0ef4757a62206fa99af07cd628a
10_1_1--thig.mp3,syllable_mp3,syllable,10,1,1,ཐིག,thig,True,6268,dcd0efb09dbcc08e6acdf5497fb00ea93ec5b39d78ee9aaebf11aab8dbe29e2e
10_1_2--thing.mp3,syllable_mp3,syllable,10,1,2,ཐིང,thing,True,7940,95970a69395ed1cae90a80849e7b315f011c7d73f2a13d00d37a89b7ac0a038a
10_1_3--thid.mp3,syllable_mp3,syllable,10,1,3,ཐིད,thid,True,6268,37d6a581bbfebd9da1815d33faeb4df70b6595d9b855f6e435a5a45ffc831e54
10_1_4--thin.mp3,syllable_mp3,syllable,10,1,4,ཐིན,thin,True,7940,015cfcc3565c97630524fc8fab2ed45654dd51b7c37517466bfcae4ebaf42b87
10_1_5--thib.mp3,syllable_mp3,syllable,10,1,5,ཐིབ,thib,True,5432,0fe4d025c517af58e5fc424d542fd4de27cb263d9ac02535a36d9e544f8c982c
10_1_6--thim.mp3,syllable_mp3,syllable,10,1,6,ཐིམ,thim,True,7104,1edcfafcd407e7fe989b0dabc0578d7ee57ecb6bb975f1fffe63fe06c8458039
10_1_7--thi'.mp3,syllable_mp3,syllable,10,1,7,ཐིའ,thi',True,7940,a01ce2a45b1747db9c961d140cf3541fcb328dbf969676f2273a16e836f7a729
10_1_8--thir.mp3,syllable_mp3,syllable,10,1,8,ཐིར,thir,True,7104,1c26480cfed741e292b0ddb903b737457c53f02ca9f91475abc5976cb18510d9
10_1_9--thil.mp3,syllable_mp3,syllable,10,1,9,ཐིལ,thil,True,7104,76aebc33ccf8025f3e4c3656904e7664ba17adfae7fa82091e47e4db8021e4ea
10_1_10--this.mp3,syllable_mp3,syllable,10,1,10,ཐིས,this,True,6268,1ce0e0ae3f40aae2d554384709e52133119f6f0fa9300d9baf27833277dc8a69
10_2_0--thu.mp3,syllable_mp3,syllable,10,2,0,ཐུ,thu,True,6268,faf317fee4820e2fc8a491a10b4cc995ac7f822f4f8708e84fb4258adce67efe
10_2_1--thug.mp3,syllable_mp3,syllable,10,2,1,ཐུག,thug,True,5432,74ed45d831790e88cf5134649b95192b5ec4b837c70c33a92549916f04420ffc
10_2_2--thung.mp3,syllable_mp3,syllable,10,2,2,ཐུང,thung,True,7104,e23455c237d969d00affab6a2bff42bbbadaff302b8e4e73b3a4d2c9b755cb70
10_2_3--thud.mp3,syllable_mp3,syllable,10,2,3,ཐུད,thud,True,7104,8de34f03abbea339addc7d527c290e006fcf0bd6ce0531b055a9731f93a9c76a
10_2_4--thun.mp3,syllable_mp3,syllable,10,2,4,ཐུན,thun,True,7940,b72f56fee1ce8c98a7991ed36afb9ab6343e734e9a9f58112d6db673685945cb
10_2_5--thub.mp3,syllable_mp3,syllable,10,2,5,ཐུབ,thub,True,5432,a26c632a1d7afb3deca04d7d252680e3cceb1cab4c9e50377458e50d60afb418
10_2_6--thum.mp3,syllable_mp3,syllable,10,2,6,ཐུམ,thum,True,7940,5593c402858025159694031f0ecfa14b1e055388846c79ba2180f04d0ea0c02a
10_2_7--thu'.mp3,syllable_mp3,syllable,10,2,7,ཐུའ,thu',True,7104,346cf38ecb5d9e0df65673948570a5278095805c50c268b4e00578dc2d00a92d
10_2_8--thur.mp3,syllable_mp3,syllable,10,2,8,ཐུར,thur,True,7104,fb4259b5a7cf92353a870085a46fc12430058a2175ec922c15fc7cde439edf36
10_2_9--thul.mp3,syllable_mp3,syllable,10,2,9,ཐུལ,thul,True,7104,b4931c3527435306e927ddf48df29c104062a3c7ba13a540cd01dc6ef6567222
10_2_10--thus.mp3,syllable_mp3,syllable,10,2,10,ཐུས,thus,True,8776,39150c1ff48abc5c0d8b28567e434036feec760cc4a66fb5868faf469d35d08b
10_3_0--the.mp3,syllable_mp3,syllable,10,3,0,ཐེ,the,True,7104,3c1058c2426432d8ebf58cdeba70ebd4bc476a0aa57bdb02d340d0601e8583ab
10_3_1--theg.mp3,syllable_mp3,syllable,10,3,1,ཐེག,theg,True,6268,58a6530b1eff6215f33a3efc8cc2e8c7d9a4a19a1a3930ad09069ee4b63a69ce
10_3_2--theng.mp3,syllable_mp3,syllable,10,3,2,ཐེང,theng,True,7940,4b0d2641017ec059a2af2ee9e5675f913e8706e8b5663b5327159261ff9ebd21
10_3_3--thed.mp3,syllable_mp3,syllable,10,3,3,ཐེད,thed,True,6268,282a752ddf337ff2661a5aeda4be01bcdf2c7fafd14e92fe1df1c46bd641f616
10_3_4--then.mp3,syllable_mp3,syllable,10,3,4,ཐེན,then,True,7940,c30e3975d46e4edefa01128267aa2b096c7e1364c04e99a866e2f9a4a24cbeae
10_3_5--theb.mp3,syllable_mp3,syllable,10,3,5,ཐེབ,theb,True,5432,b6f714eebf57dec175d153e24b2f1c75b26778f4f1e0a981372f0acfae141c54
10_3_6--them.mp3,syllable_mp3,syllable,10,3,6,ཐེམ,them,True,7104,7292e464f6f833ab51e56d82e0eb9330a461cca879340ac8d4dfd8013ef0de23
10_3_7--the'.mp3,syllable_mp3,syllable,10,3,7,ཐེའ,the',True,7940,df114a1d4a63aba8cd428f4679fb20784c1632e3da7152d7bb4f19c8ca97a244
10_3_8--ther.mp3,syllable_mp3,syllable,10,3,8,ཐེར,ther,True,7104,378fbe1aa64e88bacda7ee9a0229f656e4936a6eb0093c67c60de7111c20b0fa
10_3_9--thel.mp3,syllable_mp3,syllable,10,3,9,ཐེལ,thel,True,7940,c647c5fafb9cea856be77b0975c9f4fb3bd0c9286c57ea9095206d0e59be2c32
10_3_10--thes.mp3,syllable_mp3,syllable,10,3,10,ཐེས,thes,True,7104,735c6c53dd66869ad22a6304fdad4b7ef60b0c73b31e0a1558fb8f9f9e69247c
10_4_0--tho.mp3,syllable_mp3,syllable,10,4,0,ཐོ,tho,True,6268,0f469db05f4f344ea4355f484213307f83708ab389a368046e656c141da8cada
10_4_1--thog.mp3,syllable_mp3,syllable,10,4,1,ཐོག,thog,True,6268,31c7b32f9f15cc19ac4123c06d6e5ce994340ba8b9383ba51a5c38827c9b72ee
10_4_2--thong.mp3,syllable_mp3,syllable,10,4,2,ཐོང,thong,True,7940,b449a25e523a414f322ae3c3f6dc86761f8efd17a36e2bb0e89a3d85def89436
10_4_3--thod.mp3,syllable_mp3,syllable,10,4,3,ཐོད,thod,True,6268,5d4d925ad9f335f62af4cc413f0988447a8e67f4137681171d177dc7d194fcb3
10_4_4--thon.mp3,syllable_mp3,syllable,10,4,4,ཐོན,thon,True,7940,204ae699a65c6d3ea2f7757bd74101f89f51eb82b6407b3b092d7226c57f3f9f
10_4_5--thob.mp3,syllable_mp3,syllable,10,4,5,ཐོབ,thob,True,6268,975cb215f8a87bae47e537c3b38b09b1999b515ee3106d41260bc23e5febf23d
10_4_6--thom.mp3,syllable_mp3,syllable,10,4,6,ཐོམ,thom,True,7104,84bc428e092892e09f47f00c88da3bde37d4e945a8ecaafc42a1f0ed00001559
10_4_7--tho'.mp3,syllable_mp3,syllable,10,4,7,ཐོའ,tho',True,7940,d9ccc302ffab760ac23235d44cdf5d7657c1f09201ba7ab7ba3a066dab6d21c6
10_4_8--thor.mp3,syllable_mp3,syllable,10,4,8,ཐོར,thor,True,7104,f2f40ea4f2aacb1e0f0896625d3135f92cd754475ab4ba102635f1e95fa7d22e
10_4_9--thol.mp3,syllable_mp3,syllable,10,4,9,ཐོལ,thol,True,7940,69b6b9992da5682be7d83040a256650f914d07dc9ba8a671f952ba5adad279ba
10_4_10--thos.mp3,syllable_mp3,syllable,10,4,10,ཐོས,thos,True,8776,1a3da01f46c25967cea271d9d8e8978b6c4f9164f02b99c61cf7fd7f73b1034a
11_0_0--da.mp3,syllable_mp3,syllable,11,0,0,ད,da,True,7104,5560ed8b5c0bf0284d26d8ac1a8b221d1ea2d166bae9732d4351873ca26b51f7
11_0_1--dag.mp3,syllable_mp3,syllable,11,0,1,དག,dag,True,6268,fd2c485cfaeb53e22d713ce532c56cabf37366b6e69761b94504f3d17b2a7ad9
11_0_2--dang.mp3,syllable_mp3,syllable,11,0,2,དང,dang,True,7104,85f25dc79ad10af55d2224f151c6ee7976c5cfa2630c4bbf334a6269e62c09b4
11_0_3--dad.mp3,syllable_mp3,syllable,11,0,3,དད,dad,True,7104,5ca13d729b66bca7a2a0073a35566220eaa06391a1b59795eb45efba5c0281b9
11_0_4--dan.mp3,syllable_mp3,syllable,11,0,4,དན,dan,True,7940,49b7df455b34b79da84de316f4988b902359accc11756827057ad41f50a1162a
11_0_5--dab.mp3,syllable_mp3,syllable,11,0,5,དབ,dab,True,5432,ff994c866402cdfce76b3e4bb371a7fbe9e4cb841685654956b0abe15fa77ea9
11_0_6--dam.mp3,syllable_mp3,syllable,11,0,6,དམ,dam,True,7940,12debd380539a43af895e7f2e59416604dc9aab0fc47804e9e330ab92cfc94f4
11_0_7--da'.mp3,syllable_mp3,syllable,11,0,7,དའ,da',True,7940,ead07bc2b26344e0f4d41b0063468e08d8651bc8f2cdba903cf20ab57adecf40
11_0_8--dar.mp3,syllable_mp3,syllable,11,0,8,དར,dar,True,7104,b574ecce18b3fc6ca584570add1f62c67adb237c94936869987cafc2ddc94a2f
11_0_9--dal.mp3,syllable_mp3,syllable,11,0,9,དལ,dal,True,7104,2a6c3d788ea3324f6399005c135b6e59fb488daa96c81b7ce7fde10f2d84e9cc
11_0_10--das.mp3,syllable_mp3,syllable,11,0,10,དས,das,True,8776,33987dca3b25b2734d26374206d109233fea7a29e5f3c5f642ab6a637fccde9f
11_1_0--di.mp3,syllable_mp3,syllable,11,1,0,དི,di,True,7940,b51921cedfad78d037b00bf5dda3662fa8c951a661aeca74276c05bcf46958d8
11_1_1--dig.mp3,syllable_mp3,syllable,11,1,1,དིག,dig,True,6268,e4014d2cc13d033e9f55f6c1e9ed9216ccc25f7af95bb4d8df012d0e28792913
11_1_2--ding.mp3,syllable_mp3,syllable,11,1,2,དིང,ding,True,7940,ec47c078bf5d60f7b8227717ae39e2e5208e6f06178271c2365e24f697d35fc8
11_1_3--did.mp3,syllable_mp3,syllable,11,1,3,དིད,did,True,6268,5f6df0319d8ec5dd097b2475eeed10f53c0b43eb6b980b1032790316dd1860ec
11_1_4--din.mp3,syllable_mp3,syllable,11,1,4,དིན,din,True,8776,3d2fa0a1d063af18f60fad76e660c899c1c3617fce1b11b1028145d6e3b8eeab
11_1_5--dib.mp3,syllable_mp3,syllable,11,1,5,དིབ,dib,True,5432,f82dd71b448256221e210ecdd9bfa5e7f85f5b79b2c78e711932ec27619a715c
11_1_6--dim.mp3,syllable_mp3,syllable,11,1,6,དིམ,dim,True,8776,105ecefbf06e1eb81f941bc768a31040e63ff4390842717bc92834c85d0acf32
11_1_7--di'.mp3,syllable_mp3,syllable,11,1,7,དིའ,di',True,9612,fd25213bda06c1618cebd0b491deec18cf30a6fc7e587ec0ca4f42da752a0288
11_1_8--dir.mp3,syllable_mp3,syllable,11,1,8,དིར,dir,True,7940,5801f34a64165f3e171175a4b23ecc10838ffe5fd562a01219659bcf8ada58ec
11_1_9--dil.mp3,syllable_mp3,syllable,11,1,9,དིལ,dil,True,7940,c236c1d3c0f938bc6347f9e471101d19e7dbe3892fd9e84c5f5bb031767fb39c
11_1_10--dis.mp3,syllable_mp3,syllable,11,1,10,དིས,dis,True,8776,2a8e0909125fb94cc8a822eb9d62272d26e4245d71aa385db190e0e8495e1cbd
11_2_0--du.mp3,syllable_mp3,syllable,11,2,0,དུ,du,True,7940,6bdfe79615b3be20a5f1bd7dcf76a9ee160365efb62b1204f51f4eeb3582da5e
11_2_1--dug.mp3,syllable_mp3,syllable,11,2,1,དུག,dug,True,6268,de1b18ea1d4e1421b8dd53400523bfb5e611c73181fe0e6c42714640b928eb0a
11_2_2--dung.mp3,syllable_mp3,syllable,11,2,2,དུང,dung,True,7940,2b44a5bcc6c61238533107a461bb84be6cdccb16ed69b80f242e637ce733bf37
11_2_3--dud.mp3,syllable_mp3,syllable,11,2,3,དུད,dud,True,9612,e78e861f41ce52ecd05839ecb2ba1f377c8540caf0d3f032352dae2537daa447
11_2_4--dun.mp3,syllable_mp3,syllable,11,2,4,དུན,dun,True,7940,3e82b1accce317d9456112efd251a36489e25ceb51ea03fc35b0d4f080c4ca4c
11_2_5--dub.mp3,syllable_mp3,syllable,11,2,5,དུབ,dub,True,6268,d4dcaa565766becd44babba343aec99df3fe5361f4b733f623767f2b7c5a5200
11_2_6--dum.mp3,syllable_mp3,syllable,11,2,6,དུམ,dum,True,7940,72cf9613b1c62a41fc31b7baec011b0a6b5750f2cb4bca5de7fe02d72702f24e
11_2_7--du'.mp3,syllable_mp3,syllable,11,2,7,དུའ,du',True,7940,9de03497548dfdb3436e29517cb536995b243741a7e501fb114e1abbbbe5d06c
11_2_8--dur.mp3,syllable_mp3,syllable,11,2,8,དུར,dur,True,7104,b62f5a43397def05369d587e289fcf99f1a4b851eff6c4fb054958941e3a5ff4
11_2_9--dul.mp3,syllable_mp3,syllable,11,2,9,དུལ,dul,True,7940,789ed39b3da4ee1de0b8cdace45fcb01a91a922027102c9fb099b3d9c7cd3323
11_2_10--dus.mp3,syllable_mp3,syllable,11,2,10,དུས,dus,True,9612,9cceb2a1bd7ad4c8c462034cb5f6685f495ccf9816ef9550fab7da3189259f99
11_3_0--de.mp3,syllable_mp3,syllable,11,3,0,དེ,de,True,7104,b12b2b3a34d59c42a08796533e68bedeaf496a6b5cecbba62b6cde2f7f7316ea
11_3_1--deg.mp3,syllable_mp3,syllable,11,3,1,དེག,deg,True,6268,0af2ca4e2873e816c0e9f4e9f48639da4ffb45a4ec167fd12c2bacdc4eda708f
11_3_2--deng.mp3,syllable_mp3,syllable,11,3,2,དེང,deng,True,8776,9021a5dc42c5883e9c3c19829946de19476732a72e84f1e6687a62e9fc243182
11_3_3--ded.mp3,syllable_mp3,syllable,11,3,3,དེད,ded,True,8358,9aba2d7a0f82948c70b995092a01ac2442b50010d218c2a127400559e22122a0
11_3_4--den.mp3,syllable_mp3,syllable,11,3,4,དེན,den,True,7940,d1364a0893d0ba67592ec4b4e665556583d4da5e06c189030942b8ce43989c31
11_3_5--deb.mp3,syllable_mp3,syllable,11,3,5,དེབ,deb,True,6268,cb27979c86f5d6f86659c72281c9d9605325773826457f32846bbdcbc657ebbd
11_3_6--dem.mp3,syllable_mp3,syllable,11,3,6,དེམ,dem,True,7940,8b2ffd4573a4bcad2e0a17ab4c929f3a358b8c3030a444212499d70a189398d6
11_3_7--de'.mp3,syllable_mp3,syllable,11,3,7,དེའ,de',True,7940,f147c63d44cc0fb06ed39468ac2205e3e241e8f92bc64bc03e3f5a9a373ef0ac
11_3_8--der.mp3,syllable_mp3,syllable,11,3,8,དེར,der,True,7940,aa43ef72468b1623ae160652445a1fafa303ae6fa9ec0a4477209d3e3373d3da
11_3_9--del.mp3,syllable_mp3,syllable,11,3,9,དེལ,del,True,7940,5f9267280bfdee8d6a82f6bdfbf7b7a8ba976d314d32f1aa3d4975ffbdfdd4a9
11_3_10--des.mp3,syllable_mp3,syllable,11,3,10,དེས,des,True,7104,954fd178992cac41ffe0442bc00d88a6f704c0d4d737d7ecca9aa332f3ee35eb
11_4_0--do.mp3,syllable_mp3,syllable,11,4,0,དོ,do,True,7940,fd40508349255236c840cd61ade2dc7751269fc9f284cb73f068639c47139f07
11_4_1--dog.mp3,syllable_mp3,syllable,11,4,1,དོག,dog,True,7104,6e77c97fd65c2cb27cc05141a6467d766604ea624d784627b22656873b7b4101
11_4_2--dong.mp3,syllable_mp3,syllable,11,4,2,དོང,dong,True,7940,7ccbfe8553e767d8abdccc88bb2f81e3f6b7a095b11df1809fbf55a80eabce52
11_4_3--dod.mp3,syllable_mp3,syllable,11,4,3,དོད,dod,True,7940,5088b488d595fc6f565c2d967dd32403ee508ec6f4394af3a3dc4ea1f7a2add7
11_4_4--don.mp3,syllable_mp3,syllable,11,4,4,དོན,don,True,7940,a00f8f7826b51f4596872dd3306a5b36e85498e821faa9ea059566b9ca8cea0e
11_4_5--dob.mp3,syllable_mp3,syllable,11,4,5,དོབ,dob,True,6268,29043ff670e9e71ddb2b85956dbf418405126d4fb73db74bec97b59f50927bfb
11_4_6--dom.mp3,syllable_mp3,syllable,11,4,6,དོམ,dom,True,7940,9ea2981a2c5f3ab0caaf37f6bc4fb7a3819892bcff97374a341c93e4b2c974c8
11_4_7--do'.mp3,syllable_mp3,syllable,11,4,7,དོའ,do',True,7940,903ce5462321ffdc4cbbd51c4a49e318a88eb59bcd7ecdf96a662f2515ed7b5c
11_4_8--dor.mp3,syllable_mp3,syllable,11,4,8,དོར,dor,True,7104,12f82ca2830986a0b53b97ca1ba3255a0e7773cb142c7dea004b8512cbfe97af
11_4_9--dol.mp3,syllable_mp3,syllable,11,4,9,དོལ,dol,True,8776,7ebfb3dfea55fe2b51c28c6fb4e9bee0e714aebb56a474ad802f96c3c9a0df11
11_4_10--dos.mp3,syllable_mp3,syllable,11,4,10,དོས,dos,True,9612,1a468e78562d2fd6c6f56c9afe8d817ba0265be2d796c2febc58af0a5373662e
12_0_0--na.mp3,syllable_mp3,syllable,12,0,0,ན,na,True,7104,050dbe1978b64661240264038c4c3a6937aee7ec79cefc83a7182e4358f5ae3f
12_0_1--nag.mp3,syllable_mp3,syllable,12,0,1,ནག,nag,True,6268,9040c6b79bfdf18ebe7a921f282e8ac9f29044b49a2d023c5ac0a9887326f8b9
12_0_2--nang.mp3,syllable_mp3,syllable,12,0,2,ནང,nang,True,7940,915b2ae86626e175f74145310f57a6d96b893cb88db509e898664ca8f5259e9c
12_0_3--nad.mp3,syllable_mp3,syllable,12,0,3,ནད,nad,True,7104,3c9aebfa639a1f85a72cc666a5c4e0f7ed610636e92547b68334090d6c7c1707
12_0_4--nan.mp3,syllable_mp3,syllable,12,0,4,ནན,nan,True,7104,0206c2e5547252c8d2a6b89bf6a9681aebd1c411dfd66cd661613ab4f5874770
12_0_5--nab.mp3,syllable_mp3,syllable,12,0,5,ནབ,nab,True,6268,f0b1ace85f03a748cd721854af8d6dab1a0bedabb6038d9aa3bf474bf66b4d12
12_0_6--nam.mp3,syllable_mp3,syllable,12,0,6,ནམ,nam,True,7940,4df6e4459f6673dcc2ce3703b94fd1f949e85e0c1cdaf173f88bd33bf6e6a8c8
12_0_7--na'.mp3,syllable_mp3,syllable,12,0,7,ནའ,na',True,7940,eda7bee6c9b69540e996bbd122fa4e07860af696c40a1e80928c72a30ab96ff6
12_0_8--nar.mp3,syllable_mp3,syllable,12,0,8,ནར,nar,True,7104,f9106b8fdf88692943dcbe116b443fbc9affe8173672d6eb02e41c32ae7cc6eb
12_0_9--nal.mp3,syllable_mp3,syllable,12,0,9,ནལ,nal,True,7940,4ffa0f642c9fb609f011fcbe9bc07c37161bd91d18712d9a02ef4686717d59e8
12_0_10--nas.mp3,syllable_mp3,syllable,12,0,10,ནས,nas,True,7940,6fbc10af17288ff1321f08db3afa38812b739908e514a2433ceb25bb613125f1
12_1_0--ni.mp3,syllable_mp3,syllable,12,1,0,ནི,ni,True,7104,6bc11c9444b6e1559f2c75d3c08d67b21c2a7170ed4a2b68ee313fe23cb71f78
12_1_1--nig.mp3,syllable_mp3,syllable,12,1,1,ནིག,nig,True,6268,821ee712e66fa11f24ffd389895d0dca7a95d5c48352101e4b1f0375148fea1c
12_1_2--ning.mp3,syllable_mp3,syllable,12,1,2,ནིང,ning,True,7104,72a57683d531a2c9810128436a91854839c571c5ef7afbc8aa587a51f5d5d17b
12_1_3--nid.mp3,syllable_mp3,syllable,12,1,3,ནིད,nid,True,6268,9012337d19e99d7d59373d36273bfa9b6f9627a69a62e2cb8bf3490ad601f0cd
12_1_4--nin.mp3,syllable_mp3,syllable,12,1,4,ནིན,nin,True,7104,49133375a9c9e4c473fc29cbea84e6af08c6a69a9a56a68ec5164c681262f229
12_1_5--nib.mp3,syllable_mp3,syllable,12,1,5,ནིབ,nib,True,5432,e8dd8abc23dcd213e945695410d2852883f63b59cc410d302ded72f0e947f218
12_1_6--nim.mp3,syllable_mp3,syllable,12,1,6,ནིམ,nim,True,7104,868781281d8dfafaa2c6311a52df8d2e71dd633836a6aa1de8c997c69d0f2a1d
12_1_7--ni'.mp3,syllable_mp3,syllable,12,1,7,ནིའ,ni',True,7940,237b293a589285bf47e135c09111b0ac3a750e52568b8806891b5dc08d7f28b8
12_1_8--nir.mp3,syllable_mp3,syllable,12,1,8,ནིར,nir,True,6268,10724b0ea33198d4c9cc130dc4c7f7882be0c0082a94fb9cc033ec0517df4963
12_1_9--nil.mp3,syllable_mp3,syllable,12,1,9,ནིལ,nil,True,7104,94e43fc4cd078dc3cfbf9cc7e3941084472f0e3ea61ad80a51e9ce65c59ffaac
12_1_10--nis.mp3,syllable_mp3,syllable,12,1,10,ནིས,nis,True,7940,b75413eda943c6abb5ad05d9af46cd407bedfad1b030c6c7005b6118d192bb1b
12_2_0--nu.mp3,syllable_mp3,syllable,12,2,0,ནུ,nu,True,7104,dc120d6c9fc811140fed0a0a0f8838948fbd18274bd726452a4f1628e20984c2
12_2_1--nug.mp3,syllable_mp3,syllable,12,2,1,ནུག,nug,True,5432,141278a58d3459f7ed0bd4e4e2b5307031cd07c9463493626e6ac5fb5cf5e3b8
12_2_2--nung.mp3,syllable_mp3,syllable,12,2,2,ནུང,nung,True,7104,83514a0da8223de32451631fc13b03d2d34ff1108d71bdcaf46b89fab706ba70
12_2_3--nud.mp3,syllable_mp3,syllable,12,2,3,ནུད,nud,True,7104,05b2aed9baacbfb081c7755a25bd10734a1712bc9b81e51b1da65eb910d9290f
12_2_4--nun.mp3,syllable_mp3,syllable,12,2,4,ནུན,nun,True,7940,6e00d2e5257d10079d9f4446d2bb90884a180f17292c089fda18a39047dee504
12_2_5--nub.mp3,syllable_mp3,syllable,12,2,5,ནུབ,nub,True,5432,bfc4cc429c7d54643114f67ec8dbaa98ce837ffffc259dcaa4dfe9a764af617f
12_2_6--num.mp3,syllable_mp3,syllable,12,2,6,ནུམ,num,True,7104,c84791ece722dcf893eb6a0f44d43705a68178a1148e012094339bc605950598
12_2_7--nu'.mp3,syllable_mp3,syllable,12,2,7,ནུའ,nu',True,7940,de36a94dbef0f13a135907de6b234185635f0b028c111d79c2c15ef5076492a1
12_2_8--nur.mp3,syllable_mp3,syllable,12,2,8,ནུར,nur,True,6268,2c9b49d1bc18472245ba53d08235ac14417dc64d94f5379019717d5e411923f2
12_2_9--nul.mp3,syllable_mp3,syllable,12,2,9,ནུལ,nul,True,7104,ae7aa672b0fc05ebab1b93bde42f1b005f7932e16cb1e0af434d4fe711c040cc
12_2_10--nus.mp3,syllable_mp3,syllable,12,2,10,ནུས,nus,True,8776,48fa8e7f1b2445d92684dbca1cf8f4da67146b949a3d53d6dbf81dbd4addb1ca
12_3_0--ne.mp3,syllable_mp3,syllable,12,3,0,ནེ,ne,True,7104,b1a8f298aef35e7efa6b484ef1676e36d97daf62bfbee4fd7020b5cb0d513436
12_3_1--neg.mp3,syllable_mp3,syllable,12,3,1,ནེག,neg,True,5432,b873f13642a571a1394869c93acc0003e7cf0b17f0cfd0d3cdc306201c2b7e68
12_3_2--neng.mp3,syllable_mp3,syllable,12,3,2,ནེང,neng,True,7104,f3c539ec5e3b338ed627b70773eaf65672568a0d796f4ae7acea5d69dc9f35e4
12_3_3--ned.mp3,syllable_mp3,syllable,12,3,3,ནེད,ned,True,6268,5be713919dddba6b11f7b9501217c6db22ed6718155602982648c2837e916d9d
12_3_4--nen.mp3,syllable_mp3,syllable,12,3,4,ནེན,nen,True,7104,0a40c40b93b7fed8403a996d3d345851726478367d161cb844886572c2f46884
12_3_5--neb.mp3,syllable_mp3,syllable,12,3,5,ནེབ,neb,True,6268,624157e9671859332b08d9ad463c9a1af0de6690a08ac0d4d8c2e080094e7f60
12_3_6--nem.mp3,syllable_mp3,syllable,12,3,6,ནེམ,nem,True,7104,3878dbba7ae2054c5efe6af877525c4b9cbd1cdc8ba6494512c953e3c96e1565
12_3_7--ne'.mp3,syllable_mp3,syllable,12,3,7,ནེའ,ne',True,7104,046329c0608569758a129e7c25be61298d7c3f02c8cb1973c3744f28397721d7
12_3_8--ner.mp3,syllable_mp3,syllable,12,3,8,ནེར,ner,True,6268,88ae1bd9d6d034ec11ae7ba6236f182020c92da58fbafd41edf67727b3eef4ee
12_3_9--nel.mp3,syllable_mp3,syllable,12,3,9,ནེལ,nel,True,7940,c81848e5b08ec514e6463fe619ac3e573002a6342638ba25e33b9d004534c0cf
12_3_10--nes.mp3,syllable_mp3,syllable,12,3,10,ནེས,nes,True,8776,24fee0340c1374333459c755c8504dc068c02874a753c2cbc49bb421c365a5c3
12_4_0--no.mp3,syllable_mp3,syllable,12,4,0,ནོ,no,True,7940,3d0546e798fe4131892638b4ec710dd7b094065d1926d06f56baa6e3cdcc48ac
12_4_1--nog.mp3,syllable_mp3,syllable,12,4,1,ནོག,nog,True,6268,d0a5e2dc039754d5a26bb37b8eb0b0b981ae0d800eb5fc7dbab21c472898c2ca
12_4_2--nong.mp3,syllable_mp3,syllable,12,4,2,ནོང,nong,True,7940,0c7d912b9e58b69ebb327b29ebd22aa76ba28accdaddfc23460a7143abea28ed
12_4_3--nod.mp3,syllable_mp3,syllable,12,4,3,ནོད,nod,True,7104,06f719cf54d266f02382f878410fd20eff9e5a5a1257200987c3dd9756c51ec7
12_4_4--non.mp3,syllable_mp3,syllable,12,4,4,ནོན,non,True,7940,86ff07c6dca68a2b2a16c127a21c5ee1bbcb5a07e2de6e0598769630e44eeb42
12_4_5--nob.mp3,syllable_mp3,syllable,12,4,5,ནོབ,nob,True,5432,d419f74d0a0c02bbb0892531cf7e10750dd52ea4629f109ce279e09bd79f9c70
12_4_6--nom.mp3,syllable_mp3,syllable,12,4,6,ནོམ,nom,True,7104,c7c74fa212fa0c1721f67461f43fa9a5177702b3d93be9c384a9fca598683ece
12_4_7--no'.mp3,syllable_mp3,syllable,12,4,7,ནོའ,no',True,7940,e4a21f0e86269bbc461149362fd63ae44a542384d142b57be779df09704b4bad
12_4_8--nor.mp3,syllable_mp3,syllable,12,4,8,ནོར,nor,True,7104,632d97ac4e2188e1ceb91a11593685cbc3d91dba70795f0bdae824f55b16a7fc
12_4_9--nol.mp3,syllable_mp3,syllable,12,4,9,ནོལ,nol,True,7104,ddb96d9e658d159ce9164120ff776d0b545163df19a660dcf8b5387f8b049eaa
12_4_10--nos.mp3,syllable_mp3,syllable,12,4,10,ནོས,nos,True,8776,b04051f8e725285f5c86154b1ce83aa477a1fedbfcf389dd371ea680fca86240
13_0_0--pa.mp3,syllable_mp3,syllable,13,0,0,པ,pa,True,5432,91d3f74f69b069c601150acd75a273914ef57a1f45203449e33a64421701a32b
13_0_1--pag.mp3,syllable_mp3,syllable,13,0,1,པག,pag,True,5432,1771a2e4b6293603dded7a3d9e349a4a2d072cfe73f7e2bd1ad0440971f7ef96
13_0_2--pang.mp3,syllable_mp3,syllable,13,0,2,པང,pang,True,6268,0c00e437ad2b9faee882ce52d3623acf0c6512192e853585552f15fbf0de29e9
13_0_3--pad.mp3,syllable_mp3,syllable,13,0,3,པད,pad,True,7940,c17b864be10d35360f2b66e20124a6a8f9e2f812e5e2a66662ec68f272ed84ff
13_0_4--pan.mp3,syllable_mp3,syllable,13,0,4,པན,pan,True,7104,879bed6d977355f1e0f67296182f5c999adafa9b0be94c9eaf427cb80b37aa4c
13_0_5--pab.mp3,syllable_mp3,syllable,13,0,5,པབ,pab,True,4596,14847f93208ad6ca2ab98e87e4acac907440343a4c7bc2ce918f15ac00ecd7ea
13_0_6--pam.mp3,syllable_mp3,syllable,13,0,6,པམ,pam,True,7104,266dfe3cd87f47df5091323f56471e499b6948e0ac36fe3c6f22902cba40a3d3
13_0_7--pa'.mp3,syllable_mp3,syllable,13,0,7,པའ,pa',True,6268,915e237e8366fd0b28b092f612e9ab2180eadc13d179f017244590d1929d885e
13_0_8--par.mp3,syllable_mp3,syllable,13,0,8,པར,par,True,7104,229c8fb39afc3a16f07e37ac7b1200b1447e6a5529cfdd1b3803e25b076b5876
13_0_9--pal.mp3,syllable_mp3,syllable,13,0,9,པལ,pal,True,6268,baa9e4c68ca9ecf307a65fe49d5bc814cbfa0cba4c7c75ddea6bdb2c0bf7d1f2
13_0_10--pas.mp3,syllable_mp3,syllable,13,0,10,པས,pas,True,7940,6611bc9939c177da09a5b8352670804380e45859724df2c52e0a62af653b1a01
13_1_0--pi.mp3,syllable_mp3,syllable,13,1,0,པི,pi,True,6268,016eea80478465f1cb37f198aed8e7f191622937edd4f1022dd521d8d36a957b
13_1_1--pig.mp3,syllable_mp3,syllable,13,1,1,པིག,pig,True,7940,801dd78413022a6a9f58aea69f60a91fd5805814b835e2f7ad0d72cbdd17f720
13_1_2--ping.mp3,syllable_mp3,syllable,13,1,2,པིང,ping,True,6268,5638afda0fcc7c612fa58d7c6647a1e6682f751d6cab3b4a31d5cc694fc247b4
13_1_3--pid.mp3,syllable_mp3,syllable,13,1,3,པིད,pid,True,9612,344678c875c6a711962440318d5a4522a2c02e7e762c0e19163599e775a8b537
13_1_4--pin.mp3,syllable_mp3,syllable,13,1,4,པིན,pin,True,6268,7a5de4907c4073d0620838dc8974a1af72a953269800014f74b58e159205a508
13_1_5--pib.mp3,syllable_mp3,syllable,13,1,5,པིབ,pib,True,5432,cbca30efbee3b2fe57a6ec97ab09fbdbd5ff91f6d990980b3426d7d02ab82c8d
13_1_6--pim.mp3,syllable_mp3,syllable,13,1,6,པིམ,pim,True,6268,0ddf8c46b8b547701bfbe2cb79e74975f4f7b3069ea5b18ee45fd8009f91e60f
13_1_7--pi'.mp3,syllable_mp3,syllable,13,1,7,པིའ,pi',True,6268,6a883b115e14105adc3e6b635797b8b7c2724c6429d73a0087427a5d0622b167
13_1_8--pir.mp3,syllable_mp3,syllable,13,1,8,པིར,pir,True,6268,6ec804c1cc3626b28985e6a47dfb1284a0c3e3495def8a6836a0b6f6f65809a1
13_1_9--pil.mp3,syllable_mp3,syllable,13,1,9,པིལ,pil,True,7522,f54d479968fd5184eb429832a07b094320786014411b8b7680e8acc499863294
13_1_10--pis.mp3,syllable_mp3,syllable,13,1,10,པིས,pis,True,7104,90e9830ef4e954f4db2a4527755ba76ad95ad705b37e53c0226265558bceb322
13_2_0--pu.mp3,syllable_mp3,syllable,13,2,0,པུ,pu,True,6268,0ee874b24f4920981a11b61707d5f345b8572004efb505d6914f7bee5e4d3dc5
13_2_1--pug.mp3,syllable_mp3,syllable,13,2,1,པུག,pug,True,4596,548fe59f154caf704472ff96722d00b36852ead3d17e23997559955b97f60090
13_2_2--pung.mp3,syllable_mp3,syllable,13,2,2,པུང,pung,True,7104,4aeebc4b02ad9cd013ecc39b36f48bfccb54b3e8334127af9b624ba1e2821b2f
13_2_3--pud.mp3,syllable_mp3,syllable,13,2,3,པུད,pud,True,6268,d55106b41461f4ca65ff2236fc4220a54d01e929cceb0e9b3bd818a7fd4da885
13_2_4--pun.mp3,syllable_mp3,syllable,13,2,4,པུན,pun,True,7104,d4a97c493b22fea566c597b68b3fbc9ba3a1370bb99e2aef3b1aa4d0ce153c90
13_2_5--pub.mp3,syllable_mp3,syllable,13,2,5,པུབ,pub,True,5432,f3073bb99c331fcc2675623d94417b3dcca7122a7306a241ac0c2c84c2560927
13_2_6--pum.mp3,syllable_mp3,syllable,13,2,6,པུམ,pum,True,7104,5e5f0787ff45209febcb97aafd6537f76b61a21d258606fb9bca2084f4fead0f
13_2_7--pu'.mp3,syllable_mp3,syllable,13,2,7,པུའ,pu',True,7104,2d741bf18948708b272f0b8bd38619a90b0cd7e45d59c79fb30527d59fef8737
13_2_8--pur.mp3,syllable_mp3,syllable,13,2,8,པུར,pur,True,6268,7b195c9e23915a804fc1600d953b133a72ef28d0a49e2e64cf48c411e489d6f5
13_2_9--pul.mp3,syllable_mp3,syllable,13,2,9,པུལ,pul,True,7104,16a9e32c82d1bde7b50a7440e1e329b0c7c8d77c98fb118671ba5c770084a2fd
13_2_10--pus.mp3,syllable_mp3,syllable,13,2,10,པུས,pus,True,7940,c8116f4821ae93bb4933dd0f6038283aa6d6c438522ca1844537a340a2960cd3
13_3_0--pe.mp3,syllable_mp3,syllable,13,3,0,པེ,pe,True,6268,98021a8fc8ab4ad53c21d463f7ec233b6d2b69b849bd49e3636b84880dbd81ae
13_3_1--peg.mp3,syllable_mp3,syllable,13,3,1,པེག,peg,True,7940,78c979b10f21cca58e008c7468dcce9ff0aa997574de14fd0b58743a0a582b4e
13_3_2--peng.mp3,syllable_mp3,syllable,13,3,2,པེང,peng,True,7104,fa370236f38f7add6284eb3cc2a1ef6ad321b52d910bcc1ec7d221c9418cf639
13_3_3--ped.mp3,syllable_mp3,syllable,13,3,3,པེད,ped,True,8776,a2f08d5e9131f34e6341cc8658e72f120b270031befc09e008491bf760dc0e36
13_3_4--pen.mp3,syllable_mp3,syllable,13,3,4,པེན,pen,True,7104,9a74ce8c85d7a1e42e68005615684ed7b6c6f5e0535895be868a5271df25d6b6
13_3_5--peb.mp3,syllable_mp3,syllable,13,3,5,པེབ,peb,True,5432,11253f43952ac96fc10813016f005164172f282ebc4aeb86b241b1b222af55b6
13_3_6--pem.mp3,syllable_mp3,syllable,13,3,6,པེམ,pem,True,7104,abc0ae113137a2a1a38aeeabaff0088e16828ab2aa7cd2479ef4b44914567f57
13_3_7--pe'.mp3,syllable_mp3,syllable,13,3,7,པེའ,pe',True,7104,6de1e6c90fddf46060d79c47c341761d47e8418c3fae40e5efedc3312efe74e0
13_3_8--per.mp3,syllable_mp3,syllable,13,3,8,པེར,per,True,7104,ca83ddc99b7bb11cfe2c207b0a3278b59ff832e23279aca0fa2ddacfa86b6e71
13_3_9--pel.mp3,syllable_mp3,syllable,13,3,9,པེལ,pel,True,6268,6929603bd8838a20ccd981a89c5fc120dfcb0cf616803e64f600a3d615b75168
13_3_10--pes.mp3,syllable_mp3,syllable,13,3,10,པེས,pes,True,7940,9f5680ab53c2706d4614e7481c8381e91849535e7e99f7feab07d96bad759ec4
13_4_0--po.mp3,syllable_mp3,syllable,13,4,0,པོ,po,True,6268,1a5b4cfb6fa3bf8d26852184605270f6176b2e89f049505d452ec55a7c1acc54
13_4_1--pog.mp3,syllable_mp3,syllable,13,4,1,པོག,pog,True,5432,b4d4f5e9337cae292fb7294a045b2344b0361aa342fca5f6921d35eb9ca6b91d
13_4_2--pong.mp3,syllable_mp3,syllable,13,4,2,པོང,pong,True,7104,a182fe958847d3c4ca7586c51d3eb7f949c5a8681ff6ae430cf1b30929b35c17
13_4_3--pod.mp3,syllable_mp3,syllable,13,4,3,པོད,pod,True,6268,e81b9138a5e941f83001aadae45b554ad62f3b0a82f1a23225c7fbba8d53f68a
13_4_4--pon.mp3,syllable_mp3,syllable,13,4,4,པོན,pon,True,7104,1df8f62a96331b241e0afa213a98e4e6285d916b19af47425646d3e4a4bf8b29
13_4_5--pob.mp3,syllable_mp3,syllable,13,4,5,པོབ,pob,True,5432,1ed816a1f4763cf67f62c64cd0bef160fac85d6aee2e78e4d5d4671d3ec2ffa7
13_4_6--pom.mp3,syllable_mp3,syllable,13,4,6,པོམ,pom,True,7104,556db41f2fdb29a4ad951150ca06bf375fdb5def2c7b9ba4b05662a8c24cf821
13_4_7--po'.mp3,syllable_mp3,syllable,13,4,7,པོའ,po',True,7104,8d103da69af40e90a17ab36df71d6964c99a682817fa378a0826ff3c28b7255d
13_4_8--por.mp3,syllable_mp3,syllable,13,4,8,པོར,por,True,7104,093b4849ca88ddb7c003e92ddf9122436903205bf734f9950b292798fd4a7ef7
13_4_9--pol.mp3,syllable_mp3,syllable,13,4,9,པོལ,pol,True,7940,8d1358992bcd8191f8b796622e19b957c430569e03ca094aa306d993effb5324
13_4_10--pos.mp3,syllable_mp3,syllable,13,4,10,པོས,pos,True,7104,190a1e87d36b0c02de90f82ade5995201060ba4d62f43c41e04fb178d80e3a84
14_0_0--pha.mp3,syllable_mp3,syllable,14,0,0,ཕ,pha,True,6268,f2c2abe1186d0945b2fca378b9e7a95418a8702b22b54d6e8645c320b3af0ccd
14_0_1--phag.mp3,syllable_mp3,syllable,14,0,1,ཕག,phag,True,7940,10e570cea38f53550cac2cba47ed93b9de8f90c28a69b449eea5c955758e0947
14_0_2--phang.mp3,syllable_mp3,syllable,14,0,2,ཕང,phang,True,7104,09fb49449628c4fadb662e927f5eda5c04dd8e4785c5e91a5742ac5ad3373961
14_0_3--phad.mp3,syllable_mp3,syllable,14,0,3,ཕད,phad,True,6268,0dbeac26e97cd9d14cbdb7d3302b7bfc58352e1a4b0986970ca78ea7236fae6a
14_0_4--phan.mp3,syllable_mp3,syllable,14,0,4,ཕན,phan,True,7104,7544f9ec6b217e5011927123de51169e9cc2037861d7ee0fd0f5953b9667331f
14_0_5--phab.mp3,syllable_mp3,syllable,14,0,5,ཕབ,phab,True,6268,e983da8ac8283075e272df3912f48fdf8c78d23bce62840df7bd28bdd50f270b
14_0_6--pham.mp3,syllable_mp3,syllable,14,0,6,ཕམ,pham,True,7940,9aa7d91ecda772f4be2260df38c5c6469eadaf9a330c4e924c7d835f3c01f77d
14_0_7--pha'.mp3,syllable_mp3,syllable,14,0,7,ཕའ,pha',True,7940,97ac96fba55190e5fb1073595e16714ba9ab5d3ce006beab7e9961806ae2ef2f
14_0_8--phar.mp3,syllable_mp3,syllable,14,0,8,ཕར,phar,True,7104,79ae68afde2fb980a2cabd773cc9eb2e322697290e8c2239fd57482e99e07770
14_0_9--phal.mp3,syllable_mp3,syllable,14,0,9,ཕལ,phal,True,7940,70a9e5b2e93d90939db11aaf5b60a8dd659604f3b9ac1e5a58b53ac7d332e275
14_0_10--phas.mp3,syllable_mp3,syllable,14,0,10,ཕས,phas,True,7940,e80a3e1c36ffd1f1ea72225eb63d098a5b40dbb03d01a3babb25557b1f152fc8
14_1_0--phi.mp3,syllable_mp3,syllable,14,1,0,ཕི,phi,True,7104,007f9e9ed12c46123cc9a5081387d8be1ad0b80ff626b61a56dd9e13f85bf692
14_1_1--phig.mp3,syllable_mp3,syllable,14,1,1,ཕིག,phig,True,7104,cbea8f2ec1cce3357aefc03309a615857f91796a3ab44dcf09aa82c87ee8d2e3
14_1_2--phing.mp3,syllable_mp3,syllable,14,1,2,ཕིང,phing,True,7940,ca1ca81a5a9b9bdd33648a950ca7047542df40a15592626ef85463f852109d40
14_1_3--phid.mp3,syllable_mp3,syllable,14,1,3,ཕིད,phid,True,6268,e791d41fcf2cf5a26509d1391d435012e0854971efc7608d6df6aa7cb329748d
14_1_4--phin.mp3,syllable_mp3,syllable,14,1,4,ཕིན,phin,True,7104,f4b10eee3a1a26cf95c4dbaaa036d1e695c679d5fe95bf6a4f6f66c349968e9c
14_1_5--phib.mp3,syllable_mp3,syllable,14,1,5,ཕིབ,phib,True,5432,ca2ca17bef58756c8fdc24bae249d183265bb04dcbe1aa7cbb1c0dabb2df29ef
14_1_6--phim.mp3,syllable_mp3,syllable,14,1,6,ཕིམ,phim,True,7104,cef22eb3138d57df4f32de125731b51b2d5856eb64f98dd9ab402ceb5bc15815
14_1_7--phi'.mp3,syllable_mp3,syllable,14,1,7,ཕིའ,phi',True,7940,3a96b1fe649eaba376a1f634bc40654e04a231ae435673a890c426ba8912fae4
14_1_8--phir.mp3,syllable_mp3,syllable,14,1,8,ཕིར,phir,True,6268,2f564f6dde8f3429d240808e450c82e8322c17c850904e829ae24f29cf10bb28
14_1_9--phil.mp3,syllable_mp3,syllable,14,1,9,ཕིལ,phil,True,7940,fa1939179e879b37cdb85bbd5f2c82e6dadc8eabbf2069bdbf98d5f96bf1a38e
14_1_10--phis.mp3,syllable_mp3,syllable,14,1,10,ཕིས,phis,True,8776,9730b3a05fd27db8186253e0e2ee62cb3ea4b08067fe0f2a56244e0c9adfcebb
14_2_0--phu.mp3,syllable_mp3,syllable,14,2,0,ཕུ,phu,True,7940,9a16602f8e1b42507a5f90f26edcca13cb0fbefedbc234fba8951efc442bd40b
14_2_1--phug.mp3,syllable_mp3,syllable,14,2,1,ཕུག,phug,True,6268,eeaba43fd025ae989450fe7acb01acaba8b5c7bab6484cb3d60c82597374431c
14_2_2--phung.mp3,syllable_mp3,syllable,14,2,2,ཕུང,phung,True,7940,e10b59f089bee54c7dd10103626440a9a45e3ca47ce7b98d13ab0c2a598c6dd2
14_2_3--phud.mp3,syllable_mp3,syllable,14,2,3,ཕུད,phud,True,7104,ad98f46c053e721cf58ba5c0077e0a3f0bfed885096878b87ddf774c67465e5b
14_2_4--phun.mp3,syllable_mp3,syllable,14,2,4,ཕུན,phun,True,7940,247cfd8449656f20ea023d13e4bdbfe2dc48ccb43cfed1a38c1aec0119a1e9f9
14_2_5--phub.mp3,syllable_mp3,syllable,14,2,5,ཕུབ,phub,True,6268,60efbcc846343d08e9461e4f1f7ac0972427664f3f44aa80cf1189315d28cf85
14_2_6--phum.mp3,syllable_mp3,syllable,14,2,6,ཕུམ,phum,True,7940,5d4cb3ae62216864a2b9ee1b5f130a434e9cfd77f978fbc176dd6a1001bbb997
14_2_7--phu'.mp3,syllable_mp3,syllable,14,2,7,ཕུའ,phu',True,7940,d1aabe40bd5e28497bdd68ea0f55f44d96ce53ef3442d87a77b8ed1bc67d3af2
14_2_8--phur.mp3,syllable_mp3,syllable,14,2,8,ཕུར,phur,True,7940,0b25b99df6cc716c1bdf97e283ca7f9c7e26d3435adb148e97b59eb3c9d1135f
14_2_9--phul.mp3,syllable_mp3,syllable,14,2,9,ཕུལ,phul,True,8776,abb32870cb59582b4f2bfed9d1600fd24d4ce81dd7f17c9b547f6ba7dd4ac111
14_2_10--phus.mp3,syllable_mp3,syllable,14,2,10,ཕུས,phus,True,8776,8520f15e9eef09c58fb085373610b4531150e1159102f7bc76def76ea20658ae
14_3_0--phe.mp3,syllable_mp3,syllable,14,3,0,ཕེ,phe,True,6268,7e3b4fac487e52dadfcef860a376ee0cf64a4c9ed669516e5d2ad863e40f55b5
14_3_1--pheg.mp3,syllable_mp3,syllable,14,3,1,ཕེག,pheg,True,5432,8c8da9bd02a5b0b424349eb28d738e9f9f6307432eba9f6981344273a821ae23
14_3_2--pheng.mp3,syllable_mp3,syllable,14,3,2,ཕེང,pheng,True,7940,ebdef9b33c0aaea0d6b93575adf4982c66afb352c657f6210efe1d073195e455
14_3_3--phed.mp3,syllable_mp3,syllable,14,3,3,ཕེད,phed,True,5432,4ead7fc00dc65c44d140ac960a25cc92a4aef9c19f21115890b26f79f35fcbcc
14_3_4--phen.mp3,syllable_mp3,syllable,14,3,4,ཕེན,phen,True,7104,cd6d5d703d22e01e2384d330cc921f970e326cb5ba12672f65b81f9757a6451b
14_3_5--pheb.mp3,syllable_mp3,syllable,14,3,5,ཕེབ,pheb,True,5432,6c6b1cc842db7a68ebcf6f75e2c14b7574405e7bb0ae67e58a4e52fe3cd03289
14_3_6--phem.mp3,syllable_mp3,syllable,14,3,6,ཕེམ,phem,True,7104,53cc7561a4d028f5940d5138d9ede3ca707720497087a6e584675cba4ea50a1a
14_3_7--phe'.mp3,syllable_mp3,syllable,14,3,7,ཕེའ,phe',True,7104,13ee8d9fe70db8b088a496d7801bb5f6be418981ed2ac8b5016ca1ff9f087491
14_3_8--pher.mp3,syllable_mp3,syllable,14,3,8,ཕེར,pher,True,7104,7df6ca946352feab6a6f29e57034ecd1f326a6120b2e10abbdb8116baf96cf9b
14_3_9--phel.mp3,syllable_mp3,syllable,14,3,9,ཕེལ,phel,True,7104,ad14b00c8d9d24eaf8ecb58dae83886a87990b276a41025636ec5307eb4cb2bd
14_3_10--phes.mp3,syllable_mp3,syllable,14,3,10,ཕེས,phes,True,7940,1d9afa566eb47f99a3f9de6d87fbdfe830dc05639cac201b584c14ab764298b4
14_4_0--pho.mp3,syllable_mp3,syllable,14,4,0,ཕོ,pho,True,6268,ad40ccda25d24b18f34e750fd89a7868964478c5dd17fc6a56c96343aa2ea339
14_4_1--phog.mp3,syllable_mp3,syllable,14,4,1,ཕོག,phog,True,6268,3106277d50927933df87afa74a2e8bd2ee692f7e1a0e2862129db2fcabf407ca
14_4_2--phong.mp3,syllable_mp3,syllable,14,4,2,ཕོང,phong,True,7940,ff789d4bde53be0c20fffe1d7c992ab93e2d1d3271d318ea3fcede095c8fa1aa
14_4_3--phod.mp3,syllable_mp3,syllable,14,4,3,ཕོད,phod,True,6268,1f61e46891d5ed36c8995411b35ab03dfa830db72a35efac283b6054cd185583
14_4_4--phon.mp3,syllable_mp3,syllable,14,4,4,ཕོན,phon,True,7104,ec1a8c7273ef6e5345e5059910ec92a3026bd528aace2fa28986b6611a2a21f4
14_4_5--phob.mp3,syllable_mp3,syllable,14,4,5,ཕོབ,phob,True,5432,b436a4340f5a58b4e1a8e19146fd0b593bba521be823801f0b8ef6bc0d7a672b
14_4_6--phom.mp3,syllable_mp3,syllable,14,4,6,ཕོམ,phom,True,7940,eef4b9a23e0ec3e26cc69c7015f488fba21e49214efa9c14e753c27abdd59d10
14_4_7--pho'.mp3,syllable_mp3,syllable,14,4,7,ཕོའ,pho',True,6268,5c773765f2970bc72499f47ad9ae1f48a6e230ea6ec2311bb2de6fc894a0607d
14_4_8--phor.mp3,syllable_mp3,syllable,14,4,8,ཕོར,phor,True,7104,6c1dcf00b0dfadc4cc3dbc397ab14974db34128c05d8aa098138c3bf3743d768
14_4_9--phol.mp3,syllable_mp3,syllable,14,4,9,ཕོལ,phol,True,7940,e1fb2bd5d56676d54b6e041ada8653277a5487b6ad1eca0b4566a82b339df20b
14_4_10--phos.mp3,syllable_mp3,syllable,14,4,10,ཕོས,phos,True,7940,57dfc59552cbd15dc5243f7783c98f302de498c4b865d86ef8cc754adbb6d552
15_0_0--ba.mp3,syllable_mp3,syllable,15,0,0,བ,ba,True,7940,bbd5bba5e2465dd6db1102f2adf20122961d14713fc275a19c01f2101331e8ff
15_0_1--bag.mp3,syllable_mp3,syllable,15,0,1,བག,bag,True,6268,d6fe0b28dcbc6a14a69372f589a74d40397f9a103fab977936690083805990da
15_0_2--bang.mp3,syllable_mp3,syllable,15,0,2,བང,bang,True,7940,1c284d9a3a443db17eef7e53bd76b65f119283da12f388c8a21d6a098e6b1f2f
15_0_3--bad.mp3,syllable_mp3,syllable,15,0,3,བད,bad,True,7104,37b5d400a95d424f43281c4a3233b9737c54c112e51043340a16fd5fa8e28d63
15_0_4--ban.mp3,syllable_mp3,syllable,15,0,4,བན,ban,True,7940,6147152b4d934d100cbc96e283b9a48e3a27ddd945706b6f88c4406253293e53
15_0_5--bab.mp3,syllable_mp3,syllable,15,0,5,བབ,bab,True,5432,be566ba4345c633393b32ba0e132d8c3af41f4689206349ed57d8834e66f61ec
15_0_6--bam.mp3,syllable_mp3,syllable,15,0,6,བམ,bam,True,7940,e8c1d0a4d6e698ef5dcf6bc8734ae3de7944827aa476201ef8815de5680b2ea2
15_0_7--ba'.mp3,syllable_mp3,syllable,15,0,7,བའ,ba',True,8776,3d798b3d90200c11139e7e07fb12f0b1f8bedc1436839a596bdd32c5bd762b4b
15_0_8--bar.mp3,syllable_mp3,syllable,15,0,8,བར,bar,True,7104,ab22aa46c338f628fb043ef24653513b08c4a25fbf0f3bd87bd08a6db43bccda
15_0_9--bal.mp3,syllable_mp3,syllable,15,0,9,བལ,bal,True,7940,035c90d9da97bf02e106835444ecac06948570732e8d2759789094d181cf098c
15_0_10--bas.mp3,syllable_mp3,syllable,15,0,10,བས,bas,True,8776,1456f4790572ceedb7432326c830e190c21d00eab464b7ec7730a9d1c9cfdc66
15_1_0--bi.mp3,syllable_mp3,syllable,15,1,0,བི,bi,True,8776,2098635a36210d433507fe97f134ee5f0ef36d8e5b5ac9c85832b917a6ec7792
15_1_1--big.mp3,syllable_mp3,syllable,15,1,1,བིག,big,True,6268,f0f0edf691a9edf0b6fcd818dd0f0f3f999fc3fe334c5bdf87ab80ba3b5227a1
15_1_2--bing.mp3,syllable_mp3,syllable,15,1,2,བིང,bing,True,8776,d10e592412e047f86131427a87c9b2526e2d9473f0d4db503c459c3c770cd093
15_1_3--bid.mp3,syllable_mp3,syllable,15,1,3,བིད,bid,True,6268,f59f1fd4bab20fb7708634914b0a7e0af023d3f1eaa4a01dbb2e50bcb274f55a
15_1_4--bin.mp3,syllable_mp3,syllable,15,1,4,བིན,bin,True,7940,dfe14de060830e5690c9ffe8bc87312d6a5cb63d3e917dcb7268e1dba7a7ce09
15_1_5--bib.mp3,syllable_mp3,syllable,15,1,5,བིབ,bib,True,6268,135443b8c11a134f415b4ff55c83dcb297149917731eff4edf65ec0033166343
15_1_6--bim.mp3,syllable_mp3,syllable,15,1,6,བིམ,bim,True,7940,e738c667fd0a29de636d426448f8a45d20e880fbedaa5f9d1b31f0857e0984cf
15_1_7--bi'.mp3,syllable_mp3,syllable,15,1,7,བིའ,bi',True,8776,4b6e77f29e9cf01f67c2b91b8c389564de1c70d942b11add478372b729a1e25a
15_1_8--bir.mp3,syllable_mp3,syllable,15,1,8,བིར,bir,True,7104,b69a9984a5dd11ca8085768458a84d76d686683d578e09c557d71b27f487979f
15_1_9--bil.mp3,syllable_mp3,syllable,15,1,9,བིལ,bil,True,7940,cde4a43398ca871df52f6fd2d04f40ce816816c4205a4affb210db23b095376b
15_1_10--bis.mp3,syllable_mp3,syllable,15,1,10,བིས,bis,True,8776,e21e75a57fcbb54c3d3227900982aed02123a99a0895ee24f6441964dcbbf884
15_2_0--bu.mp3,syllable_mp3,syllable,15,2,0,བུ,bu,True,7940,c532059e23cd32b4eed805cff15e6b29ef8bc9636528f20f1159ae203cccbd5d
15_2_1--bug.mp3,syllable_mp3,syllable,15,2,1,བུག,bug,True,7104,11affc3c38f3458f1eecf51e0436572e1f145c7c6ab9156cd69a0b81af0b1c46
15_2_2--bung.mp3,syllable_mp3,syllable,15,2,2,བུང,bung,True,8776,dd4df6dad396cad3773bcd80e0c3163bd6f1290df107398695c62aa62daf72ec
15_2_3--bud.mp3,syllable_mp3,syllable,15,2,3,བུད,bud,True,7940,e3e8d524c70a2e027da57bd1d75ef5adba7d3c09e89088361774dee175bb78ea
15_2_4--bun.mp3,syllable_mp3,syllable,15,2,4,བུན,bun,True,7940,5eab4999611c47297bbaad23b138e8531176a6792151a0802859aaa754fe599e
15_2_5--bub.mp3,syllable_mp3,syllable,15,2,5,བུབ,bub,True,6268,9c260d8e5bb1c92ab2cce638b925dbc604b22f99913417f4b1a5e4b2b6138a37
15_2_6--bum.mp3,syllable_mp3,syllable,15,2,6,བུམ,bum,True,7940,2e3c4a768865c7c2d0ed647070838dbb18d88e46a96f735145df438e3eada7a9
15_2_7--bu'.mp3,syllable_mp3,syllable,15,2,7,བུའ,bu',True,8776,732cf897222610d5324f7fab703d978d2b9aa9ede7109ef406d9cc74ecfe03ab
15_2_8--bur.mp3,syllable_mp3,syllable,15,2,8,བུར,bur,True,7940,919d7763872c54d13fcf445c42cdf727ca60940849418971b169c815cec44595
15_2_9--bul.mp3,syllable_mp3,syllable,15,2,9,བུལ,bul,True,8776,1878df12615e232f0832d7bda44213d5c5bfefe901a905610a63fa40cfa93627
15_2_10--bus.mp3,syllable_mp3,syllable,15,2,10,བུས,bus,True,9612,f30baa508f98887087732b09008599ab05787bfa671d9b046724c9e25f475cf3
15_3_0--be.mp3,syllable_mp3,syllable,15,3,0,བེ,be,True,8776,a2eae1fd1d831c69c7f406f9e44b80eda6acd85d118b7619ce9c426b359c077c
15_3_1--beg.mp3,syllable_mp3,syllable,15,3,1,བེག,beg,True,7104,49b9d1f7be655d27b556c0559606e8db4ddf81589d381cd090b3a1dd86d26dc1
15_3_2--beng.mp3,syllable_mp3,syllable,15,3,2,བེང,beng,True,7940,0a66010a8929772475a80e26d3473830758ac15fcf3eb8fbb772ad043240404e
15_3_3--bed.mp3,syllable_mp3,syllable,15,3,3,བེད,bed,True,7104,b9ebe7a518222a246d4c4ba9ec4d2ee05fc849491cf43212fc873629f60a1db6
15_3_4--ben.mp3,syllable_mp3,syllable,15,3,4,བེན,ben,True,7940,076e8e9a891074cca56fb12541729363f21838be8f8d097db22df2b0e4d8f760
15_3_5--beb.mp3,syllable_mp3,syllable,15,3,5,བེབ,beb,True,6268,45dcf7381f5f647a342083532be3b4e1a5759ec529b4604ba9456e31b8c539bd
15_3_6--bem.mp3,syllable_mp3,syllable,15,3,6,བེམ,bem,True,8776,d9bbb3316b9279fec2dd31d0f155b4235dac0b600a966d4480f969f2dab61720
15_3_7--be'.mp3,syllable_mp3,syllable,15,3,7,བེའ,be',True,8776,94cfe63a7e63d4e4809df399506e070e3f57b187f35226da4a1af7786d9f3ee3
15_3_8--ber.mp3,syllable_mp3,syllable,15,3,8,བེར,ber,True,7940,831f83188e0d5ea9d91e3259d3525a01d874a8212004d8481d2526578383bfaf
15_3_9--bel.mp3,syllable_mp3,syllable,15,3,9,བེལ,bel,True,7940,da131d2fab37a0057e253f02f8178901748d974374cb2011e49a4e6616ac5f41
15_3_10--bes.mp3,syllable_mp3,syllable,15,3,10,བེས,bes,True,7940,e74714a3d05ec752e6628ffb163f5455a6098ae218597a726fb00d0502a921ed
15_4_0--bo.mp3,syllable_mp3,syllable,15,4,0,བོ,bo,True,7940,aee130fabd6c519081819d240e8642298950662265a09a727337bf0299e88237
15_4_1--bog.mp3,syllable_mp3,syllable,15,4,1,བོག,bog,True,7940,808a9222d6fcc1c9ec16361aa3c6eca5099e68f21221670f8b6ded52cfc51697
15_4_2--bong.mp3,syllable_mp3,syllable,15,4,2,བོང,bong,True,7940,97d1263b88d771e13206daf0f166f809b338e3f1df2678ea9429c652c3cb4fc9
15_4_3--bod.mp3,syllable_mp3,syllable,15,4,3,བོད,bod,True,7104,3614846f0c7dc690e5ba9be80fb1b9ce31a64894e72c644a87639d388fd7353e
15_4_4--bon.mp3,syllable_mp3,syllable,15,4,4,བོན,bon,True,7940,9a8738e6555d294ccff34e9115d0139cfa6c61bc94c0d0d3b043e062014f308b
15_4_5--bob.mp3,syllable_mp3,syllable,15,4,5,བོབ,bob,True,6268,78cc657e62977ca43c61e43d6bfdaf0978f2f6320d7e0d5d105e3b0edd8ddcdd
15_4_6--bom.mp3,syllable_mp3,syllable,15,4,6,བོམ,bom,True,8776,243aac624367fcb33e5c65871c15fb9d5d748284449a47451c6b14cf55e4951f
15_4_7--bo'.mp3,syllable_mp3,syllable,15,4,7,བོའ,bo',True,7940,25157d130d80daea244b2dd7e9a3700716a520a6a9557f8d18ee93d4a027b614
15_4_8--bor.mp3,syllable_mp3,syllable,15,4,8,བོར,bor,True,7940,3c3325dd80e3696d4d9e09729bc1d1079b7a0cae7045f051ef7f5c0aa7907174
15_4_9--bol.mp3,syllable_mp3,syllable,15,4,9,བོལ,bol,True,7940,9dd6e085207ae26c3f827c81b9ee49ae14b677f826a60080c70d88beba208032
15_4_10--bos.mp3,syllable_mp3,syllable,15,4,10,བོས,bos,True,8776,c29e7d93638f29a48c4145c46d12c98922cb059af3e63a7a6c468b6a4d831b98
16_0_0--ma.mp3,syllable_mp3,syllable,16,0,0,མ,ma,True,7104,93245983e5325e7ab97130a214d3271f7990de006d2ae85e46b6abe6d825175d
16_0_1--mag.mp3,syllable_mp3,syllable,16,0,1,མག,mag,True,5432,7feed83384c58d6d616961174fd6587094554371d95e360748e9bc0e5e44f62c
16_0_2--mang.mp3,syllable_mp3,syllable,16,0,2,མང,mang,True,7104,83e19c4e1ffee4d14bc7aa9bc48675f2abf7f5e8e21c1b960ff8896a4aa2c30a
16_0_3--mad.mp3,syllable_mp3,syllable,16,0,3,མད,mad,True,5432,56342a750f5a8a5b4e7bac023b00ad576b20f50c542a3895e10d80d6ae0f7697
16_0_4--man.mp3,syllable_mp3,syllable,16,0,4,མན,man,True,7104,881534f7d4830a7c340076963b47ecbc772950efd26b86bf35384cb12b89d5b5
16_0_5--mab.mp3,syllable_mp3,syllable,16,0,5,མབ,mab,True,5432,b59077b6e8413c16bdcea51dda70c98b683e3f9602b4159406fdc8e75b28e042
16_0_6--mam.mp3,syllable_mp3,syllable,16,0,6,མམ,mam,True,7104,b3d9b460b39a935dbf19b452fe64fe1a125dc8f3b2e5db6f8a25920e27031bb3
16_0_7--ma'.mp3,syllable_mp3,syllable,16,0,7,མའ,ma',True,7104,619f0447b49f95360428daaba25df941cb8e9b5ca85c5b4256cc23fe8f4a19cf
16_0_8--mar.mp3,syllable_mp3,syllable,16,0,8,མར,mar,True,7104,1be2db5af235045dcfe18326d11b66862289a75df3396cc6eece0f800bee92a2
16_0_9--mal.mp3,syllable_mp3,syllable,16,0,9,མལ,mal,True,7940,b5b7cbc185ca926d6ad2f0b448f17bbc3b649d31a51b4edc81b8609ea395a9ed
16_0_10--mas.mp3,syllable_mp3,syllable,16,0,10,མས,mas,True,7940,86504eff6df747a53fb49add85b8a437e7b98e7a9032502e939dfa2fdeef5819
16_1_0--mi.mp3,syllable_mp3,syllable,16,1,0,མི,mi,True,7104,fe29f6d192efbee0d1dcaa66e574f100faf2c5234f1c9bb586f2eaa5561334ba
16_1_1--mig.mp3,syllable_mp3,syllable,16,1,1,མིག,mig,True,6268,adcedf0e53fc83720427f3931f7203126f54db2f2cb2bbd4cb987260559cb9c8
16_1_2--ming.mp3,syllable_mp3,syllable,16,1,2,མིང,ming,True,7104,0f71e2180f977bf486563fccdd73242e2cc1022f3fdb3cf6aceb27173c72cf1b
16_1_3--mid.mp3,syllable_mp3,syllable,16,1,3,མིད,mid,True,6268,9df1d80df4bd20ed24b1fed777da5ca21c9f0faae14bd16a91157765114b125f
16_1_4--min.mp3,syllable_mp3,syllable,16,1,4,མིན,min,True,7104,192c562861dea38c3d1e4d6fe99cb87b3e30149265e66148e9793c02f3ea67dd
16_1_5--mib.mp3,syllable_mp3,syllable,16,1,5,མིབ,mib,True,6268,8bf24a4185b1377cc3f43ca2f51e3e191de12c035d11546e17cc8ad151cfd08f
16_1_6--mim.mp3,syllable_mp3,syllable,16,1,6,མིམ,mim,True,7104,f96fd4d480fc504b6c36bc6d6757162b9dff1f691acf4129e6a3ee4637888673
16_1_7--mi'.mp3,syllable_mp3,syllable,16,1,7,མིའ,mi',True,7104,d499a0c52a5f6f8e60722fbd28dbc61a3e62e17f1a851663e67484b4e60a56c8
16_1_8--mir.mp3,syllable_mp3,syllable,16,1,8,མིར,mir,True,6268,35583ed594b1f14d09b87373adbe6a2b6bda9857d560c7c9a0d976710e7e1910
16_1_9--mil.mp3,syllable_mp3,syllable,16,1,9,མིལ,mil,True,7104,33e29dbbbe8a67ef78e1ac5f49abfba0e2d06126d61af2913bd7c38f140cab5b
16_1_10--mis.mp3,syllable_mp3,syllable,16,1,10,མིས,mis,True,8776,0c89bf52e0bed2dc9622c4ea8fd11d960ef36c61ae3216f3edccb52a92dc0577
16_2_0--mu.mp3,syllable_mp3,syllable,16,2,0,མུ,mu,True,7940,0476a29d0dd657fc0ca4ccba35089aa600429367b5a8bfd3d624a99d2726b4a4
16_2_1--mug.mp3,syllable_mp3,syllable,16,2,1,མུག,mug,True,6268,bbc50498a91068662645f20222c46d7b128a6e385dbbbffaae0e6b8cd05624d8
16_2_2--mung.mp3,syllable_mp3,syllable,16,2,2,མུང,mung,True,7104,3b8b964fe9b80e51845d58b0a7041ce8ab16cc7032974d841fb13b4a04b8c534
16_2_3--mud.mp3,syllable_mp3,syllable,16,2,3,མུད,mud,True,7104,da24799a1470759153318d70b1414ddf872262d840b8ab16b3f8e1cbee35c7c8
16_2_4--mun.mp3,syllable_mp3,syllable,16,2,4,མུན,mun,True,7940,8f88c05e563607389931f9fba10b71714299742defb19f78d3b7716fd6e23442
16_2_5--mub.mp3,syllable_mp3,syllable,16,2,5,མུབ,mub,True,6268,31e8a76effa354c5eed3260bf585ea8bb41613c5fa4868f0885d167215232fe7
16_2_6--mum.mp3,syllable_mp3,syllable,16,2,6,མུམ,mum,True,7940,4e3d76717f9fb4cbbcd331acd2d7c64863634a6fb1caf0c58d5b1a2f5707fd7f
16_2_7--mu'.mp3,syllable_mp3,syllable,16,2,7,མུའ,mu',True,7940,2b46c3a72e8d6071b501a3a50a96a5c0c6e7aa7b259a1187b547e435358311f6
16_2_8--mur.mp3,syllable_mp3,syllable,16,2,8,མུར,mur,True,7104,7f2b11036027cea5c60bd6a8cbb2fdf9e932fd5808529f2d8c40dd0b3dafad0e
16_2_9--mul.mp3,syllable_mp3,syllable,16,2,9,མུལ,mul,True,7940,1b51acb30866946e97dd7770f7f6ec418db9a82e0d9eafefc143571a4dd56d52
16_2_10--mus.mp3,syllable_mp3,syllable,16,2,10,མུས,mus,True,8776,b20a277301cc34836ac34105b5608ff152d7125b21cbaaf35d12715282341d49
16_3_0--me.mp3,syllable_mp3,syllable,16,3,0,མེ,me,True,7104,2050f9694eaafe32e8034a45912ff86b64668fd2f23e073e03970b19ad62539b
16_3_1--meg.mp3,syllable_mp3,syllable,16,3,1,མེག,meg,True,5432,dc040a5b26ef3dfef4f432aa6d27e97ba827a7fd5e926ef93b9e68f928562e30
16_3_2--meng.mp3,syllable_mp3,syllable,16,3,2,མེང,meng,True,7104,cff4e40b7d8a12fd4ec159685efbf91a5f5154989d999609c4d2985c562800af
16_3_3--med.mp3,syllable_mp3,syllable,16,3,3,མེད,med,True,7104,9e82a3a9669b1e83433638e261f6df2b08e647577d67197879790d5a88b67991
16_3_4--men.mp3,syllable_mp3,syllable,16,3,4,མེན,men,True,7940,67cf3c9380fc2db8758d3f029d5d83a91788a502a0e05dce19bd1b7aa82706e0
16_3_5--meb.mp3,syllable_mp3,syllable,16,3,5,མེབ,meb,True,6268,8fc64f1fe979baf378fe88cd954d8b18d2b57d1dd239d3bb0403e2556788e5e3
16_3_6--mem.mp3,syllable_mp3,syllable,16,3,6,མེམ,mem,True,7940,7dfefa1b5d5060bbd0d7dc7eee4e4f0e8d099bd87119fc3c96345afa54e2b798
16_3_7--me'.mp3,syllable_mp3,syllable,16,3,7,མེའ,me',True,7940,44c6bf95afe4a8d47110df844a96ff29f29f86ca683706504bf283e6a3392a91
16_3_8--mer.mp3,syllable_mp3,syllable,16,3,8,མེར,mer,True,7104,55c973a7d3903fb64c20708dacad675c60448f5c14a5858681ff8ac8cd4419ea
16_3_9--mel.mp3,syllable_mp3,syllable,16,3,9,མེལ,mel,True,7104,ad3eedd8eeaba4116de1a65bddd2ef7c0e104c3c8fea2b777ef6a0a2d812daca
16_3_10--mes.mp3,syllable_mp3,syllable,16,3,10,མེས,mes,True,7940,26f4f86a7e93263b30771b4282f44a4aa001a1cf4beff6ead6b8f6fcd5f92e5e
16_4_0--mo.mp3,syllable_mp3,syllable,16,4,0,མོ,mo,True,7104,ba0b69c2caf3dec9647fe3e61450aa48853c10db5306d2b7d5b8a21e163671cb
16_4_1--mog.mp3,syllable_mp3,syllable,16,4,1,མོག,mog,True,6268,8ebfd83719d0e9169460eafe39a10e5682373d0340f086b6df47e4f02e0f6c67
16_4_2--mong.mp3,syllable_mp3,syllable,16,4,2,མོང,mong,True,7940,a22bda979087005a42fd678b6d7e9e774b36e2d47dbd3252f1888b1888189984
16_4_3--mod.mp3,syllable_mp3,syllable,16,4,3,མོད,mod,True,7104,09c412d6e77b5ca503ddccf2eadbc75c27958e52538e03bba62c309fdc63989a
16_4_4--mon.mp3,syllable_mp3,syllable,16,4,4,མོན,mon,True,7104,ac9916be4daadb22b6b28d6e20dd29012cb5d9f4d439292607f3b613cc288f97
16_4_5--mob.mp3,syllable_mp3,syllable,16,4,5,མོབ,mob,True,5432,32f4c1a23fea56c116ff60d21866a3fec756e6c4609864c7b1615bc36715cd21
16_4_6--mom.mp3,syllable_mp3,syllable,16,4,6,མོམ,mom,True,7940,6f185ebd80c1e6448ca2d2529c7c9423b6bd55009d4231e5daffacd248e0608c
16_4_7--mo'.mp3,syllable_mp3,syllable,16,4,7,མོའ,mo',True,7940,1141b221380f930f4d630ad0262b0bac51f4afaf3226d4c21403ca409f5920a4
16_4_8--mor.mp3,syllable_mp3,syllable,16,4,8,མོར,mor,True,7104,683cc96b594b749c96fb139f009bf57ad2e9dcb41537c7bfac02d2a4e048a104
16_4_9--mol.mp3,syllable_mp3,syllable,16,4,9,མོལ,mol,True,7104,50f6086fce9ef9259f86d10503bbe8e83ad95c077e405efa64ff30c3fa9877d0
16_4_10--mos.mp3,syllable_mp3,syllable,16,4,10,མོས,mos,True,8776,388ba0cb1941e610f84572491c5f4229a5a8f900a2842ccae877919242df5009
17_0_0--tsa.mp3,syllable_mp3,syllable,17,0,0,ཙ,tsa,True,6686,b057ef3eb0cc124da4d347bb67006a048369382f4ade1d20e1b37340d05cc581
17_0_1--tsag.mp3,syllable_mp3,syllable,17,0,1,ཙག,tsag,True,7522,b7ec16ab9cd9e10e443746698cbb66203a299c2bbc5dba9dac821872beb6f2ab
17_0_2--tsang.mp3,syllable_mp3,syllable,17,0,2,ཙང,tsang,True,7940,a82458cec64bb53ba807318e746f770fcfb4e21266cade15d4d44b3b1a912b11
17_0_3--tsad.mp3,syllable_mp3,syllable,17,0,3,ཙད,tsad,True,8776,1797cf23342c98eebe831890842cb8126e5123e02cbc895f1726681a808787e1
17_0_4--tsan.mp3,syllable_mp3,syllable,17,0,4,ཙན,tsan,True,9612,7ac05849dfa68048ef5a8dad03c73c0d5eaef0ee75e4a65eb742a2a90300f2a5
17_0_5--tsab.mp3,syllable_mp3,syllable,17,0,5,ཙབ,tsab,True,6268,92be09b5483d3fc6d8daa3bc9cf4aa6f874cc8c8b446204794a63ef910f8bb44
17_0_6--tsam.mp3,syllable_mp3,syllable,17,0,6,ཙམ,tsam,True,7940,d02372538141e1427f5fb28a7034200ead007dbcbc41035932474a253b7b8d47
17_0_7--tsa'.mp3,syllable_mp3,syllable,17,0,7,ཙའ,tsa',True,7104,ec13c42fc5fc135577b44b18770227cd1d24f36676fa88368714a06fab974d2d
17_0_8--tsar.mp3,syllable_mp3,syllable,17,0,8,ཙར,tsar,True,7940,2c9a4ace0d43d3bc98d8be631a3443275b67e158f909e62a1561900bd6257ace
17_0_9--tsal.mp3,syllable_mp3,syllable,17,0,9,ཙལ,tsal,True,8776,44a09c2bf7cf1146cca6f7d66db78ad41179aee2d4a47867e1ef0601d3dbf66e
17_0_10--tsas.mp3,syllable_mp3,syllable,17,0,10,ཙས,tsas,True,7940,9b205a1b8f0dc63532449fad207811eb961e461377e8ec85ee8388d713fb4b72
17_1_0--tsi.mp3,syllable_mp3,syllable,17,1,0,ཙི,tsi,True,7104,d8f6d16031d2c80fcd91b42f7da5a1b47a1a838f67b747c4cd67d8ae36e1dd87
17_1_1--tsig.mp3,syllable_mp3,syllable,17,1,1,ཙིག,tsig,True,8776,4cb8af065c250638906d8697d3d6dd3e377a9aac7a81386c226de7982f2159dd
17_1_2--tsing.mp3,syllable_mp3,syllable,17,1,2,ཙིང,tsing,True,7940,65231d30255b7aeb2547ac7cff1f12cb34b71e359b2a58de66a75c2a9b862d19
17_1_3--tsid.mp3,syllable_mp3,syllable,17,1,3,ཙིད,tsid,True,7104,7215a120cea4fa5522eda9dd24d411bc606551ffabb0633eab7b721c3f39ab9e
17_1_4--tsin.mp3,syllable_mp3,syllable,17,1,4,ཙིན,tsin,True,7940,9382f1448f99a87a98fd5676e13b5571f823d1134fe89be83660e0619b509705
17_1_5--tsib.mp3,syllable_mp3,syllable,17,1,5,ཙིབ,tsib,True,8776,759689350d16b898644fe2e67e1219d440de9e5b6b878793eff421f7bc6ad8db
17_1_6--tsim.mp3,syllable_mp3,syllable,17,1,6,ཙིམ,tsim,True,9612,06a668669d4db303f5a6b5c26476fa87a9c8ba51fca06a0666bd803ef5eac989
17_1_7--tsi'.mp3,syllable_mp3,syllable,17,1,7,ཙིའ,tsi',True,8776,bd69402de192fad2084d2e06efe521e1bca97cf522dc6be9d470d5926890d2f4
17_1_8--tsir.mp3,syllable_mp3,syllable,17,1,8,ཙིར,tsir,True,7940,9b1ddb80ad3175097f826b9507b3b7536efa7bb104e75983d9ebace7aca49046
17_1_9--tsil.mp3,syllable_mp3,syllable,17,1,9,ཙིལ,tsil,True,7940,3a42a456640ce8a32fe3cfc15d42fa7f3fc473b5170c570c539018a4a524c858
17_1_10--tsis.mp3,syllable_mp3,syllable,17,1,10,ཙིས,tsis,True,8776,2accd82494d72ffadd741542b3e6fa575cc1cc5a53d3ad1efca482a4a1a3c499
17_2_0--tsu.mp3,syllable_mp3,syllable,17,2,0,ཙུ,tsu,True,7104,0d9d0f0a573c7185eb4a1cdd91e505757b26c8ce62b17820ce3ba8036912a983
17_2_1--tsug.mp3,syllable_mp3,syllable,17,2,1,ཙུག,tsug,True,7940,3b22d2bcf185d090623b7b6518ae0c72a467cc78d6552aa5ec7c5cd405033b69
17_2_2--tsung.mp3,syllable_mp3,syllable,17,2,2,ཙུང,tsung,True,7940,23b136c109fdb778a09f89b5e188d8eec1a1af6efa07f620565792303e70ec18
17_2_3--tsud.mp3,syllable_mp3,syllable,17,2,3,ཙུད,tsud,True,9612,dc7562b2e3ad29951260b3e7016dc59d68899497e54556dadafa9d699fb9c93c
17_2_4--tsun.mp3,syllable_mp3,syllable,17,2,4,ཙུན,tsun,True,8776,9e3a9bad5206a6e5ce313b34aa4b64f775d4bb6fd7a4ab1188098916a890a3db
17_2_5--tsub.mp3,syllable_mp3,syllable,17,2,5,ཙུབ,tsub,True,8776,0c29e12e887acfb04610083d3e128884ef62aabc07ca1c40c14dcdafdeb42361
17_2_6--tsum.mp3,syllable_mp3,syllable,17,2,6,ཙུམ,tsum,True,7104,59474069f933e6a689a37ca6197491b9aad96e71e1f026c49c2535c00bbfa870
17_2_7--tsu'.mp3,syllable_mp3,syllable,17,2,7,ཙུའ,tsu',True,7940,530dc367047cff50f6d8f569d3b75a125132b287a349dc602fd9118283176853
17_2_8--tsur.mp3,syllable_mp3,syllable,17,2,8,ཙུར,tsur,True,7940,5fd0259e4efea361c680352a86dd3747efe70a52ed0c760bfcd65c9aec22115f
17_2_9--tsul.mp3,syllable_mp3,syllable,17,2,9,ཙུལ,tsul,True,7940,b441c2ee495c0cc83d06dd576fc5fddcc097e40da9ca5aa7258dbf50d458238f
17_2_10--tsus.mp3,syllable_mp3,syllable,17,2,10,ཙུས,tsus,True,8776,9e0f02e709bed5246ab8916954289774cf7ca4fa2b7d49d67a5aa58b625a8f78
17_3_0--tse.mp3,syllable_mp3,syllable,17,3,0,ཙེ,tse,True,7104,564a607b3024b11c0e1bb883a148f487b2806879fdab655ae63532e63ddcfcb3
17_3_1--tseg.mp3,syllable_mp3,syllable,17,3,1,ཙེག,tseg,True,7940,97caed623538c73ce195a306c288918f628a5b3b3fe613db74b360c1b9fd74a9
17_3_2--tseng.mp3,syllable_mp3,syllable,17,3,2,ཙེང,tseng,True,7522,91e8cdc323ec3d35b0471ee1b34015bfc084b7fda1adcc810174b059036b5fa3
17_3_3--tsed.mp3,syllable_mp3,syllable,17,3,3,ཙེད,tsed,True,6268,43980c7a21963a10dbbecadea75fbfc4191d6f9958b37e42b63b3243df3b77f0
17_3_4--tsen.mp3,syllable_mp3,syllable,17,3,4,ཙེན,tsen,True,7940,bc6776fddd99a5f9c81f7762438f8679e9da63d7e68f6a31f8fd25aced493eb9
17_3_5--tseb.mp3,syllable_mp3,syllable,17,3,5,ཙེབ,tseb,True,5432,9daebb36267119917e66d198cc6a7b28044fe22c27953bf49380d5b50cc9816e
17_3_6--tsem.mp3,syllable_mp3,syllable,17,3,6,ཙེམ,tsem,True,7104,6d4721edb21e4be116c4261f63fba6162f34907096e2be13174e71c2fbe59e09
17_3_7--tse'.mp3,syllable_mp3,syllable,17,3,7,ཙེའ,tse',True,7940,e1a7417588473a120e27dffd8e40d5515574b9b012271b14ce0add1f513deeb5
17_3_8--tser.mp3,syllable_mp3,syllable,17,3,8,ཙེར,tser,True,7104,f6ee79f897403bd5067053189b5322b3e390758cfb7ff5cf343c372cee51cfdc
17_3_9--tsel.mp3,syllable_mp3,syllable,17,3,9,ཙེལ,tsel,True,9612,a022a57a932db8ba6aacb1fa022087f5c93c26a3ee5912536d7acc12e91ff81e
17_3_10--tses.mp3,syllable_mp3,syllable,17,3,10,ཙེས,tses,True,7940,d553e6c09a63d8fb545f6d02d67136fa1e07fe8ceb8baaf461576e2174f23256
17_4_0--tso.mp3,syllable_mp3,syllable,17,4,0,ཙོ,tso,True,6268,bbb284d24d0385b41e714683b5970ecf3d05a95933213d70c8287227066ebc78
17_4_1--tsog.mp3,syllable_mp3,syllable,17,4,1,ཙོག,tsog,True,8776,6d1cfc3b1b4c0d4d7d5bac4f39a0e8ea0d4917a3c628bffe96c5a0d289f166b6
17_4_2--tsong.mp3,syllable_mp3,syllable,17,4,2,ཙོང,tsong,True,7104,43d4f2c08ceeccbc246c554d2ea419ea5cd8e253e55171d68c8c36c6b998513c
17_4_3--tsod.mp3,syllable_mp3,syllable,17,4,3,ཙོད,tsod,True,7104,241f7f644ac5dae52763d7793d69ae74b01d0d6c4a356fd26fed1b1805448bd9
17_4_4--tson.mp3,syllable_mp3,syllable,17,4,4,ཙོན,tson,True,7940,e2472aed4a0dc6ea2ff9f575b199fe1fe20cf1b8cb1837b23181956c914d3764
17_4_5--tsob.mp3,syllable_mp3,syllable,17,4,5,ཙོབ,tsob,True,7104,43fc26d14628f21dddeb8bc684db1ff7b5386f08465ac80d7b4058cf820f5572
17_4_6--tsom.mp3,syllable_mp3,syllable,17,4,6,ཙོམ,tsom,True,7940,f5167b1231dcebc9c32101c7a6a7be9aa09c6322b64c9a1f26101380f7b5e691
17_4_7--tso'.mp3,syllable_mp3,syllable,17,4,7,ཙོའ,tso',True,8776,f533287e1c6e756b68dc3f3c421a0f82207c290ffff851987dca4cc5688301c1
17_4_8--tsor.mp3,syllable_mp3,syllable,17,4,8,ཙོར,tsor,True,7940,df06a49f4c29defcb20832a7f7f407812b243c55ded9ad08632e77b11c520698
17_4_9--tsol.mp3,syllable_mp3,syllable,17,4,9,ཙོལ,tsol,True,7104,2b947303f846067f3470e83a70384ad215e3fac82361c13c158cd1697d4bff78
17_4_10--tsos.mp3,syllable_mp3,syllable,17,4,10,ཙོས,tsos,True,8776,5ebd62b618c0bedd3af5274fbd9d20ffb6377f5926d1a85f0a295d620ac24b4d
18_0_0--tsha.mp3,syllable_mp3,syllable,18,0,0,ཚ,tsha,True,8776,1fa1d2c6ea9cbba4c42de27aeef472539f58ea245d76b97c7df60fca4e14da1b
18_0_1--tshag.mp3,syllable_mp3,syllable,18,0,1,ཚག,tshag,True,7104,49c7682483b92826182468f206af64a0d7732c355bed0146822310ee84ee366e
18_0_2--tshang.mp3,syllable_mp3,syllable,18,0,2,ཚང,tshang,True,8776,2a52c85f71c1c859ec66f7907cf58430d5fea3766d9207749ea9aaa086a8a095
18_0_3--tshad.mp3,syllable_mp3,syllable,18,0,3,ཚད,tshad,True,7940,2f123ca69a2bed2e583ebf41291ad2a9ae721ff5e119075f7efbec5ff3d4125b
18_0_4--tshan.mp3,syllable_mp3,syllable,18,0,4,ཚན,tshan,True,7940,7c44ae4dd1877902e3b3085df5a946843fcc137e4c9d9f719a97561c22a28c98
18_0_5--tshab.mp3,syllable_mp3,syllable,18,0,5,ཚབ,tshab,True,6268,a73da39172ddde221aad7fecd2694b32024457125a217bf98bd937355f64ebc5
18_0_6--tsham.mp3,syllable_mp3,syllable,18,0,6,ཚམ,tsham,True,8776,8c539362ff77c622fb47f9596b84e63cde7f6157e83fc65b6a49dedc10cc1ab2
18_0_7--tsha'.mp3,syllable_mp3,syllable,18,0,7,ཚའ,tsha',True,8776,d741d9e843b778ee76dc55e13ebf29cadc3f49c705bcffe2a07454cdb6d1e32a
18_0_8--tshar.mp3,syllable_mp3,syllable,18,0,8,ཚར,tshar,True,7940,4bc89c209282baf19e0c68b64fc33e54d64c15b5fa1d56037a1c5374edbfd465
18_0_9--tshal.mp3,syllable_mp3,syllable,18,0,9,ཚལ,tshal,True,9612,6079e1b793c698100a1d3a63c5486546c4235d7084a3dfc20511cb12979f4507
18_0_10--tshas.mp3,syllable_mp3,syllable,18,0,10,ཚས,tshas,True,9612,fad5924e34f5212554b12b7987503ad68ffd07664f5e0c0966031badbffbd4d6
18_1_0--tshi.mp3,syllable_mp3,syllable,18,1,0,ཚི,tshi,True,7940,a1f13630f45f7a8eeb049e7d22ea3fc340717872c4bb428ce10fcb782e561a4c
18_1_1--tshig.mp3,syllable_mp3,syllable,18,1,1,ཚིག,tshig,True,7104,3d3e554eb5672a11db4fd886caf254e1b69b1678b143624ce95aa7d01f6089ae
18_1_2--tshing.mp3,syllable_mp3,syllable,18,1,2,ཚིང,tshing,True,8776,c92e34815a14d6027e77a07e642b20ebb467f4e2bb2564fe43d9a28fdbd83e28
18_1_3--tshid.mp3,syllable_mp3,syllable,18,1,3,ཚིད,tshid,True,7104,7bd375f7ca6a086583be73136afd9bfe511651f31a6e8ef343e3b87baff63c71
18_1_4--tshin.mp3,syllable_mp3,syllable,18,1,4,ཚིན,tshin,True,8776,8d1085a4969f45a1f814b8579a45cef99f683f3d4c291fd6df1de0eb2dd13f81
18_1_5--tshib.mp3,syllable_mp3,syllable,18,1,5,ཚིབ,tshib,True,6268,97de0f4499a74fdd2b20cd660dca2211fa84e7d6f06ddd128c039b0db6a9b9e4
18_1_6--tshim.mp3,syllable_mp3,syllable,18,1,6,ཚིམ,tshim,True,8776,5b1e1b7583c476998cf1c8e947097755e59131647189b01a5a691bc9711ed28b
18_1_7--tshi'.mp3,syllable_mp3,syllable,18,1,7,ཚིའ,tshi',True,8776,3abae9e43f2a5f356525ca4d4ca66f9125e1a9b7a550dea82aeaf80c08621c92
18_1_8--tshir.mp3,syllable_mp3,syllable,18,1,8,ཚིར,tshir,True,7940,c16a015d2b5e733ed8c925b76cacc177d3433c1a079304180ef0fdddfc113f73
18_1_9--tshil.mp3,syllable_mp3,syllable,18,1,9,ཚིལ,tshil,True,7940,53bc6fb8a8f1ba1cfbe0a58627310b48c1e280dc99c115f18394db0bb8e18639
18_1_10--tshis.mp3,syllable_mp3,syllable,18,1,10,ཚིས,tshis,True,7940,5373c12a3107d4362edb5db6aacb2092f7fe011e53fedd4f0bee4f104c4ecce2
18_2_0--tshu.mp3,syllable_mp3,syllable,18,2,0,ཚུ,tshu,True,7940,54ee5f35e343ac39deea2f22bed7bad773b02d5e28eb8ff8d64a8e199b1f959e
18_2_1--tshug.mp3,syllable_mp3,syllable,18,2,1,ཚུག,tshug,True,6268,e7c82d84311bfaec1a0663a5a7ed2c1f65a5b5f986b9f20ebb6e50ff4848178a
18_2_2--tshung.mp3,syllable_mp3,syllable,18,2,2,ཚུང,tshung,True,8776,cfd499123132cc8454a19cf12c7d4bf6549432c354f0902705b1516ce5e697bc
18_2_3--tshud.mp3,syllable_mp3,syllable,18,2,3,ཚུད,tshud,True,7104,3ad25e097c8764f38d6664f24b02eed0c3e51bde19a7f5465791bd4acb39896b
18_2_4--tshun.mp3,syllable_mp3,syllable,18,2,4,ཚུན,tshun,True,8776,453e153542dce15f6f61b7c2430697fb7e5beaf3cc32e0327111f4f45c21e949
18_2_5--tshub.mp3,syllable_mp3,syllable,18,2,5,ཚུབ,tshub,True,6268,1daf6521936dc951ea2c08b549295237aad32a979e271de070e5c680cc5d8138
18_2_6--tshum.mp3,syllable_mp3,syllable,18,2,6,ཚུམ,tshum,True,7940,4227c1414a251bc7adac7ca7e2143df9f44b27943f78a3ff22a0cc9b7d61f5ce
18_2_7--tshu'.mp3,syllable_mp3,syllable,18,2,7,ཚུའ,tshu',True,9612,a78366690e331fba1fe92a1991f41abc18e68c229e4bf8bd3069a28098993573
18_2_8--tshur.mp3,syllable_mp3,syllable,18,2,8,ཚུར,tshur,True,7940,de5f5b25ee63b956b5b7d3dfc2612fcf039c2856ff5ffc5f8d94fdf694df785d
18_2_9--tshul.mp3,syllable_mp3,syllable,18,2,9,ཚུལ,tshul,True,8776,b7da332d8768200351ca2e7d7d208928cd10c8a592194f84b770c9485c91620d
18_2_10--tshus.mp3,syllable_mp3,syllable,18,2,10,ཚུས,tshus,True,8776,658b40508cd7482e60a14e8298f78d11799b8dbd2a9452a76ab9e665332120fb
18_3_0--tshe.mp3,syllable_mp3,syllable,18,3,0,ཚེ,tshe,True,7940,46a83fd8a2462d60145bdf401b4688b78783133ee53c4738f243721b2c0f4f97
18_3_1--tsheg.mp3,syllable_mp3,syllable,18,3,1,ཚེག,tsheg,True,8776,bbb60ed66c98187855f7692ee7ff2f5c39b616e3c07ae80594979df9a870a6ea
18_3_2--tsheng.mp3,syllable_mp3,syllable,18,3,2,ཚེང,tsheng,True,8776,d7b6376127e5daa5f0e03f832f8c838352a4d1313655918d09cd3e0f599cfd60
18_3_3--tshed.mp3,syllable_mp3,syllable,18,3,3,ཚེད,tshed,True,6686,08cfa2051f8ab09b50397fa9909aeb83a6e36382dcdb14c0126bca08244689ec
18_3_4--tshen.mp3,syllable_mp3,syllable,18,3,4,ཚེན,tshen,True,7940,119ea45cfc6ce88f3a8bc914fbfbf8610949c5306d7142dc803a6bd942d8e6e2
18_3_5--tsheb.mp3,syllable_mp3,syllable,18,3,5,ཚེབ,tsheb,True,6268,af271e9d2b0befe4ebaf5dce40be903c1f6677476c85983508253c2e2c1d3b35
18_3_6--tshem.mp3,syllable_mp3,syllable,18,3,6,ཚེམ,tshem,True,7940,5d267db6f41f6e3dea2cf755ed0a5b5907eba1a99bbed6ad557308e09577c371
18_3_7--tshe'.mp3,syllable_mp3,syllable,18,3,7,ཚེའ,tshe',True,8776,aad54a54e3f045733a95254d2d5e9002c5f65ab1861e4c2cb4d475ca2e47bc70
18_3_8--tsher.mp3,syllable_mp3,syllable,18,3,8,ཚེར,tsher,True,7104,702d7290bdb565f1bfb16298d803e0b21fed373daf7a5ffdf1c8afe8e75f9c54
18_3_9--tshel.mp3,syllable_mp3,syllable,18,3,9,ཚེལ,tshel,True,8358,56c72f271578f8b21e5d8ee2f0c8bb622a60a662a665c3e183d687960c4eaf7a
18_3_10--tshes.mp3,syllable_mp3,syllable,18,3,10,ཚེས,tshes,True,8776,c864e5482ba925e2b05824f264bd365e6cd78e22c2a955573bf54893e22909b8
18_4_0--tsho.mp3,syllable_mp3,syllable,18,4,0,ཚོ,tsho,True,7940,e6ea9f5e4ce836ce1002c2b28545eb15ffe60f99804622d5ee250e1cb0d514da
18_4_1--tshog.mp3,syllable_mp3,syllable,18,4,1,ཚོག,tshog,True,7104,368e821e87632c6a98eb63db95044cc407870db17a7d2717aa1f88d50f51fdba
18_4_2--tshong.mp3,syllable_mp3,syllable,18,4,2,ཚོང,tshong,True,8776,d8b1e8565259989fff15b076cf5242382693214d9d3458fcd44757c250af0d2c
18_4_3--tshod.mp3,syllable_mp3,syllable,18,4,3,ཚོད,tshod,True,7940,6d19cba2bfd1ce53b281c7c117e066f696c631cdaa8a5eb4cd43dd753dd2672e
18_4_4--tshon.mp3,syllable_mp3,syllable,18,4,4,ཚོན,tshon,True,8776,02d1b29458d68d36a8a1eaefa4aa2a650a82ca8ccbccbb02c41bbb699f4dfd67
18_4_5--tshob.mp3,syllable_mp3,syllable,18,4,5,ཚོབ,tshob,True,7104,9433baa203fa77f31799f2fb3ed788472cfc48af33a4975ecb3a93e7dea0baed
18_4_6--tshom.mp3,syllable_mp3,syllable,18,4,6,ཚོམ,tshom,True,7940,909e12c5e4121dbcef23ccd4a2839c30e821bd0be976cf1b2fdf40a8c2772ad2
18_4_7--tsho'.mp3,syllable_mp3,syllable,18,4,7,ཚོའ,tsho',True,8776,b877a911d59969eb00b99abd1d2d326d68ec350816307fd0374bd8a4329c5663
18_4_8--tshor.mp3,syllable_mp3,syllable,18,4,8,ཚོར,tshor,True,7940,65b16860f3bd692af1e8ea1d8832bbab3249b7418ce57055f8748bdf5779acec
18_4_9--tshol.mp3,syllable_mp3,syllable,18,4,9,ཚོལ,tshol,True,8776,8d065f220953367620e28e7fe5fc53b31945b67b816e4e7e50565d261f346d85
18_4_10--tshos.mp3,syllable_mp3,syllable,18,4,10,ཚོས,tshos,True,9612,7181dd21780511f6251654c55cfc2b8a257c01bf312608c9313e14f6e6087696
19_0_0--dza.mp3,syllable_mp3,syllable,19,0,0,ཛ,dza,True,9612,07c69ecc8ad081289a9c41f6b7e6513166c01c1daa6e7aee4e2d91f564de8ea6
19_0_1--dzag.mp3,syllable_mp3,syllable,19,0,1,ཛག,dzag,True,7940,58d56d97310ab0a5b4ff6c3bc6168dd62558dba78179ee7fc10b777c268d3364
19_0_2--dzang.mp3,syllable_mp3,syllable,19,0,2,ཛང,dzang,True,8776,8459f3966a722a05ace340ce8444a4d0c13516d16edccb22bae419c8b506cc01
19_0_3--dzad.mp3,syllable_mp3,syllable,19,0,3,ཛད,dzad,True,7940,cf1fd6d8c686b2425c6c5c86d348fae4a93768fdb9f43367bc575201e261a2c7
19_0_4--dzan.mp3,syllable_mp3,syllable,19,0,4,ཛན,dzan,True,9612,c50e7385ab695fcc5130aa8aa52819193b5403ab265a34bd27146bad77c27253
19_0_5--dzab.mp3,syllable_mp3,syllable,19,0,5,ཛབ,dzab,True,7104,6bc9e1c82de53fc9463f37d5d3048494ca67550c53370d2ef04f0072e3bcb784
19_0_6--dzam.mp3,syllable_mp3,syllable,19,0,6,ཛམ,dzam,True,8776,21041e2e6faa3af5fff9789987e852cb3474b6c594c103099394f528305ec538
19_0_7--dza'.mp3,syllable_mp3,syllable,19,0,7,ཛའ,dza',True,9612,2efc6d74d6aeb2c2d151a9a7e1f90ce7a0c9b80318ff23f4fed0bb098a1873a4
19_0_8--dzar.mp3,syllable_mp3,syllable,19,0,8,ཛར,dzar,True,7940,82980441d258ccba541415f639933b5016d52533e92eaecc2ab78d10eb0f2cc0
19_0_9--dzal.mp3,syllable_mp3,syllable,19,0,9,ཛལ,dzal,True,8776,d9ed2f494dc285fcc18ee55d576077036cbf92151a6805a9de4fb379ac7c940d
19_0_10--dzas.mp3,syllable_mp3,syllable,19,0,10,ཛས,dzas,True,8776,aa7d6b51afc23137babab74faa8de8e6d8c74f6ebedfeeadc5c88ec52b3393d2
19_1_0--dzi.mp3,syllable_mp3,syllable,19,1,0,ཛི,dzi,True,8776,fb698294adb6487204c41bc05aba45a2c3038a44c081dae473a27a8c60b47c77
19_1_1--dzig.mp3,syllable_mp3,syllable,19,1,1,ཛིག,dzig,True,7940,dadc7cd9fadaa5fabd941b09828f895178c78d6893cefebe817465dce4a846d3
19_1_2--dzing.mp3,syllable_mp3,syllable,19,1,2,ཛིང,dzing,True,8776,cae99b8e3a7da2b9d5e6bd8999ecfcd9c35552f8b2c3c74426ac4d459ee1dc98
19_1_3--dzid.mp3,syllable_mp3,syllable,19,1,3,ཛིད,dzid,True,7940,28f569d5d9923512b64ac9b32d2f6fabd5da0fbc3b5a7563abc4621e79335ade
19_1_4--dzin.mp3,syllable_mp3,syllable,19,1,4,ཛིན,dzin,True,8776,5c30bfef0ba5664cf3105c7947c7d2d8fb8802c327725761ef262bb5fd7eb547
19_1_5--dzib.mp3,syllable_mp3,syllable,19,1,5,ཛིབ,dzib,True,7104,f490c318f0648570360327d1501538b9595eaa94e19ea562984fc19d67c45907
19_1_6--dzim.mp3,syllable_mp3,syllable,19,1,6,ཛིམ,dzim,True,8776,0c0dd8bcce79b7b23701680cbc89a958bd58f8a09317750d7ea997bbf3408e08
19_1_7--dzi'.mp3,syllable_mp3,syllable,19,1,7,ཛིའ,dzi',True,9612,a6e38b89936a98d12b7afb5abc6108f20ac97b96826efe30725e94253a85a639
19_1_8--dzir.mp3,syllable_mp3,syllable,19,1,8,ཛིར,dzir,True,8776,587f550ea90292dcb80af919a7b397179dea0634e5f095dc387e09293fa68e72
19_1_9--dzil.mp3,syllable_mp3,syllable,19,1,9,ཛིལ,dzil,True,9612,9021dc19e8bb813625b85a8b77093073341085ad453d88991f27767d2016b52f
19_1_10--dzis.mp3,syllable_mp3,syllable,19,1,10,ཛིས,dzis,True,8776,cc0c03a1b190be71186d493164279054dcefdc939c249bd4965ecc159fad3d0a
19_2_0--dzu.mp3,syllable_mp3,syllable,19,2,0,ཛུ,dzu,True,9612,77c9c0565e57714118bf6465e916136004e2192d97058165eeb04356c1dfb598
19_2_1--dzug.mp3,syllable_mp3,syllable,19,2,1,ཛུག,dzug,True,7104,bba6eace10788d406c2743baf8f38afe2209dbae9bd489b6692c0347ea01def7
19_2_2--dzung.mp3,syllable_mp3,syllable,19,2,2,ཛུང,dzung,True,8776,1ba5c01ea4fd8faca7771f8d4d0500721639478161bc4e3f31ef45c8d1e48d91
19_2_3--dzud.mp3,syllable_mp3,syllable,19,2,3,ཛུད,dzud,True,8776,3e36ba65516a2e08a8da5e80c3176750dff501f82b6a5a1ae2cbded11b7550ad
19_2_4--dzun.mp3,syllable_mp3,syllable,19,2,4,ཛུན,dzun,True,8776,d91230e42e1c6180271aa5e8b856def5f41a16dc2467a938fd94362f4f05bfd6
19_2_5--dzub.mp3,syllable_mp3,syllable,19,2,5,ཛུབ,dzub,True,7940,008701f3dc5f6fd7666be0f8973eaa52fa1cd3a7d8f4aa4e029daf3b72e84bb7
19_2_6--dzum.mp3,syllable_mp3,syllable,19,2,6,ཛུམ,dzum,True,9612,b840849779ce5c5ac3c413a858ae2876f2d1d457fea12755828cbb5047faa00f
19_2_7--dzu'.mp3,syllable_mp3,syllable,19,2,7,ཛུའ,dzu',True,9612,067d5ae825a02f5bf806d48c7d240dfe30a342c8453531d763f1ad384fb72ca6
19_2_8--dzur.mp3,syllable_mp3,syllable,19,2,8,ཛུར,dzur,True,9612,633cac2fc2fdc808dbb70a2fab124ccfa4259113f2062e367d19dc8d34791825
19_2_9--dzul.mp3,syllable_mp3,syllable,19,2,9,ཛུལ,dzul,True,9612,dbeeccd0e807f275535da404792d84cf794592845b243625b0a4b4756dfcc866
19_2_10--dzus.mp3,syllable_mp3,syllable,19,2,10,ཛུས,dzus,True,9612,22540cdea5015cbfab1226ef42e20dfdfa13b6db79d8b9a7936bc55b60560730
19_3_0--dze.mp3,syllable_mp3,syllable,19,3,0,ཛེ,dze,True,8776,098d90525ebe63869b15e03236d9dc448138ab0828028445aa9033dcb4277a52
19_3_1--dzeg.mp3,syllable_mp3,syllable,19,3,1,ཛེག,dzeg,True,7940,ce51b403cdd56f5c52164ef5f70b2003d6c9020725e51ae14db719f7e3d774dd
19_3_2--dzeng.mp3,syllable_mp3,syllable,19,3,2,ཛེང,dzeng,True,8776,a81125b570437091d1b7ea8efeaa970b347c87b64cd2c48a85dc620909f8d465
19_3_3--dzed.mp3,syllable_mp3,syllable,19,3,3,ཛེད,dzed,True,7940,8e0acc5ffb2a5b799b02866e01e3dcace5031e7bcf82cd5dd91e016243edcd97
19_3_4--dzen.mp3,syllable_mp3,syllable,19,3,4,ཛེན,dzen,True,8776,28b6ed4e6b66074a68fcdb7d9918c1edfd089128ce434e889ac75d5d689962ce
19_3_5--dzeb.mp3,syllable_mp3,syllable,19,3,5,ཛེབ,dzeb,True,7104,3a54803e7839475829b14bdea9fe44db2edbd5eeb4d8d23d405dc09a365fe2b5
19_3_6--dzem.mp3,syllable_mp3,syllable,19,3,6,ཛེམ,dzem,True,9612,ac72f22758eaf773d4b407efceaab4ef9f22d9eae55021c3b70a238a1f1ed96d
19_3_7--dze'.mp3,syllable_mp3,syllable,19,3,7,ཛེའ,dze',True,9612,d6f98b2c69ff9541dbb5b4584f553c6c4ebc9852f4ead4387bc6ef184b38c38a
19_3_8--dzer.mp3,syllable_mp3,syllable,19,3,8,ཛེར,dzer,True,8776,2ce3487d23ddc1e12f2a7fb49290100dde1efe5471f45625e55f4ad77c3e82f0
19_3_9--dzel.mp3,syllable_mp3,syllable,19,3,9,ཛེལ,dzel,True,8776,e49f7796859f611b62a596ae69db4e33890511e56d18690a327e77a13b5b304b
19_3_10--dzes.mp3,syllable_mp3,syllable,19,3,10,ཛེས,dzes,True,8776,7297e1b43137b9e7f9e3b0f7face14958ba41ef8fcddc42bee3b171a45c1e39a
19_4_0--dzo.mp3,syllable_mp3,syllable,19,4,0,ཛོ,dzo,True,9612,6ddf77e42c8e31df4cd47c7bc404ce652c94d53891a7e25a971c759b26509d22
19_4_1--dzog.mp3,syllable_mp3,syllable,19,4,1,ཛོག,dzog,True,7104,e157b35048fa36ef9e4a81beee15efd7e19cf947850dc8a8f9789dc7c2d23467
19_4_2--dzong.mp3,syllable_mp3,syllable,19,4,2,ཛོང,dzong,True,9612,7d8d00f3fcaf86d73fa9f67abe54dd46af1208b5d6055c24f8bd5766e9d4d2b9
19_4_3--dzod.mp3,syllable_mp3,syllable,19,4,3,ཛོད,dzod,True,7940,080465b1ef7db49522a60f0927470f5964da9034511184a0783b94953c60ec2e
19_4_4--dzon.mp3,syllable_mp3,syllable,19,4,4,ཛོན,dzon,True,9612,c0acf8872bb605a1231ff89e4df019cec57f6fcbc8422ca2ea07d141e8330ac3
19_4_5--dzob.mp3,syllable_mp3,syllable,19,4,5,ཛོབ,dzob,True,7940,f30e3ea26eea5ce66e386a9470855ec8226d8b700097174f08be8c0f56df73a5
19_4_6--dzom.mp3,syllable_mp3,syllable,19,4,6,ཛོམ,dzom,True,9612,1a5c20800c6f5bc79f83d8e1bd35327a876aac90f4bfc72a6ad2b9046195cee2
19_4_7--dzo'.mp3,syllable_mp3,syllable,19,4,7,ཛོའ,dzo',True,8776,aa3625b18c0365a88f1b209b0aec388c1e83c58df5f1db4a274fc460864009d4
19_4_8--dzor.mp3,syllable_mp3,syllable,19,4,8,ཛོར,dzor,True,7940,bb7057d79478d7401c06e7274d7968de98ff618c373296d1c7d1450301c9e052
19_4_9--dzol.mp3,syllable_mp3,syllable,19,4,9,ཛོལ,dzol,True,8776,1e23c568a51ca5b413523b31fc9994d6d836c0907f8bb2314391a36b39b4070f
19_4_10--dzos.mp3,syllable_mp3,syllable,19,4,10,ཛོས,dzos,True,8776,0a84a71031d27bd562d86281c4aac6cd9d9fb46554f22774a1f7c41f4541f6f1
20_0_0--wa.mp3,syllable_mp3,syllable,20,0,0,ཝ,wa,True,6268,55a563a4378c89cb56bd486576d7735254117a2ed715c3194d9589f3bff55521
20_0_1--wag.mp3,syllable_mp3,syllable,20,0,1,ཝག,wag,True,6268,d7d5dbeb19af63942de8ef72c5f823da6c44a8e551e2dd29b7f30c3d0c221c57
20_0_2--wang.mp3,syllable_mp3,syllable,20,0,2,ཝང,wang,True,7940,a7934b54cbb8f960077135d1e423fa1350b26545697fcd87e4b90c436bcab455
20_0_3--wad.mp3,syllable_mp3,syllable,20,0,3,ཝད,wad,True,6268,116cf58099447c08d60b3d3dc022a49c5b58db0446aecd3b9269c3c07c38163f
20_0_4--wan.mp3,syllable_mp3,syllable,20,0,4,ཝན,wan,True,7104,8cb4185ee311704aad22cd19e4763661ec51240ce0b8d2dee7a5c7decd5a0a85
20_0_5--wab.mp3,syllable_mp3,syllable,20,0,5,ཝབ,wab,True,5432,9ac09f1debc63dc69eea1bb8342fa4231d2af3c2d6ba41c9bc2f75b0e8571ab5
20_0_6--wam.mp3,syllable_mp3,syllable,20,0,6,ཝམ,wam,True,7104,8398a4477d251596b16d23247a409371b57afcfcc57befee21cc608e159bf8a9
20_0_7--wa'.mp3,syllable_mp3,syllable,20,0,7,ཝའ,wa',True,7940,fe317a7a9e7d8b1f489ed37c7735e5f420e5454a5d680db98b9d57122295d443
20_0_8--war.mp3,syllable_mp3,syllable,20,0,8,ཝར,war,True,6268,9f7f26ac363871744a9c0241eec417244221b65b819773fa3c4e781522f26dbf
20_0_9--wal.mp3,syllable_mp3,syllable,20,0,9,ཝལ,wal,True,7104,a8fb544c00ae54a8723874a494d9c2ee99420392e5c2fa46dab96bf1017be92c
20_0_10--was.mp3,syllable_mp3,syllable,20,0,10,ཝས,was,True,7940,2ce1bfde96d0f9b7b4b2b7137c378d901776bf8a520d490fee55faf147f2e2d7
20_1_0--wi.mp3,syllable_mp3,syllable,20,1,0,ཝི,wi,True,7940,2c7fc3e682bc7ef48dbb55203290f9c45c353a7dc2c5e5737535256b85f89fd4
20_1_1--wig.mp3,syllable_mp3,syllable,20,1,1,ཝིག,wig,True,5432,87111045a448f3d52f068e1dc33ea969b388629df8b96ec40154052b32fd4e33
20_1_2--wing.mp3,syllable_mp3,syllable,20,1,2,ཝིང,wing,True,7940,544048f109dc444cef3d87d24bd54cd28ba5e2f40fbd45bacd9b0251f1b04360
20_1_3--wid.mp3,syllable_mp3,syllable,20,1,3,ཝིད,wid,True,5432,011259b223b2289ae474e16d00c02b1ef33d62d2b34a2da0f50c75b7e8c1c2a9
20_1_4--win.mp3,syllable_mp3,syllable,20,1,4,ཝིན,win,True,7104,bd308825289a4d2e3d47859434a6c6a1d11a82cec21b9b8f5cbfd9943d943cb3
20_1_5--wib.mp3,syllable_mp3,syllable,20,1,5,ཝིབ,wib,True,5432,b83dbfb31508ff1dd173e5eaad076b4a32404686d2bedc41049637a466274277
20_1_6--wim.mp3,syllable_mp3,syllable,20,1,6,ཝིམ,wim,True,6268,9b1629aee906217052af138fa7d2af0491b22976044cfc41b3e87fc87b42fa85
20_1_7--wi'.mp3,syllable_mp3,syllable,20,1,7,ཝིའ,wi',True,7104,1ab2e318fdd22a6f608ed1173ab690f501b9c1d202a430965d9fbabadc467a6c
20_1_8--wir.mp3,syllable_mp3,syllable,20,1,8,ཝིར,wir,True,6268,74bc666ade31469fa1445cd27b107d57c09cce9617514830ef4dd3c8074149ea
20_1_9--wil.mp3,syllable_mp3,syllable,20,1,9,ཝིལ,wil,True,6268,fe4193c4e8e1b26732191a6ac64ebf650adc83c14739dadf451dd6612b040e3c
20_1_10--wis.mp3,syllable_mp3,syllable,20,1,10,ཝིས,wis,True,8776,6f92d3aba61a3c3b262b4c96707ab49f15984f790ed04e6d3528436faa66e2ce
20_2_0--wu.mp3,syllable_mp3,syllable,20,2,0,ཝུ,wu,True,7940,81e68ac0a56c1740258521dfccdb21f78fd05d057b013d79664b36cf908da0df
20_2_1--wug.mp3,syllable_mp3,syllable,20,2,1,ཝུག,wug,True,5432,7e6d63d3ce81b325af23cd6a431ff0679cbd12de1d8230396fd7661c6bea5a73
20_2_2--wung.mp3,syllable_mp3,syllable,20,2,2,ཝུང,wung,True,7104,022d1f9aead68a180da9d9cee4ad69411cde5fd1e38573f72273b85ad190fd85
20_2_3--wud.mp3,syllable_mp3,syllable,20,2,3,ཝུད,wud,True,6268,0a68bbf38e2b687701410b7fe554ec49b87234e31a12c7facbcd984f26002517
20_2_4--wun.mp3,syllable_mp3,syllable,20,2,4,ཝུན,wun,True,7104,2345299fb2e26fb077a6ca1fccaab1f33b4769cf7b149cc7e1f8df3d99eaf178
20_2_5--wub.mp3,syllable_mp3,syllable,20,2,5,ཝུབ,wub,True,5432,d69b9e5348b9ce0bc0d65cd334a2d305980cd2b6fc5e6e6edfa76f0f6d167822
20_2_6--wum.mp3,syllable_mp3,syllable,20,2,6,ཝུམ,wum,True,7104,02e9ebc7fc47c69f29d8f19f7060668abbda01319728774c9ee105b5afe3502d
20_2_7--wu'.mp3,syllable_mp3,syllable,20,2,7,ཝུའ,wu',True,7104,6ee828c712e8ab6a60af20af79824a5de1cfa22716c7648cdb91b8eb4577db17
20_2_8--wur.mp3,syllable_mp3,syllable,20,2,8,ཝུར,wur,True,6268,9ca2bf47ffaa7c543f209e1b457204fb3019af69b372532fa800a848f9a7e354
20_2_9--wul.mp3,syllable_mp3,syllable,20,2,9,ཝུལ,wul,True,7104,de46213a8661598a818571aae20f339edde01671126162018e2d7a53e31bbc11
20_2_10--wus.mp3,syllable_mp3,syllable,20,2,10,ཝུས,wus,True,7940,4ca6068498052c7a215557fa618ac590324a9fc68c8eb6e66dcb50d4a68795c2
20_3_0--we.mp3,syllable_mp3,syllable,20,3,0,ཝེ,we,True,7940,411e11d06099457299f38b8fbb046df53e9e651e939b82005fa2695e72464146
20_3_1--weg.mp3,syllable_mp3,syllable,20,3,1,ཝེག,weg,True,6268,e8b70fd83d2f9d6f6c39bfafeb996533e0893ea8e96ec6ad7b17c0c852e62e38
20_3_2--weng.mp3,syllable_mp3,syllable,20,3,2,ཝེང,weng,True,7104,24fb269348cae43018e0f04c3495d263e098fd7866babc8b9f1b58b84e9e5a1f
20_3_3--wed.mp3,syllable_mp3,syllable,20,3,3,ཝེད,wed,True,5432,d93536eb8f75cf89d8b92096e11736901ba973883d1865c2f3dc2e1dd66ae9f1
20_3_4--wen.mp3,syllable_mp3,syllable,20,3,4,ཝེན,wen,True,7940,244b3b5322060d72e646daaefffffd210f41f9c347d58617a8fc5c81b156543f
20_3_5--web.mp3,syllable_mp3,syllable,20,3,5,ཝེབ,web,True,5432,5762d7fdfe4d0733094524274054952192f7d43cec6bcfb576a721f94c8e17be
20_3_6--wem.mp3,syllable_mp3,syllable,20,3,6,ཝེམ,wem,True,7104,fa12039ddffc5917ed4729d3253fba1a5e6ed3adc8b41329a506e623f854d705
20_3_7--we'.mp3,syllable_mp3,syllable,20,3,7,ཝེའ,we',True,7940,2b7a54b90a0282dadaa47016c89083320e3a152e609ee7e8f50020ef00564a04
20_3_8--wer.mp3,syllable_mp3,syllable,20,3,8,ཝེར,wer,True,6268,5ba29d1a79fdfeb5f7bb0dcb7ae31eea44e93bc96856e60353b8cc5d956d690f
20_3_9--wel.mp3,syllable_mp3,syllable,20,3,9,ཝེལ,wel,True,7104,6eb0d95e2c0c9aeec98b0f3df617960beebb8afa54a89fa2e3728f059e750ddb
20_3_10--wes.mp3,syllable_mp3,syllable,20,3,10,ཝེས,wes,True,7940,23a58aa75edcf93c8a23a98f48011166c4325402a818dc99d2d9aaa85baf9893
20_4_0--wo.mp3,syllable_mp3,syllable,20,4,0,ཝོ,wo,True,7104,57ec5f75e3a2b1f7c6a0f4f20d1379ce1c89c743fe81140f648fe19cfde0020d
20_4_1--wog.mp3,syllable_mp3,syllable,20,4,1,ཝོག,wog,True,6268,447b5af9c2cd2fc113679abe6d5ba970a81cea7022de02ac759b3a1908a4bbfd
20_4_2--wong.mp3,syllable_mp3,syllable,20,4,2,ཝོང,wong,True,7940,913b3b9c3bc140402b090e4ababdeac7c581109b3f14bb769d760fc66a193208
20_4_3--wod.mp3,syllable_mp3,syllable,20,4,3,ཝོད,wod,True,6268,d1dbc2c87889c83a698c550c4e28ea78182656c369b7f33fdbc0ad946ecdc8b2
20_4_4--won.mp3,syllable_mp3,syllable,20,4,4,ཝོན,won,True,7940,c1d7216eda3d267810106bbbc0d0e63dd5c0985e9e6391232609325c1c1b5e56
20_4_5--wob.mp3,syllable_mp3,syllable,20,4,5,ཝོབ,wob,True,5432,99eaedffd9d2585d5977ec3ba71ad9f175b9175a812caaaf1e2928cec1fef4d2
20_4_6--wom.mp3,syllable_mp3,syllable,20,4,6,ཝོམ,wom,True,7104,4444d3f8a90ad7f607fe063758948c6836c7cc7ca5786f4ec8c92ac18605342c
20_4_7--wo'.mp3,syllable_mp3,syllable,20,4,7,ཝོའ,wo',True,7940,4fde4c958ee24f73e1b597bae9f90236bed58942530794851e77d5cdc278fc5f
20_4_8--wor.mp3,syllable_mp3,syllable,20,4,8,ཝོར,wor,True,7104,28c917f2c10106c8283ffebca9fa296969a05572d9df15a5a694d614b7e403d8
20_4_9--wol.mp3,syllable_mp3,syllable,20,4,9,ཝོལ,wol,True,7104,7b5000883a9f0c50e7218c04631719128f085a700dec2b56b887b673440146da
20_4_10--wos.mp3,syllable_mp3,syllable,20,4,10,ཝོས,wos,True,7940,5429a69871695d2ec76753151a9592e29c67fb559d18fc5518a9f45e27a08427
21_0_0--zha.mp3,syllable_mp3,syllable,21,0,0,ཞ,zha,True,8776,02007f08d6c776ba9e04bd88f00e1d0d06be6228f070bf200a3ccfc96f6d9318
21_0_1--zhag.mp3,syllable_mp3,syllable,21,0,1,ཞག,zhag,True,7940,8fe59d4d5c84fa76a15d5679e903596eeef7ba0c0b54f81d10432dfe537ff056
21_0_2--zhang.mp3,syllable_mp3,syllable,21,0,2,ཞང,zhang,True,8776,a653f174ca53c82c07eb0d85d843aa79fb7c95e7fb2a6459303ab62cfbef8ff2
21_0_3--zhad.mp3,syllable_mp3,syllable,21,0,3,ཞད,zhad,True,7940,1df1f780e0db0bbc7d17bc3f1727341ce283e725dd5945b8b9a93130a92e050b
21_0_4--zhan.mp3,syllable_mp3,syllable,21,0,4,ཞན,zhan,True,8776,4c114cfb3b774f7cded434e9e082f574164563988c86ec8b9e7178cd2673fdf2
21_0_5--zhab.mp3,syllable_mp3,syllable,21,0,5,ཞབ,zhab,True,6268,2a7d2e1d23507f8e7c926faedb04805534f72e4e54ab39035ad47998a4a1ae4d
21_0_6--zham.mp3,syllable_mp3,syllable,21,0,6,ཞམ,zham,True,8776,276d7e96a4b6516dc9fb3060b9a2febf739bea75498e1532a9baed561be4a01a
21_0_7--zha'.mp3,syllable_mp3,syllable,21,0,7,ཞའ,zha',True,8776,b3d0e98aead3b656b89879b17331a1361da05c36cb3087cfe2b2b9686d200805
21_0_8--zhar.mp3,syllable_mp3,syllable,21,0,8,ཞར,zhar,True,7940,bfdedb096d737122a8665b284632aeee38f7e1de84a1bc0e9bf5b166867b434e
21_0_9--zhal.mp3,syllable_mp3,syllable,21,0,9,ཞལ,zhal,True,8776,b28c8970c612f0beaf2b0dd27c18dbabe5b100ec169847c6b0a8399212f1f435
21_0_10--zhas.mp3,syllable_mp3,syllable,21,0,10,ཞས,zhas,True,9612,ae0a96476bda1cac7f8ae4f4a1c9f740937e5c599e3c8f0a1cba9a2c3bf7555f
21_1_0--zhi.mp3,syllable_mp3,syllable,21,1,0,ཞི,zhi,True,8776,95791a607c5c10e521bcb6b37270ec48699b9a70c4750e54fcc80388708aa601
21_1_1--zhig.mp3,syllable_mp3,syllable,21,1,1,ཞིག,zhig,True,7104,33bf9f38fe89fe7b43bad0bc943c61483a66ad46f89ef965276cd17373813fa0
21_1_2--zhing.mp3,syllable_mp3,syllable,21,1,2,ཞིང,zhing,True,8776,d014e6ab1894e878cecf0dcc3fb1ed635164a29a40f6494db7ffb0d5eb70d1d1
21_1_3--zhid.mp3,syllable_mp3,syllable,21,1,3,ཞིད,zhid,True,7104,5eafeb0b12445e942ee4326a3ee73a79576d61498193afc5c2143971a42f9ee7
21_1_4--zhin.mp3,syllable_mp3,syllable,21,1,4,ཞིན,zhin,True,8776,df758bb52f0ca076b133dc4979fe7249cf7e4d303237d2885b77e58ed2b05a68
21_1_5--zhib.mp3,syllable_mp3,syllable,21,1,5,ཞིབ,zhib,True,6268,9b6c4aef6a7c30698f84aacda1e06c44f0e220568c3573e112d3958c19078281
21_1_6--zhim.mp3,syllable_mp3,syllable,21,1,6,ཞིམ,zhim,True,7940,ae4b5bbd46265d04e09f6a95f94443b88f2a201e15888668ee04be6471fe4c17
21_1_7--zhi'.mp3,syllable_mp3,syllable,21,1,7,ཞིའ,zhi',True,8776,fa60adcf7e543c94b01f6a623c2811fc8f5b3aa12193a09c2a874db0a0d9ee89
21_1_8--zhir.mp3,syllable_mp3,syllable,21,1,8,ཞིར,zhir,True,7940,9e6e7d1878bd3b24f29ca93356162e4c8ceecea643798758a4e84e7afec3e4fe
21_1_9--zhil.mp3,syllable_mp3,syllable,21,1,9,ཞིལ,zhil,True,8776,103aea6408d83dce14a5a534b2a8b58ad88b8036f8cc9db61ec077ff8ad6fd02
21_1_10--zhis.mp3,syllable_mp3,syllable,21,1,10,ཞིས,zhis,True,10448,d24d01ee373cc42cf8bed626726296876ca9b433973f3d75bd8dcd846df7c2da
21_2_0--zhu.mp3,syllable_mp3,syllable,21,2,0,ཞུ,zhu,True,8776,d3afde87992bf1854d85be9269b120b6ae7dc898212751ed29c9e750f1a2d548
21_2_1--zhug.mp3,syllable_mp3,syllable,21,2,1,ཞུག,zhug,True,7940,1426d98bc550ced40be8f8e3d5304918279c1fd2e5ea61ec9614f771af83f35c
21_2_2--zhung.mp3,syllable_mp3,syllable,21,2,2,ཞུང,zhung,True,9612,26ac93190de48f613fa410456ebf9db97d32b4fe9e9734522ab5daa53e20563a
21_2_3--zhud.mp3,syllable_mp3,syllable,21,2,3,ཞུད,zhud,True,7940,b6ac076cf8c1437d110bd3dad4db710f68a929044d683c729f45cc36195e6950
21_2_4--zhun.mp3,syllable_mp3,syllable,21,2,4,ཞུན,zhun,True,8776,fd8c33b858e2422f82144766589e274d6d8b90ce9bfbd2f298d26d125352a764
21_2_5--zhub.mp3,syllable_mp3,syllable,21,2,5,ཞུབ,zhub,True,7104,6df5c22f90916486b2e2af7d42342d4eec0ab2f2258546c08034e7048ea150a4
21_2_6--zhum.mp3,syllable_mp3,syllable,21,2,6,ཞུམ,zhum,True,9612,72b7564e7245145508f2666ca9ae7f7172b48af84619f19a55b5e10b70427d99
21_2_7--zhu'.mp3,syllable_mp3,syllable,21,2,7,ཞུའ,zhu',True,10448,ecf7b7f09af0a89b0f14849cfa63ba822f535b7ba2c9e93dd38d6b38486cc400
21_2_8--zhur.mp3,syllable_mp3,syllable,21,2,8,ཞུར,zhur,True,7940,62f3c231ec4e200a56cf7ecb3c4aa2ba16b8c2bb903fb6397295fc375ee0945e
21_2_9--zhul.mp3,syllable_mp3,syllable,21,2,9,ཞུལ,zhul,True,8776,fc4c55e323153ca37bc3cf9ef42abb6db09e8df7827c914190976c00643a0d26
21_2_10--zhus.mp3,syllable_mp3,syllable,21,2,10,ཞུས,zhus,True,10448,7015ff123c2cd1a389fd3f97294b96488500468431f0e55d273e59a4b1c9b81c
21_3_0--zhe.mp3,syllable_mp3,syllable,21,3,0,ཞེ,zhe,True,8776,a589bf52a98d7e3f9db55cb8d2718ebc34f01b860fccba3c71697a5554a1f2e5
21_3_1--zheg.mp3,syllable_mp3,syllable,21,3,1,ཞེག,zheg,True,7104,d9c8ff4fd9611eb60e1e3dc9406120cffcec0832dac5b15c313ca4297a2dfca5
21_3_2--zheng.mp3,syllable_mp3,syllable,21,3,2,ཞེང,zheng,True,8776,a51722274efc8f146fc3543125a109106348d4d5f809e3f1a885f65887ed5a9a
21_3_3--zhed.mp3,syllable_mp3,syllable,21,3,3,ཞེད,zhed,True,7940,b682fb620117dd245f462464a687183a145beafd1844bc0bb6b357ee5fdc5b58
21_3_4--zhen.mp3,syllable_mp3,syllable,21,3,4,ཞེན,zhen,True,8776,5b2525599d53736730d9d46b3b5512a0199abe285481070e9da0c0d7e1554def
21_3_5--zheb.mp3,syllable_mp3,syllable,21,3,5,ཞེབ,zheb,True,7104,b18055ae5979b4becc3ab021b5bb5f2239af23fef2a3beae8366e9c796bf22a0
21_3_6--zhem.mp3,syllable_mp3,syllable,21,3,6,ཞེམ,zhem,True,8776,8e6978e2c646c6a9951de1c07aedb74863f6c080b2d63ed8fa75d2cdc84b7f6f
21_3_7--zhe'.mp3,syllable_mp3,syllable,21,3,7,ཞེའ,zhe',True,8776,4aedeb2a6f95dfc9f1ddf5bb07d399831a39d62c7efaaf3441b6073214492764
21_3_8--zher.mp3,syllable_mp3,syllable,21,3,8,ཞེར,zher,True,7940,30fdab3c01b6f854ea06c654963f12f42f648337797b7c08458ecd5dbf81ecbd
21_3_9--zhel.mp3,syllable_mp3,syllable,21,3,9,ཞེལ,zhel,True,8776,fabdc6bdf541ff13474d0688f1423dbed87fb02d3e5b3d67bfcc435107ed269f
21_3_10--zhes.mp3,syllable_mp3,syllable,21,3,10,ཞེས,zhes,True,10448,05f50f6d90ef7fa9dbc5a1b5ba98dda4424615a44239a54e47a886b74386139a
21_4_0--zho.mp3,syllable_mp3,syllable,21,4,0,ཞོ,zho,True,8776,8f94f373279bf6d443919decda146bb38e95cab6bfe4efab44179c4d535eb272
21_4_1--zhog.mp3,syllable_mp3,syllable,21,4,1,ཞོག,zhog,True,7104,18c239a70d430a7de52b5bc148688a31b9b2e12fd5f5addb0017c63e37d5c2ba
21_4_2--zhong.mp3,syllable_mp3,syllable,21,4,2,ཞོང,zhong,True,8776,68cc7e7d6e068875973a68cdb7777b41ee0eefc9adbe0b4d12fd70c831a07042
21_4_3--zhod.mp3,syllable_mp3,syllable,21,4,3,ཞོད,zhod,True,7104,2502d5d88bf67d75edf867ee99f612caf4b2b93c10ef9707370020ccb425b117
21_4_4--zhon.mp3,syllable_mp3,syllable,21,4,4,ཞོན,zhon,True,8776,17371f217c35420e356b3ce2ddc8b0d6dad1caa25f58674dfc9f8201171a52f5
21_4_5--zhob.mp3,syllable_mp3,syllable,21,4,5,ཞོབ,zhob,True,7104,3e73d00a6531255bb5746bbb0fb7510c864a28215036cc4f9aaf9eea6d231595
21_4_6--zhom.mp3,syllable_mp3,syllable,21,4,6,ཞོམ,zhom,True,8776,2d6b0dd9975b6de4e47c5b2071d792d59aa809d254ed45cc56d6b8d3feaa6d81
21_4_7--zho'.mp3,syllable_mp3,syllable,21,4,7,ཞོའ,zho',True,9612,6c9649ec0a26ba72f19ca9d5c461cb6e716fc891b1e3503d9a0fdfef7641da39
21_4_8--zhor.mp3,syllable_mp3,syllable,21,4,8,ཞོར,zhor,True,7940,25a28108ad57e9c71a1a006881ad31a8c11f2115dbb44f7cd0ff7098f02b2165
21_4_9--zhol.mp3,syllable_mp3,syllable,21,4,9,ཞོལ,zhol,True,8776,1552e450016b88bc63c1e84bc9a6ab196f8c979d39739d3c9d586e358a879af9
21_4_10--zhos.mp3,syllable_mp3,syllable,21,4,10,ཞོས,zhos,True,9612,c739536de6e4e54faba310f2f26e53e768877db2240fe24bab57597c7d947eb8
22_0_0--za.mp3,syllable_mp3,syllable,22,0,0,ཟ,za,True,9612,17637d4424271e58ebd9487287500ff26d17733a05bc1ef493a6f63cd0ce4972
22_0_1--zag.mp3,syllable_mp3,syllable,22,0,1,ཟག,zag,True,7940,9d3bff8b5b0ff0715b4232f1a71a8e9f82b04a303ca1a761946e41a15a22d2d9
22_0_2--zang.mp3,syllable_mp3,syllable,22,0,2,ཟང,zang,True,8776,0e569d00429629b79c5dd5a24ab3e65322720fc27e044b525bc5bb3802a80539
22_0_3--zad.mp3,syllable_mp3,syllable,22,0,3,ཟད,zad,True,7940,cd3627300fde3f2225e8e902ac150b802b71a6116f15f8ec533fca13bdede191
22_0_4--zan.mp3,syllable_mp3,syllable,22,0,4,ཟན,zan,True,9612,70e2dfa9af465887082e97b9112f60bc218b445e08469d0952b97f83e1e85a7d
22_0_5--zab.mp3,syllable_mp3,syllable,22,0,5,ཟབ,zab,True,7104,1fc189e0f58ba7f1d509e80349aec85793403e6cb11cb0eba36eea35c945c84a
22_0_6--zam.mp3,syllable_mp3,syllable,22,0,6,ཟམ,zam,True,8776,f0c25cb85a4ab8297134382a31239cb5d485524bc59bb6e57139a655e25d1d73
22_0_7--za'.mp3,syllable_mp3,syllable,22,0,7,ཟའ,za',True,9612,ab02ccc72f7fb9ff1980c6ace5f023c3f226a82e10e9b82b7d32665ff97069cc
22_0_8--zar.mp3,syllable_mp3,syllable,22,0,8,ཟར,zar,True,8776,315252f411e49910c1816e9999f4a7ec08fd305686bddfb81d52136ef12af03e
22_0_9--zal.mp3,syllable_mp3,syllable,22,0,9,ཟལ,zal,True,8776,7caa572d4c3594446970c30c91c836bbf81ddeca2d272ddef0ad7e8fed0ee43b
22_0_10--zas.mp3,syllable_mp3,syllable,22,0,10,ཟས,zas,True,9612,bccafe6a752f3db0ff42905566ac3cddc9a8680f3c70c82e50ea10c70cf3297b
22_1_0--zi.mp3,syllable_mp3,syllable,22,1,0,ཟི,zi,True,9612,6b0efaa5f7a01e9d55364a58e162b581a630f8dab27c4b9ef7ca605afc2b816f
22_1_1--zig.mp3,syllable_mp3,syllable,22,1,1,ཟིག,zig,True,7104,83eb0bd75dd4c1f11870739bc65e41af954001be4f60280e9c9da0f61a2c7b86
22_1_2--zing.mp3,syllable_mp3,syllable,22,1,2,ཟིང,zing,True,9612,4ef0433b82e028781956171f657f0c7435273abe4e968f9e0d9ac413884ed6a3
22_1_3--zid.mp3,syllable_mp3,syllable,22,1,3,ཟིད,zid,True,7940,e8ad22c52f9f8c1dd360554065d4636c4388d0ff02559c521dc7a7f2ec6186de
22_1_4--zin.mp3,syllable_mp3,syllable,22,1,4,ཟིན,zin,True,8776,34848caae4b3f815c0401861fe3c550b9c495e36372bc4c6094cf3779ca63d12
22_1_5--zib.mp3,syllable_mp3,syllable,22,1,5,ཟིབ,zib,True,7104,21834f9a4291e87e884f7550b5dfd9e81bc4fc2b9d794b7a827d76f0e7156fd9
22_1_6--zim.mp3,syllable_mp3,syllable,22,1,6,ཟིམ,zim,True,9612,c8a1d25470666f74c8f2399d2b6dbafbacdd2be0ddd4e96424b8d36da0eb4f5e
22_1_7--zi'.mp3,syllable_mp3,syllable,22,1,7,ཟིའ,zi',True,9612,f7c031a617fb0c6c933d9069e4d73bb2d992fe7c7af3dd0af65749bc820eb384
22_1_8--zir.mp3,syllable_mp3,syllable,22,1,8,ཟིར,zir,True,7940,4ea9b06007bd036df9cc438155e50d9719618dba510b09c0758abae12a768a85
22_1_9--zil.mp3,syllable_mp3,syllable,22,1,9,ཟིལ,zil,True,8776,67be7961080a2dbf21c334ab7844c4a90f0d19b8a099f89f9aa503872df89f04
22_1_10--zis.mp3,syllable_mp3,syllable,22,1,10,ཟིས,zis,True,10448,875ddcba2bbf3ede8372ee3251148adad658aeac71c04b4d27575090fde30684
22_2_0--zu.mp3,syllable_mp3,syllable,22,2,0,ཟུ,zu,True,9612,e960fbfcec440af729aded950d6765cc63d07d79203c57ff3206d6a0d30b1194
22_2_1--zug.mp3,syllable_mp3,syllable,22,2,1,ཟུག,zug,True,7104,8b0ed53841615ecb4e64d0db16fb9f14737b63c574b35aa3914d15a80fd91f8d
22_2_2--zung.mp3,syllable_mp3,syllable,22,2,2,ཟུང,zung,True,9612,286a4ceb9b12dd5adfa92a184b1b0546e882c3b74ce224cbc386b0322642e041
22_2_3--zud.mp3,syllable_mp3,syllable,22,2,3,ཟུད,zud,True,7940,1de9780e82badaec6c7dfcce0174d724daab2f7815b3bf97a3ad8450f374ee3b
22_2_4--zun.mp3,syllable_mp3,syllable,22,2,4,ཟུན,zun,True,8776,629c1d50c399bcb5ee4d21f3f1d30340c0ad3b0ab2dc50c8650de44ac116ca1c
22_2_5--zub.mp3,syllable_mp3,syllable,22,2,5,ཟུབ,zub,True,7104,670393504f8f159f4d367471603241e01cc0f95c223670e24bb7e0616d8d55b5
22_2_6--zum.mp3,syllable_mp3,syllable,22,2,6,ཟུམ,zum,True,8776,5afb18ba9ae4ac2ee26854391ec1278fe6478cd8f71dd44a715b05e6f1487886
22_2_7--zu'.mp3,syllable_mp3,syllable,22,2,7,ཟུའ,zu',True,8776,6b5a164ea529604ac9584951efb773e6d0dbd67765eefcc267156340fea3ad32
22_2_8--zur.mp3,syllable_mp3,syllable,22,2,8,ཟུར,zur,True,7940,65f45d5e8835ebd57a4d4f7c45da1a9d6821d509c7d09f825629d92c30d72833
22_2_9--zul.mp3,syllable_mp3,syllable,22,2,9,ཟུལ,zul,True,9612,f8438689edb566bb0f8b719239f10662615baa91b001d586777c1cd8795cea31
22_2_10--zus.mp3,syllable_mp3,syllable,22,2,10,ཟུས,zus,True,9612,e54d342c2ac5c2417660647921e0aedec11445ab8ff33227372334040014afda
22_3_0--ze.mp3,syllable_mp3,syllable,22,3,0,ཟེ,ze,True,9612,20a920f3aa95490c4842f75d82e9167495eabfac587f9e7a87809f74823a4234
22_3_1--zeg.mp3,syllable_mp3,syllable,22,3,1,ཟེག,zeg,True,7104,04c69fc2881cfe60d99d1206d94f6307c489e3b9b575476052deb3efd38ec5fb
22_3_2--zeng.mp3,syllable_mp3,syllable,22,3,2,ཟེང,zeng,True,8776,80a307311b0e040e8e85d479adedad815f8d5abde41d01b1a020fad69e61df14
22_3_3--zed.mp3,syllable_mp3,syllable,22,3,3,ཟེད,zed,True,7104,418ffc70e4a8f154c184308eac95da2e44a7ea8aa14e37f989c8a244958c5794
22_3_4--zen.mp3,syllable_mp3,syllable,22,3,4,ཟེན,zen,True,9612,46c1984c2a7b0a28bc0c2ad27233d87101a4beb73cbc33a336b84eacd19eab9b
22_3_5--zeb.mp3,syllable_mp3,syllable,22,3,5,ཟེབ,zeb,True,7104,01f59ef57acc6e43f37415c972b73f13c5cc3c2d2934be65c4cd01155530f04a
22_3_6--zem.mp3,syllable_mp3,syllable,22,3,6,ཟེམ,zem,True,8776,83bf14deceaead60e238a39351db1e8d887b5cfbbe39f645b3dd32c8a450f4a5
22_3_7--ze'.mp3,syllable_mp3,syllable,22,3,7,ཟེའ,ze',True,10448,96bad7d6ea5cd38988731d2de2711c7d8a92350dd38062d605517469c6707848
22_3_8--zer.mp3,syllable_mp3,syllable,22,3,8,ཟེར,zer,True,7940,095c497719d89fcab4d554d7d1db91c85ff3cb597ff54dd92a0a0489b358fa83
22_3_9--zel.mp3,syllable_mp3,syllable,22,3,9,ཟེལ,zel,True,8776,72379e06236c3982bfaac72135ac45fbc0a6260c2b744ab11d48cf7e07ea1afb
22_3_10--zes.mp3,syllable_mp3,syllable,22,3,10,ཟེས,zes,True,9612,e00a1eac884d95f9875a62d04dedb5253cfd464cef3676ab7c740cc0c77220e0
22_4_0--zo.mp3,syllable_mp3,syllable,22,4,0,ཟོ,zo,True,8776,9a0a44db2b6942b5a546321f3714196e0aa49d847773f12bb4c9c6b4f53cdd48
22_4_1--zog.mp3,syllable_mp3,syllable,22,4,1,ཟོག,zog,True,7104,e704eaf24961d3d659019a6bc4e88e64d0472acf019b7188b2309f83bc6478e2
22_4_2--zong.mp3,syllable_mp3,syllable,22,4,2,ཟོང,zong,True,8776,425c22251a670b9cdb206c52b7a1fcc8f60ab93ab8b0750aafa3b3158ea11451
22_4_3--zod.mp3,syllable_mp3,syllable,22,4,3,ཟོད,zod,True,7940,88b6c05170a99d482fcb19388bf8a2ec83562a0d4f3b0d538056e98a4cabcfa9
22_4_4--zon.mp3,syllable_mp3,syllable,22,4,4,ཟོན,zon,True,9612,bcf3eda43be891cdd83a8a326cef93378da55897f14aeedb594c1e7d9ee45080
22_4_5--zob.mp3,syllable_mp3,syllable,22,4,5,ཟོབ,zob,True,7104,22690a7717bf3688eafb6195b6ae8321f1d114c47ad1f7e92996e609bf17edd6
22_4_6--zom.mp3,syllable_mp3,syllable,22,4,6,ཟོམ,zom,True,7940,330cce63466aa49d5c3adcecfb30bd368a327720a8e8378197387d03115a3221
22_4_7--zo'.mp3,syllable_mp3,syllable,22,4,7,ཟོའ,zo',True,8776,feb98204e36df4cbb13f35d21d9dcdc3f392b5e985fdd8fb46d20f3d27a2453a
22_4_8--zor.mp3,syllable_mp3,syllable,22,4,8,ཟོར,zor,True,7940,fbb3bb9e4ea37f8a16182dddcaa96049869e11789147bef0f0cf13783f7a41a1
22_4_9--zol.mp3,syllable_mp3,syllable,22,4,9,ཟོལ,zol,True,8776,1c109dc02b78bfafd884e31bf8baa6cc932d9b3be7b8407406a719eba12edfd5
22_4_10--zos.mp3,syllable_mp3,syllable,22,4,10,ཟོས,zos,True,9612,a453bb51a7b31054037b41f0d48a07c5b20d97111f6787e4b60057529d040070
23_0_0--'a.mp3,syllable_mp3,syllable,23,0,0,འ,'a,True,7940,616f5318376cbd767acbeab5bcf6591c51de38b2db7cd7736994d15581657a49
23_0_1--'ag.mp3,syllable_mp3,syllable,23,0,1,འག,'ag,True,5432,9bf5d72fdb4ebf60cb1098314cd37cb2ffae375a98fce27d9b0d93077600a261
23_0_2--'ang.mp3,syllable_mp3,syllable,23,0,2,འང,'ang,True,7104,86892fce17a67f42d84f579602d79919c5909ae40fe29b60b1c40588831306e7
23_0_3--'ad.mp3,syllable_mp3,syllable,23,0,3,འད,'ad,True,6268,60ef3f7c3022b4dca538f0fec03df628f2c238dbd6eb8da2fd021f0dbed8e1fb
23_0_4--'an.mp3,syllable_mp3,syllable,23,0,4,འན,'an,True,7104,5e5e92e14ea38d8e91139b135b872faa5eb368f1623e7f2d2795a4b5b93583ef
23_0_5--'ab.mp3,syllable_mp3,syllable,23,0,5,འབ,'ab,True,5432,2f0d39c9522571c36fe193170896a916fc698b9561e496645560a798b65fde60
23_0_6--'am.mp3,syllable_mp3,syllable,23,0,6,འམ,'am,True,7104,0674aa0e05ba1334244b3823d74106cd2e63fde52f32574f61d209912d79bfbb
23_0_7--'a'.mp3,syllable_mp3,syllable,23,0,7,འའ,'a',True,7940,244886b0920048bcc3bdca23fc70ed0a59117ce3053b77426d4ab37db0c436d6
23_0_8--'ar.mp3,syllable_mp3,syllable,23,0,8,འར,'ar,True,6268,fd7651ccfd9ce7bb0c51a541698c2a38e3d70b9d14b94ecb2336b2539596671d
23_0_9--'al.mp3,syllable_mp3,syllable,23,0,9,འལ,'al,True,6268,d2080ec16f7629ed4597a6bfdf91b485015b5620ff3cfb88307d565a169a2a67
23_0_10--'as.mp3,syllable_mp3,syllable,23,0,10,འས,'as,True,7940,ab038c1955eea9259a9b171d302e00e3df42db7bf3de014b22388f8669c643d6
23_1_0--'i.mp3,syllable_mp3,syllable,23,1,0,འི,'i,True,8776,633c1a8bfb8c80724e1732cc5a36cc9e8a8412e930bebf13e05b523085cd0538
23_1_1--'ig.mp3,syllable_mp3,syllable,23,1,1,འིག,'ig,True,5432,812f2084c71ffee9093a7edfcba2cd8af8de5f059d81d13b5ae61f32d5a5e953
23_1_2--'ing.mp3,syllable_mp3,syllable,23,1,2,འིང,'ing,True,7940,0c44102e6f9356f93ca9175fb71e4cf64050f7d381db94f51e077a325defc0e7
23_1_3--'id.mp3,syllable_mp3,syllable,23,1,3,འིད,'id,True,5432,ec4db64d430bc89d62a32b9899f873eeaa6cd729df9ad1cff69d8ea31e9395d3
23_1_4--'in.mp3,syllable_mp3,syllable,23,1,4,འིན,'in,True,6268,e940b950e39b3280536260cb27b87e8b070cabedcf6d08f9d52a93c9552b7092
23_1_5--'ib.mp3,syllable_mp3,syllable,23,1,5,འིབ,'ib,True,5432,18e4a1879f8cb618e4a8aadf4891dcb777a8a1d973042e388cd5dc4b543b1db8
23_1_6--'im.mp3,syllable_mp3,syllable,23,1,6,འིམ,'im,True,7104,6c35ce6b9cb867dfc1d2268e1831b1fce2110f27cbb4c78cc1b7e5e19c1cb1b4
23_1_7--'i'.mp3,syllable_mp3,syllable,23,1,7,འིའ,'i',True,7940,6e905c60797dee0a71f10776bd2960d973a328b3fbf312149814f0dcbcb104d9
23_1_8--'ir.mp3,syllable_mp3,syllable,23,1,8,འིར,'ir,True,7104,c3b7da2338c0bf32079b8baa13a35751b27ef48d8fb44d77939438b0029cf8ba
23_1_9--'il.mp3,syllable_mp3,syllable,23,1,9,འིལ,'il,True,6268,940f27d4afa13f6c55db612b2e4fa26a406cada1e5f0414decb8d9c9c53868c3
23_1_10--'is.mp3,syllable_mp3,syllable,23,1,10,འིས,'is,True,9612,2072ec1b603e9d7dacc541c7e70b34a0ac3b69406d9297f28c3fc1dd7a1d59df
23_2_0--'u.mp3,syllable_mp3,syllable,23,2,0,འུ,'u,True,7522,e09e45a506c5333ec02dad6046d36433da5a38e51d6efedeb0561e86921c86bc
23_2_1--'ug.mp3,syllable_mp3,syllable,23,2,1,འུག,'ug,True,6268,7a37973d311a9adc477474b1acdccb03a87a8d307d3c3ae10b00276a708615e0
23_2_2--'ung.mp3,syllable_mp3,syllable,23,2,2,འུང,'ung,True,7940,c8143f0f06f95f8f075211b7ffa45e35e99871ede543699e320de3ee4075538d
23_2_3--'ud.mp3,syllable_mp3,syllable,23,2,3,འུད,'ud,True,6268,d80b39128efc354070fcb8f81db0a40ab6ac5134265ace9db51ee5c6be6f2926
23_2_4--'un.mp3,syllable_mp3,syllable,23,2,4,འུན,'un,True,7940,4f13df9fec7e4e2c23a45d5b9afb76faedb3e341e08f1a3445f586638e5a520b
23_2_5--'ub.mp3,syllable_mp3,syllable,23,2,5,འུབ,'ub,True,5432,92b8a9d1ad4fc6ae1c494718afe1dd36f2f1ccb7cf6841a4de79b3f1ce3233f9
23_2_6--'um.mp3,syllable_mp3,syllable,23,2,6,འུམ,'um,True,7940,d2f44000a57a98dc95166cd3e3722ab027ae64e41f2135201eccf9ccf8511015
23_2_7--'u'.mp3,syllable_mp3,syllable,23,2,7,འུའ,'u',True,8776,f68f2c4369bce9de0819e43229fdb2936f48440398bd4da88cf81c11297a0bab
23_2_8--'ur.mp3,syllable_mp3,syllable,23,2,8,འུར,'ur,True,7104,e8a57f2e6cd546e2ce536dbe7d4c3d2e9f2bc6281fb3ba65e497eee9af324300
23_2_9--'ul.mp3,syllable_mp3,syllable,23,2,9,འུལ,'ul,True,7104,9aa4d31ad9d9a5c3d60ff1c1cfd245525883d1a724ec37f4321b72bafe6c721b
23_2_10--'us.mp3,syllable_mp3,syllable,23,2,10,འུས,'us,True,8776,ad2166be79170137a56ddb292898176ae6ce17e1c6af492e8f086d584e30ea02
23_3_0--'e.mp3,syllable_mp3,syllable,23,3,0,འེ,'e,True,7940,e27c469ec103f43e8df046e86f93c31f184eede14a429cb8bc33bac56909d723
23_3_1--'eg.mp3,syllable_mp3,syllable,23,3,1,འེག,'eg,True,7940,66bb99c372cb9bc6928b4a41c8516c9487bed92f4a3d18a049e17ae74a2d6287
23_3_2--'eng.mp3,syllable_mp3,syllable,23,3,2,འེང,'eng,True,7104,c41eadaf4404406fd3e63ba11603a2e83241c80509f192324dbe6ecc648797cd
23_3_3--'ed.mp3,syllable_mp3,syllable,23,3,3,འེད,'ed,True,6268,26dd13d7dcfbe8bef4cf0d4cf2be4c8def226bab25eb1168c90b03da1e28566d
23_3_4--'en.mp3,syllable_mp3,syllable,23,3,4,འེན,'en,True,7104,520ab15c39876df78c00e41c2f338d9330a8005c4ede8fc6ac0e0c0261cf8085
23_3_5--'eb.mp3,syllable_mp3,syllable,23,3,5,འེབ,'eb,True,5432,aee7d391af4cb0c15859b8a5e6432c00c8f881ec6aa25a0f7b924c53243998e8
23_3_6--'em.mp3,syllable_mp3,syllable,23,3,6,འེམ,'em,True,7104,1519f8519cc83115a8b5cf526a24a09e88f2612afb26fd7ec025a35796d0de46
23_3_7--'e'.mp3,syllable_mp3,syllable,23,3,7,འེའ,'e',True,7940,7998df1059eaa2d98477cc980c38c0e02ed9e1f2a471923fcd90df90dc87d5d2
23_3_8--'er.mp3,syllable_mp3,syllable,23,3,8,འེར,'er,True,6268,02682ecfdd701bcb1980a4c66a2cabf14531176e93619a582eb428ff55780c92
23_3_9--'el.mp3,syllable_mp3,syllable,23,3,9,འེལ,'el,True,7104,36dfddaa702b2e8193947bbce9c95bbbb30eacb4bf0664ee54e537e355f494de
23_3_10--'es.mp3,syllable_mp3,syllable,23,3,10,འེས,'es,True,8776,1d6680a9d8743ba8ef790971f6a3272ea2eed35f1332d79821d033feb6ba51e6
23_4_0--'o.mp3,syllable_mp3,syllable,23,4,0,འོ,'o,True,7104,a2b33b65ec2252e30780bb24805649ff9bf701a38fbfeb5d23ad464dbd7bdb75
23_4_1--'og.mp3,syllable_mp3,syllable,23,4,1,འོག,'og,True,6268,619a11e1ad429d736449c3a5a90d99ecf724fd66ecf7f63e957240d0c66c90fa
23_4_2--'ong.mp3,syllable_mp3,syllable,23,4,2,འོང,'ong,True,7940,899d321e0130479307d3ef9e1557a16534e8c9bac815c018c5c633b61175fe3d
23_4_3--'od.mp3,syllable_mp3,syllable,23,4,3,འོད,'od,True,7104,e80fc63c3707624dad27858ecab4275129451057f34616655d0ba3d4b93bbf9f
23_4_4--'on.mp3,syllable_mp3,syllable,23,4,4,འོན,'on,True,7104,e5c651c4934aa4c584130386b424c66b7ec9f4357d4cd298c18b2682a524754e
23_4_5--'ob.mp3,syllable_mp3,syllable,23,4,5,འོབ,'ob,True,5432,17e1b84838ef9e0887f0dfe16bd75e2238956efdaf25ab5be2785e4472852890
23_4_6--'om.mp3,syllable_mp3,syllable,23,4,6,འོམ,'om,True,7104,7f5c16d4f0844840ba7de0f8122e005052bb888185f77d9b9b9d8e0f82057304
23_4_7--'o'.mp3,syllable_mp3,syllable,23,4,7,འོའ,'o',True,8776,3eda932c2bc3f020f0e094581896026d22abaa65ca3a690f03a55e8b49a5d3ec
23_4_8--'or.mp3,syllable_mp3,syllable,23,4,8,འོར,'or,True,7104,6c9f19b993ee5924e240036e7f14883671b26e96291dcb19e1cce6ae97a22a22
23_4_9--'ol.mp3,syllable_mp3,syllable,23,4,9,འོལ,'ol,True,7940,13c450e3bf503f417d70259864e8cc8fc90750ba9c928d939e6ed5ddb9fef3a5
23_4_10--'os.mp3,syllable_mp3,syllable,23,4,10,འོས,'os,True,9612,16e29e2d46315ec7411f5b15f91e3d94981307bf2161d636f4d7dfa9fd44a1e2
24_0_0--ya.mp3,syllable_mp3,syllable,24,0,0,ཡ,ya,True,7940,2e8f522f47372afaab91a10a6f6cb73cc0e131085db2243de4135eefff265778
24_0_1--yag.mp3,syllable_mp3,syllable,24,0,1,ཡག,yag,True,6268,60ab624a05a425a0c0b0173535b7fecdf9f6d32a90cb2a3c5aabf97a89f26e13
24_0_2--yang.mp3,syllable_mp3,syllable,24,0,2,ཡང,yang,True,7940,87e6ba222ab3e51a75c12e9acb652c4bfeb3910bc32f9e44b112dfc3c911ecbb
24_0_3--yad.mp3,syllable_mp3,syllable,24,0,3,ཡད,yad,True,6268,8b7ff83bc78c7dc264d995c9248bd7403464adf58f7d0c214223d5a70d7b5bd6
24_0_4--yan.mp3,syllable_mp3,syllable,24,0,4,ཡན,yan,True,7940,f0afb4a7baaa692e4d269bf960ad2a2e92dc13fb3b99d35e0eaaa66f35697c78
24_0_5--yab.mp3,syllable_mp3,syllable,24,0,5,ཡབ,yab,True,5432,909ee1ee0f1479844f709b678a597b2029fce8e041c5ceef06503974ee16b574
24_0_6--yam.mp3,syllable_mp3,syllable,24,0,6,ཡམ,yam,True,7940,39b00c8a00453bb3ddcf7c08f34437f434dddd463e68993b916642453c55c8f5
24_0_7--ya'.mp3,syllable_mp3,syllable,24,0,7,ཡའ,ya',True,8776,fc2cdf80bd2169e5471f2de7293fcc377ddb84c60851e35cdbb987ea15c1fa2c
24_0_8--yar.mp3,syllable_mp3,syllable,24,0,8,ཡར,yar,True,6268,021d7fa5aa6c53dc890338805625f2537a8c993e8366f3af6081ee51f3066d53
24_0_9--yal.mp3,syllable_mp3,syllable,24,0,9,ཡལ,yal,True,7940,22b4fe10553dcc0b39d921d3b897ad0bd14362090db7f91222f10f3c93a077a4
24_0_10--yas.mp3,syllable_mp3,syllable,24,0,10,ཡས,yas,True,7940,e71b9165ee517ec4fea6388f5505e56851349e1b722ce16606ce64fd0522a2f9
24_1_0--yi.mp3,syllable_mp3,syllable,24,1,0,ཡི,yi,True,9612,a7eceb1f2ee6568b117133ad3f75bf5561ac7be381ae36cabaf69002ce6f87eb
24_1_1--yig.mp3,syllable_mp3,syllable,24,1,1,ཡིག,yig,True,5432,c052e634f8fbc3df3e9b418a7d7c0f60955458a81c0e20c69e8e2908f991d3b3
24_1_2--ying.mp3,syllable_mp3,syllable,24,1,2,ཡིང,ying,True,7940,df322939db86ecc13be0673cdde22ebc009e6efa3a604f20f2214dab8105d254
24_1_3--yid.mp3,syllable_mp3,syllable,24,1,3,ཡིད,yid,True,6268,a760575bfd1e556bb9ecb8439ba3ab4a64b7464c1ed90ba271ba9c0bdace8d9d
24_1_4--yin.mp3,syllable_mp3,syllable,24,1,4,ཡིན,yin,True,7940,b9f753786c86f0da33e8c4dcb0906a70453454572eaeb60ba4b635ca3dc0f680
24_1_5--yib.mp3,syllable_mp3,syllable,24,1,5,ཡིབ,yib,True,6268,d77051f7de29ac28e363c1ac34af4895a6ee6ef8365006994c07395ebe6a4326
24_1_6--yim.mp3,syllable_mp3,syllable,24,1,6,ཡིམ,yim,True,7940,e5f110da4d5d8c4fe96b059bb0e4e8a3de25d652369f0eb0c8aa220d6cb853ee
24_1_7--yi'.mp3,syllable_mp3,syllable,24,1,7,ཡིའ,yi',True,7940,52d158d438290a71ce1ec5a1ab1dacdfceffcf15e2703beee1363c291c8b839b
24_1_8--yir.mp3,syllable_mp3,syllable,24,1,8,ཡིར,yir,True,6268,3ab39d083fb67c3a771d822d076d5bb1a857c9d174213c017f44961297ed1343
24_1_9--yil.mp3,syllable_mp3,syllable,24,1,9,ཡིལ,yil,True,7104,0587b60efc875ec2cc86e3bbda8e3cb266427e7f4daaaed0954eb17fa4242a9d
24_1_10--yis.mp3,syllable_mp3,syllable,24,1,10,ཡིས,yis,True,8776,b99b81c129536383d50ed8c65bd9a2c375e3de997860cec61647cab443d73251
24_2_0--yu.mp3,syllable_mp3,syllable,24,2,0,ཡུ,yu,True,7940,0e538f030b07b1ed9a0d42f801fe167a1120fc9a8702115210ad46e7dc1635a9
24_2_1--yug.mp3,syllable_mp3,syllable,24,2,1,ཡུག,yug,True,5432,e2985728279d93db3c0789225c12bc16a091f5735c61fb9c92c60989b6a39f77
24_2_2--yung.mp3,syllable_mp3,syllable,24,2,2,ཡུང,yung,True,8776,8fe5ba302c231cfb85a2dbb3e1a1c93050649ea09b2b43559e894fe8e073c8e8
24_2_3--yud.mp3,syllable_mp3,syllable,24,2,3,ཡུད,yud,True,7104,fd4c34fe33c923bf052f58e67e24cdb17b16587a41166c30f2e490561c3e0941
24_2_4--yun.mp3,syllable_mp3,syllable,24,2,4,ཡུན,yun,True,7940,7f9420cbe0b2fe128e4ac0adbb9fcf09ab5decb00791e23b5eb8e8e03cdc27ec
24_2_5--yub.mp3,syllable_mp3,syllable,24,2,5,ཡུབ,yub,True,5432,e86449f69bb209464c62ecff1876898ac75acf55eeddf1574bc08c921c080b8a
24_2_6--yum.mp3,syllable_mp3,syllable,24,2,6,ཡུམ,yum,True,7940,12ef0ebeaaf66fe8364d2cceffcf99adc3c1f3077a1148d18aa2d0d9641abf97
24_2_7--yu'.mp3,syllable_mp3,syllable,24,2,7,ཡུའ,yu',True,7940,f7df923a55798c9ebe0b9a783c367b0c5f1b00338c98612553ae5b9d400e1252
24_2_8--yur.mp3,syllable_mp3,syllable,24,2,8,ཡུར,yur,True,6268,1c55bf53d9cc494f37a46492ad06a935ff0a78bdcb0816baee6e6aaacfebd145
24_2_9--yul.mp3,syllable_mp3,syllable,24,2,9,ཡུལ,yul,True,7940,d110cc5442dea4d3b61b702a192581b35f039297d1aa09755fce6e383f0cfd9f
24_2_10--yus.mp3,syllable_mp3,syllable,24,2,10,ཡུས,yus,True,9612,d23ec87128373dcca3eee742190165e0c500c8f9f15c977ad4c60e59b5b5203a
24_3_0--ye.mp3,syllable_mp3,syllable,24,3,0,ཡེ,ye,True,7940,7ceb7071a7bb548a7d39830132c1915125f8dfb3dcee902c1c1fc56a3b77ac59
24_3_1--yeg.mp3,syllable_mp3,syllable,24,3,1,ཡེག,yeg,True,7104,f4607012d5ca2becacf9f7df5e468c4f793245fafbc37dbb12055171b593c1c5
24_3_2--yeng.mp3,syllable_mp3,syllable,24,3,2,ཡེང,yeng,True,7940,7a0118f6a6e548cbefa442205766827c775f0818d115570bc06ca9e9f0f6249f
24_3_3--yed.mp3,syllable_mp3,syllable,24,3,3,ཡེད,yed,True,6268,f5bf78d014a63223a0d53d8957bfdf72ce32ccdfa33666733fe14e4227c4aaea
24_3_4--yen.mp3,syllable_mp3,syllable,24,3,4,ཡེན,yen,True,7940,63171548c4976bb16ff0e548f4ecd6fbf724a0a7092c3e7a041f9fe0c0847ed1
24_3_5--yeb.mp3,syllable_mp3,syllable,24,3,5,ཡེབ,yeb,True,6268,c6e5c60e991b557a0a7c5d47aba8fdad7f714ae61809631109f255767deb5209
24_3_6--yem.mp3,syllable_mp3,syllable,24,3,6,ཡེམ,yem,True,7940,7b32403dfb3cd21f689a89d69ddecf4c78ee14503c809d5595d2c04ba245b2da
24_3_7--ye'.mp3,syllable_mp3,syllable,24,3,7,ཡེའ,ye',True,8776,b3032db286d81e829483bb2dac804ff9658c12eb18ae7ac15c8bb72acb2e1336
24_3_8--yer.mp3,syllable_mp3,syllable,24,3,8,ཡེར,yer,True,7104,a00de0388b0466dc55adbd6e0fcd9bcf7a1b1e3452396bdea694f4eb2e3a4fb5
24_3_9--yel.mp3,syllable_mp3,syllable,24,3,9,ཡེལ,yel,True,7940,af0813929b6b226953a9c16cbaedf727d0b870bea544ff1262f6bb543512bf4e
24_3_10--yes.mp3,syllable_mp3,syllable,24,3,10,ཡེས,yes,True,9612,53855b1f4310af597b87b26d43c5c8197a2f3f818b4aa97895998b9c156039d7
24_4_0--yo.mp3,syllable_mp3,syllable,24,4,0,ཡོ,yo,True,7940,e4935bff5712f55cdb98a481f401c2b5b1fd1edf9ff99554af4052f5917e9b94
24_4_1--yog.mp3,syllable_mp3,syllable,24,4,1,ཡོག,yog,True,6268,b1b96176c1bdc6a28ec68770b941433d33471417094c7d1e63051c88f14bf8c0
24_4_2--yong.mp3,syllable_mp3,syllable,24,4,2,ཡོང,yong,True,7940,35d430f21df5df20d270e26d35f93fd889211b97895589b492bdb3b9f58a53ff
24_4_3--yod.mp3,syllable_mp3,syllable,24,4,3,ཡོད,yod,True,7104,79cccaba1d5b4684a4559bf81ff5f9b7e31f326144f30ef5e1822f24fe25f98e
24_4_4--yon.mp3,syllable_mp3,syllable,24,4,4,ཡོན,yon,True,7940,bb9d8b9f5510d9a6b3bdf024782d21a228b704a7aa6de71c99035bea4e050624
24_4_5--yob.mp3,syllable_mp3,syllable,24,4,5,ཡོབ,yob,True,5432,70db5eed61d483b335a1833424952f8c0df7abdc4746acc8e27f78f6b6739920
24_4_6--yom.mp3,syllable_mp3,syllable,24,4,6,ཡོམ,yom,True,7940,21b3c165a2b2074f3be4665df1eb91057d2bd1ea0e857239f36dadfe3acfcb76
24_4_7--yo'.mp3,syllable_mp3,syllable,24,4,7,ཡོའ,yo',True,7940,1a2a2bd2960d105f33f550a34a7e68da797c96a41cc1d7fab872181b2418929d
24_4_8--yor.mp3,syllable_mp3,syllable,24,4,8,ཡོར,yor,True,7104,5d300cab615b24051a896b71e9d80e8cfdcf9e70ca653f101fe5e0abab517a71
24_4_9--yol.mp3,syllable_mp3,syllable,24,4,9,ཡོལ,yol,True,7940,82a40da0f3c9a7c72321e07864a9bc462f5cb10b91cf89ebf28b065675941c5f
24_4_10--yos.mp3,syllable_mp3,syllable,24,4,10,ཡོས,yos,True,9612,f2965850672e7c6c570748a4f3752c5f93cfa0d663fcb018adc245bada8dcc9a
25_0_0--ra.mp3,syllable_mp3,syllable,25,0,0,ར,ra,True,6268,f3a8b652cf03d487d9c9e7136a1423c8df4b8e93fab267d5a71f969faf745cfa
25_0_1--rag.mp3,syllable_mp3,syllable,25,0,1,རག,rag,True,6268,4e174f288ec99e06a0d7b1f24de2f40cc97f22fe534b9a40a029a1ce45daf71f
25_0_2--rang.mp3,syllable_mp3,syllable,25,0,2,རང,rang,True,6268,e36aa529c4f584761d6ab02e65fe9a696ae28a2c4219d0d1084ab2005e28d081
25_0_3--rad.mp3,syllable_mp3,syllable,25,0,3,རད,rad,True,6268,0249de35439b46e7154447cb33cc0ca80c82ce639a793aba38552f1f824d8546
25_0_4--ran.mp3,syllable_mp3,syllable,25,0,4,རན,ran,True,7104,8ce8ff48d617a00b0f5d030cf7c8895ec8bd96f9cc493a3eaffbd8a3e1f8e28a
25_0_5--rab.mp3,syllable_mp3,syllable,25,0,5,རབ,rab,True,5432,b4953de801ae0ead9f99e952dce08bf987c24107387e4f54c6505ecf6e92833c
25_0_6--ram.mp3,syllable_mp3,syllable,25,0,6,རམ,ram,True,7104,35b94759bf15ffb722b159036efa2520737d7c22dd069336281774cdc30df09c
25_0_7--ra'.mp3,syllable_mp3,syllable,25,0,7,རའ,ra',True,7104,8126bd1a83c0f0066ca0389f5c2b864df635ad4410448a9e4ba24e4da6e9dcc3
25_0_8--rar.mp3,syllable_mp3,syllable,25,0,8,རར,rar,True,6268,755f19cf8b402d2d557cf47cab010572b6b4191391ab740f75a36160ba55c0f5
25_0_9--ral.mp3,syllable_mp3,syllable,25,0,9,རལ,ral,True,7104,724075ffe512a8fcdb367c21b4a069abd36f7108a00194176f1ca0557bf65169
25_0_10--ras.mp3,syllable_mp3,syllable,25,0,10,རས,ras,True,7940,4c0362ca99bedbc93e66ace0d0d4fe1f677d34b743801291349ae3b51ace512f
25_1_0--ri.mp3,syllable_mp3,syllable,25,1,0,རི,ri,True,7104,7fe49ae4b2103f86685515a4f891396454a330db378a0fcc02870951c6c933f3
25_1_1--rig.mp3,syllable_mp3,syllable,25,1,1,རིག,rig,True,5432,9e20c0cdc771c5b8be837ad0690781fbdc67ead87a2355c0bf17a22c885bd713
25_1_2--ring.mp3,syllable_mp3,syllable,25,1,2,རིང,ring,True,7104,2b4099b6b02f180e6440f5676172ed8faa7332559f55b183e88cf1336c5718f5
25_1_3--rid.mp3,syllable_mp3,syllable,25,1,3,རིད,rid,True,6268,12536d74e594a8a7938a252611e7316210cbd8585592323f8d1a111fba962dce
25_1_4--rin.mp3,syllable_mp3,syllable,25,1,4,རིན,rin,True,7940,638de3c369f6d9161fee4a7511dc52aaae5220236b6fc6ff2b5e6d4b035d7632
25_1_5--rib.mp3,syllable_mp3,syllable,25,1,5,རིབ,rib,True,4596,c1b89152fe13835f5f11977167533fd2a99735a3f1d8be48d892fc30d61d0960
25_1_6--rim.mp3,syllable_mp3,syllable,25,1,6,རིམ,rim,True,7104,56c031316a08c6126169bfcc6030011b224d014cca0a195c1425d6e05e1369f5
25_1_7--ri'.mp3,syllable_mp3,syllable,25,1,7,རིའ,ri',True,7104,55d50cdfa5642f053a9ee3838d50361dc16517fe7a3bb001bcba98f302337bf3
25_1_8--rir.mp3,syllable_mp3,syllable,25,1,8,རིར,rir,True,7104,9fa00ec06f667d38056d0d45f5c99fd91fcd5f38a4e9b22875fbce8417d6102a
25_1_9--ril.mp3,syllable_mp3,syllable,25,1,9,རིལ,ril,True,6268,a286abf4f3882d13c0016ebca678c76a022cdedf2d06e37e2a84f16964c72f37
25_1_10--ris.mp3,syllable_mp3,syllable,25,1,10,རིས,ris,True,8776,423cd0eb5595da88e2649ede335a1a03d0857e05b9bd8d99cc964f360b778789
25_2_0--ru.mp3,syllable_mp3,syllable,25,2,0,རུ,ru,True,7104,22f2f1c8f38ba3310a4109ba181277fbaf2c76046813b86f23bfd2fa956a4802
25_2_1--rug.mp3,syllable_mp3,syllable,25,2,1,རུག,rug,True,6268,2eebc3c9a698ac7f773e49631cba5eab3d0ede65f2f05d48ebfa0bf0cf119f28
25_2_2--rung.mp3,syllable_mp3,syllable,25,2,2,རུང,rung,True,7104,531c8653560e5c48a6505ff43238c92db1eba61c609b9bb0604cd7bdd86d9e1a
25_2_3--rud.mp3,syllable_mp3,syllable,25,2,3,རུད,rud,True,6268,79a2c6a6ca917cbfae15714492adf220432cc86bc40d27d57903ab46aeab2f35
25_2_4--run.mp3,syllable_mp3,syllable,25,2,4,རུན,run,True,7940,36115cc92b9649fb1aef868230c4f9026839d03dc24880882d055a2358c830ed
25_2_5--rub.mp3,syllable_mp3,syllable,25,2,5,རུབ,rub,True,5432,ba0013b94b4bc023e49aacfb49f73a27deb06cfbdb8cf371ec04824a147db276
25_2_6--rum.mp3,syllable_mp3,syllable,25,2,6,རུམ,rum,True,7940,7b0fd6fb18eac133c7724cd190eb25f9f911c10b70e2411fd89f3cfa89a50bb2
25_2_7--ru'.mp3,syllable_mp3,syllable,25,2,7,རུའ,ru',True,7940,cad1e811ca582bb988e54a5c2b9031db457c005120c2c0152506265332d7c0b6
25_2_8--rur.mp3,syllable_mp3,syllable,25,2,8,རུར,rur,True,7104,c8c56bba3c7eaca201646bbe95c816b9e7f506fdc27292193bb1fec5d5166ec7
25_2_9--rul.mp3,syllable_mp3,syllable,25,2,9,རུལ,rul,True,6268,c24c2cdcf3b6ad1186e6c697a2f15a60b60606c7517166d9ac39b9f847d6d078
25_2_10--rus.mp3,syllable_mp3,syllable,25,2,10,རུས,rus,True,7940,4e53294224e8e88ccbb338a2e5f842326ed2b6111658cc902fdea3e92610515e
25_3_0--re.mp3,syllable_mp3,syllable,25,3,0,རེ,re,True,7104,1786c55782d366c5f3a42c70c9a7c757b9d7d6863246f2a9112640807fc7c955
25_3_1--reg.mp3,syllable_mp3,syllable,25,3,1,རེག,reg,True,5432,7d6180f3f90e21c5b52015cc6e151070ec250f43c7854a1a99058b50a2773380
25_3_2--reng.mp3,syllable_mp3,syllable,25,3,2,རེང,reng,True,7940,da52368f956b5533431b25f5ceb7934d7af019e50974117798289a6b39857f8e
25_3_3--red.mp3,syllable_mp3,syllable,25,3,3,རེད,red,True,6268,daeca0344269ac6afe1714f779eadc3ecc5f2972c1c1ec620fd33bfad0ac8f3c
25_3_4--ren.mp3,syllable_mp3,syllable,25,3,4,རེན,ren,True,7940,a3ba5d4aefd91ee2efef6fb3bd8658998f779b31a777fd54ac15d3329ce51a2d
25_3_5--reb.mp3,syllable_mp3,syllable,25,3,5,རེབ,reb,True,6268,aba8760ad7256fd9cf00328a6df38db093d8e059525623fb751b53bb8228255a
25_3_6--rem.mp3,syllable_mp3,syllable,25,3,6,རེམ,rem,True,7104,b61c5b71d0998eecefed3fe58338bd17fd01673010f07dac6acdf8aa5e172a13
25_3_7--re'.mp3,syllable_mp3,syllable,25,3,7,རེའ,re',True,7940,a8691de6e88d5d73134db990c627abb44b283b1549d35b596639071ea12c3d7d
25_3_8--rer.mp3,syllable_mp3,syllable,25,3,8,རེར,rer,True,7940,83f5ad3672bdeb5be198bc0bd80a8ea153dba892b7a376d248986473d147ebef
25_3_9--rel.mp3,syllable_mp3,syllable,25,3,9,རེལ,rel,True,7104,21cbd2e848d4b36bc6a5093d5f90cc716315f9a54b9bc11d15023c269925d464
25_3_10--res.mp3,syllable_mp3,syllable,25,3,10,རེས,res,True,7940,9d007ac4b88c89fcb186ff9e12e83f19f9da0daf6c590e53352138752441651e
25_4_0--ro.mp3,syllable_mp3,syllable,25,4,0,རོ,ro,True,7104,2d6e512b5494966671a893e5fd73f6af8a2b97546c0493b11ee08092d35086ac
25_4_1--rog.mp3,syllable_mp3,syllable,25,4,1,རོག,rog,True,6268,871b05fe781b895436ba303e17420621d468dde0ebd3ec4f84e01bd46d5883da
25_4_2--rong.mp3,syllable_mp3,syllable,25,4,2,རོང,rong,True,7104,fee35555bec3f5d46ea7f33d9bfabef7df5ad7c06efaacfd95c4e8dddf7be9c6
25_4_3--rod.mp3,syllable_mp3,syllable,25,4,3,རོད,rod,True,7104,6da3e079e17154e1aac078d29533e922b2f735a7c888f8680c05f957df9acf87
25_4_4--ron.mp3,syllable_mp3,syllable,25,4,4,རོན,ron,True,7940,66f0ebc4f1585deb6338498c03cb2e32931153f4663f09e5562d5982653a52f9
25_4_5--rob.mp3,syllable_mp3,syllable,25,4,5,རོབ,rob,True,6268,f4feba53704961b4158fb1795e19bef69701c7aa6014e8a7a8aba6cb7403888c
25_4_6--rom.mp3,syllable_mp3,syllable,25,4,6,རོམ,rom,True,7104,9bcccfc0b9b910f928625c05b22ba1f7bb7be2e7736f5d9c89225c89199d9f85
25_4_7--ro'.mp3,syllable_mp3,syllable,25,4,7,རོའ,ro',True,7940,88235ba0d79127e69c8000aeccdb1fea84d6f0640eafa18f1f1277b79bd63f15
25_4_8--ror.mp3,syllable_mp3,syllable,25,4,8,རོར,ror,True,6268,8dbd75ad4afde0498ed50ccf26d9835fef13d1dd2ebcac0e41d34344b6fd31af
25_4_9--rol.mp3,syllable_mp3,syllable,25,4,9,རོལ,rol,True,7104,738908c10d956ad12c2be8e0490cc638fc7ed7403696bee2b5df180b4db6c5d8
25_4_10--ros.mp3,syllable_mp3,syllable,25,4,10,རོས,ros,True,7940,ee22a1b151c12632ae93a5d5b295f3d6883dea4f0de34e88951e8af64946e815
26_0_0--la.mp3,syllable_mp3,syllable,26,0,0,ལ,la,True,7104,ac45ab914f35c55db83e663168e4828013248626dbc93110381fcae76c090d07
26_0_1--lag.mp3,syllable_mp3,syllable,26,0,1,ལག,lag,True,5432,b717eb0768a75c44867cb01bb8d5cec1c4902e84ec2199b3e7fa780482591955
26_0_2--lang.mp3,syllable_mp3,syllable,26,0,2,ལང,lang,True,7104,c2b772008880121ebb243d63436ea4d572afe8e884756068cd6affd60b9aee15
26_0_3--lad.mp3,syllable_mp3,syllable,26,0,3,ལད,lad,True,7104,9bb0d5d26ec68ea8dd73046d39449435ba33ece4e79500ff8f8b5923e47638e4
26_0_4--lan.mp3,syllable_mp3,syllable,26,0,4,ལན,lan,True,7940,25500b2cebf3148d6ff801c00f9605e934513fb0a1df2d4a06fcb1ee44a78914
26_0_5--lab.mp3,syllable_mp3,syllable,26,0,5,ལབ,lab,True,6268,72dbfb600e9588071776f4b327e3082f42f6e35b2cd5dfa623860024611ed0f2
26_0_6--lam.mp3,syllable_mp3,syllable,26,0,6,ལམ,lam,True,7104,fd9671c4a18fa0117fe3c2a7bb260b7b0ddebe0ce75f1f8a9a7a64a514eafab0
26_0_7--la'.mp3,syllable_mp3,syllable,26,0,7,ལའ,la',True,7940,a31d6d262bd4e54549f3887b5c743eec1515dd9addbc392d8e0dd59b917a0b12
26_0_8--lar.mp3,syllable_mp3,syllable,26,0,8,ལར,lar,True,7104,f32040cccaee21263c3afb36d74fd35c3eed681b32f961b2d7044261d61cc345
26_0_9--lal.mp3,syllable_mp3,syllable,26,0,9,ལལ,lal,True,7940,68dbf33070eab20beaf85b31b409078a71313eca78f7cf397c51dfbf8f6f00e3
26_0_10--las.mp3,syllable_mp3,syllable,26,0,10,ལས,las,True,7940,b156badf19f5508649c80bed2efc975ed4b88ad2e332832eae613e05be124172
26_1_0--li.mp3,syllable_mp3,syllable,26,1,0,ལི,li,True,7104,9d0796d923b1891926268a0057b64678edd4ece3f55ad23dc0e287256d17d5d5
26_1_1--lig.mp3,syllable_mp3,syllable,26,1,1,ལིག,lig,True,5432,cdb27964ff8d744b0ce7dc20db9db46cd956e86040a6188c821c6c1ecc1548ee
26_1_2--ling.mp3,syllable_mp3,syllable,26,1,2,ལིང,ling,True,7940,edb9801b4460d0b8101b056151cded9118895c239ae354255f1e2aa394d2ab0e
26_1_3--lid.mp3,syllable_mp3,syllable,26,1,3,ལིད,lid,True,6268,06bf683501f34b5b98173dad09336dceaf8651556b387723cec2d80a93d53920
26_1_4--lin.mp3,syllable_mp3,syllable,26,1,4,ལིན,lin,True,7940,ba6a17ea32f45543a476e5c7ae42421bceaaf7315147f44fad0ff9754c4a68fa
26_1_5--lib.mp3,syllable_mp3,syllable,26,1,5,ལིབ,lib,True,5432,8a6b3481ea17c06917901074a7cbedeb5d4371c57617e8bf3129caf12d6d24ea
26_1_6--lim.mp3,syllable_mp3,syllable,26,1,6,ལིམ,lim,True,7940,28ac16e009e10451d59f326a895d4c1a226468762ebf5926629dac4c8c11fa34
26_1_7--li'.mp3,syllable_mp3,syllable,26,1,7,ལིའ,li',True,7104,5d1c2597e786ec8003960989ba808b63671771b8b5429f3b3941ea827a9afbfd
26_1_8--lir.mp3,syllable_mp3,syllable,26,1,8,ལིར,lir,True,7104,13dd38d5c1ed7c6730d7813146f473422cf4553704f0ceb0123a226eb5e26539
26_1_9--lil.mp3,syllable_mp3,syllable,26,1,9,ལིལ,lil,True,7940,ca1188b4b9783f8f996049a37bac0bbfaea3b22c32613ec822bb2158f1714e60
26_1_10--lis.mp3,syllable_mp3,syllable,26,1,10,ལིས,lis,True,8776,95e2389d75bace6f10ec3b8714240de2b8ab606e76418537e4c5d000b6597ae8
26_2_0--lu.mp3,syllable_mp3,syllable,26,2,0,ལུ,lu,True,8776,564b2a7177b12897daccdc4f7d588bd6e12ed46cd0efc9f2c905fbbefc6c0f16
26_2_1--lug.mp3,syllable_mp3,syllable,26,2,1,ལུག,lug,True,5432,3ce582fbd8d8c859ace992f36824a780b91c015c174e73d1ce6964ea8a473690
26_2_2--lung.mp3,syllable_mp3,syllable,26,2,2,ལུང,lung,True,7940,f7e2d63c98e00518335afc9f0f1059ab625a23161192dfde1bb2c789be291740
26_2_3--lud.mp3,syllable_mp3,syllable,26,2,3,ལུད,lud,True,7104,73f3b47ece9a3c757106789afedaf3b5167f553420248b328d1aaaf6a32c8220
26_2_4--lun.mp3,syllable_mp3,syllable,26,2,4,ལུན,lun,True,7940,6c0ce0c481a5af68f990a70c87ac75af1f001f915864c37027a51ad3479cd8e3
26_2_5--lub.mp3,syllable_mp3,syllable,26,2,5,ལུབ,lub,True,6268,4352ce12fdcbd8f04f2e2e12562c6ffb3ef50a6581ad96bf83eb3c3d30b89a0f
26_2_6--lum.mp3,syllable_mp3,syllable,26,2,6,ལུམ,lum,True,7940,3950396e8b823de1056dfab970f5371921c34961f6a75456bdb0f4ca07134119
26_2_7--lu'.mp3,syllable_mp3,syllable,26,2,7,ལུའ,lu',True,7940,1e8e3856d0add29f76a9c122f0b02bba2b362468ddeaa75e9413eb57c6d27bf5
26_2_8--lur.mp3,syllable_mp3,syllable,26,2,8,ལུར,lur,True,7104,13ec878dc919e62ef249a67f35ef25b91d50a7cb0461b7edbb0ba4688c1ca77e
26_2_9--lul.mp3,syllable_mp3,syllable,26,2,9,ལུལ,lul,True,7940,b1d25f86aa7cfe655b72a10b76e1e422e47d49ee280f45ce946f10c43de887a6
26_2_10--lus.mp3,syllable_mp3,syllable,26,2,10,ལུས,lus,True,7940,2c97ab80a6aaca0f3df70a9e6a5eb52249ea13fca6565acd1c2c9d5850ce5174
26_3_0--le.mp3,syllable_mp3,syllable,26,3,0,ལེ,le,True,7940,02683e479d352e5e8711ee1ee410d66bd9ab6775776047514e971f302e8aaa43
26_3_1--leg.mp3,syllable_mp3,syllable,26,3,1,ལེག,leg,True,6268,8d6129226fa1f25c37cc2d0382a7eb8bc5a7ec211e5d2c0ff6c9540285db5986
26_3_2--leng.mp3,syllable_mp3,syllable,26,3,2,ལེང,leng,True,7940,efb35eda2b6ff32cf86650396b783a9aa3ca51935c9bad155465acd8f46cdde9
26_3_3--led.mp3,syllable_mp3,syllable,26,3,3,ལེད,led,True,6268,3c33fa12c457c5d216e2352a0f0ea6531ff5b34e7b98bbbdabd77dc205f7fa06
26_3_4--len.mp3,syllable_mp3,syllable,26,3,4,ལེན,len,True,7940,a39d59d87d886b8544de916da4f5e509e6e6d19bf7a5a771abcb666dc43f648b
26_3_5--leb.mp3,syllable_mp3,syllable,26,3,5,ལེབ,leb,True,6268,502190625732599c6e2d21a72cbdeabc8698e76cacd9c09ebc770b09b218a3af
26_3_6--lem.mp3,syllable_mp3,syllable,26,3,6,ལེམ,lem,True,7940,2be2773077684b242d25eefd830e653d95e9644b3c48f627ded17623a6e5b077
26_3_7--le'.mp3,syllable_mp3,syllable,26,3,7,ལེའ,le',True,7104,93b18676d7a06133b65049bce6d2e7ccbae4413551c480d7ca86ff06ab71e23c
26_3_8--ler.mp3,syllable_mp3,syllable,26,3,8,ལེར,ler,True,6268,b46271de7dbf0f17b7ffcda01f72a57ab997bde2a9d8d8734248b195deadefcf
26_3_9--lel.mp3,syllable_mp3,syllable,26,3,9,ལེལ,lel,True,8776,9ec52d164495374bc236b5f62f1b970956b52f9c2e7e22b51707cb95382ad1f5
26_3_10--les.mp3,syllable_mp3,syllable,26,3,10,ལེས,les,True,8776,3b74871d90478027743de8c986b45b29203881ce920140d3793eac2fd2b5d54d
26_4_0--lo.mp3,syllable_mp3,syllable,26,4,0,ལོ,lo,True,7940,bfad648866d54afa43f1c069ff6a19dafa7dbb0a5a41ae868656f3f73cee11aa
26_4_1--log.mp3,syllable_mp3,syllable,26,4,1,ལོག,log,True,5432,558f96a9b55a9c0e9eae59f52f13241fc02b6335c02abad9273ef79936fff45a
26_4_2--long.mp3,syllable_mp3,syllable,26,4,2,ལོང,long,True,8776,7eb09431f8d40a5385cff57a2fdf0e9cfc644e0159c67dd424f0d7f0adcba7a6
26_4_3--lod.mp3,syllable_mp3,syllable,26,4,3,ལོད,lod,True,7104,498e6ed8940eae7750c08621cc04045ab682f4d0cc3f5b840dd3758a3161a88c
26_4_4--lon.mp3,syllable_mp3,syllable,26,4,4,ལོན,lon,True,7940,620ee8a73cdc6271ddf335153db6d5afed0f6fef11a386ee7b8641aabbaaf965
26_4_5--lob.mp3,syllable_mp3,syllable,26,4,5,ལོབ,lob,True,5432,f50c4f6379cbaf24215e2ecea5e021eb8362371b3280f1af00f20f7c01bf946a
26_4_6--lom.mp3,syllable_mp3,syllable,26,4,6,ལོམ,lom,True,7940,445d79cc06537968c6f25ce8ea8763b1066a1a57c53deaa67fb040478485a658
26_4_7--lo'.mp3,syllable_mp3,syllable,26,4,7,ལོའ,lo',True,8776,19d7fba3cd5548eb5de46f3af087371deb0cb5cee4b0fa4884ae786119d06c43
26_4_8--lor.mp3,syllable_mp3,syllable,26,4,8,ལོར,lor,True,7104,b33452dbeabddd18214dff39886ad696713644e8b536b4dde1203dc3b94304bf
26_4_9--lol.mp3,syllable_mp3,syllable,26,4,9,ལོལ,lol,True,7104,f72e8574a695ac30a00c34f805463a9f7631139a3f50da3e0d98e63addaec5c0
26_4_10--los.mp3,syllable_mp3,syllable,26,4,10,ལོས,los,True,9612,b03d87f700db8b61a7d4c095effe7f45fb95b373cf6ef715fe21d83fc875007d
27_0_0--sha.mp3,syllable_mp3,syllable,27,0,0,ཤ,sha,True,7104,7b9dc687d1c8c29c222947016bc669281540bcb188d767548606646d3cdfc87c
27_0_1--shag.mp3,syllable_mp3,syllable,27,0,1,ཤག,shag,True,7104,19366a14c4062c609c61fbfc2bce5dc0c13689f5fff43c0993c7524689079a4e
27_0_2--shang.mp3,syllable_mp3,syllable,27,0,2,ཤང,shang,True,7940,24b333d15eb1c56825bef96c9375ad7712c1aed908bdf0123ac11d40ca0cde83
27_0_3--shad.mp3,syllable_mp3,syllable,27,0,3,ཤད,shad,True,7104,2767c831fa42e40879fdd1001a6ac9220930e750f68d213aaa2cbba7c6eeaca7
27_0_4--shan.mp3,syllable_mp3,syllable,27,0,4,ཤན,shan,True,7940,8ccb8c7193197520590037bcafc0b70a81f5602aad877102f04bb12fc89be041
27_0_5--shab.mp3,syllable_mp3,syllable,27,0,5,ཤབ,shab,True,6268,74a1bcab7c122fd2073934ad39e5f79179fc04ff2a43645f16bf9671be4e4901
27_0_6--sham.mp3,syllable_mp3,syllable,27,0,6,ཤམ,sham,True,7940,29e6b6432174f5303b5a3bc0f3d2ca73c3fe6d16cb5aa9e1427b1f4092bfcff8
27_0_7--sha'.mp3,syllable_mp3,syllable,27,0,7,ཤའ,sha',True,8776,9ff0c803edfa2ffae74f8ad4fc67fc5751c500f5da16fbbfd8c2066fe41b9151
27_0_8--shar.mp3,syllable_mp3,syllable,27,0,8,ཤར,shar,True,7104,1fd164b13e02e1387bdeb241169156c7959994bc3f369f9835276cf53b032bf3
27_0_9--shal.mp3,syllable_mp3,syllable,27,0,9,ཤལ,shal,True,7940,6203246286279b25510f85e3599fe473693d7f8476eb8fa89216175177445fb3
27_0_10--shas.mp3,syllable_mp3,syllable,27,0,10,ཤས,shas,True,8776,9cb60b22e0b34c973349d5b95b7b587f90ac5ca7d4f954e7084fcdd7d12d5193
27_1_0--shi.mp3,syllable_mp3,syllable,27,1,0,ཤི,shi,True,7104,77dd4e1dedfcb0bf6b5f1f02b4c0a44553089ef8ac8e9d83b06fd65d381d373c
27_1_1--shig.mp3,syllable_mp3,syllable,27,1,1,ཤིག,shig,True,6268,4d8fa1adccb856fc6fbdf1c371fd345c4c69ce0b063ab51fc4817c9539a8b9c0
27_1_2--shing.mp3,syllable_mp3,syllable,27,1,2,ཤིང,shing,True,7940,ab28c92b492324e7eae107b8153ef4f366868d3c898677ceeb4b1f15cb0e0e6b
27_1_3--shid.mp3,syllable_mp3,syllable,27,1,3,ཤིད,shid,True,6268,64082452baf728ce967ec13304b9b959a2a36df7199bc681d68c37e0a204ef40
27_1_4--shin.mp3,syllable_mp3,syllable,27,1,4,ཤིན,shin,True,7940,93e3dc8a53ea81eafb40364bbed382cfeae69ca64889da5b5df19f2a35543f61
27_1_5--shib.mp3,syllable_mp3,syllable,27,1,5,ཤིབ,shib,True,5432,ccb961b4c50f01636965169689a91d58e7f4341aa0aa0a3cf6a344bd596b59f9
27_1_6--shim.mp3,syllable_mp3,syllable,27,1,6,ཤིམ,shim,True,7940,04ce798401af27fca13f261e057c6d56b6015914d174436bb4ebdb1cb9380519
27_1_7--shi'.mp3,syllable_mp3,syllable,27,1,7,ཤིའ,shi',True,7940,ebd01aa0d4c6c37cf8c029c27b68c3ac563dc95b4f941c784643ef7807c5b291
27_1_8--shir.mp3,syllable_mp3,syllable,27,1,8,ཤིར,shir,True,7104,5c559ed8934307645cc54cf283bf1152dfba5820d4a8e2aa38d14486ec912b4f
27_1_9--shil.mp3,syllable_mp3,syllable,27,1,9,ཤིལ,shil,True,7940,7e8895b12a1296a9e9722f47bba2b4cd848e857c017036153a7064f2b9c9f558
27_1_10--shis.mp3,syllable_mp3,syllable,27,1,10,ཤིས,shis,True,8776,57ec35bfea17a00b226a26c91e7f0ecf67289ce7dcf4d909cb037ce4be5e2e67
27_2_0--shu.mp3,syllable_mp3,syllable,27,2,0,ཤུ,shu,True,7940,cf85b9ee8756a496c3507ee940ce1ac4ec80b3c00b344d9d005b3b759cbb05a9
27_2_1--shug.mp3,syllable_mp3,syllable,27,2,1,ཤུག,shug,True,6268,346e1e31fbf6169ea3bc74d4da0f610409879799f58e4506e905bda5a66b292b
27_2_2--shung.mp3,syllable_mp3,syllable,27,2,2,ཤུང,shung,True,7940,e6852eb4edee4400c29410b3fb7634606a77d073423ae9acaaab4f9f14332581
27_2_3--shud.mp3,syllable_mp3,syllable,27,2,3,ཤུད,shud,True,7104,b6c220de890403588fcfe3321121a549f50e25ff9a84f63c46346b5496c2d6ed
27_2_4--shun.mp3,syllable_mp3,syllable,27,2,4,ཤུན,shun,True,7940,62c82cb947e15f9f9a24477a6e5e39d5826159fb944eb04bbf8f39cb3084dbf7
27_2_5--shub.mp3,syllable_mp3,syllable,27,2,5,ཤུབ,shub,True,6268,cee8c9f1cf79b3e45e348ab60fcc1ea6f203c86a4fc0fdf46553f6682d98632f
27_2_6--shum.mp3,syllable_mp3,syllable,27,2,6,ཤུམ,shum,True,7940,cfbf0fdb42f5646ff5a902a2681be7e2f5fafc59df25bed260e3dbc08ac253e9
27_2_7--shu'.mp3,syllable_mp3,syllable,27,2,7,ཤུའ,shu',True,8776,8c8ef06adce604025969e0581de841cf22affb3405ae2c0c7003a20ccf39f454
27_2_8--shur.mp3,syllable_mp3,syllable,27,2,8,ཤུར,shur,True,7104,82b540df17cca10a6d3529e5be80edf5b0a2bf6f4bec5942576c8fe5c6fa2603
27_2_9--shul.mp3,syllable_mp3,syllable,27,2,9,ཤུལ,shul,True,8776,4c59ab0fb6eb0af0e30297132048969cc5090de08fa9d3f4b2d4d172a3a4822c
27_2_10--shus.mp3,syllable_mp3,syllable,27,2,10,ཤུས,shus,True,9612,4e89ac876584253da33bbc5a28d3448939101a3dd0ec06f15b462059eba847d2
27_3_0--she.mp3,syllable_mp3,syllable,27,3,0,ཤེ,she,True,7940,15b22565eea651d13a0e2a4975e29194d14a735eaf6e67850de8f8c1fc343180
27_3_1--sheg.mp3,syllable_mp3,syllable,27,3,1,ཤེག,sheg,True,7104,cf4c7f83fe17faeaad897ffdbb54e0e900c0df9a0138cf8c02d84ea70480c5f5
27_3_2--sheng.mp3,syllable_mp3,syllable,27,3,2,ཤེང,sheng,True,7940,ce93276b02bc11d41b92e3ffee668ea486c4b288737a8e4ee3ca0f565dedd02f
27_3_3--shed.mp3,syllable_mp3,syllable,27,3,3,ཤེད,shed,True,6268,6ed8c27c5e08f38e56ec1df7cdfe317953987928b6a32c6de5b32bcaf425bcd2
27_3_4--shen.mp3,syllable_mp3,syllable,27,3,4,ཤེན,shen,True,8776,3c50c9cb04a72477bdccfe6df3c790d2ddc0b98baa247f67a0ccab7fa3b98a70
27_3_5--sheb.mp3,syllable_mp3,syllable,27,3,5,ཤེབ,sheb,True,7104,97a582bb3200a2584919f01eb12525944ebd568877f9beceb7821ec2f7490846
27_3_6--shem.mp3,syllable_mp3,syllable,27,3,6,ཤེམ,shem,True,7940,d6e4a4b9497a3033d7b905acd0017d193b6e92b834c2ef370bb0c13918e71d12
27_3_7--she'.mp3,syllable_mp3,syllable,27,3,7,ཤེའ,she',True,9612,83168017ec5a45a2ad0238714e92891cc8f6dea5d457954a9df7194d87bbf8a3
27_3_8--sher.mp3,syllable_mp3,syllable,27,3,8,ཤེར,sher,True,7104,bfd71e6f6218496badcd09e45c8495fd7c2f9e7ef0934c08607a87ba1c8793cb
27_3_9--shel.mp3,syllable_mp3,syllable,27,3,9,ཤེལ,shel,True,8776,9c8093dfc15d9f4ef65140a27579f818d0d63f5e7ab44d0b4d4cfb01154a4e7d
27_3_10--shes.mp3,syllable_mp3,syllable,27,3,10,ཤེས,shes,True,9612,3328f475efdfb47729b14be25fc1f3200b106301ebdf8a17914eba93e189c0d9
27_4_0--sho.mp3,syllable_mp3,syllable,27,4,0,ཤོ,sho,True,7940,fe8f2da16b27556549e0f2cd1ee6446bda0c9b975297e0b90cdd796bbbc383bd
27_4_1--shog.mp3,syllable_mp3,syllable,27,4,1,ཤོག,shog,True,7104,cbd3126fb1e324463d869f27457ae0a2d2a9cf7bf2cccacba07bf3100329ea99
27_4_2--shong.mp3,syllable_mp3,syllable,27,4,2,ཤོང,shong,True,7940,282a730d941cf692c35e68a1517983551072f010e3c17454b7d0acdc625fdee8
27_4_3--shod.mp3,syllable_mp3,syllable,27,4,3,ཤོད,shod,True,7104,eef31ab1fa08c68a61870e20afd44df4e4124fd7af953e61a0dbdb29968e60c0
27_4_4--shon.mp3,syllable_mp3,syllable,27,4,4,ཤོན,shon,True,8776,248632f2e743723a0aff83263edf3f71371291586c7842c3a6d5ed6be0fad9e3
27_4_5--shob.mp3,syllable_mp3,syllable,27,4,5,ཤོབ,shob,True,6268,423e943621b1f45cffc4b2ac078af8060f166cf9a737830e735426571fb9f6f3
27_4_6--shom.mp3,syllable_mp3,syllable,27,4,6,ཤོམ,shom,True,7940,357ac2141e78a921e54f9436625faf18dcd8c2817af7818d722b3ea08d46845b
27_4_7--sho'.mp3,syllable_mp3,syllable,27,4,7,ཤོའ,sho',True,8776,f337c198b3638e01fbfd3a4fa2235659af5b97ecd6f349705451a7a46903490b
27_4_8--shor.mp3,syllable_mp3,syllable,27,4,8,ཤོར,shor,True,7104,33c19cec35035385e5e65a4d41f6babb9218fd67d79232e416d62cf4413b9010
27_4_9--shol.mp3,syllable_mp3,syllable,27,4,9,ཤོལ,shol,True,8776,0c30737b7c96d2bbd4756608fbc2a32dd588d4e1d0d574a875b648449215f9a2
27_4_10--shos.mp3,syllable_mp3,syllable,27,4,10,ཤོས,shos,True,9612,bcc0b0b12b8d91da9c18e2610cebf59510099785b6ab08199e201f9a51c60f51
28_0_0--sa.mp3,syllable_mp3,syllable,28,0,0,ས,sa,True,7104,063c20e7600486e971f1b8bd770373edaa1b975764daeddac3e48d12d350c2ea
28_0_1--sag.mp3,syllable_mp3,syllable,28,0,1,སག,sag,True,7104,956806dd71eaf8ab2f635bade54f29d2aec929654f46703b272407d0b9a70b80
28_0_2--sang.mp3,syllable_mp3,syllable,28,0,2,སང,sang,True,7940,0b04c96c416475d054b63937d86affc34bb1418bdcb808916e629743152c5371
28_0_3--sad.mp3,syllable_mp3,syllable,28,0,3,སད,sad,True,7104,f619751c42f703e790c703cf9271b406733d6b5b9166e6768adaa3dbb5d4847a
28_0_4--san.mp3,syllable_mp3,syllable,28,0,4,སན,san,True,7940,aaa8645a49407434a588f230b24b958c0a7b42abaf82305696bd9feaaf4e0bf7
28_0_5--sab.mp3,syllable_mp3,syllable,28,0,5,སབ,sab,True,6268,4b3b5e4fa012f2c20e7e14dd3f0347c8390f029ccc6a42df5e82058868ba0b75
28_0_6--sam.mp3,syllable_mp3,syllable,28,0,6,སམ,sam,True,8776,77d5738631a47d0cb93c7c7d32979281de35fa8ef44fb0705439d332f4acfa90
28_0_7--sa'.mp3,syllable_mp3,syllable,28,0,7,སའ,sa',True,8776,7e76995df652ceaa93c7a8f825e4007ff627547d9bd7b2106a1db9213ae8e05f
28_0_8--sar.mp3,syllable_mp3,syllable,28,0,8,སར,sar,True,7104,0cda6bbbae7b109dcdcbc7f9245e87d8a1ebca73a9c9031b50908ff13a6fce50
28_0_9--sal.mp3,syllable_mp3,syllable,28,0,9,སལ,sal,True,7940,e499b5023bd7149616dae705062f3707f166d5f68b28d43d7b8b87a703b1214a
28_0_10--sas.mp3,syllable_mp3,syllable,28,0,10,སས,sas,True,9612,f884bc61adad1b59dcaa6062a983e83c2e93c810f1b75c99f5fce3b52db030d2
28_1_0--si.mp3,syllable_mp3,syllable,28,1,0,སི,si,True,7940,d7a7d0147ac1a445f87a46246045acbc99d611c3016b7560a0ef0b8fa5a366bd
28_1_1--sig.mp3,syllable_mp3,syllable,28,1,1,སིག,sig,True,7104,420672bc2f7c7089c0810d5efb875fba51c2b2dfb8be2ba1c74c1d505ade5ac3
28_1_2--sing.mp3,syllable_mp3,syllable,28,1,2,སིང,sing,True,7940,9874676dc88148c70a81d1f025c0783005ccdee19d507274b0129a08177cb3c1
28_1_3--sid.mp3,syllable_mp3,syllable,28,1,3,སིད,sid,True,6268,51cedb28a90861418b8b9835504318666d1fcbb43f1dd3246ebd67d60c8e9183
28_1_4--sin.mp3,syllable_mp3,syllable,28,1,4,སིན,sin,True,8776,dae79d86c1b778ca5d9a6b2f392d48c80a2f3823c952857c8915f849ba332680
28_1_5--sib.mp3,syllable_mp3,syllable,28,1,5,སིབ,sib,True,6268,fd372b505166600909bb54fc394b6e725830beb2a64b3ff824e8cd0e254ebe6a
28_1_6--sim.mp3,syllable_mp3,syllable,28,1,6,སིམ,sim,True,7940,7a16dbf71d3077b3756d4f7856f33e786e23529cdb492e69f42f8f6f51e9b520
28_1_7--si'.mp3,syllable_mp3,syllable,28,1,7,སིའ,si',True,8776,4fefce052cd89b36f0bfe9738deb7d1ec6a5f2bc3fafa734480b7c48bff4662a
28_1_8--sir.mp3,syllable_mp3,syllable,28,1,8,སིར,sir,True,7940,3fe3a2e08a2737e001a4e8dfa505bd1651e180acdc133c8bfcaa39b4e986f04e
28_1_9--sil.mp3,syllable_mp3,syllable,28,1,9,སིལ,sil,True,7940,cc1f54dfb08eceeebadcd2207889e86a0c23f7020385141a9a5ca061adcab8b1
28_1_10--sis.mp3,syllable_mp3,syllable,28,1,10,སིས,sis,True,9612,2336a4825295a9200d480f30735c7c16f75a9352978558573b7c259eff6a80c2
28_2_0--su.mp3,syllable_mp3,syllable,28,2,0,སུ,su,True,7104,247d2eb66c14e2a068a053dff0e93ae9caa76b761376b3430fb20cc9969f75e3
28_2_1--sug.mp3,syllable_mp3,syllable,28,2,1,སུག,sug,True,7104,69ad43f5cdc17712c42a98416331e3d5dc7e4d4d8b98432524d6a330b045cade
28_2_2--sung.mp3,syllable_mp3,syllable,28,2,2,སུང,sung,True,7940,140de3b3b65d0c36f40fdce65a903939b70e875e9b11cc5c5eb474e82d1d636a
28_2_3--sud.mp3,syllable_mp3,syllable,28,2,3,སུད,sud,True,7104,044d12531b574483435ec2d4498a7fd6355afba37c6571b3a2716f857cf18df9
28_2_4--sun.mp3,syllable_mp3,syllable,28,2,4,སུན,sun,True,7940,ff1450fcc732b2527a52289406faf8e7bb844a516590de1192bdb3e3b8b99ccb
28_2_5--sub.mp3,syllable_mp3,syllable,28,2,5,སུབ,sub,True,7104,bbcfeb21f6d3f225fd10b346aeab37525126bf21e430729b138871da862be1b6
28_2_6--sum.mp3,syllable_mp3,syllable,28,2,6,སུམ,sum,True,8776,967f0ed8b53d50169587b75ec523f6161b1ded63e14a65acf9587b27e7a5f249
28_2_7--su'.mp3,syllable_mp3,syllable,28,2,7,སུའ,su',True,8776,8e9ee5ed6c44425ae8b7c9e17178e7852d0123721e3cb5300c81a388a4e56082
28_2_8--sur.mp3,syllable_mp3,syllable,28,2,8,སུར,sur,True,7940,a5bab00f84ef70113ddf84551866ae5d86589e5bb449ec9a97b85ddae079afd3
28_2_9--sul.mp3,syllable_mp3,syllable,28,2,9,སུལ,sul,True,8776,b270556755488d9163b3da0cc355d8235ed0def8c7225db4716110e3bb4d938a
28_2_10--sus.mp3,syllable_mp3,syllable,28,2,10,སུས,sus,True,7940,5ca21e410fe60d0399f0b2108d3d98228e96891f30fd837e0ec63710323031a0
28_3_0--se.mp3,syllable_mp3,syllable,28,3,0,སེ,se,True,8776,ee33ba065ee7849e6b3c31725c8128fc4c879e3dfdcaa7fbe47897acc4b4e15c
28_3_1--seg.mp3,syllable_mp3,syllable,28,3,1,སེག,seg,True,7104,4ecdbbea4b8a8f76dc0d2b1db90f07e4885c78fbe051f83e84197f8a7bc79070
28_3_2--seng.mp3,syllable_mp3,syllable,28,3,2,སེང,seng,True,7940,76fab70caca02790043367463633e6bdc88673a2f600d817d6f77a96e348fc14
28_3_3--sed.mp3,syllable_mp3,syllable,28,3,3,སེད,sed,True,7104,d4ca800be015ef312146812304738698c59b77343072392a3f6cde0dceff7a9a
28_3_4--sen.mp3,syllable_mp3,syllable,28,3,4,སེན,sen,True,8776,cec0d73e79d66781d3aa9d23a9207919ab60227d24da530bb037e111af1dcfce
28_3_5--seb.mp3,syllable_mp3,syllable,28,3,5,སེབ,seb,True,6268,1d9ad024e92e01bd92f02c1faca256d933e425f010352aa169e10612a84fdf35
28_3_6--sem.mp3,syllable_mp3,syllable,28,3,6,སེམ,sem,True,7940,5dcf54685a6e59979c874f88eabbaf122513d7d8ce1da7c530ed7aadf3a11d7b
28_3_7--se'.mp3,syllable_mp3,syllable,28,3,7,སེའ,se',True,8776,5f376026b25500b889335c76361946192e31a556ac7e96b999eb8608de5d3805
28_3_8--ser.mp3,syllable_mp3,syllable,28,3,8,སེར,ser,True,7940,2c15d15a9372992da3846adfea35dda7ff13349f692afc745757766d956ff365
28_3_9--sel.mp3,syllable_mp3,syllable,28,3,9,སེལ,sel,True,7940,8b73b5a4a99e1b1b3fed29e0135b38a5c77faa588ab42641d497db1c56272821
28_3_10--ses.mp3,syllable_mp3,syllable,28,3,10,སེས,ses,True,8776,36079303eba2a165ed475e45246ccce2511a36ad5e6fbd541df5bf0cf5ab5ace
28_4_0--so.mp3,syllable_mp3,syllable,28,4,0,སོ,so,True,7104,56561bb19cd54a9974c0f75d073d346d2765ee07e5979e809f6fe51e3875829a
28_4_1--sog.mp3,syllable_mp3,syllable,28,4,1,སོག,sog,True,6268,7019501eec84454a63f2a8b01b19236ee6b3dc3c6780f8b4aedf5357a2b324b6
28_4_2--song.mp3,syllable_mp3,syllable,28,4,2,སོང,song,True,7940,3cef874d6b3f53c853eec84433c0bba3650c4e6e90d698da21d066d860b66c14
28_4_3--sod.mp3,syllable_mp3,syllable,28,4,3,སོད,sod,True,7104,cba074336a1500e027479db223bed5ae68bd0510a7de61e40451555f8905d79e
28_4_4--son.mp3,syllable_mp3,syllable,28,4,4,སོན,son,True,8776,b7f4076896718f29dcf06132f591b6136f2099a50e9eea9332b7209012672c44
28_4_5--sob.mp3,syllable_mp3,syllable,28,4,5,སོབ,sob,True,6268,5faf64253fe265ef0ad953df26d7af0cfed01b8c55ed319a23ef35e0bb2682d6
28_4_6--som.mp3,syllable_mp3,syllable,28,4,6,སོམ,som,True,7940,b8feaf0c9583955f29d71e46be62e3b3fde195e9884951171728d22db6ac9b32
28_4_7--so'.mp3,syllable_mp3,syllable,28,4,7,སོའ,so',True,7104,de5c249f79ff24f41f7bf76cebfad0aab123bd3b6f2e9c372c544cc7ac8b55dc
28_4_8--sor.mp3,syllable_mp3,syllable,28,4,8,སོར,sor,True,7104,30e06fd028a29382dfbde82a0cdb24a12b1ef4312e826c6b1cd484fcff2a6052
28_4_9--sol.mp3,syllable_mp3,syllable,28,4,9,སོལ,sol,True,7940,f14a6a3ce0549d68959502c15e29296933fac43ea2b863f3ea28e04932171481
28_4_10--sos.mp3,syllable_mp3,syllable,28,4,10,སོས,sos,True,8776,e179496fb55683bd7fa29e6370ec0119654eb16905c5d3fafc069a20e78d95ce
29_0_0--ha.mp3,syllable_mp3,syllable,29,0,0,ཧ,ha,True,7940,6f590badb1c3f1c85716c7cafd38163b8e20653247a246e9dfd3af37d0a068e9
29_0_1--hag.mp3,syllable_mp3,syllable,29,0,1,ཧག,hag,True,6268,da947be08f118a1cc5080ce5d79158c7aa6f8a0cd45f81712c9f8e83b0a8e1c9
29_0_2--hang.mp3,syllable_mp3,syllable,29,0,2,ཧང,hang,True,7940,885ab8fb9a4172ee637894bc966c87aa0edcb391e1c698f230e735ddbf1f23d6
29_0_3--had.mp3,syllable_mp3,syllable,29,0,3,ཧད,had,True,7104,1c20daa1c21a684543a21eda62797a3ad4837966538fd4dfb3b1748f7bad3661
29_0_4--han.mp3,syllable_mp3,syllable,29,0,4,ཧན,han,True,7940,cf36714f33ffcc03a52a53580931ae9650d462715242e9393e796842a86ce402
29_0_5--hab.mp3,syllable_mp3,syllable,29,0,5,ཧབ,hab,True,6268,cea138e87dc7f4007c7a5001be26bfc22760ada13f543e00465edd449a25b694
29_0_6--ham.mp3,syllable_mp3,syllable,29,0,6,ཧམ,ham,True,7940,619d32975997510a1460bd6bff1244b076311cc96fc8ac8a2666e898a1dd41b5
29_0_7--ha'.mp3,syllable_mp3,syllable,29,0,7,ཧའ,ha',True,7104,e3f46c7143de8d1fec5e77ea2b036f6d9088a8be76255e7d36be41ab479c3200
29_0_8--har.mp3,syllable_mp3,syllable,29,0,8,ཧར,har,True,7104,c41c538fc68f6bec228d9df852b9d6c6c3d51d2b9cf19aa3260b0dc9f95ee47f
29_0_9--hal.mp3,syllable_mp3,syllable,29,0,9,ཧལ,hal,True,7940,22503a6dfad5b1ef483cea2fb4d50af8104c77e703c629470a25081cd4443ed2
29_0_10--has.mp3,syllable_mp3,syllable,29,0,10,ཧས,has,True,7940,3fd1b760345b05d3d68bc4d0a7c66eaa2f8dffb15cd37e322f5b7449657f686d
29_1_0--hi.mp3,syllable_mp3,syllable,29,1,0,ཧི,hi,True,8776,825f1c0ea1020ebfbbe83a920890151a10b064a2a3444dc0c3168b2e878b1b61
29_1_1--hig.mp3,syllable_mp3,syllable,29,1,1,ཧིག,hig,True,6268,2b155b04bd3509182975d954e1fd1b9ce7ca2dc8dfdaf1a4861199a9e9e44536
29_1_2--hing.mp3,syllable_mp3,syllable,29,1,2,ཧིང,hing,True,7940,66d5f86ec715da1637d24fb3cb2f932586c97821a788d38b01af5397f6776fb8
29_1_3--hid.mp3,syllable_mp3,syllable,29,1,3,ཧིད,hid,True,7104,34435682abf5d767dd9b0a0fc6f84ea02fed57d453bbfe6226fd5e2ac8a29b88
29_1_4--hin.mp3,syllable_mp3,syllable,29,1,4,ཧིན,hin,True,7940,d2984ab81086178eee3c9272c4e87938bf58d8a0226b56af6701f635e3df5e5b
29_1_5--hib.mp3,syllable_mp3,syllable,29,1,5,ཧིབ,hib,True,6268,d061f16772a95f72ecde184c1d7024d23c66b7c010593fde18d8c8496f0663c6
29_1_6--him.mp3,syllable_mp3,syllable,29,1,6,ཧིམ,him,True,8776,d386dc100c67942886de3d339ebb04a34be627c0ed481513eaea6314adfc3f7c
29_1_7--hi'.mp3,syllable_mp3,syllable,29,1,7,ཧིའ,hi',True,8776,8d957e300dc2c0bbc8cf41a76e1e4cef1917b4dfce4b50d5940580930c5344e0
29_1_8--hir.mp3,syllable_mp3,syllable,29,1,8,ཧིར,hir,True,7104,f42f05d2a258a7f97ecd58f8b835aa33054e43dae036baaa0342a0f50730b7c0
29_1_9--hil.mp3,syllable_mp3,syllable,29,1,9,ཧིལ,hil,True,8776,c7ad9d53e838dd75fd3dcb95c2d93c7bb113fd7645ab30e183e501ad54b44164
29_1_10--his.mp3,syllable_mp3,syllable,29,1,10,ཧིས,his,True,7940,d2db418113655f30669f8c5392e68b05a3571300f76e13ccbd0e4b7250a912c2
29_2_0--hu.mp3,syllable_mp3,syllable,29,2,0,ཧུ,hu,True,7104,2a6f008d14d0eea3d35d76771571151f93596a71d366bb57350e42c24b0d7df1
29_2_1--hug.mp3,syllable_mp3,syllable,29,2,1,ཧུག,hug,True,5432,a223cac9eff6ffc16f471a4ef8f4a64029205e8ce6a1cc10c8618502edb14eb1
29_2_2--hung.mp3,syllable_mp3,syllable,29,2,2,ཧུང,hung,True,8776,0590b4ae9c35945b49ca07e1a8d47116e36f3f51674f41ead49ff28032bd6162
29_2_3--hud.mp3,syllable_mp3,syllable,29,2,3,ཧུད,hud,True,6268,ced8e7a25095d361ac47bdb10732c523af90903b9d64d397c68c8b90a5822faa
29_2_4--hun.mp3,syllable_mp3,syllable,29,2,4,ཧུན,hun,True,7104,900d7f582663a92b0201199ed031fde58a51bc428f688bcd1813d6e54a567308
29_2_5--hub.mp3,syllable_mp3,syllable,29,2,5,ཧུབ,hub,True,7104,e786a8853577ad50a42dfee3c9d33a0e524d18b8943658a378a42229d3264a63
29_2_6--hum.mp3,syllable_mp3,syllable,29,2,6,ཧུམ,hum,True,8776,8dd861b2724313900ef141f7242dd292043e5a0bf40fd65186317835096da4f2
29_2_7--hu'.mp3,syllable_mp3,syllable,29,2,7,ཧུའ,hu',True,7104,d0fbe6efc9a69a739270cede9bffb99aa04794516b19c0b9857560f6c2b0024d
29_2_8--hur.mp3,syllable_mp3,syllable,29,2,8,ཧུར,hur,True,7940,da182c4b7b576489e2ff8778b4a39d860cee223fbadf222985c14934edfeedba
29_2_9--hul.mp3,syllable_mp3,syllable,29,2,9,ཧུལ,hul,True,7104,b6850ededbc26e1b0b49d981edbdbfca50094b8597a2734de88f87e04af299f4
29_2_10--hus.mp3,syllable_mp3,syllable,29,2,10,ཧུས,hus,True,8776,bb8f7ee8459b1aeb2af808177cfb4f962301b1075197f144fe4e590e15267f90
29_3_0--he.mp3,syllable_mp3,syllable,29,3,0,ཧེ,he,True,7940,a8d0fcb6503cd5ef6ca08000ce3df32237f2b960e869eafeb575cb90e0e832dd
29_3_1--heg.mp3,syllable_mp3,syllable,29,3,1,ཧེག,heg,True,6268,eee3f0ae72037cf94de2e29217d7225b565d0f6e1c9b47fe49ad57433cdc625d
29_3_2--heng.mp3,syllable_mp3,syllable,29,3,2,ཧེང,heng,True,7940,a1650e8f7f5c0376cea67882c9b53335c89d5cb85f9770c401603a439621ce1b
29_3_3--hed.mp3,syllable_mp3,syllable,29,3,3,ཧེད,hed,True,6686,d7ccef5da55e605582c398f00b55a96c055daca3aecdedac4309b19b21922456
29_3_4--hen.mp3,syllable_mp3,syllable,29,3,4,ཧེན,hen,True,7104,144993ce65f9f210b36986a9f7b7cb5252e7924b491032d686ffd7bfb10c33fc
29_3_5--heb.mp3,syllable_mp3,syllable,29,3,5,ཧེབ,heb,True,5432,99b09326b697b67d28864b04bc5c3bbed0ba58f763c2eef6571e9b0730a7fd67
29_3_6--hem.mp3,syllable_mp3,syllable,29,3,6,ཧེམ,hem,True,7104,c70f537e6efbb465523693146ffa10a946dd0b9298a997d708756dd05a932a66
29_3_7--he'.mp3,syllable_mp3,syllable,29,3,7,ཧེའ,he',True,7940,72e365f26ddd9b47539f069ba7bd3d717f650ee20d8387752f13291b5423b7e3
29_3_8--her.mp3,syllable_mp3,syllable,29,3,8,ཧེར,her,True,7104,7dd7ac95a08c43ee7df5314976998a743487dafe5f02228265a119a746cf725f
29_3_9--hel.mp3,syllable_mp3,syllable,29,3,9,ཧེལ,hel,True,7940,f37b23e8efd4a1fe92391b14d07f778ffbfb4a1d140ed231d66495329f86a0f2
29_3_10--hes.mp3,syllable_mp3,syllable,29,3,10,ཧེས,hes,True,7940,3dee52cd49cfb28b175d09825612130c041c4c7e52c0117da5571ce32b8c61dc
29_4_0--ho.mp3,syllable_mp3,syllable,29,4,0,ཧོ,ho,True,7940,4d254fec1a3c72e65d483b1375c677b20a54a73d126e40f6137f6573b9949c39
29_4_1--hog.mp3,syllable_mp3,syllable,29,4,1,ཧོག,hog,True,6268,eec4cc307755d2527571587fb512ed009411241c1a375884a6443da343405a88
29_4_2--hong.mp3,syllable_mp3,syllable,29,4,2,ཧོང,hong,True,7940,a887957923f15f916d86f1379c5a7942c0e34041dd1f2aea655e887f04b3bbd1
29_4_3--hod.mp3,syllable_mp3,syllable,29,4,3,ཧོད,hod,True,7104,dd952df3443c26f1a9f296845f42305a546b5a7a94bf0dfca5dcdf2a40372066
29_4_4--hon.mp3,syllable_mp3,syllable,29,4,4,ཧོན,hon,True,7104,de6ac14d829c716f1e6e36d5986168f08c99b43138c1d3a747d7655a8afd9f23
29_4_5--hob.mp3,syllable_mp3,syllable,29,4,5,ཧོབ,hob,True,5432,9e8852685e7d886de8fa0ea69c162959dae07041ad1069c9583a2d33e5176733
29_4_6--hom.mp3,syllable_mp3,syllable,29,4,6,ཧོམ,hom,True,8776,a0b7fbbf34e1fb55ab27f825f2ddee45cee8b5f5f09cefc8848473adc1a17eaf
29_4_7--ho'.mp3,syllable_mp3,syllable,29,4,7,ཧོའ,ho',True,7940,335e709fffbe676c0f9e1d7fa2f3a9dc87b62ce831683990554fe1b795472f24
29_4_8--hor.mp3,syllable_mp3,syllable,29,4,8,ཧོར,hor,True,6268,30e8deea6e16cb4dc7200931e0efd83ebee9eefeb04909422eb3966ebcb963bd
29_4_9--hol.mp3,syllable_mp3,syllable,29,4,9,ཧོལ,hol,True,7940,253f584790e130feade929fb3e3641d3e9d492a6fe3155c063a8b1edf000e1b1
29_4_10--hos.mp3,syllable_mp3,syllable,29,4,10,ཧོས,hos,True,8776,01df2b99fe57b52f36259e607d776b7f4a1ff60cc81c265e7bef777381c24d6b
30_0_0--a.mp3,syllable_mp3,syllable,30,0,0,ཨ,a,True,4596,f86eedc8c66bd0aaf7d35141bc1296427f5b8a304d41dba844d24ad3f83a7ec0
30_0_1--ag.mp3,syllable_mp3,syllable,30,0,1,ཨག,ag,True,4596,0dd4ea433cce03d8a5c658d6f30a5cfd2297a9ec3dbd6b979f19baaafa9d8749
30_0_2--ang.mp3,syllable_mp3,syllable,30,0,2,ཨང,ang,True,7104,b096655fe1b9c648d0f93c4e5249bea342ddf711e3b198814e0f40a1da82ecfa
30_0_3--ad.mp3,syllable_mp3,syllable,30,0,3,ཨད,ad,True,5432,7d7e86b0c7aeb6bc3bb4cefe7a05ec2f64eeeaa8cc91d853b981336f29fbf6b2
30_0_4--an.mp3,syllable_mp3,syllable,30,0,4,ཨན,an,True,7104,2d129be26fb79c4a12dd0d3876a9856c6ffa2759a66ecf8a61073952200d07d6
30_0_5--ab.mp3,syllable_mp3,syllable,30,0,5,ཨབ,ab,True,4596,379f9efd3adc009e6d8e1b96fae79f0f2a72e771c1a595c8d996808e893c73f9
30_0_6--am.mp3,syllable_mp3,syllable,30,0,6,ཨམ,am,True,6268,80290a0fa098021364b2d57f1aba8555b7aedd7652efae8e6093fdc22f6682b3
30_0_7--a'.mp3,syllable_mp3,syllable,30,0,7,ཨའ,a',True,6268,5f537e362fdaeb26af28dbab9058c777f2abf97f4ce51ef4245c133e02b788bf
30_0_8--ar.mp3,syllable_mp3,syllable,30,0,8,ཨར,ar,True,6268,c96c8a93a921cbec78d2dc47041d2f54e2681cd14f302e440967637e8e7c2f4e
30_0_9--al.mp3,syllable_mp3,syllable,30,0,9,ཨལ,al,True,7104,2806765e4bba6483f484a07ee81778ec1585f3127b58c04d1d7ba8394ad768ed
30_0_10--as.mp3,syllable_mp3,syllable,30,0,10,ཨས,as,True,7940,4b9967d5406c0eed9c56fc43a8a6524c914fe5e0315707b74adb351f9585ee71
30_1_0--i.mp3,syllable_mp3,syllable,30,1,0,ཨི,i,True,7104,c0c52423f1400bb98b08492dbafa2bc8c35f62c7c6e4f17f6566e35cff2e58aa
30_1_1--ig.mp3,syllable_mp3,syllable,30,1,1,ཨིག,ig,True,4596,3e503849953fc7cf2a19f151ff5709249f9bd357296395de29aadcc3f0de94dc
30_1_2--ing.mp3,syllable_mp3,syllable,30,1,2,ཨིང,ing,True,7104,0b9287472fb3e9f05340c3eec51fb81843bdfcbc3b3b41e174c81e593b8161a5
30_1_3--id.mp3,syllable_mp3,syllable,30,1,3,ཨིད,id,True,5432,ab831ae6d8a2bb2e18d431a27a6dce2a11acb92b561dc263b39d93372fb9040a
30_1_4--in.mp3,syllable_mp3,syllable,30,1,4,ཨིན,in,True,6268,b3bad18a4258821b6c68385c75fc6c2f0e3d68f2965dd7d8555d830d02368dd5
30_1_5--ib.mp3,syllable_mp3,syllable,30,1,5,ཨིབ,ib,True,5432,84f873d7f91fb4009d349af89036429dfdb34a9afc975d12252e783277a957ae
30_1_6--im.mp3,syllable_mp3,syllable,30,1,6,ཨིམ,im,True,7104,d03b96fecc5dc230628f48c29de1c8f4d235043d63e821dc744a940609d9a61a
30_1_7--i'.mp3,syllable_mp3,syllable,30,1,7,ཨིའ,i',True,7104,9f9f93205df9029fd1454f6abea966b31dcc7cede8fb882b5b426660e58baaa5
30_1_8--ir.mp3,syllable_mp3,syllable,30,1,8,ཨིར,ir,True,6268,df54c42cb704d7f8f89083f8fab586985773e9cb909c47ca270e0907e388141a
30_1_9--il.mp3,syllable_mp3,syllable,30,1,9,ཨིལ,il,True,6268,77c6756b33279a3a29795ff904b666e6565748fca84515097fa0783ac908d4a6
30_1_10--is.mp3,syllable_mp3,syllable,30,1,10,ཨིས,is,True,7940,e2abe26c6ffebe153291add4ff40415351b67584d3329632ad87a9b4da6f97ce
30_2_0--u.mp3,syllable_mp3,syllable,30,2,0,ཨུ,u,True,6268,d67c0a1421ab4d9ca660ba5102cf76371c2869e28b3d346128deb8688dbd3119
30_2_1--ug.mp3,syllable_mp3,syllable,30,2,1,ཨུག,ug,True,5432,98768d42872d366e4a37cc06206c274584216f4305c3190fa2351e96040e617d
30_2_2--ung.mp3,syllable_mp3,syllable,30,2,2,ཨུང,ung,True,7104,c338af8333eaddabaa14e26de4474a19feb6e2c2ae2c81961e5bdd5a369c1150
30_2_3--ud.mp3,syllable_mp3,syllable,30,2,3,ཨུད,ud,True,6268,c39cf4cf30b9f240b6174f2b0c5ecc6d41eaddc66f4b87f3cab219f1e6b66487
30_2_4--un.mp3,syllable_mp3,syllable,30,2,4,ཨུན,un,True,7104,bf8767ddd713db357f009b3adb319d70a778d58d6fa31d1329d372a045ab83a8
30_2_5--ub.mp3,syllable_mp3,syllable,30,2,5,ཨུབ,ub,True,5432,3adad1a7e86edeb1cd50186e06ecf60b12fc0301445c8d7c2fb575bc11da2c28
30_2_6--um.mp3,syllable_mp3,syllable,30,2,6,ཨུམ,um,True,7104,f87b26c295dda9f0a2e0376facfa9f118c160dedd3d81fd88808f183296f5e65
30_2_7--u'.mp3,syllable_mp3,syllable,30,2,7,ཨུའ,u',True,7104,d219c243a8e3e01a9529ebcdde28fb7752b12488ab22f9706110b386e19f9538
30_2_8--ur.mp3,syllable_mp3,syllable,30,2,8,ཨུར,ur,True,6268,3d9cc7e94849a0de00df3f605fc3ae08bfd15370f91907ea6ca8e5a58a1001cf
30_2_9--ul.mp3,syllable_mp3,syllable,30,2,9,ཨུལ,ul,True,7104,dbe98b0d614693d27a0ff748f973946064d5dfb569710e28086ae52649c77707
30_2_10--us.mp3,syllable_mp3,syllable,30,2,10,ཨུས,us,True,7940,2131943296d1686f8b721c176a385a71079d33b4572e5cd4f0e988025d4a77a2
30_3_0--e.mp3,syllable_mp3,syllable,30,3,0,ཨེ,e,True,6268,6e16154de9b12494abd6e6b3e1f9deb4d8e5ab7380a4f4c52df78984e65bee56
30_3_1--eg.mp3,syllable_mp3,syllable,30,3,1,ཨེག,eg,True,5432,cb0c069ab31d1943c002531fe8794ad179526bbf16f709117ca6db3ca1e6a152
30_3_2--eng.mp3,syllable_mp3,syllable,30,3,2,ཨེང,eng,True,7104,b6ea004e05e8870128894c389fdedbc9464dcee9140c888c119517024cb8fa0e
30_3_3--ed.mp3,syllable_mp3,syllable,30,3,3,ཨེད,ed,True,6268,9e1d023f72ce7172775efe87d0cf2dc62585081f196b74510d1931b071600eb3
30_3_4--en.mp3,syllable_mp3,syllable,30,3,4,ཨེན,en,True,7104,3df741a6e365bd9584b94d1777ba3591d9ceb614b67a40772bb75c2a12426a11
30_3_5--eb.mp3,syllable_mp3,syllable,30,3,5,ཨེབ,eb,True,5432,c3cffb8e21d9238e7d34ea3ebc25cb8987249c3bbb14f42446e2b7865d301527
30_3_6--em.mp3,syllable_mp3,syllable,30,3,6,ཨེམ,em,True,6268,c2864bf5ceac11ef0ac785cb1ad9874ece50f1d28840f5940c4c9a21b1f280b6
30_3_7--e'.mp3,syllable_mp3,syllable,30,3,7,ཨེའ,e',True,7104,1b82e33ba8713be9f520552b32ab53c5a818b44edbf5d718741625c5772f9406
30_3_8--er.mp3,syllable_mp3,syllable,30,3,8,ཨེར,er,True,6268,ba6ee4591eef7dc41285164775b0beb31372233a72c9560d2495580aa457bc35
30_3_9--el.mp3,syllable_mp3,syllable,30,3,9,ཨེལ,el,True,7104,fe5045a42901895bdb26757e0e6433a525013acf96c0824203ebbc2a5c82b413
30_3_10--es.mp3,syllable_mp3,syllable,30,3,10,ཨེས,es,True,8776,f4abbe8d629b6ff03425872e194142c6b2bfc67e16fdcbd59debb20f919e7ef2
30_4_0--o.mp3,syllable_mp3,syllable,30,4,0,ཨོ,o,True,6268,d10266bfdc8d24e68b624f3bf8ba0f72478820c5f72b7c7b1349445cc5c32006
30_4_1--og.mp3,syllable_mp3,syllable,30,4,1,ཨོག,og,True,4596,cfa90f5eada1db333f1a6c93f2141233ce3b4e6b2e7092151c6bfb54342b24a5
30_4_2--ong.mp3,syllable_mp3,syllable,30,4,2,ཨོང,ong,True,7104,10a98290456891229a311aebc3f3d7eccea40e945459246be7bdcd13754bf585
30_4_3--od.mp3,syllable_mp3,syllable,30,4,3,ཨོད,od,True,6268,0ea7eebbbbf2f2388a5c479f89e768eed7556440ea9d973f9cbcb180ea8c87d7
30_4_4--on.mp3,syllable_mp3,syllable,30,4,4,ཨོན,on,True,7940,3a026caff1f1f4440f8bc2a82995ab77937c6a651517acb2020506d937298ef0
30_4_5--ob.mp3,syllable_mp3,syllable,30,4,5,ཨོབ,ob,True,5432,dc219c9c61f58aa7a43639c250620f06ffcd3bcc280ca7b7ad37a008a0ef1c6c
30_4_6--om.mp3,syllable_mp3,syllable,30,4,6,ཨོམ,om,True,7104,d79e33945c38324e2495736d584f8bcffb0d5754d776200ee8b5e1b1cda5bf37
30_4_7--o'.mp3,syllable_mp3,syllable,30,4,7,ཨོའ,o',True,7104,edfdb61a4698cad17a969c54dd250085e94a0e38579bd27fd4eb0ee0c1d7a545
30_4_8--or.mp3,syllable_mp3,syllable,30,4,8,ཨོར,or,True,6268,330ea9d63ca6f7daa61f933045f2ea541b2757e1a1f62be13ad0249de9d40dc9
30_4_9--ol.mp3,syllable_mp3,syllable,30,4,9,ཨོལ,ol,True,7104,0ad4ef83d9fda1656917e3f32cc78dcebaf340b093e1b58ce130350a18302598
30_4_10--os.mp3,syllable_mp3,syllable,30,4,10,ཨོས,os,True,8776,92a740eb8ac307e4de2035c7b92f87059e30558565d9d3926871b0d188cfbce4
31_0_0--rga-lga.mp3,syllable_mp3,syllable,31,0,0,རྒ / ལྒ,rga/lga,True,6268,0a26cf121b82e8bb8259f66c38e92c4de4e0c58a2568f7826af8f1d17d3d53c7
31_0_1--rgag-lgag.mp3,syllable_mp3,syllable,31,0,1,རྒག / ལྒག,rgag/lgag,True,6268,6f5a5700fda4382de21e4c001be8cdd7e85d8b5d2daf6c7fbc9033bd4ae0ebdc
31_0_2--rgang-lgang.mp3,syllable_mp3,syllable,31,0,2,རྒང / ལྒང,rgang/lgang,True,7104,619750cce7853da881766bd124280f85a00190c5a2cbd28db069cc8e4114c085
31_0_3--rgad-lgad.mp3,syllable_mp3,syllable,31,0,3,རྒད / ལྒད,rgad/lgad,True,6268,6759ff9a7d7ad30d8249a9740702bf745fe9afae1cf0cad0fbb5a837f30bc69a
31_0_4--rgan-lgan.mp3,syllable_mp3,syllable,31,0,4,རྒན / ལྒན,rgan/lgan,True,7940,2341469e40eff496bcbb1032e653f5709090716d676432b5b59e28d1c4108426
31_0_5--rgab-lgab.mp3,syllable_mp3,syllable,31,0,5,རྒབ / ལྒབ,rgab/lgab,True,6268,8addd64dd33b2ce906f5561c4d8d7c37aa6cba2175118b30587692effdadcd80
31_0_6--rgam-lgam.mp3,syllable_mp3,syllable,31,0,6,རྒམ / ལྒམ,rgam/lgam,True,7104,82e69a8ec174468d087931a69ac5522459a8f7fa3d1398adc37595ff7429e570
31_0_7--rga'-lga'.mp3,syllable_mp3,syllable,31,0,7,རྒའ / ལྒའ,rga'/lga',True,7104,ba17ae7ed88656704c7081cb86059b39fc3806b708aa6453490d92c7617e8494
31_0_8--rgar-lgar.mp3,syllable_mp3,syllable,31,0,8,རྒར / ལྒར,rgar/lgar,True,6268,a3a1178fa6ec59786a2a1197c41a7d78b1c8a6857f21bf0cfc8ca6455077c044
31_0_9--rgal-lgal.mp3,syllable_mp3,syllable,31,0,9,རྒལ / ལྒལ,rgal/lgal,True,7104,083e15904b23549d08c94b83a29bc4ba2015437dd46cb14facb8f850edf0928e
31_0_10--rgas-lgas.mp3,syllable_mp3,syllable,31,0,10,རྒས / ལྒས,rgas/lgas,True,8776,7293583eaf8d886c5599314cbaac70c72362f2bfefca36e89db737513169a0cb
31_1_0--rgi-lgi.mp3,syllable_mp3,syllable,31,1,0,རྒི / ལྒི,rgi/lgi,True,8776,a5f8bcd391dc933000e3daa302ae848b87b8eaf7e4a95042bfa9c57d77974733
31_1_1--rgig-lgig.mp3,syllable_mp3,syllable,31,1,1,རྒིག / ལྒིག,rgig/lgig,True,6268,50ff2c48a1a3c1cbca0232535c3d4acd6984eda1df31247ab7a009c43f3caf85
31_1_2--rging-lging.mp3,syllable_mp3,syllable,31,1,2,རྒིང / ལྒིང,rging/lging,True,7940,02ea7e6b362ebd2502bb6fb933a1685496dc308dd332cf9d5e35eeb8e2baf287
31_1_3--rgid-lgid.mp3,syllable_mp3,syllable,31,1,3,རྒིད / ལྒིད,rgid/lgid,True,6268,95e63a43240205fd74e7f8d860a613adbab237f49195b611da6934d7a6098573
31_1_4--rgin-lgin.mp3,syllable_mp3,syllable,31,1,4,རྒིན / ལྒིན,rgin/lgin,True,7940,858b35f833154cd653a98782bfe5d7ded691001e2d6eb6cb90558a8fbb17ab67
31_1_5--rgib-lgib.mp3,syllable_mp3,syllable,31,1,5,རྒིབ / ལྒིབ,rgib/lgib,True,5432,adff497ff8a0b52f6e03ccbccbe5c58a85c2b86d8bb1cc7dd262a219caa35633
31_1_6--rgim-lgim.mp3,syllable_mp3,syllable,31,1,6,རྒིམ / ལྒིམ,rgim/lgim,True,7940,eeb8318d1226a4d554502719abd5b856970d3275d109480076cc3b260869a738
31_1_7--rgi'-lgi'.mp3,syllable_mp3,syllable,31,1,7,རྒིའ / ལྒིའ,rgi'/lgi',True,8776,24c9d880e60a9bda674546d977656759e89169dcaaa397707fe95cbdb8d1ff37
31_1_8--rgir-lgir.mp3,syllable_mp3,syllable,31,1,8,རྒིར / ལྒིར,rgir/lgir,True,7104,85b8ff504231ee987e0f875a66bde6cab8092a92c4af3794b8178ca603bf64f8
31_1_9--rgil-lgil.mp3,syllable_mp3,syllable,31,1,9,རྒིལ / ལྒིལ,rgil/lgil,True,7104,c50fd0dd5ed677db40bef7cf7ebba7ced74683a9d22498ec305a6c7877bf24b2
31_1_10--rgis-lgis.mp3,syllable_mp3,syllable,31,1,10,རྒིས / ལྒིས,rgis/lgis,True,9612,f187ddb6d2b82c9ad02daa7b7841715fa325f0aa394f4ba2ed01023980aaff59
31_2_0--rgu-lgu.mp3,syllable_mp3,syllable,31,2,0,རྒུ / ལྒུ,rgu/lgu,True,7940,761088796fb19f35c014b08b0edb386a6f6e6c1da39c33a6c01ebe589831a015
31_2_1--rgug-lgug.mp3,syllable_mp3,syllable,31,2,1,རྒུག / ལྒུག,rgug/lgug,True,5432,12e46745e2b8e532e90ce5c5fee08927e962ee6b55e08568a1b79a697dd1d171
31_2_2--rgung-lgung.mp3,syllable_mp3,syllable,31,2,2,རྒུང / ལྒུང,rgung/lgung,True,7104,80de4fb5123931a95574f8c6f7371bb322051774da52bc18b2b475011efe0b07
31_2_3--rgud-lgud.mp3,syllable_mp3,syllable,31,2,3,རྒུད / ལྒུད,rgud/lgud,True,7104,2dd85ee5af6795968ad22174b00b0c1e136d0f92b9e834a7e3b18b942f968469
31_2_4--rgun-lgun.mp3,syllable_mp3,syllable,31,2,4,རྒུན / ལྒུན,rgun/lgun,True,7104,b01d070acddc311422f6b1cc69df858aa1b44a5f4a30a65e3fabd5467c98d2ac
31_2_5--rgub-lgub.mp3,syllable_mp3,syllable,31,2,5,རྒུབ / ལྒུབ,rgub/lgub,True,6268,b253d35a1f674ef3de83cf4e73bacc0ed65d870d77eeb2dd268bc637d57b8e20
31_2_6--rgum-lgum.mp3,syllable_mp3,syllable,31,2,6,རྒུམ / ལྒུམ,rgum/lgum,True,7940,d7ebe5dc93a96c007e7e3ef5468b78d19146c65078407da43a00041f942ff035
31_2_7--rgu'-lgu'.mp3,syllable_mp3,syllable,31,2,7,རྒུའ / ལྒུའ,rgu'/lgu',True,7104,380ea596e0556a441edb8e334e6d8f412a68c7fdc392f2a620dfdcf5f7d3bd07
31_2_8--rgur-lgur.mp3,syllable_mp3,syllable,31,2,8,རྒུར / ལྒུར,rgur/lgur,True,6268,da08b76b63cbf80b666badddbd952b6501f1314f531bfa18e6d29cb3f5263ea6
31_2_9--rgul-lgul.mp3,syllable_mp3,syllable,31,2,9,རྒུལ / ལྒུལ,rgul/lgul,True,7104,be4cfefd06f65b4a79a007b208c6df4614fccf71b2ce9d1d6948572270cbe363
31_2_10--rgus-lgus.mp3,syllable_mp3,syllable,31,2,10,རྒུས / ལྒུས,rgus/lgus,True,7940,1b536a60dc701e92e542c7506c77445169edaf6faae8134787407cde74c505ce
31_3_0--rge-lge.mp3,syllable_mp3,syllable,31,3,0,རྒེ / ལྒེ,rge/lge,True,8776,b72d459de2d00dee6b48926c0bfa68c5cfd7423a528d316f8b8a6afb950d4ccd
31_3_1--rgeg-lgeg.mp3,syllable_mp3,syllable,31,3,1,རྒེག / ལྒེག,rgeg/lgeg,True,6268,ad502be53f34a4b17a17f5f4bcf8dcd35cdf809bf7418a01077a6c2ab0ad0e84
31_3_2--rgeng-lgeng.mp3,syllable_mp3,syllable,31,3,2,རྒེང / ལྒེང,rgeng/lgeng,True,7940,4a451a7f4e937cecce35491c7ee801d4f09d71e921b06bb297b9bcd3b2fc00bd
31_3_3--rged-lged.mp3,syllable_mp3,syllable,31,3,3,རྒེད / ལྒེད,rged/lged,True,6268,00b037ea75d75a1bdd10f9a709dca46313fd5223e2d9a237f07f162932394f03
31_3_4--rgen-lgen.mp3,syllable_mp3,syllable,31,3,4,རྒེན / ལྒེན,rgen/lgen,True,7940,c2d49544257fc2872834bc94af7e735ec4497d08ef9ae750311c398ec1c24ccd
31_3_5--rgeb-lgeb.mp3,syllable_mp3,syllable,31,3,5,རྒེབ / ལྒེབ,rgeb/lgeb,True,5432,0ad3cf55343583593f285495114c86d9283c2ac29faf2f4d3149b7401b667c7e
31_3_6--rgem-lgem.mp3,syllable_mp3,syllable,31,3,6,རྒེམ / ལྒེམ,rgem/lgem,True,7940,466c12faa11c7b9939c7d34834abd8783e9672f04c408b45d7376d78cbaf1fba
31_3_7--rge'-lge'.mp3,syllable_mp3,syllable,31,3,7,རྒེའ / ལྒེའ,rge'/lge',True,7104,dd5ab600ded1a567eb99c56544e6da07d19ca676bb4cc90d67161a763e8cd30d
31_3_8--rger-lger.mp3,syllable_mp3,syllable,31,3,8,རྒེར / ལྒེར,rger/lger,True,7104,9b2579c49ac9489d67bb9b2f5c5ecb620da1d417b49cec9f24832d4515b0c47a
31_3_9--rgel-lgel.mp3,syllable_mp3,syllable,31,3,9,རྒེལ / ལྒེལ,rgel/lgel,True,7104,29d4812302d169a8ece1431ee2d0c66a2cf6c0f84691d9cc7a5ad036ddd7e07b
31_3_10--rges-lges.mp3,syllable_mp3,syllable,31,3,10,རྒེས / ལྒེས,rges/lges,True,9612,f7f537c70150abed5383a275f64ed74d5e0333683731ebebde00710f6e3d44b8
31_4_0--rgo-lgo.mp3,syllable_mp3,syllable,31,4,0,རྒོ / ལྒོ,rgo/lgo,True,8776,8a17c775219243c8354a5eafce0b9dcefe3c9a532c37cd7ddc39306faed0c590
31_4_1--rgog-lgog.mp3,syllable_mp3,syllable,31,4,1,རྒོག / ལྒོག,rgog/lgog,True,6268,76db3732ce663a9c8014870ab3261df85925418e8da9437c0309f0553fb323a7
31_4_2--rgong-lgong.mp3,syllable_mp3,syllable,31,4,2,རྒོང / ལྒོང,rgong/lgong,True,7104,2aab7b0385992cebff0ac185d674c59e1e59e428d5b156fc28fe4a8e5e94648d
31_4_3--rgod-lgod.mp3,syllable_mp3,syllable,31,4,3,རྒོད / ལྒོད,rgod/lgod,True,6268,8b800e0f70373c655885649d6858dcdec1fb06bedbeb785caec7a7e628286187
31_4_4--rgon-lgon.mp3,syllable_mp3,syllable,31,4,4,རྒོན / ལྒོན,rgon/lgon,True,7104,81cb10b6e4bd26794c2cc8b982081c17ed2f882dfc74fc0eb3b919a4d87d3540
31_4_5--rgob-lgob.mp3,syllable_mp3,syllable,31,4,5,རྒོབ / ལྒོབ,rgob/lgob,True,6268,b19f4025fcfa7d1d6e106d6d6cd725ba3de4e665cdf06fe79b10ba4502ec5279
31_4_6--rgom-lgom.mp3,syllable_mp3,syllable,31,4,6,རྒོམ / ལྒོམ,rgom/lgom,True,7104,63e4c2e362c2371e4f9520f3d17e8e8777bd93b1f67fd5212569f08a5f501f07
31_4_7--rgo'-lgo'.mp3,syllable_mp3,syllable,31,4,7,རྒོའ / ལྒོའ,rgo'/lgo',True,7940,bb0e234c37f90981e47b5498f6294707e62b368cff3341f7cca735e531b04936
31_4_8--rgor-lgor.mp3,syllable_mp3,syllable,31,4,8,རྒོར / ལྒོར,rgor/lgor,True,7104,cdfe46baffedbe17fe6fe3fd48510ce583adfa80caa6a2d63e25220e57b6e3d8
31_4_9--rgol-lgol.mp3,syllable_mp3,syllable,31,4,9,རྒོལ / ལྒོལ,rgol/lgol,True,7940,df3e72831c40a820333e9d3b2f154b8ac49269fc0b22fd20d2f381b4eb121103
31_4_10--rgos-lgos.mp3,syllable_mp3,syllable,31,4,10,རྒོས / ལྒོས,rgos/lgos,True,7940,0c712ba4997e5a7fbbd03a28ef72ac5428e16ffaab520a0c0d4d39f88710b218
32_0_0--rnga-lnga-snga.mp3,syllable_mp3,syllable,32,0,0,རྔ / ལྔ / སྔ,rnga/lnga/snga,True,5432,d67f41e32a4522b153f72420baca9dfbe9e52090c10e34a3d4588d0fd1e4784a
32_0_1--rngag-lngag-sngag.mp3,syllable_mp3,syllable,32,0,1,རྔག / ལྔག / སྔག,rngag/lngag/sngag,True,5432,f6ad59d0ff674dad8eaafa0f185a708af76be7bbb31fafc52d3a6c64f3f0930f
32_0_2--rngang-lngang-sngang.mp3,syllable_mp3,syllable,32,0,2,རྔང / ལྔང / སྔང,rngang/lngang/sngang,True,6268,19ac90d1f5c105aed2d228271b4781fcb40d3965b148487c567548f7aade591c
32_0_3--rngad-lngad-sngad.mp3,syllable_mp3,syllable,32,0,3,རྔད / ལྔད / སྔད,rngad/lngad/sngad,True,6268,af1410bc24cc16dd6a3b3e0721d79418c00f4232457e86d484e7c77756c2b095
32_0_4--rngan-lngan-sngan.mp3,syllable_mp3,syllable,32,0,4,རྔན / ལྔན / སྔན,rngan/lngan/sngan,True,6268,fb4ab6e2699a8878f93d2925609dc66d8766342b535da5c7ecdefdab46a8a7b5
32_0_5--rngab-lngab-sngab.mp3,syllable_mp3,syllable,32,0,5,རྔབ / ལྔབ / སྔབ,rngab/lngab/sngab,True,5432,c0a2dc3db9913d51ae157b6a8e591f3a90374634773591201f5c084d93dfed75
32_0_6--rngam-lngam-sngam.mp3,syllable_mp3,syllable,32,0,6,རྔམ / ལྔམ / སྔམ,rngam/lngam/sngam,True,7104,7a961f42c63d0e065886981c333bd113586af6af44a65ac703542b9c26291544
32_0_7--rnga'-lnga'-snga'.mp3,syllable_mp3,syllable,32,0,7,རྔའ / ལྔའ / སྔའ,rnga'/lnga'/snga',True,7940,e251ed2fb6592e038e4aecf39a497d07670df7cf763f24322ac768a6c07f2ff1
32_0_8--rngar-lngar-sngar.mp3,syllable_mp3,syllable,32,0,8,རྔར / ལྔར / སྔར,rngar/lngar/sngar,True,6268,68d15b4893fda155e3476e8401779b42f6dbb7e00ab1ff0694548807d13e366f
32_0_9--rngal-lngal-sngal.mp3,syllable_mp3,syllable,32,0,9,རྔལ / ལྔལ / སྔལ,rngal/lngal/sngal,True,7940,e0ff24c1c13212b08bf33a23e91d3f2f5dd863046d04d1638cce409aa77a8b3c
32_0_10--rngas-lngas-sngas.mp3,syllable_mp3,syllable,32,0,10,རྔས / ལྔས / སྔས,rngas/lngas/sngas,True,7940,d6a1ffacf80fb50d46fee57e6bca9753ea43fba7f97f28b7e49ecedc864aafba
32_1_0--rngi-lngi-sngi.mp3,syllable_mp3,syllable,32,1,0,རྔི / ལྔི / སྔི,rngi/lngi/sngi,True,7940,d6eb7132825a66f88ee216888cbd3f8b04477948ea8a28ebf839bef4543e0936
32_1_1--rngig-lngig-sngig.mp3,syllable_mp3,syllable,32,1,1,རྔིག / ལྔིག / སྔིག,rngig/lngig/sngig,True,5432,1fa1531f042316c4ed6750f91b776d969cc1d87aa7e419731a12a8804be72784
32_1_2--rnging-lnging-snging.mp3,syllable_mp3,syllable,32,1,2,རྔིང / ལྔིང / སྔིང,rnging/lnging/snging,True,7940,ad8cd63ba518d8b5731d425d5fd71cd351cea1cce38c9d4203d000c89c431e68
32_1_3--rngid-lngid-sngid.mp3,syllable_mp3,syllable,32,1,3,རྔིད / ལྔིད / སྔིད,rngid/lngid/sngid,True,6268,94bb7cfc99e82a7d25056e0f4ff6575274d88cc32ef349524aab7261f783e02f
32_1_4--rngin-lngin-sngin.mp3,syllable_mp3,syllable,32,1,4,རྔིན / ལྔིན / སྔིན,rngin/lngin/sngin,True,8776,7de53dc9f28573e5e462542df5516f77a7ae93cc892d3775311d5a5f26d998c6
32_1_5--rngib-lngib-sngib.mp3,syllable_mp3,syllable,32,1,5,རྔིབ / ལྔིབ / སྔིབ,rngib/lngib/sngib,True,5432,6685cde136e8accd4a2ffc93d851d114e41e3589d9d486c807cf78a480b26741
32_1_6--rngim-lngim-sngim.mp3,syllable_mp3,syllable,32,1,6,རྔིམ / ལྔིམ / སྔིམ,rngim/lngim/sngim,True,7940,e489759e3e94e0ac0946914e1c64c764403603bf09e48c40805731f889742fcb
32_1_7--rngi'-lngi'-sngi'.mp3,syllable_mp3,syllable,32,1,7,རྔིའ / ལྔིའ / སྔིའ,rngi'/lngi'/sngi',True,7940,8c6dced0a65931cdd97018b5365f1f387a24253578651fe6dbb941a9f8e27d1d
32_1_8--rngir-lngir-sngir.mp3,syllable_mp3,syllable,32,1,8,རྔིར / ལྔིར / སྔིར,rngir/lngir/sngir,True,7104,065a4d2319f512791371c3980655d7fa234131d110855cf4ab6342dde9c98c08
32_1_9--rngil-lngil-sngil.mp3,syllable_mp3,syllable,32,1,9,རྔིལ / ལྔིལ / སྔིལ,rngil/lngil/sngil,True,7104,90d829ad1ae4d8bd36b3dfd633a62f7914c77563e22210f4a6fc6ab48eef3a0d
32_1_10--rngis-lngis-sngis.mp3,syllable_mp3,syllable,32,1,10,རྔིས / ལྔིས / སྔིས,rngis/lngis/sngis,True,7940,cf9ec5f5cfe48b7a3f3ec0b1c318ede8c0049a0e2ea9129f01ee133c30a4e8a8
32_2_0--rngu-lngu-sngu.mp3,syllable_mp3,syllable,32,2,0,རྔུ / ལྔུ / སྔུ,rngu/lngu/sngu,True,7104,5c6aad855821041f8497f904fc5c4f92b2692fe4f048ab97a8fee5d3335a0a63
32_2_1--rngug-lngug-sngug.mp3,syllable_mp3,syllable,32,2,1,རྔུག / ལྔུག / སྔུག,rngug/lngug/sngug,True,5432,98e66d2466a155a5177c719fd9ad6ab7f023a1c8d55134ea300e8801c0d62797
32_2_2--rngung-lngung-sngung.mp3,syllable_mp3,syllable,32,2,2,རྔུང / ལྔུང / སྔུང,rngung/lngung/sngung,True,7104,a13d5ca8aad78b97edec602d0db2091ed14fe71e3ff4d8ba78e17731e554fa67
32_2_3--rngud-lngud-sngud.mp3,syllable_mp3,syllable,32,2,3,རྔུད / ལྔུད / སྔུད,rngud/lngud/sngud,True,6268,9e9ef71d5e9eb471278fef44f9e99897dbb45c58e102c966cd90ba008dcffbd4
32_2_4--rngun-lngun-sngun.mp3,syllable_mp3,syllable,32,2,4,རྔུན / ལྔུན / སྔུན,rngun/lngun/sngun,True,7940,99937b30a2d98cb287f1e147417a1a536f2a878d487d8ae7cc68ed869fb9b270
32_2_5--rngub-lngub-sngub.mp3,syllable_mp3,syllable,32,2,5,རྔུབ / ལྔུབ / སྔུབ,rngub/lngub/sngub,True,5432,c583f138e1c2ff9ecf48af9e9f3e4ebedb015d4022a53d2da7270f33773c0730
32_2_6--rngum-lngum-sngum.mp3,syllable_mp3,syllable,32,2,6,རྔུམ / ལྔུམ / སྔུམ,rngum/lngum/sngum,True,7104,a1fb6ca2d06ff936c53beeb19cfedb42ea4e08bc543c97b0e2cef184028e11d9
32_2_7--rngu'-lngu'-sngu'.mp3,syllable_mp3,syllable,32,2,7,རྔུའ / ལྔུའ / སྔུའ,rngu'/lngu'/sngu',True,7940,f2b55bea6ce2bff16eeeab520af18cdd577d4640a0c70b0e91bceb8a7db36dab
32_2_8--rngur-lngur-sngur.mp3,syllable_mp3,syllable,32,2,8,རྔུར / ལྔུར / སྔུར,rngur/lngur/sngur,True,7104,9773fb8cb47de65130d8b235a6b1b066d4889fa06c0e2d42f84419f649124257
32_2_9--rngul-lngul-sngul.mp3,syllable_mp3,syllable,32,2,9,རྔུལ / ལྔུལ / སྔུལ,rngul/lngul/sngul,True,7104,aeadc7061469cf883cbe26dc7772071a7f18a067b6c8b29f5656ac40392f6798
32_2_10--rngus-lngus-sngus.mp3,syllable_mp3,syllable,32,2,10,རྔུས / ལྔུས / སྔུས,rngus/lngus/sngus,True,7940,8ed643b469350ca443c46e6db879afbae106a5e2313b2888433bb9b8aa77586b
32_3_0--rnge-lnge-snge.mp3,syllable_mp3,syllable,32,3,0,རྔེ / ལྔེ / སྔེ,rnge/lnge/snge,True,7104,5e74062c8a81587f0e757744e7d8063cf24e1773a3fb89dc320ad17c5254f351
32_3_1--rngeg-lngeg-sngeg.mp3,syllable_mp3,syllable,32,3,1,རྔེག / ལྔེག / སྔེག,rngeg/lngeg/sngeg,True,6268,c170da4cb2fea4001601e7c8a0d3ae9f3a93ee6d4a23a8680659d359a25ec593
32_3_2--rngeng-lngeng-sngeng.mp3,syllable_mp3,syllable,32,3,2,རྔེང / ལྔེང / སྔེང,rngeng/lngeng/sngeng,True,7104,6ca7df6de3dad076b3a8a8215fdc31b9311719ed359b7b7eb607617ec6b53d3b
32_3_3--rnged-lnged-snged.mp3,syllable_mp3,syllable,32,3,3,རྔེད / ལྔེད / སྔེད,rnged/lnged/snged,True,5432,9d55f8009966f8c7eef1c3f1ebf9bcf6e069dcdb3219fa9a69df5b19224b9cfc
32_3_4--rngen-lngen-sngen.mp3,syllable_mp3,syllable,32,3,4,རྔེན / ལྔེན / སྔེན,rngen/lngen/sngen,True,7104,72cb9c5a9657323b3583dc112bf33258b32518ed9fbff35696cab4b437ec4f11
32_3_5--rngeb-lngeb-sngeb.mp3,syllable_mp3,syllable,32,3,5,རྔེབ / ལྔེབ / སྔེབ,rngeb/lngeb/sngeb,True,5432,7d768d2f65490d121b8e25c45fac0bd430aaab1162df0968ce69e492221266fc
32_3_6--rngem-lngem-sngem.mp3,syllable_mp3,syllable,32,3,6,རྔེམ / ལྔེམ / སྔེམ,rngem/lngem/sngem,True,7104,91e7b9a6a142c5524d5500a2018f87604695dd58e91d9153e53f31d461913c06
32_3_7--rnge'-lnge'-snge'.mp3,syllable_mp3,syllable,32,3,7,རྔེའ / ལྔེའ / སྔེའ,rnge'/lnge'/snge',True,7104,9b5dacd1daf3c901b27e45dccdd8fd5b682cbca2c0a2b4cc7f296261603b5748
32_3_8--rnger-lnger-snger.mp3,syllable_mp3,syllable,32,3,8,རྔེར / ལྔེར / སྔེར,rnger/lnger/snger,True,7104,9bb73ea47e42faef86710b90cbb5fb03442801b05dd5c7cf4009eb86234a725e
32_3_9--rngel-lngel-sngel.mp3,syllable_mp3,syllable,32,3,9,རྔེལ / ལྔེལ / སྔེལ,rngel/lngel/sngel,True,7940,2c3676d9282614e1b8fee350e5911473b43f8a52c879c7e91913eecd6665980e
32_3_10--rnges-lnges-snges.mp3,syllable_mp3,syllable,32,3,10,རྔེས / ལྔེས / སྔེས,rnges/lnges/snges,True,8776,52c198437d5498bcbdeb73899e32b7814f584387069f2293362d29448fcb8ddb
32_4_0--rngo-lngo-sngo.mp3,syllable_mp3,syllable,32,4,0,རྔོ / ལྔོ / སྔོ,rngo/lngo/sngo,True,6268,c085f7913b171c625d783317169692bb699f2c0ec569f3ed5f887c380e2ec45f
32_4_1--rngog-lngog-sngog.mp3,syllable_mp3,syllable,32,4,1,རྔོག / ལྔོག / སྔོག,rngog/lngog/sngog,True,5432,f04d61fba00b54ba5042c6dbeecb8c76d3a8a925a56c9f8145f4b3723cae005b
32_4_2--rngong-lngong-sngong.mp3,syllable_mp3,syllable,32,4,2,རྔོང / ལྔོང / སྔོང,rngong/lngong/sngong,True,7104,09aed8c2f716470696ff6096e3b1a09717bcb68729dd88bef21763096c729843
32_4_3--rngod-lngod-sngod.mp3,syllable_mp3,syllable,32,4,3,རྔོད / ལྔོད / སྔོད,rngod/lngod/sngod,True,6268,77bb12bb85cdef7b26d429b4a8011a80410f98c197d42a6fbeecb686e9e7daf7
32_4_4--rngon-lngon-sngon.mp3,syllable_mp3,syllable,32,4,4,རྔོན / ལྔོན / སྔོན,rngon/lngon/sngon,True,7104,57979232ad91ce004d34646a3143730f40a5bdb5871800757071fa85a9afb26d
32_4_5--rngob-lngob-sngob.mp3,syllable_mp3,syllable,32,4,5,རྔོབ / ལྔོབ / སྔོབ,rngob/lngob/sngob,True,6268,30580b1c1dea0462ba118fc0bbe1e62f0c435456d0022c7af92a276d78cf7729
32_4_6--rngom-lngom-sngom.mp3,syllable_mp3,syllable,32,4,6,རྔོམ / ལྔོམ / སྔོམ,rngom/lngom/sngom,True,7104,72079932b9cbb51673f5e77a2f92d5d8943ea0ef94b54acbdc478df2a808f579
32_4_7--rngo'-lngo'-sngo'.mp3,syllable_mp3,syllable,32,4,7,རྔོའ / ལྔོའ / སྔོའ,rngo'/lngo'/sngo',True,7104,4b58f9bd6fca4a24d7361f957a259f22d05acfd030298393bdb2644d561fb6e7
32_4_8--rngor-lngor-sngor.mp3,syllable_mp3,syllable,32,4,8,རྔོར / ལྔོར / སྔོར,rngor/lngor/sngor,True,6268,1a520c70012b49fdbc66dbe414cc1b5c9b37812e09a6de9abadcc58a1e671e04
32_4_9--rngol-lngol-sngol.mp3,syllable_mp3,syllable,32,4,9,རྔོལ / ལྔོལ / སྔོལ,rngol/lngol/sngol,True,7104,6f03a9bfda732ca442b5f2f19f5c8e724c818ba76b0ca72fd1a2b0c70f7fd821
32_4_10--rngos-lngos-sngos.mp3,syllable_mp3,syllable,32,4,10,རྔོས / ལྔོས / སྔོས,rngos/lngos/sngos,True,8776,5319980e4b5bbf8d4efe17eae090a174b780ab6ee65be395cc21a67394d2e157
33_0_0--rja-lja.mp3,syllable_mp3,syllable,33,0,0,རྗ / ལྗ,rja/lja,True,7940,4fab231a3f6138e4b539674e5352c85f1857fe6a27aa8637af4d394925801cc5
33_0_1--rjag-ljag.mp3,syllable_mp3,syllable,33,0,1,རྗག / ལྗག,rjag/ljag,True,7104,7988122ffce37667c5e0ecdf6b5ce654a0881c24326c5b0adb6e928d74c945d0
33_0_2--rjang-ljang.mp3,syllable_mp3,syllable,33,0,2,རྗང / ལྗང,rjang/ljang,True,8776,68253349035189d010e9ce2e7f0bab01a9185d99841316d3d6133a48257d0b22
33_0_3--rjad-ljad.mp3,syllable_mp3,syllable,33,0,3,རྗད / ལྗད,rjad/ljad,True,7104,37980c3c7b277c46c0dea3ef729e27a48119b618d3e8b4a5d9063387c47ec4a4
33_0_4--rjan-ljan.mp3,syllable_mp3,syllable,33,0,4,རྗན / ལྗན,rjan/ljan,True,8776,7973e254eb91de414158290e03ee11d1cd4c199b8f55c3808da7618d5e14c04d
33_0_5--rjab-ljab.mp3,syllable_mp3,syllable,33,0,5,རྗབ / ལྗབ,rjab/ljab,True,6268,9f30f1fb0beb5576fbdaa6c3f8e1ab9b81a8455dc922b15bf3946b540b36b056
33_0_6--rjam-ljam.mp3,syllable_mp3,syllable,33,0,6,རྗམ / ལྗམ,rjam/ljam,True,8776,4b2a12b7ca7224e276286082c2da50f97f31cf5471bd15990fc00cca5cdebdee
33_0_7--rja'-lja'.mp3,syllable_mp3,syllable,33,0,7,རྗའ / ལྗའ,rja'/lja',True,8776,741376d80a98d10051b3ed2b198ba6ee3d87a55e2ddc81301ed9bac1fa3b95f5
33_0_8--rjar-ljar.mp3,syllable_mp3,syllable,33,0,8,རྗར / ལྗར,rjar/ljar,True,7940,da9901d2e8952b51c0b90268f37ea5856dc3bf506abc1e116f86a19c07da556d
33_0_9--rjal-ljal.mp3,syllable_mp3,syllable,33,0,9,རྗལ / ལྗལ,rjal/ljal,True,7940,0517ca319f0026a4ebafa74a77f939462e43f1e770ec70e4d8269cb8e21f3cfd
33_0_10--rjas-ljas.mp3,syllable_mp3,syllable,33,0,10,རྗས / ལྗས,rjas/ljas,True,9612,7f29583fc332010eae93cbeb4536b2b4315f2c719dbd74215a56bcad16ee6730
33_1_0--rji-lji.mp3,syllable_mp3,syllable,33,1,0,རྗི / ལྗི,rji/lji,True,9612,0ca40fd600f2f5c920cfbc4ef369ce2a4df77c5fbfa147ce9e9c5e58f5243ce2
33_1_1--rjig-ljig.mp3,syllable_mp3,syllable,33,1,1,རྗིག / ལྗིག,rjig/ljig,True,6686,bb44193316a5b9601d05bc37a2f38946ddda6f9ae345b1490f6b72584c972f0a
33_1_2--rjing-ljing.mp3,syllable_mp3,syllable,33,1,2,རྗིང / ལྗིང,rjing/ljing,True,8776,26fa6990e9c9b18e10ad02c0c3c1660a125a25fba5e07946dedc35fa62af55c7
33_1_3--rjid-ljid.mp3,syllable_mp3,syllable,33,1,3,རྗིད / ལྗིད,rjid/ljid,True,6268,168d68c6e9b3157f39ab2b7d071084a125259bcfc309299cdb81e8fbe29716a0
33_1_4--rjin-ljin.mp3,syllable_mp3,syllable,33,1,4,རྗིན / ལྗིན,rjin/ljin,True,7940,cb6d062ccd048466ebd498a62e6694837cfacd1f43c608d46177d95048c4f526
33_1_5--rjib-ljib.mp3,syllable_mp3,syllable,33,1,5,རྗིབ / ལྗིབ,rjib/ljib,True,6268,e17553e6d10bde73d5c2030512ca77125ac2ca1adca31e724fd8c6658e11eb81
33_1_6--rjim-ljim.mp3,syllable_mp3,syllable,33,1,6,རྗིམ / ལྗིམ,rjim/ljim,True,7940,4670b7d9c89641a3a7bd9732c309d4e2caff1d3ae5e15dc1040e85e17aef6a88
33_1_7--rji'-lji'.mp3,syllable_mp3,syllable,33,1,7,རྗིའ / ལྗིའ,rji'/lji',True,7940,26e3d97f32aeef141a8eebf8df78c8086e44b857a02dad114e298349ac41bb05
33_1_8--rjir-ljir.mp3,syllable_mp3,syllable,33,1,8,རྗིར / ལྗིར,rjir/ljir,True,7104,4a599a6342b3ecd6ba3a32a33a7fe7c1dc8300c4ea8ec2096d56cd50573771bd
33_1_9--rjil-ljil.mp3,syllable_mp3,syllable,33,1,9,རྗིལ / ལྗིལ,rjil/ljil,True,7940,b3fd642ef3154935102b60aa055a864ce118ad9fea372e2dc56d380ec28d6592
33_1_10--rjis-ljis.mp3,syllable_mp3,syllable,33,1,10,རྗིས / ལྗིས,rjis/ljis,True,8776,81b55f1f9332eb3244148f71a9fc73601cdc219183f542141fcd5332d6daf250
33_2_0--rju-lju.mp3,syllable_mp3,syllable,33,2,0,རྗུ / ལྗུ,rju/lju,True,10030,5bb4136d8c3db466ebace73e112b9e853b26c437a34a745f06d0ef09ba11e90f
33_2_1--rjug-ljug.mp3,syllable_mp3,syllable,33,2,1,རྗུག / ལྗུག,rjug/ljug,True,7940,2cbee693565af62d0d101ba80f4d4f6fe8a112848f702f4d4fb8d438b63dc615
33_2_2--rjung-ljung.mp3,syllable_mp3,syllable,33,2,2,རྗུང / ལྗུང,rjung/ljung,True,8776,8d85ace01890df401c41c687b4e99be7ce22ef5e664708c706cd3e89c9bec6b4
33_2_3--rjud-ljud.mp3,syllable_mp3,syllable,33,2,3,རྗུད / ལྗུད,rjud/ljud,True,7104,8030faa23f1d1ed5e151b948a814d1b21c6d5500db77862705fe4c51a8f641fa
33_2_4--rjun-ljun.mp3,syllable_mp3,syllable,33,2,4,རྗུན / ལྗུན,rjun/ljun,True,8776,2bb41390e3deb572f4f0d03a0c412f98554cb9ab3a3036e6d6b1c24ba271d662
33_2_5--rjub-ljub.mp3,syllable_mp3,syllable,33,2,5,རྗུབ / ལྗུབ,rjub/ljub,True,6268,56d8138c221eff376cdc4885f3d2188a91bad26ea139aa9ebb80a3bd1e6884aa
33_2_6--rjum-ljum.mp3,syllable_mp3,syllable,33,2,6,རྗུམ / ལྗུམ,rjum/ljum,True,9612,d1e4c201766309851dfd8ae0bd04d8fd6b6861504de720790fdd4bf2ed6e081d
33_2_7--rju'-lju'.mp3,syllable_mp3,syllable,33,2,7,རྗུའ / ལྗུའ,rju'/lju',True,8776,b558b76d8538aa3a670a0fd8fb848323263b30fea5ad31ad2ecf686190420871
33_2_8--rjur-ljur.mp3,syllable_mp3,syllable,33,2,8,རྗུར / ལྗུར,rjur/ljur,True,7940,e3cec0c07bf43e55075c708ac874ef3cbc6b7608749a806a4b4eb2186c95546f
33_2_9--rjul-ljul.mp3,syllable_mp3,syllable,33,2,9,རྗུལ / ལྗུལ,rjul/ljul,True,7940,aea6c437487d0054c541ad0316971c3388d44b5eadceed293541e34736cae014
33_2_10--rjus-ljus.mp3,syllable_mp3,syllable,33,2,10,རྗུས / ལྗུས,rjus/ljus,True,9612,cfa4adf180c7c8830ffe04f0c3e7c46636602aa2f7fd9314558c5e2f5fac4221
33_3_0--rje-lje.mp3,syllable_mp3,syllable,33,3,0,རྗེ / ལྗེ,rje/lje,True,7940,ba0f17de1a1a26c646bb49dcbb2b80d4cd9d8b8095815555dd2ea9bcd2511836
33_3_1--rjeg-ljeg.mp3,syllable_mp3,syllable,33,3,1,རྗེག / ལྗེག,rjeg/ljeg,True,6268,9dddff789214d87f41ec6c5a750cba5b40801a580937e9373452ddb0d60fcdda
33_3_2--rjeng-ljeng.mp3,syllable_mp3,syllable,33,3,2,རྗེང / ལྗེང,rjeng/ljeng,True,9612,6c5156c2ed5f47007ceefb7a80b8af194e937fb62a0974f870c7d5ad9fd869b7
33_3_3--rjed-ljed.mp3,syllable_mp3,syllable,33,3,3,རྗེད / ལྗེད,rjed/ljed,True,7104,30d6cdafbfa64ba8fc08e14c17e9566af82159a245c15dba21352d8668616c82
33_3_4--rjen-ljen.mp3,syllable_mp3,syllable,33,3,4,རྗེན / ལྗེན,rjen/ljen,True,8776,fb57a0f4c31f1f6b2ec2fee6f17b0d8ca9258f3fb5e2c33805fdd83010e35cee
33_3_5--rjeb-ljeb.mp3,syllable_mp3,syllable,33,3,5,རྗེབ / ལྗེབ,rjeb/ljeb,True,6268,54f69a2f5f80c452b204a22fc9adb9d9e754a05f857b915387085d4d68df23d0
33_3_6--rjem-ljem.mp3,syllable_mp3,syllable,33,3,6,རྗེམ / ལྗེམ,rjem/ljem,True,7940,fe8623d3510efb9704c6be8a8012af6e6fe9f46ae485ecf7021366ed648aeb71
33_3_7--rje'-lje'.mp3,syllable_mp3,syllable,33,3,7,རྗེའ / ལྗེའ,rje'/lje',True,8776,897672d4872afd1ec8bae300cee26ef9f96ba5a39473ce54a7d169aba8c67cec
33_3_8--rjer-ljer.mp3,syllable_mp3,syllable,33,3,8,རྗེར / ལྗེར,rjer/ljer,True,7940,d03120a8aaf409ce1e3a8eba31f5d5f7083346810c4d071120334c33441744dd
33_3_9--rjel-ljel.mp3,syllable_mp3,syllable,33,3,9,རྗེལ / ལྗེལ,rjel/ljel,True,7940,75a2e66c455c7e4acfdd9fda01b50bfe15a888de9ac975e5125ade449fe8d0f4
33_3_10--rjes-ljes.mp3,syllable_mp3,syllable,33,3,10,རྗེས / ལྗེས,rjes/ljes,True,8776,4d006d9688b382c9ec5e79d9b078721b3882885adf465b192ccba6e17e2b9a5d
33_4_0--rjo-ljo.mp3,syllable_mp3,syllable,33,4,0,རྗོ / ལྗོ,rjo/ljo,True,7940,0cfa6616a549ec10a3aa5bd0403d48852f9be82d23dca11d73e9d21efd6aa2a8
33_4_1--rjog-ljog.mp3,syllable_mp3,syllable,33,4,1,རྗོག / ལྗོག,rjog/ljog,True,6268,738347642206035552bcd8e9bbb75814e71a141480eb0565040fa660960cf284
33_4_2--rjong-ljong.mp3,syllable_mp3,syllable,33,4,2,རྗོང / ལྗོང,rjong/ljong,True,8776,415e4fc820983cf8b4d2746febcad4819f34980be41b5e1f586331e3272e80e9
33_4_3--rjod-ljod.mp3,syllable_mp3,syllable,33,4,3,རྗོད / ལྗོད,rjod/ljod,True,7940,9811a248fc5c0446e095a2de9c173789b360d613be91b829820179fecf016718
33_4_4--rjon-ljon.mp3,syllable_mp3,syllable,33,4,4,རྗོན / ལྗོན,rjon/ljon,True,8776,4f9cf1c2c592ff1ec1362813ca43ac1f44c7b8a8716ed0cfc62518ab2e8df5c4
33_4_5--rjob-ljob.mp3,syllable_mp3,syllable,33,4,5,རྗོབ / ལྗོབ,rjob/ljob,True,6268,8337cb8500d6b87126746f6a0892bf65ec65c27ba1239eabc99ff1208acb503d
33_4_6--rjom-ljom.mp3,syllable_mp3,syllable,33,4,6,རྗོམ / ལྗོམ,rjom/ljom,True,7940,34601a597cae470f61f70e212b466b3c935cd3d97db26f12d417daf13690b371
33_4_7--rjo'-ljo'.mp3,syllable_mp3,syllable,33,4,7,རྗོའ / ལྗོའ,rjo'/ljo',True,7940,b4961c8480d2eb8d4f7199cf97e81c5005557183ad220aaee48c6b9f5735e26d
33_4_8--rjor-ljor.mp3,syllable_mp3,syllable,33,4,8,རྗོར / ལྗོར,rjor/ljor,True,7940,d5d89bcf1e8a2f4569cbdf8786462335cdbb66fa4e05c1687ebf678ea3f24ad0
33_4_9--rjol-ljol.mp3,syllable_mp3,syllable,33,4,9,རྗོལ / ལྗོལ,rjol/ljol,True,8776,6eaa0956cb27c5cfbbb8e7eb647c271ae7f62f365df9108e8410e47c5e221a50
33_4_10--rjos-ljos.mp3,syllable_mp3,syllable,33,4,10,རྗོས / ལྗོས,rjos/ljos,True,8776,482ced84439abd20e4d99ac40d64498f793141bbb1302028893940fcc0f44cfe
34_0_0--rnya-snya.mp3,syllable_mp3,syllable,34,0,0,རྙ / སྙ,rnya/snya,True,6268,f199ee240c6758768ebee8946d780538d3060bd8abac66ecbbd0409e19f9423a
34_0_1--rnyag-snyag.mp3,syllable_mp3,syllable,34,0,1,རྙག / སྙག,rnyag/snyag,True,6268,1a257df50acd2ee4c9f94a0bcb23f925b53e5888e7b99b0c2e03dc0df3341858
34_0_2--rnyang-snyang.mp3,syllable_mp3,syllable,34,0,2,རྙང / སྙང,rnyang/snyang,True,6268,09fc3b8932055829c5e2129f0b5d965e095bca61abebe03c2ec7f59272f7ff70
34_0_3--rnyad-snyad.mp3,syllable_mp3,syllable,34,0,3,རྙད / སྙད,rnyad/snyad,True,6268,1aed813740fbeaa840de381b3c4f9731d4d1d73320b13a3cae946bc5ee39c026
34_0_4--rnyan-snyan.mp3,syllable_mp3,syllable,34,0,4,རྙན / སྙན,rnyan/snyan,True,7104,3daf04a6f63edd26b0911aead684834b41a9b8dcb52a22705124e1d7e4b62767
34_0_5--rnyab-snyab.mp3,syllable_mp3,syllable,34,0,5,རྙབ / སྙབ,rnyab/snyab,True,5432,f974664fc647a01228f3cbc36fd7c22e3a9e1fb08e6b44b24b4b9969cdb1e5cf
34_0_6--rnyam-snyam.mp3,syllable_mp3,syllable,34,0,6,རྙམ / སྙམ,rnyam/snyam,True,7104,88ca21bcb386407fea1f5182e19f12ce0e8b94164818d78d18b888a935f599e7
34_0_7--rnya'-snya'.mp3,syllable_mp3,syllable,34,0,7,རྙའ / སྙའ,rnya'/snya',True,6268,894239981f284459ddb800ca1b8786d6ab631bf9213e0625e39f484bd692cac6
34_0_8--rnyar-snyar.mp3,syllable_mp3,syllable,34,0,8,རྙར / སྙར,rnyar/snyar,True,6268,c1c4e54b68de52d4f9cdf3c69edf285b2ee74cd72ffa05079f0165eff6503798
34_0_9--rnyal-snyal.mp3,syllable_mp3,syllable,34,0,9,རྙལ / སྙལ,rnyal/snyal,True,7940,0839be829b83550b50c2c02c423ed62758950278b55a91bb9c90200bf8d16251
34_0_10--rnyas-snyas.mp3,syllable_mp3,syllable,34,0,10,རྙས / སྙས,rnyas/snyas,True,7940,8aa718b84c1125aa5e4f3d0fec5297860c0739bffb50c69ab77e1a936e92d24f
34_1_0--rnyi-snyi.mp3,syllable_mp3,syllable,34,1,0,རྙི / སྙི,rnyi/snyi,True,6268,44713b50edf0f0efd72bb3185d6dcaec4c698c61f4c1c9f8a2bd7111582cfb26
34_1_1--rnyig-snyig.mp3,syllable_mp3,syllable,34,1,1,རྙིག / སྙིག,rnyig/snyig,True,5432,f6b649c80f26e04168d17a39a8abaab9ac50939e3b02f8d90d6f22d350b8ac0d
34_1_2--rnying-snying.mp3,syllable_mp3,syllable,34,1,2,རྙིང / སྙིང,rnying/snying,True,7940,24b6684822a37892cbbc862dc084a888ce41b5393cfedd6b57008dabfd9b0782
34_1_3--rnyid-snyid.mp3,syllable_mp3,syllable,34,1,3,རྙིད / སྙིད,rnyid/snyid,True,6268,6d03e115ec788386d83f420478c1c44273db8ec2661935a7695d4b986b6daaa6
34_1_4--rnyin-snyin.mp3,syllable_mp3,syllable,34,1,4,རྙིན / སྙིན,rnyin/snyin,True,7104,a6b66e59bdbb9e4ff1b15069b5082604ef4feee9af73bf369c35063401b22a53
34_1_5--rnyib-snyib.mp3,syllable_mp3,syllable,34,1,5,རྙིབ / སྙིབ,rnyib/snyib,True,5432,8a2d55b2851a33c282a6128f2b7dbb457467c6dc2b3cd689e8cd798ab83dac8d
34_1_6--rnyim-snyim.mp3,syllable_mp3,syllable,34,1,6,རྙིམ / སྙིམ,rnyim/snyim,True,7104,7582d816a0c0ea085fb3ab068dfcf0dd1d8406d1c7b9b8a2d9d451422f4baf1e
34_1_7--rnyi'-snyi'.mp3,syllable_mp3,syllable,34,1,7,རྙིའ / སྙིའ,rnyi'/snyi',True,6268,cba9e3e8d2d30bf1f770ffef20d68e6a48c9c5dc90715ad5b3afef76b425a8a0
34_1_8--rnyir-snyir.mp3,syllable_mp3,syllable,34,1,8,རྙིར / སྙིར,rnyir/snyir,True,6268,a3c092ac689337cdeab774e6b0d81f29735f49646e2cdb1a3ce4bad545df1181
34_1_9--rnyil-snyil.mp3,syllable_mp3,syllable,34,1,9,རྙིལ / སྙིལ,rnyil/snyil,True,7104,0a364be74210034a1c78c975a432fec626c6022da277c93f1026139203a80671
34_1_10--rnyis-snyis.mp3,syllable_mp3,syllable,34,1,10,རྙིས / སྙིས,rnyis/snyis,True,7940,a81a933c8f945fa803ddd2bec38ce886a46a4ee50a41ac80b65f26bcd7961c7c
34_2_0--rnyu-snyu.mp3,syllable_mp3,syllable,34,2,0,རྙུ / སྙུ,rnyu/snyu,True,7104,698cc108821bf2908da2c96f12f79c03b0b8624aeabb9d99388eedf084b406cc
34_2_1--rnyug-snyug.mp3,syllable_mp3,syllable,34,2,1,རྙུག / སྙུག,rnyug/snyug,True,6268,433c3d7064d11befb3c138fb6587645ccb5d9cbb2149e2a492c83c50d27d6ffc
34_2_2--rnyung-snyung.mp3,syllable_mp3,syllable,34,2,2,རྙུང / སྙུང,rnyung/snyung,True,7104,6a10a3402bb9fa4c8bd67c04da8bcc6f8302f10f31b7deecac968566cd59d71a
34_2_3--rnyud-snyud.mp3,syllable_mp3,syllable,34,2,3,རྙུད / སྙུད,rnyud/snyud,True,6268,25cbc6a1ba659e5813d1650ea264f02ffe190fae60ed2c9626c46ac609bd6a94
34_2_4--rnyun-snyun.mp3,syllable_mp3,syllable,34,2,4,རྙུན / སྙུན,rnyun/snyun,True,7940,5dd78534fd37a303b6a56b86b284dbc84fa5942b48172d415edb143f92c56ef6
34_2_5--rnyub-snyub.mp3,syllable_mp3,syllable,34,2,5,རྙུབ / སྙུབ,rnyub/snyub,True,6268,f2d06ce68cfac58bd85284688e7b06e48a341c1d06918213621a8f133eb0f134
34_2_6--rnyum-snyum.mp3,syllable_mp3,syllable,34,2,6,རྙུམ / སྙུམ,rnyum/snyum,True,7104,84b89b7d5a39463f3e9768e222386bbe8f30b4883e25dc807926b4e78d87b0c9
34_2_7--rnyu'-snyu'.mp3,syllable_mp3,syllable,34,2,7,རྙུའ / སྙུའ,rnyu'/snyu',True,7940,c52e054161bf0a71148d3821e1836c0376eaf90e7f2f9d6b6418458089549991
34_2_8--rnyur-snyur.mp3,syllable_mp3,syllable,34,2,8,རྙུར / སྙུར,rnyur/snyur,True,6268,6ed9c394eb5c57ec8ed4e5225bd242500707a8d07c674ef6c7a44e766fa50c93
34_2_9--rnyul-snyul.mp3,syllable_mp3,syllable,34,2,9,རྙུལ / སྙུལ,rnyul/snyul,True,7104,3cdda7af1eead5d89463d6decd16a74a702ce7c03efc285715161850d39b7528
34_2_10--rnyus-snyus.mp3,syllable_mp3,syllable,34,2,10,རྙུས / སྙུས,rnyus/snyus,True,7940,a0908d43b6f9aa8e01eb51702669b2fbcab7bba249ea5ca6ca22267a822086eb
34_3_0--rnye-snye.mp3,syllable_mp3,syllable,34,3,0,རྙེ / སྙེ,rnye/snye,True,7104,78e270680981f109ce2cf9b8b147b0ec3d03ad32b070c1d81537189b5f4ff763
34_3_1--rnyeg-snyeg.mp3,syllable_mp3,syllable,34,3,1,རྙེག / སྙེག,rnyeg/snyeg,True,5432,a80028c73dd2b3403cabc4189050c42754152ee28eec5c0b3c1d22577f4f264e
34_3_2--rnyeng-snyeng.mp3,syllable_mp3,syllable,34,3,2,རྙེང / སྙེང,rnyeng/snyeng,True,7104,996515ec49f1a5f6eac3c3b1fe71b7400e1279cca6bf513d146927ce3b47eb08
34_3_3--rnyed-snyed.mp3,syllable_mp3,syllable,34,3,3,རྙེད / སྙེད,rnyed/snyed,True,6268,94618ca2d5bdbe5b75a232c732b0cb68221f4603ef41c98037746463cbc56aa1
34_3_4--rnyen-snyen.mp3,syllable_mp3,syllable,34,3,4,རྙེན / སྙེན,rnyen/snyen,True,7940,07a410f69ba8b1140f972797dabde25cae7ec4619722dc48a81d3aa1fb1cb224
34_3_5--rnyeb-snyeb.mp3,syllable_mp3,syllable,34,3,5,རྙེབ / སྙེབ,rnyeb/snyeb,True,6268,f836ba1cfc7d5a6e8c73c24b194fc31ed80a98568b4a09971c260652d72e6cac
34_3_6--rnyem-snyem.mp3,syllable_mp3,syllable,34,3,6,རྙེམ / སྙེམ,rnyem/snyem,True,7104,a9203523f794da358f41e683ddab9d411e4a4ede2acce6d024896243e46da417
34_3_7--rnye'-snye'.mp3,syllable_mp3,syllable,34,3,7,རྙེའ / སྙེའ,rnye'/snye',True,7940,fd7c312fa98ba600a88f12be6e7a6f3f79799569f16a041d99164a40fe8fdd9a
34_3_8--rnyer-snyer.mp3,syllable_mp3,syllable,34,3,8,རྙེར / སྙེར,rnyer/snyer,True,7104,49bfeb3990e6e7fbeec1cd93e69c1cb422261e338c75015852f1bb92c9091e6f
34_3_9--rnyel-snyel.mp3,syllable_mp3,syllable,34,3,9,རྙེལ / སྙེལ,rnyel/snyel,True,7104,328e25f3a3803e4811d6f54fc9035c2eb28b7d5ffe27f7eddde75d8efa26e2b7
34_3_10--rnyes-snyes.mp3,syllable_mp3,syllable,34,3,10,རྙེས / སྙེས,rnyes/snyes,True,8776,e9d45df182bec9f0751c89da849da44fb97075fbc6fb809d75c4580cfa73e1df
34_4_0--rnyo-snyo.mp3,syllable_mp3,syllable,34,4,0,རྙོ / སྙོ,rnyo/snyo,True,6268,91bfd33793e26cdeead2376352e32a3708b1ba99f6efd3270b268464b5af1129
34_4_1--rnyog-snyog.mp3,syllable_mp3,syllable,34,4,1,རྙོག / སྙོག,rnyog/snyog,True,5432,01871365e80a400dca427575c03066f4a26b46ce3a8c57a97d5e08ec6930f8ef
34_4_2--rnyong-snyong.mp3,syllable_mp3,syllable,34,4,2,རྙོང / སྙོང,rnyong/snyong,True,7104,e9b8ab53dee58be4efe889d89447615ea80f8fb000126f6ede80c570ae48ced4
34_4_3--rnyod-snyod.mp3,syllable_mp3,syllable,34,4,3,རྙོད / སྙོད,rnyod/snyod,True,7104,137cc6a69d8b925f56e98ff50003ea20e809e132e50c70f893c9825f04712410
34_4_4--rnyon-snyon.mp3,syllable_mp3,syllable,34,4,4,རྙོན / སྙོན,rnyon/snyon,True,7104,e60567e0b9e3ad6c9fe0a2a1fa875d4fb770a219491c849a36634efab868ad67
34_4_5--rnyob-snyob.mp3,syllable_mp3,syllable,34,4,5,རྙོབ / སྙོབ,rnyob/snyob,True,6268,2ee7fa479d7bb8b291aa5081e3a96363c53caf6ebb4e740395b86b182f5aca6a
34_4_6--rnyom-snyom.mp3,syllable_mp3,syllable,34,4,6,རྙོམ / སྙོམ,rnyom/snyom,True,7104,5fbbd1a12d17b160e79b36b9e7b587be599691867d56f1dd7abf13d5e9bd36dd
34_4_7--rnyo'-snyo'.mp3,syllable_mp3,syllable,34,4,7,རྙོའ / སྙོའ,rnyo'/snyo',True,6268,7463003e9eba6b25da9a3964b2e74cb556da5b871ead871aa77043e2367226c4
34_4_8--rnyor-snyor.mp3,syllable_mp3,syllable,34,4,8,རྙོར / སྙོར,rnyor/snyor,True,7104,94dd3fbed40422c125b05c13481bf219b76d1a8ffd441c4283bb1e614d2526c2
34_4_9--rnyol-snyol.mp3,syllable_mp3,syllable,34,4,9,རྙོལ / སྙོལ,rnyol/snyol,True,7940,0369c20aa4c5738d1d4496453d0250c2b6095f105a51221ddd90fc4aec55e58d
34_4_10--rnyos-snyos.mp3,syllable_mp3,syllable,34,4,10,རྙོས / སྙོས,rnyos/snyos,True,8776,0daa55cd8f8432ac5eaaa02690f425b8f973c6f8baf8fadeec67002585118239
35_0_0--rda-lda-sda.mp3,syllable_mp3,syllable,35,0,0,རྡ / ལྡ / སྡ,rda/lda/sda,True,7940,6b4d1263300d5b4d12e08f533b95bf4c3a091d1a63a4584c40257f5df831541e
35_0_1--rdag-ldag-sdag.mp3,syllable_mp3,syllable,35,0,1,རྡག / ལྡག / སྡག,rdag/ldag/sdag,True,5432,d891eacd49afcd0b860b42a982718134fae20000d5ad2e7d82e35e2242b9275c
35_0_2--rdang-ldang-sdang.mp3,syllable_mp3,syllable,35,0,2,རྡང / ལྡང / སྡང,rdang/ldang/sdang,True,7104,d1f0072b513761bfd8c3527d0f6d0e3fda5099561890d9658f3117e2e372e278
35_0_3--rdad-ldad-sdad.mp3,syllable_mp3,syllable,35,0,3,རྡད / ལྡད / སྡད,rdad/ldad/sdad,True,5432,a53ee3af56a84dafa96108b0c17f2772f40dd6564bf0cee811662aeb00302b8d
35_0_4--rdan-ldan-sdan.mp3,syllable_mp3,syllable,35,0,4,རྡན / ལྡན / སྡན,rdan/ldan/sdan,True,7104,2f23479861ab2bef2f101e34173e2c1ac7a72190938dae515b518db5d6b00398
35_0_5--rdab-ldab-sdab.mp3,syllable_mp3,syllable,35,0,5,རྡབ / ལྡབ / སྡབ,rdab/ldab/sdab,True,5432,37caeab3741959f5ea840f454d743f1508618db3b900eda99e1468017f344c90
35_0_6--rdam-ldam-sdam.mp3,syllable_mp3,syllable,35,0,6,རྡམ / ལྡམ / སྡམ,rdam/ldam/sdam,True,7104,3115c734b6e74be2aefdda0eaabb187264522c1407b0e3e9d112f586cb8af369
35_0_7--rda'-lda'-sda'.mp3,syllable_mp3,syllable,35,0,7,རྡའ / ལྡའ / སྡའ,rda'/lda'/sda',True,6268,d2de2a8fafe81d91ede5f803298cdbd89ec350f8a08a36e333264b9b887eef81
35_0_8--rdar-ldar-sdar.mp3,syllable_mp3,syllable,35,0,8,རྡར / ལྡར / སྡར,rdar/ldar/sdar,True,6268,3943548ec8a684f76999c71e12b8298a4ed6137aa05e2acfcce65ed1f79b268a
35_0_9--rdal-ldal-sdal.mp3,syllable_mp3,syllable,35,0,9,རྡལ / ལྡལ / སྡལ,rdal/ldal/sdal,True,7104,dfc711a8ffb7f001807d041266e121617596f3fe6dd9d3a04dfeddf8bc660fb1
35_0_10--rdas-ldas-sdas.mp3,syllable_mp3,syllable,35,0,10,རྡས / ལྡས / སྡས,rdas/ldas/sdas,True,7940,6764455f9d21d96397fc2d0c74c6375b8316bafc6712c907462f4506eb19db96
35_1_0--rdi-ldi-sdi.mp3,syllable_mp3,syllable,35,1,0,རྡི / ལྡི / སྡི,rdi/ldi/sdi,True,8776,0595ee98f823caf32778774b036b691af9895f429996d248fde07dac10ad792c
35_1_1--rdig-ldig-sdig.mp3,syllable_mp3,syllable,35,1,1,རྡིག / ལྡིག / སྡིག,rdig/ldig/sdig,True,6268,994eb9424cdd039cfad2cf1c14538c95fd1f478b3804c3aac054daa93e8e0b59
35_1_2--rding-lding-sding.mp3,syllable_mp3,syllable,35,1,2,རྡིང / ལྡིང / སྡིང,rding/lding/sding,True,7104,e1d911d43345489dedfaddea970f9f2c38edcc792f4b928a445a05cc6a9871b2
35_1_3--rdid-ldid-sdid.mp3,syllable_mp3,syllable,35,1,3,རྡིད / ལྡིད / སྡིད,rdid/ldid/sdid,True,6268,ed6f02904c0f140bab1c86f8be0b06aede1ac948ba5521e0311807ed64b4ff22
35_1_4--rdin-ldin-sdin.mp3,syllable_mp3,syllable,35,1,4,རྡིན / ལྡིན / སྡིན,rdin/ldin/sdin,True,7104,947a4e17165922f7f8ebe1d9d99e52a29ad58db8bfde9a3f7b84c33159f42bd7
35_1_5--rdib-ldib-sdib.mp3,syllable_mp3,syllable,35,1,5,རྡིབ / ལྡིབ / སྡིབ,rdib/ldib/sdib,True,5432,f479bc24693538e9b88b3633850495f31c4e6a9324c44384afa143f6bfb7c819
35_1_6--rdim-ldim-sdim.mp3,syllable_mp3,syllable,35,1,6,རྡིམ / ལྡིམ / སྡིམ,rdim/ldim/sdim,True,7104,064e5c35ed9ca4f323564fb359a6f15b13370ec491e3cdf34c403cfd5049bb2d
35_1_7--rdi'-ldi'-sdi'.mp3,syllable_mp3,syllable,35,1,7,རྡིའ / ལྡིའ / སྡིའ,rdi'/ldi'/sdi',True,7940,1cb19efe6c583c287e43ab9cc05ebf74bd151745111be5dd06ed7019e598ec53
35_1_8--rdir-ldir-sdir.mp3,syllable_mp3,syllable,35,1,8,རྡིར / ལྡིར / སྡིར,rdir/ldir/sdir,True,5432,7f0a1806da25def785412a23ed17ebe3865da77bd82920bea459eb5b9d5e83ae
35_1_9--rdil-ldil-sdil.mp3,syllable_mp3,syllable,35,1,9,རྡིལ / ལྡིལ / སྡིལ,rdil/ldil/sdil,True,7104,567b769cd82da5b1d001a37f4ec26011c4f1757769ed4f90a6460ef75630dce5
35_1_10--rdis-ldis-sdis.mp3,syllable_mp3,syllable,35,1,10,རྡིས / ལྡིས / སྡིས,rdis/ldis/sdis,True,8776,20eb7aa8de51052d0c5032ba8783349473f2bb7a8f9be0735e2f414bf79945e3
35_2_0--rdu-ldu-sdu.mp3,syllable_mp3,syllable,35,2,0,རྡུ / ལྡུ / སྡུ,rdu/ldu/sdu,True,7940,5291eb01f52de90cc4a1e841224914eca4b64c4da65143dc4829e4552d71bef0
35_2_1--rdug-ldug-sdug.mp3,syllable_mp3,syllable,35,2,1,རྡུག / ལྡུག / སྡུག,rdug/ldug/sdug,True,5432,3ce77de188b6b67a94f90978158630609db0c2d2a8316a539ef8d370a54c5c7b
35_2_2--rdung-ldung-sdung.mp3,syllable_mp3,syllable,35,2,2,རྡུང / ལྡུང / སྡུང,rdung/ldung/sdung,True,6268,8fd6dffcbcc7a1943d152c871c55bbaf2bc9cdcf9de7de22ed416dceaa676759
35_2_3--rdud-ldud-sdud.mp3,syllable_mp3,syllable,35,2,3,རྡུད / ལྡུད / སྡུད,rdud/ldud/sdud,True,6268,0f4f6b360ec7629fa14ff1137428f6cde607dfbb26bedc8533922a1af4b5d6fc
35_2_4--rdun-ldun-sdun.mp3,syllable_mp3,syllable,35,2,4,རྡུན / ལྡུན / སྡུན,rdun/ldun/sdun,True,7104,86dad603a627dd60ea9e3785861a86c50f3856ff8ee9d1988d186ca10975e7f0
35_2_5--rdub-ldub-sdub.mp3,syllable_mp3,syllable,35,2,5,རྡུབ / ལྡུབ / སྡུབ,rdub/ldub/sdub,True,5432,1a75d1fae3effb4b52aa965259e0e2f01a60dd1350cd64a90cd65aac5a1a56fb
35_2_6--rdum-ldum-sdum.mp3,syllable_mp3,syllable,35,2,6,རྡུམ / ལྡུམ / སྡུམ,rdum/ldum/sdum,True,7104,d6c7e385fcb1676490f42d9ba3c6ca6d809d5433c7ba51e779c7ce668a0d0c5b
35_2_7--rdu'-ldu'-sdu'.mp3,syllable_mp3,syllable,35,2,7,རྡུའ / ལྡུའ / སྡུའ,rdu'/ldu'/sdu',True,7104,ce462bfcd53d216412f941e7054c5294424fdc377691485f60d61a5807e2fa9a
35_2_8--rdur-ldur-sdur.mp3,syllable_mp3,syllable,35,2,8,རྡུར / ལྡུར / སྡུར,rdur/ldur/sdur,True,6268,a36159c757012dd97d153bcbc880418618130223d1ffe0103a686ebd7704433c
35_2_9--rdul-ldul-sdul.mp3,syllable_mp3,syllable,35,2,9,རྡུལ / ལྡུལ / སྡུལ,rdul/ldul/sdul,True,7104,df0bab54650daee5fc87836b51cbc30876ff62b585eff4820e770d3d98ca2bd1
35_2_10--rdus-ldus-sdus.mp3,syllable_mp3,syllable,35,2,10,རྡུས / ལྡུས / སྡུས,rdus/ldus/sdus,True,7940,c0919ca1e12c5437912894f6e4bbef3098fd788f30c177c66c2aca3c57821215
35_3_0--rde-lde-sde.mp3,syllable_mp3,syllable,35,3,0,རྡེ / ལྡེ / སྡེ,rde/lde/sde,True,7104,bb4e11f5c9dec527a6f8a40bce837993889d352ff46956c13e14cf4126eb22f0
35_3_1--rdeg-ldeg-sdeg.mp3,syllable_mp3,syllable,35,3,1,རྡེག / ལྡེག / སྡེག,rdeg/ldeg/sdeg,True,5432,d4866689754881d701dbdd81f5637ea3de6a4b80993969d3e366a3e49a9d777d
35_3_2--rdeng-ldeng-sdeng.mp3,syllable_mp3,syllable,35,3,2,རྡེང / ལྡེང / སྡེང,rdeng/ldeng/sdeng,True,7104,ce2bc489fa969e799ee193ad16d7e40887811b4f1aa61ade5d00a77b600bf31c
35_3_3--rded-lded-sded.mp3,syllable_mp3,syllable,35,3,3,རྡེད / ལྡེད / སྡེད,rded/lded/sded,True,5432,02c55fd21e7c176bdc90391db2aaf4106ff2693e94405ab6e5aa7a5bf89a5328
35_3_4--rden-lden-sden.mp3,syllable_mp3,syllable,35,3,4,རྡེན / ལྡེན / སྡེན,rden/lden/sden,True,6268,440173193a8bd4ed047855588bc56bcb1c21da198e889820bc2b52043e476627
35_3_5--rdeb-ldeb-sdeb.mp3,syllable_mp3,syllable,35,3,5,རྡེབ / ལྡེབ / སྡེབ,rdeb/ldeb/sdeb,True,4596,79331ef0b14bf565845cc23e00af91cc95c676e55e052c28991f9b7208c20d86
35_3_6--rdem-ldem-sdem.mp3,syllable_mp3,syllable,35,3,6,རྡེམ / ལྡེམ / སྡེམ,rdem/ldem/sdem,True,7104,e332f9faefd0e5ff1f035d2f1d708f3d578a310daf7744dabc8a62bcd57dd497
35_3_7--rde'-lde'-sde'.mp3,syllable_mp3,syllable,35,3,7,རྡེའ / ལྡེའ / སྡེའ,rde'/lde'/sde',True,7104,e2c8511773ae364355ca7bcb2c81cfe34d961907bb33504288ab9a78a6c0b8af
35_3_8--rder-lder-sder.mp3,syllable_mp3,syllable,35,3,8,རྡེར / ལྡེར / སྡེར,rder/lder/sder,True,6268,3f24e9b182b89ea8c0988b58db5c894a68fe714c3d41576c6d971c096b9f3389
35_3_9--rdel-ldel-sdel.mp3,syllable_mp3,syllable,35,3,9,རྡེལ / ལྡེལ / སྡེལ,rdel/ldel/sdel,True,7104,c9514646e91bbd7f38bee280236ae63722c380ce91930dfa93abcc04cbfe4c2e
35_3_10--rdes-ldes-sdes.mp3,syllable_mp3,syllable,35,3,10,རྡེས / ལྡེས / སྡེས,rdes/ldes/sdes,True,7104,0551f0b5fe5f59814cc59bf4cbac64fd79bc3b6ecd7782181e0a56c6dcd372d6
35_4_0--rdo-ldo-sdo.mp3,syllable_mp3,syllable,35,4,0,རྡོ / ལྡོ / སྡོ,rdo/ldo/sdo,True,7940,a941724efe51b71bd50075c4184ffe3e218bace8f4426c400fc9573ce94ee541
35_4_1--rdog-ldog-sdog.mp3,syllable_mp3,syllable,35,4,1,རྡོག / ལྡོག / སྡོག,rdog/ldog/sdog,True,6268,ad4994963f85f355fec888733f9e804c2305b85b6c350cdc0fc0d973e12befdb
35_4_2--rdong-ldong-sdong.mp3,syllable_mp3,syllable,35,4,2,རྡོང / ལྡོང / སྡོང,rdong/ldong/sdong,True,6268,3f836af09e877994f2994ab035812268f5ae64d0deb8c167db1953c6a88faf0f
35_4_3--rdod-ldod-sdod.mp3,syllable_mp3,syllable,35,4,3,རྡོད / ལྡོད / སྡོད,rdod/ldod/sdod,True,6268,7ab0c7f03fe656d60daa3e9375345b85ed0affb4ea05e1097abb8b83a23bfc54
35_4_4--rdon-ldon-sdon.mp3,syllable_mp3,syllable,35,4,4,རྡོན / ལྡོན / སྡོན,rdon/ldon/sdon,True,6268,5fcce6660f434a04ffa34ed5e4d18f9a4098b58ffa269eb9841cfc45f2ba28aa
35_4_5--rdob-ldob-sdob.mp3,syllable_mp3,syllable,35,4,5,རྡོབ / ལྡོབ / སྡོབ,rdob/ldob/sdob,True,5432,a779de44df6c62f612e940bff9e4846df36f961633950ce93d7afa4df2d2a461
35_4_6--rdom-ldom-sdom.mp3,syllable_mp3,syllable,35,4,6,རྡོམ / ལྡོམ / སྡོམ,rdom/ldom/sdom,True,6268,43c070c67231d7d7bc5441d65f4bc48c12e0ca6b2e1fb804440241ed9d8bf491
35_4_7--rdo'-ldo'-sdo'.mp3,syllable_mp3,syllable,35,4,7,རྡོའ / ལྡོའ / སྡོའ,rdo'/ldo'/sdo',True,7104,03600a249b628a54c9097e88f28d8f86820a4ce97ddeec5efc99c2badc6cbb53
35_4_8--rdor-ldor-sdor.mp3,syllable_mp3,syllable,35,4,8,རྡོར / ལྡོར / སྡོར,rdor/ldor/sdor,True,6268,e9f9da316c4d517fa0148e844c4a74087c5a69fa65ed7c2d41b7df0da89c4276
35_4_9--rdol-ldol-sdol.mp3,syllable_mp3,syllable,35,4,9,རྡོལ / ལྡོལ / སྡོལ,rdol/ldol/sdol,True,7104,2df06676ef960ed871087f6bcb03f84a57de169c4c77399f6a3a88cdb369e6e0
35_4_10--rdos-ldos-sdos.mp3,syllable_mp3,syllable,35,4,10,རྡོས / ལྡོས / སྡོས,rdos/ldos/sdos,True,7940,be7f215ece6b5be0c107fb37bb68c7b1f00300cb6cb2b24f9d56fb23af5c3709
36_0_0--rna-sna.mp3,syllable_mp3,syllable,36,0,0,རྣ / སྣ,rna/sna,True,5432,8e93fa2b4c9172326bb78199f76a51231f1363b828f35092815bc33f7d4829e3
36_0_1--rnag-snag.mp3,syllable_mp3,syllable,36,0,1,རྣག / སྣག,rnag/snag,True,5432,4c858cb2fc51b5b26901c2825422fe0ca9559b521f01326bbcb31a10a8bca9c7
36_0_2--rnang-snang.mp3,syllable_mp3,syllable,36,0,2,རྣང / སྣང,rnang/snang,True,6268,4fd9cd43b72157953d72b62b211a45cbd73c140713c7954ed3fdc03c37ebd7e7
36_0_3--rnad-snad.mp3,syllable_mp3,syllable,36,0,3,རྣད / སྣད,rnad/snad,True,6268,234f4e452951152483355604a9345bf3fac2d6e98cab7fdcaa02ea3dc7f2e349
36_0_4--rnan-snan.mp3,syllable_mp3,syllable,36,0,4,རྣན / སྣན,rnan/snan,True,7104,1cbfec5bf0ea243df9c3169820cafd09b235f4df975b0521f95d359991683f73
36_0_5--rnab-snab.mp3,syllable_mp3,syllable,36,0,5,རྣབ / སྣབ,rnab/snab,True,5432,957fd0984d59063c8b782b6a772dc342f1220aa7f62815ea06b6916713309318
36_0_6--rnam-snam.mp3,syllable_mp3,syllable,36,0,6,རྣམ / སྣམ,rnam/snam,True,7104,14f89ec4477d4e0b78bd87c69789ee0e4d963419a201287ca41eb449539ee271
36_0_7--rna'-sna'.mp3,syllable_mp3,syllable,36,0,7,རྣའ / སྣའ,rna'/sna',True,6268,f2eb61144f29644d328c153726ee444e74d1427371f83fe16d3cf5da7f9942d2
36_0_8--rnar-snar.mp3,syllable_mp3,syllable,36,0,8,རྣར / སྣར,rnar/snar,True,6268,2fd3864551e331e70a2f38eafa28e67e15404bc95aca2310c5c7b5d77e0b7d38
36_0_9--rnal-snal.mp3,syllable_mp3,syllable,36,0,9,རྣལ / སྣལ,rnal/snal,True,7940,3ac1a77d182855f32001e278b0411a4498c66f040fc5d55234b07f594ab6cc44
36_0_10--rnas-snas.mp3,syllable_mp3,syllable,36,0,10,རྣས / སྣས,rnas/snas,True,7940,92bd390c1a8ed82a3b7deaefd2c66159c8b7436a4d00eec528408f6a29d93648
36_1_0--rni-sni.mp3,syllable_mp3,syllable,36,1,0,རྣི / སྣི,rni/sni,True,7104,ec57dd03cd12b5d6025b53e72123f7116164119065f239730176bade85cdf9ae
36_1_1--rnig-snig.mp3,syllable_mp3,syllable,36,1,1,རྣིག / སྣིག,rnig/snig,True,6268,93170a2d85b18059f368c2e5b8df36e765dc05775b781708906140104a24c9b4
36_1_2--rning-sning.mp3,syllable_mp3,syllable,36,1,2,རྣིང / སྣིང,rning/sning,True,7104,83e9e580432c09936494614d8c142b0b1e697a8dd8b07c20921539c6d60f24f7
36_1_3--rnid-snid.mp3,syllable_mp3,syllable,36,1,3,རྣིད / སྣིད,rnid/snid,True,6268,217960028c8ad8548fa48904b39d9db9c0451213a8aa98537fe37ad348e46dcc
36_1_4--rnin-snin.mp3,syllable_mp3,syllable,36,1,4,རྣིན / སྣིན,rnin/snin,True,7104,0a04adbe7d465dd7a0191d4348b7e2a1ef663d7b3765fdab51eaa854291bf511
36_1_5--rnib-snib.mp3,syllable_mp3,syllable,36,1,5,རྣིབ / སྣིབ,rnib/snib,True,5432,0114ab276c09561ed8108843bcd407545531cc0d6cc67c882d80a0b8615ebfd2
36_1_6--rnim-snim.mp3,syllable_mp3,syllable,36,1,6,རྣིམ / སྣིམ,rnim/snim,True,7104,79c092027beae7e44e39d7e1ee0fd284d9fb5ace49ec68ce634200ee34977b76
36_1_7--rni'-sni'.mp3,syllable_mp3,syllable,36,1,7,རྣིའ / སྣིའ,rni'/sni',True,7940,c84186c617969081ad29b07d577c96865832efd5120f8465df70d80ba1581f71
36_1_8--rnir-snir.mp3,syllable_mp3,syllable,36,1,8,རྣིར / སྣིར,rnir/snir,True,6268,0117a0410ded47c73c26e49ca3bfddfd93b4b6b6e442b85d4660a60563d8acb1
36_1_9--rnil-snil.mp3,syllable_mp3,syllable,36,1,9,རྣིལ / སྣིལ,rnil/snil,True,7104,0f1e2faf9b0bbe5309c8aca9d98b2a954fe6c87089c404989bc5818ab02ef15e
36_1_10--rnis-snis.mp3,syllable_mp3,syllable,36,1,10,རྣིས / སྣིས,rnis/snis,True,7940,1115f569a1203b6ad592026f78fecd670c31fedc15a64a168eb2441cd87cb968
36_2_0--rnu-snu.mp3,syllable_mp3,syllable,36,2,0,རྣུ / སྣུ,rnu/snu,True,6268,8be4541b17d71dd0ceb2fcd9ce594eef194cf78185392d9439d17c347fe60c08
36_2_1--rnug-snug.mp3,syllable_mp3,syllable,36,2,1,རྣུག / སྣུག,rnug/snug,True,5432,3cbb5e6889e0038b0b3a037056a0e7728e16d80162a0d2496f86d3ec26eea3a1
36_2_2--rnung-snung.mp3,syllable_mp3,syllable,36,2,2,རྣུང / སྣུང,rnung/snung,True,7940,7d23a075dc6b23cf05d7632aedde4411a551b8c1dfe939e980d792e61ad9e5ce
36_2_3--rnud-snud.mp3,syllable_mp3,syllable,36,2,3,རྣུད / སྣུད,rnud/snud,True,6268,8018b9137b47e0acd3589304bfe38e03e3bec395e2c61885a96e4e12e1e4c77a
36_2_4--rnun-snun.mp3,syllable_mp3,syllable,36,2,4,རྣུན / སྣུན,rnun/snun,True,7104,fea8b7ccc3b7408f6c68f3edc9b4546c5fefa39b03adf4d1386e38c5a39c0a76
36_2_5--rnub-snub.mp3,syllable_mp3,syllable,36,2,5,རྣུབ / སྣུབ,rnub/snub,True,5432,a4960f0f127af9d16c314d59c6ced19df244dfe09e6b04605f7bf920f78a77c3
36_2_6--rnum-snum.mp3,syllable_mp3,syllable,36,2,6,རྣུམ / སྣུམ,rnum/snum,True,7104,0f92161c040b439130b58d4d717b0bb81fe78774da84baaa5d4bf2e9b7694be1
36_2_7--rnu'-snu'.mp3,syllable_mp3,syllable,36,2,7,རྣུའ / སྣུའ,rnu'/snu',True,7104,e73e116f736a904c06c96b43ec31adf4578abecbdfb4cfe766940ba3ee8dceb8
36_2_8--rnur-snur.mp3,syllable_mp3,syllable,36,2,8,རྣུར / སྣུར,rnur/snur,True,7104,7c18f1be2776b2a41872d47e13783819ca2db9bea28c441b65ddb2e97199e788
36_2_9--rnul-snul.mp3,syllable_mp3,syllable,36,2,9,རྣུལ / སྣུལ,rnul/snul,True,7104,d2f379794d84e96714aaa9eb420f5e9c259c5a47ae89bc2f1351eb0306f2f4ee
36_2_10--rnus-snus.mp3,syllable_mp3,syllable,36,2,10,རྣུས / སྣུས,rnus/snus,True,8776,5d3eaaf7e80534f8c88304dc492798b4bfad96f78fb1ba47c122f1fc5b4ce099
36_3_0--rne-sne.mp3,syllable_mp3,syllable,36,3,0,རྣེ / སྣེ,rne/sne,True,6268,e3e7d4858c7f4e0f3ee6fb290096b2636a2972fbfd6626af8bc12cf9522c4204
36_3_1--rneg-sneg.mp3,syllable_mp3,syllable,36,3,1,རྣེག / སྣེག,rneg/sneg,True,6268,91568e3ae719d006d89de6f460f2f9534642c2ce5da998e68b7bfad85fa87e53
36_3_2--rneng-sneng.mp3,syllable_mp3,syllable,36,3,2,རྣེང / སྣེང,rneng/sneng,True,7104,110542538ed4bb7a0a51f1eab1444fc79205495abb0709608283dc99ccacd97b
36_3_3--rned-sned.mp3,syllable_mp3,syllable,36,3,3,རྣེད / སྣེད,rned/sned,True,6268,0aa78af7a250f07474197d5c17218f23293e9083c36212bb1bef4f9edb18a76e
36_3_4--rnen-snen.mp3,syllable_mp3,syllable,36,3,4,རྣེན / སྣེན,rnen/snen,True,7104,5d09cfb21423d069734cd0795c46555664a539ea38f5f49a274edf1005986c53
36_3_5--rneb-sneb.mp3,syllable_mp3,syllable,36,3,5,རྣེབ / སྣེབ,rneb/sneb,True,6268,742a473a666b55f4cbe24be1e17abb9ac6e9ad53d7a7a4c5076e6824ae60a569
36_3_6--rnem-snem.mp3,syllable_mp3,syllable,36,3,6,རྣེམ / སྣེམ,rnem/snem,True,7104,9dc1fe1d3135603f1e8673251c8bbcf25f3b4933620fafe88702dc53f68a79fd
36_3_7--rne'-sne'.mp3,syllable_mp3,syllable,36,3,7,རྣེའ / སྣེའ,rne'/sne',True,7104,64a2e65c7609e310d011b9166f6e836360bda227e3aef4e059261e395fe5b69f
36_3_8--rner-sner.mp3,syllable_mp3,syllable,36,3,8,རྣེར / སྣེར,rner/sner,True,6268,1a49f2f58981f1e2f21b7c6b276f6a0a40605da70e4d71b2f41521aa0c50f857
36_3_9--rnel-snel.mp3,syllable_mp3,syllable,36,3,9,རྣེལ / སྣེལ,rnel/snel,True,7940,4f06618763233329c54df2b61e68fcb56c72b2ff8af4daa3cde5a90078275100
36_3_10--rnes-snes.mp3,syllable_mp3,syllable,36,3,10,རྣེས / སྣེས,rnes/snes,True,8776,4e7c3d39ee66fbeb1a11d0e224cf00dae8fa204d48629c23f4c39509c68d1136
36_4_0--rno-sno.mp3,syllable_mp3,syllable,36,4,0,རྣོ / སྣོ,rno/sno,True,7104,db542fcae7b28cd441765ec1d67c6c7e93e45f6705a844655b1870e3f132be70
36_4_1--rnog-snog.mp3,syllable_mp3,syllable,36,4,1,རྣོག / སྣོག,rnog/snog,True,6268,d465fec3cad4f989f8e47e1e7fb4ade96929093bd650b5df72bf3936445d7861
36_4_2--rnong-snong.mp3,syllable_mp3,syllable,36,4,2,རྣོང / སྣོང,rnong/snong,True,7104,66fb55d9f7aa5e752f26142cad8ed4892ef8d16a948d872d60e2bf81c37cb826
36_4_3--rnod-snod.mp3,syllable_mp3,syllable,36,4,3,རྣོད / སྣོད,rnod/snod,True,6268,84b8c16eb4e8baeff0fb881cf2829a19b6d423e51d171754d81aa13f19e07433
36_4_4--rnon-snon.mp3,syllable_mp3,syllable,36,4,4,རྣོན / སྣོན,rnon/snon,True,7104,11de1f1572cbd4417b165f0a17d699e98ef12c5362bc015ce6a12f7ee231138e
36_4_5--rnob-snob.mp3,syllable_mp3,syllable,36,4,5,རྣོབ / སྣོབ,rnob/snob,True,5432,163ae1212c4894d19d3f6206e2f8d5ce9bb8187cada6f861a685a211348e5f66
36_4_6--rnom-snom.mp3,syllable_mp3,syllable,36,4,6,རྣོམ / སྣོམ,rnom/snom,True,7104,fb8130c24b43c5ad72bee6b3c5acf43bdfebe031637695a8ab5b3ff32a86423a
36_4_7--rno'-sno'.mp3,syllable_mp3,syllable,36,4,7,རྣོའ / སྣོའ,rno'/sno',True,7104,ba0c01972cb9115f1dcd3e40a6da3b9fe8fdaddd2038170e80fcc76855ca9283
36_4_8--rnor-snor.mp3,syllable_mp3,syllable,36,4,8,རྣོར / སྣོར,rnor/snor,True,7104,aaa69d004917da09f90235105622ae8e3ab84eef9039c1d1039a67a32af05390
36_4_9--rnol-snol.mp3,syllable_mp3,syllable,36,4,9,རྣོལ / སྣོལ,rnol/snol,True,7104,9b1b732862600ef01a81dd8c349b5454c58dcb97c9f3024bebde9d8fb5e71a7e
36_4_10--rnos-snos.mp3,syllable_mp3,syllable,36,4,10,རྣོས / སྣོས,rnos/snos,True,7940,843237c633a38f07ef517fba11e1f2658e8620d3f01245ba4e6cdf56eefff196
37_0_0--rba-lba-sba.mp3,syllable_mp3,syllable,37,0,0,རྦ / ལྦ / སྦ,rba/lba/sba,True,6268,9e9030b59fe9294ba2b25d16296aec223cc5de2d9534799e7b0830df05f54f50
37_0_1--rbag-lbag-sbag.mp3,syllable_mp3,syllable,37,0,1,རྦག / ལྦག / སྦག,rbag/lbag/sbag,True,5432,58e7d1dcd9bc51ab31f5abb94a6d26bc7983f06f9f19673240fe80f17a8f001e
37_0_2--rbang-lbang-sbang.mp3,syllable_mp3,syllable,37,0,2,རྦང / ལྦང / སྦང,rbang/lbang/sbang,True,6268,91447ccdc722527a90cea6468e3f43ca19a361a5c8d2c7a4b0669d7539109785
37_0_3--rbad-lbad-sbad.mp3,syllable_mp3,syllable,37,0,3,རྦད / ལྦད / སྦད,rbad/lbad/sbad,True,5432,cc61d34ad76853a41c9ad836595a45c1f06e48ebc91c7efc88c03292fc2720e4
37_0_4--rban-lban-sban.mp3,syllable_mp3,syllable,37,0,4,རྦན / ལྦན / སྦན,rban/lban/sban,True,7104,cd7fd11415234d5f09fc28b4b9fd558580721391c3be1b43e1952fe372b69d1a
37_0_5--rbab-lbab-sbab.mp3,syllable_mp3,syllable,37,0,5,རྦབ / ལྦབ / སྦབ,rbab/lbab/sbab,True,5432,00a2e8896d14e8ea7bd430e58cba0af29c689c3fd11ef23a956cd830212faaf6
37_0_6--rbam-lbam-sbam.mp3,syllable_mp3,syllable,37,0,6,རྦམ / ལྦམ / སྦམ,rbam/lbam/sbam,True,7104,35a8911d958f0616a2bcaf6d0fb0817ee5aec94a05ab8a8d5e9620d77310a37b
37_0_7--rba'-lba'-sba'.mp3,syllable_mp3,syllable,37,0,7,རྦའ / ལྦའ / སྦའ,rba'/lba'/sba',True,7104,d1076fc962f441ba0711c0dd3611d43cfc0b0cc1bfcccb0eb346ee422a86561d
37_0_8--rbar-lbar-sbar.mp3,syllable_mp3,syllable,37,0,8,རྦར / ལྦར / སྦར,rbar/lbar/sbar,True,6268,78ade1438adaed4754e5820d282ce4803b216f4c05205f56f997361f1f754777
37_0_9--rbal-lbal-sbal.mp3,syllable_mp3,syllable,37,0,9,རྦལ / ལྦལ / སྦལ,rbal/lbal/sbal,True,7104,4ec524663753f1ffdf5a022189a362d200e8e15fdcfff142c91a45509f45803a
37_0_10--rbas-lbas-sbas.mp3,syllable_mp3,syllable,37,0,10,རྦས / ལྦས / སྦས,rbas/lbas/sbas,True,7940,d185943ae521f6912ec527f0bfa4826b394cf67489dc315cd6cb293ae292f6e0
37_1_0--rbi-lbi-sbi.mp3,syllable_mp3,syllable,37,1,0,རྦི / ལྦི / སྦི,rbi/lbi/sbi,True,6268,637dcfd39d6b9fa7889480db008d611be37d35d098da9b5852ad0733e8a48ab4
37_1_1--rbig-lbig-sbig.mp3,syllable_mp3,syllable,37,1,1,རྦིག / ལྦིག / སྦིག,rbig/lbig/sbig,True,5432,6ce603240161b95b4d718ddd533af31320fff982f2025660cee1e769e0fe6c95
37_1_2--rbing-lbing-sbing.mp3,syllable_mp3,syllable,37,1,2,རྦིང / ལྦིང / སྦིང,rbing/lbing/sbing,True,7104,d53e1db13688e81323128a1edab8f44f3a68aa78141df197300185a06cd316e1
37_1_3--rbid-lbid-sbid.mp3,syllable_mp3,syllable,37,1,3,རྦིད / ལྦིད / སྦིད,rbid/lbid/sbid,True,5432,75db3de32e36f3feaac17bc30c1e49911d7cacd4eaa76fb409603b537f05d075
37_1_4--rbin-lbin-sbin.mp3,syllable_mp3,syllable,37,1,4,རྦིན / ལྦིན / སྦིན,rbin/lbin/sbin,True,7104,1fc4c69c2b9f275c3693b09c88422afa1224704a9c058745bc9948e4c2d81d26
37_1_5--rbib-lbib-sbib.mp3,syllable_mp3,syllable,37,1,5,རྦིབ / ལྦིབ / སྦིབ,rbib/lbib/sbib,True,4596,69fe361e6eeb10069813f842e248dafbda597c661edd0b7155d52357c088bcba
37_1_6--rbim-lbim-sbim.mp3,syllable_mp3,syllable,37,1,6,རྦིམ / ལྦིམ / སྦིམ,rbim/lbim/sbim,True,7104,528ee9fbede0e6a68804b2aa9a3f0c79928fa057431721732e6bc47f9bed4f90
37_1_7--rbi'-lbi'-sbi'.mp3,syllable_mp3,syllable,37,1,7,རྦིའ / ལྦིའ / སྦིའ,rbi'/lbi'/sbi',True,7104,82eaa179d4105d999516919eb9d0140cc8a39ebf758e8aaaa5ef53dbf2f271a2
37_1_8--rbir-lbir-sbir.mp3,syllable_mp3,syllable,37,1,8,རྦིར / ལྦིར / སྦིར,rbir/lbir/sbir,True,6268,2e0d1ca1e9c3c316478c5b05a6985bbdb2e4c8c0185b5d4448cc9175616ece4c
37_1_9--rbil-lbil-sbil.mp3,syllable_mp3,syllable,37,1,9,རྦིལ / ལྦིལ / སྦིལ,rbil/lbil/sbil,True,6268,746bf55fea7da3de6a3d78ee2096694f2c449e8f88d6db750005a68857d03ac8
37_1_10--rbis-lbis-sbis.mp3,syllable_mp3,syllable,37,1,10,རྦིས / ལྦིས / སྦིས,rbis/lbis/sbis,True,7940,4375e9445cd7a0b4863dd157cb918930faa8b54c65dc01f71d734095d48e072e
37_2_0--rbu-lbu-sbu.mp3,syllable_mp3,syllable,37,2,0,རྦུ / ལྦུ / སྦུ,rbu/lbu/sbu,True,7104,d8f34a6a3c9d4c95ba8d3b67e46af67788f73f00b5fa260591d5d08433ad6d2c
37_2_1--rbug-lbug-sbug.mp3,syllable_mp3,syllable,37,2,1,རྦུག / ལྦུག / སྦུག,rbug/lbug/sbug,True,5432,ef3f77b573b4b18e7a985bca46a945e820d3c1957123f734f33c5802af32c097
37_2_2--rbung-lbung-sbung.mp3,syllable_mp3,syllable,37,2,2,རྦུང / ལྦུང / སྦུང,rbung/lbung/sbung,True,7104,c5a55784ef7426395a6c84bc1def7faa2aa6b7593a26170240aedc97440cd703
37_2_3--rbud-lbud-sbud.mp3,syllable_mp3,syllable,37,2,3,རྦུད / ལྦུད / སྦུད,rbud/lbud/sbud,True,5432,9c297f17758cb8ec5a381683deeed7bdc4d0dfb747a5592228b19e7204d7825a
37_2_4--rbun-lbun-sbun.mp3,syllable_mp3,syllable,37,2,4,རྦུན / ལྦུན / སྦུན,rbun/lbun/sbun,True,7104,0f0abc23a3c1b795a294bbec3098e839dbbee11733e7d2c5fd340985226b3ef2
37_2_5--rbub-lbub-sbub.mp3,syllable_mp3,syllable,37,2,5,རྦུབ / ལྦུབ / སྦུབ,rbub/lbub/sbub,True,5432,78eb71d54d41f4724f0067473e5b6bd2ae518c9cf169f66aa3ca3e3db7719e29
37_2_6--rbum-lbum-sbum.mp3,syllable_mp3,syllable,37,2,6,རྦུམ / ལྦུམ / སྦུམ,rbum/lbum/sbum,True,7104,8ebdc0686eb7891dc0e6c8ce30c2ec16fd1ac2855d2c2269d52e3e07d6113069
37_2_7--rbu'-lbu'-sbu'.mp3,syllable_mp3,syllable,37,2,7,རྦུའ / ལྦུའ / སྦུའ,rbu'/lbu'/sbu',True,7104,c07074eeb37358eece6d52567a2ca843b9c3fd09cf3ce791406bda24c3220263
37_2_8--rbur-lbur-sbur.mp3,syllable_mp3,syllable,37,2,8,རྦུར / ལྦུར / སྦུར,rbur/lbur/sbur,True,6268,31e58c910cf3092a763e705a2ee3910cf16aca1c0e7c315c5664d4e5e6de1c67
37_2_9--rbul-lbul-sbul.mp3,syllable_mp3,syllable,37,2,9,རྦུལ / ལྦུལ / སྦུལ,rbul/lbul/sbul,True,7104,60c0d328d7bd2b939880be37a3ef0a0c7dc55318a5d40b314ec78e3d31fb7528
37_2_10--rbus-lbus-sbus.mp3,syllable_mp3,syllable,37,2,10,རྦུས / ལྦུས / སྦུས,rbus/lbus/sbus,True,7940,9204746bb11df5ff6aef205c4c53db2877c55237f3d751d298f221877e19e8d4
37_3_0--rbe-lbe-sbe.mp3,syllable_mp3,syllable,37,3,0,རྦེ / ལྦེ / སྦེ,rbe/lbe/sbe,True,7104,f5aca44f5cd09dd375e73749bd95626461174f8b97e1c108c9d9664dbccdd265
37_3_1--rbeg-lbeg-sbeg.mp3,syllable_mp3,syllable,37,3,1,རྦེག / ལྦེག / སྦེག,rbeg/lbeg/sbeg,True,5432,e1b69671fd7386c32b1c8ee301ba29c429fd9170495b8c36dac68ff9630167d5
37_3_2--rbeng-lbeng-sbeng.mp3,syllable_mp3,syllable,37,3,2,རྦེང / ལྦེང / སྦེང,rbeng/lbeng/sbeng,True,7104,8a04424d92860c0ddbcb11236640b5891e72c755cd80ad054decd8a3d36b1055
37_3_3--rbed-lbed-sbed.mp3,syllable_mp3,syllable,37,3,3,རྦེད / ལྦེད / སྦེད,rbed/lbed/sbed,True,6268,3fa105eeeff1beca5c4ebdb11e0db66a51866c87f338def2aba61b1c7bfee1ef
37_3_4--rben-lben-sben.mp3,syllable_mp3,syllable,37,3,4,རྦེན / ལྦེན / སྦེན,rben/lben/sben,True,7940,f841debdd4437a468d8f70f8ef5c9e825e1093e24919611d96aa94ab94e7c689
37_3_5--rbeb-lbeb-sbeb.mp3,syllable_mp3,syllable,37,3,5,རྦེབ / ལྦེབ / སྦེབ,rbeb/lbeb/sbeb,True,5432,b1428ea7891682325fd607d922f3997ffc24e496af79cb13a59d026376b79507
37_3_6--rbem-lbem-sbem.mp3,syllable_mp3,syllable,37,3,6,རྦེམ / ལྦེམ / སྦེམ,rbem/lbem/sbem,True,7104,9cd402f5747fd049a4474093da11633b27e06601e740e070cccd52a30b2c2f22
37_3_7--rbe'-lbe'-sbe'.mp3,syllable_mp3,syllable,37,3,7,རྦེའ / ལྦེའ / སྦེའ,rbe'/lbe'/sbe',True,7104,bfad38ab8f75e2eef1dd5379f6fb8a3522430aee51c4d67874f7983edc94d265
37_3_8--rber-lber-sber.mp3,syllable_mp3,syllable,37,3,8,རྦེར / ལྦེར / སྦེར,rber/lber/sber,True,6268,97194e7bcd2892cb1be7001f5fa216f377cbb5d2bcdd83373fe80dfbbf6e1a5c
37_3_9--rbel-lbel-sbel.mp3,syllable_mp3,syllable,37,3,9,རྦེལ / ལྦེལ / སྦེལ,rbel/lbel/sbel,True,7104,4c3a29f2ca8be755689ba9806113eaec71d7e3f3f034a06eb6d1d891af5ed7ba
37_3_10--rbes-lbes-sbes.mp3,syllable_mp3,syllable,37,3,10,རྦེས / ལྦེས / སྦེས,rbes/lbes/sbes,True,7940,a1d4f7d8751d0883bcfcff8eef9fb6529ee7d67c93d8f6d6e5b7b16979768368
37_4_0--rbo-lbo-sbo.mp3,syllable_mp3,syllable,37,4,0,རྦོ / ལྦོ / སྦོ,rbo/lbo/sbo,True,5432,504e6dd674f48829a55e1ffd46a2f282d8d7f586d409244e4efbaad25296e9c6
37_4_1--rbog-lbog-sbog.mp3,syllable_mp3,syllable,37,4,1,རྦོག / ལྦོག / སྦོག,rbog/lbog/sbog,True,5432,36e90b3c2afc218be7e5fb471df4c04a2bbf21c1c290df90763afbaf2b1a1d73
37_4_2--rbong-lbong-sbong.mp3,syllable_mp3,syllable,37,4,2,རྦོང / ལྦོང / སྦོང,rbong/lbong/sbong,True,7104,93f959ff761084b25c2c56f651cc3aba832839d6011c3eb5ff98c6b8ab4c5aa2
37_4_3--rbod-lbod-sbod.mp3,syllable_mp3,syllable,37,4,3,རྦོད / ལྦོད / སྦོད,rbod/lbod/sbod,True,6268,1dee57a35853d431a105849bc65b293035790215a9fa1d48b2d0d5d756e5f7ca
37_4_4--rbon-lbon-sbon.mp3,syllable_mp3,syllable,37,4,4,རྦོན / ལྦོན / སྦོན,rbon/lbon/sbon,True,6268,efc1b9591db17257728d013c5dfe5a5ea000473b472749ee47816dbb773cfb16
37_4_5--rbob-lbob-sbob.mp3,syllable_mp3,syllable,37,4,5,རྦོབ / ལྦོབ / སྦོབ,rbob/lbob/sbob,True,5432,944692fffddf5bd83a4a94e93d332271db65f538fe67a0909461a6cc25900ce6
37_4_6--rbom-lbom-sbom.mp3,syllable_mp3,syllable,37,4,6,རྦོམ / ལྦོམ / སྦོམ,rbom/lbom/sbom,True,6268,e0ce90a16e03d3d7f7d5c0e68e7ed81e94dfede1db233a0f2d425c1acac19ff8
37_4_7--rbo'-lbo'-sbo'.mp3,syllable_mp3,syllable,37,4,7,རྦོའ / ལྦོའ / སྦོའ,rbo'/lbo'/sbo',True,7104,a5ba2b24bc1e8f4214aff385a0635ad381959aa874c41ac852215a29677f5a4e
37_4_8--rbor-lbor-sbor.mp3,syllable_mp3,syllable,37,4,8,རྦོར / ལྦོར / སྦོར,rbor/lbor/sbor,True,6268,33857f9fc590ae0c031bc07a1aee416f86072e16c92acb1b0309e430dc0a37b2
37_4_9--rbol-lbol-sbol.mp3,syllable_mp3,syllable,37,4,9,རྦོལ / ལྦོལ / སྦོལ,rbol/lbol/sbol,True,7104,a4a501b5448107fb07876d48c632510b482bbc765e8537fed5ca67bd82233996
37_4_10--rbos-lbos-sbos.mp3,syllable_mp3,syllable,37,4,10,རྦོས / ལྦོས / སྦོས,rbos/lbos/sbos,True,7940,f18b85ea90d8ef819f800114c1cba59314791560a1424968b8813ceb4d6593eb
38_0_0--rma-sma.mp3,syllable_mp3,syllable,38,0,0,རྨ / སྨ,rma/sma,True,5432,0073e229de43ee743612f0ccabc3373e0723f0453fd916753090baf854dc994c
38_0_1--rmag-smag.mp3,syllable_mp3,syllable,38,0,1,རྨག / སྨག,rmag/smag,True,5432,ed8a6f178dc1e8c9137cf3f61fe98a182ce38b916341da23b5bcb43ed41d1cb2
38_0_2--rmang-smang.mp3,syllable_mp3,syllable,38,0,2,རྨང / སྨང,rmang/smang,True,7104,328c5063bccfa42bf493cb3575514ad3e4b67fea2715f0692b06452be3f4c17c
38_0_3--rmad-smad.mp3,syllable_mp3,syllable,38,0,3,རྨད / སྨད,rmad/smad,True,6268,9676b985216462f0681c56a47fca183202631b7002dd20d9a783422a50e3d705
38_0_4--rman-sman.mp3,syllable_mp3,syllable,38,0,4,རྨན / སྨན,rman/sman,True,7104,806d2ec69517bcf08b136f533088af27f8886448009681ef421613ecd2070723
38_0_5--rmab-smab.mp3,syllable_mp3,syllable,38,0,5,རྨབ / སྨབ,rmab/smab,True,8776,6d728ad7dc8ca64a0e25800605eb604a60d59a36fc132767710645e0be782917
38_0_6--rmam-smam.mp3,syllable_mp3,syllable,38,0,6,རྨམ / སྨམ,rmam/smam,True,7104,300548d7912605ea238f1b7cec47750da3310993f3c8a6f42b6848b71df29dc9
38_0_7--rma'-sma'.mp3,syllable_mp3,syllable,38,0,7,རྨའ / སྨའ,rma'/sma',True,6268,cd29f8fd6516d4df0afa8bdd90388032953dcb30f681dcfdd2ae4cba83511da3
38_0_8--rmar-smar.mp3,syllable_mp3,syllable,38,0,8,རྨར / སྨར,rmar/smar,True,5432,5fa325c5d96b47b4a958bf0eceb12a8d597b020c55a9b17be4bca933356071a5
38_0_9--rmal-smal.mp3,syllable_mp3,syllable,38,0,9,རྨལ / སྨལ,rmal/smal,True,6268,562dd66cc99cd37d03077b43dde4459ef8ac20ae7669f9d6e52e09afd4201173
38_0_10--rmas-smas.mp3,syllable_mp3,syllable,38,0,10,རྨས / སྨས,rmas/smas,True,7940,c56dd450075c8f59649b19121622eafe5376660559fd1cce4c98d05a0f312f47
38_1_0--rmi-smi.mp3,syllable_mp3,syllable,38,1,0,རྨི / སྨི,rmi/smi,True,7104,83587d6704e4972d0472ae02c9da8db87d2a9c2af2389f1386f3744edef31549
38_1_1--rmig-smig.mp3,syllable_mp3,syllable,38,1,1,རྨིག / སྨིག,rmig/smig,True,5432,01bc4abb6257a55d6ec347b4e0653c6f35226f3a77e4cfc5fa17c80c6be80993
38_1_2--rming-sming.mp3,syllable_mp3,syllable,38,1,2,རྨིང / སྨིང,rming/sming,True,7104,ae8a03cb6eeacd0d9ffa831523eb7ea36809ba25f2318ee0240da5ecef2b1430
38_1_3--rmid-smid.mp3,syllable_mp3,syllable,38,1,3,རྨིད / སྨིད,rmid/smid,True,5432,49a001292621f6d098953eac03909a261ef2b4eeb889f6b70a2dbedac219ee26
38_1_4--rmin-smin.mp3,syllable_mp3,syllable,38,1,4,རྨིན / སྨིན,rmin/smin,True,7940,164b625a906c017e53a67ae404adfa5962ebd00548fb348de7563cea5edbb504
38_1_5--rmib-smib.mp3,syllable_mp3,syllable,38,1,5,རྨིབ / སྨིབ,rmib/smib,True,4596,84817bc6fc2f6b484f7fa0e190ac6c6c7449125757d8cc0ebaec210dfbb28dd3
38_1_6--rmim-smim.mp3,syllable_mp3,syllable,38,1,6,རྨིམ / སྨིམ,rmim/smim,True,7104,188d646a4b73a0bc4166409d67c4d9d631c936a2e4d4e08f49f04be1a4431aed
38_1_7--rmi'-smi'.mp3,syllable_mp3,syllable,38,1,7,རྨིའ / སྨིའ,rmi'/smi',True,7104,b78eda5b9b36fc05136daf415b8caca9cf40e39b8170df62dfabd8583679ae22
38_1_8--rmir-smir.mp3,syllable_mp3,syllable,38,1,8,རྨིར / སྨིར,rmir/smir,True,6268,cfdeb60a1735e76ec33da03a72a21aac2375628972e71a4ae9a4716ab303b163
38_1_9--rmil-smil.mp3,syllable_mp3,syllable,38,1,9,རྨིལ / སྨིལ,rmil/smil,True,7104,6bbe754af5f15ebebe11332eb46c4e50c1b9b177b5db73d9595ace31de513a24
38_1_10--rmis-smis.mp3,syllable_mp3,syllable,38,1,10,རྨིས / སྨིས,rmis/smis,True,7940,66bb9ef14c228ea8fdbe23e788e6290cd176e60dd784f75186a07dfe9af8d778
38_2_0--rmu-smu.mp3,syllable_mp3,syllable,38,2,0,རྨུ / སྨུ,rmu/smu,True,6268,b0c1fc696299dfeb95b4fd87d5ef1751019b9742130f01af98b220957a25f7b8
38_2_1--rmug-smug.mp3,syllable_mp3,syllable,38,2,1,རྨུག / སྨུག,rmug/smug,True,5432,347e28de902d0aa08c9f524ad4d99adcb881f3fef2452e9e039d68d1442a27c9
38_2_2--rmung-smung.mp3,syllable_mp3,syllable,38,2,2,རྨུང / སྨུང,rmung/smung,True,7104,7783e7e775d3ec6edb5167ad28d47230394bb143388781ba52e79c708a2edc8f
38_2_3--rmud-smud.mp3,syllable_mp3,syllable,38,2,3,རྨུད / སྨུད,rmud/smud,True,6268,ebbf5cc0e73a4e50413a73fdf3494794660c103f32c6c663fb0ece21072f6a76
38_2_4--rmun-smun.mp3,syllable_mp3,syllable,38,2,4,རྨུན / སྨུན,rmun/smun,True,7104,a142c168973f0469ae713fa6a85777c86f7aa0ce31932d1e955942c97cdc8108
38_2_5--rmub-smub.mp3,syllable_mp3,syllable,38,2,5,རྨུབ / སྨུབ,rmub/smub,True,6268,0f573536b80eae4497a14e6ef1de9febd2ac50c93a184bf25483748e80f340c8
38_2_6--rmum-smum.mp3,syllable_mp3,syllable,38,2,6,རྨུམ / སྨུམ,rmum/smum,True,7104,a916e481b84aad7fd6ae2c5f55b05ba1b58d9fd457bd1ce03ef30f3b54e64ba3
38_2_7--rmu'-smu'.mp3,syllable_mp3,syllable,38,2,7,རྨུའ / སྨུའ,rmu'/smu',True,7940,16d5e4e576272e95826ad5383770512552a76434c1d7102201f608bfbfeff0e8
38_2_8--rmur-smur.mp3,syllable_mp3,syllable,38,2,8,རྨུར / སྨུར,rmur/smur,True,6268,0a434c833e77af53a0a69378de93b3c26b8a348c9a108d7fbb6495960b0f89f4
38_2_9--rmul-smul.mp3,syllable_mp3,syllable,38,2,9,རྨུལ / སྨུལ,rmul/smul,True,7104,de8ee4e635c65dca9176b0a30bdcb51426df318c7102f2043a8ba06022d24153
38_2_10--rmus-smus.mp3,syllable_mp3,syllable,38,2,10,རྨུས / སྨུས,rmus/smus,True,7940,cd4d4c9d6e5de0196a1f9d8f7dd85fd855d8bd9a985aab3203d559ab08566712
38_3_0--rme-sme.mp3,syllable_mp3,syllable,38,3,0,རྨེ / སྨེ,rme/sme,True,7104,9095ebbd2f9f991c1c02b9e03e574b5f38ca9bf19f4fdaafe725fa97b6d0d114
38_3_1--rmeg-smeg.mp3,syllable_mp3,syllable,38,3,1,རྨེག / སྨེག,rmeg/smeg,True,5432,c7cb4c7ecc8b4a01582acade3d84bb7beacb5daaa0b32ea009271bcffa51f7e9
38_3_2--rmeng-smeng.mp3,syllable_mp3,syllable,38,3,2,རྨེང / སྨེང,rmeng/smeng,True,7104,30751a217c8ed2c80260faf1ad78df2fa08fd8c9d2460203b1768d87049dfaec
38_3_3--rmed-smed.mp3,syllable_mp3,syllable,38,3,3,རྨེད / སྨེད,rmed/smed,True,6268,e4d2d0ecff9748ca6a57302b742a7e61241011d5b84eee2dca4332955afc6456
38_3_4--rmen-smen.mp3,syllable_mp3,syllable,38,3,4,རྨེན / སྨེན,rmen/smen,True,7104,ed508f49c3bc440eee86b6fe3d5d0b3020af48cdb204db10901a2b713bae4ce2
38_3_5--rmeb-smeb.mp3,syllable_mp3,syllable,38,3,5,རྨེབ / སྨེབ,rmeb/smeb,True,5432,94f0665599c52faccd7c12b5466a741c2ff600543946dbf0539eea40e415a0f5
38_3_6--rmem-smem.mp3,syllable_mp3,syllable,38,3,6,རྨེམ / སྨེམ,rmem/smem,True,7104,fc596e343f2fa5a511ddb14a34e6faf41ef7e663e0a188ed59f7afe827381ef8
38_3_7--rme'-sme'.mp3,syllable_mp3,syllable,38,3,7,རྨེའ / སྨེའ,rme'/sme',True,7104,710bc97d286a8456c8ecefdbc7a8485e959c7328c61b76a0175240ba06788271
38_3_8--rmer-smer.mp3,syllable_mp3,syllable,38,3,8,རྨེར / སྨེར,rmer/smer,True,7104,e05c2ad7d9f10b0badb15d321a5cf16cfd4b9f9598f312d68952d96cef531d04
38_3_9--rmel-smel.mp3,syllable_mp3,syllable,38,3,9,རྨེལ / སྨེལ,rmel/smel,True,7104,09a63a6e049f8712015f775a7653c6cabd91f68f4eecb546e1e0ada08bfce4a8
38_3_10--rmes-smes.mp3,syllable_mp3,syllable,38,3,10,རྨེས / སྨེས,rmes/smes,True,7940,3d196a388ac4d7054bee0ba7d817ec49621be7ea5c5c6b6ba0209acc6ad035cb
38_4_0--rmo-smo.mp3,syllable_mp3,syllable,38,4,0,རྨོ / སྨོ,rmo/smo,True,7104,a5441bb19ce1b86bcd903af17197e3a108f8d183d96d35ecf97b466c7bacd95f
38_4_1--rmog-smog.mp3,syllable_mp3,syllable,38,4,1,རྨོག / སྨོག,rmog/smog,True,5432,d9dbc7ae5c31e023522ba5b4a95bbc5965559542f93f0f2a731e2b816ce806c0
38_4_2--rmong-smong.mp3,syllable_mp3,syllable,38,4,2,རྨོང / སྨོང,rmong/smong,True,7104,69986057c6600dc65b3721828eda5e73f837ac4c4cdaafbfb578e78ee50a65aa
38_4_3--rmod-smod.mp3,syllable_mp3,syllable,38,4,3,རྨོད / སྨོད,rmod/smod,True,7940,3d5e2b0db52c1ddf4efa404a82037ec976e0095eec5a3b54d69d33d5c119e984
38_4_4--rmon-smon.mp3,syllable_mp3,syllable,38,4,4,རྨོན / སྨོན,rmon/smon,True,7104,6880d6522bfee5f76071d0e6487239e3ccf89aad26f6469dc4757f0270a68c43
38_4_5--rmob-smob.mp3,syllable_mp3,syllable,38,4,5,རྨོབ / སྨོབ,rmob/smob,True,5432,935a0d53e14409ee9fa0024233b9a9c133c3071d4020ba623a77342d69ac2226
38_4_6--rmom-smom.mp3,syllable_mp3,syllable,38,4,6,རྨོམ / སྨོམ,rmom/smom,True,7104,dff25f2ee6f5368b9caaf6e887a07e0886a1f11facaefe1d9c06d91f1aad0de6
38_4_7--rmo'-smo'.mp3,syllable_mp3,syllable,38,4,7,རྨོའ / སྨོའ,rmo'/smo',True,8776,467192ba85148b721e46891c91fd6a352d495f41fe56f1e3eada3d9f1f0027bd
38_4_8--rmor-smor.mp3,syllable_mp3,syllable,38,4,8,རྨོར / སྨོར,rmor/smor,True,7104,c2c15b70c70c74c2d2399a718e0891e7a5787c7af151aa93c3ef87dca49c93de
38_4_9--rmol-smol.mp3,syllable_mp3,syllable,38,4,9,རྨོལ / སྨོལ,rmol/smol,True,7940,00922ad1014399f5c52bc05a0b60b3b5e1287f9c9d95ad2acdcae9c0d73d781d
38_4_10--rmos-smos.mp3,syllable_mp3,syllable,38,4,10,རྨོས / སྨོས,rmos/smos,True,9612,0e06d475c24c1fcdfd4c0890565d7a5881eac0501d328df004c53668d888a6fe
39_0_0--rdza.mp3,syllable_mp3,syllable,39,0,0,རྫ,rdza,True,7940,044b71121526ded09194ea1a6c08d03aee38fcd2e5a35be2de52b6b6c6992d8b
39_0_1--rdzag.mp3,syllable_mp3,syllable,39,0,1,རྫག,rdzag,True,7104,957faeb405c4508479a9f49eb9c633f5cdbea883c95fff9d37593965ee40c756
39_0_2--rdzang.mp3,syllable_mp3,syllable,39,0,2,རྫང,rdzang,True,8776,d8ce3a2e8596fee30581f912a706251b8e724e25a3922c36ddce1771b3faf0a3
39_0_3--rdzad.mp3,syllable_mp3,syllable,39,0,3,རྫད,rdzad,True,7940,2f6b8df6903de64c6cacf179d4124087f634e15a8a205579e86feb0d57fab49e
39_0_4--rdzan.mp3,syllable_mp3,syllable,39,0,4,རྫན,rdzan,True,7940,eb454f6844caf9b683444d019afc7bcda7bd81425ed38a9d46ad717acb21f6f3
39_0_5--rdzab.mp3,syllable_mp3,syllable,39,0,5,རྫབ,rdzab,True,6268,8e4018427cbd113988ce43caec5314403e8d22bb9d5fec430e1f6c5924922453
39_0_6--rdzam.mp3,syllable_mp3,syllable,39,0,6,རྫམ,rdzam,True,8776,2a53b5845b5e462d6311149311a89e213949e9300c76ddc766429aeb0e93f946
39_0_7--rdza'.mp3,syllable_mp3,syllable,39,0,7,རྫའ,rdza',True,8776,69d28679d53df7e5d006f49fd8afa0b3beb522e582c1b9f5e4b08df9044b86fe
39_0_8--rdzar.mp3,syllable_mp3,syllable,39,0,8,རྫར,rdzar,True,7104,94366ac2c9f444afa79003e586c9485c071643bdebf7241aac75a306a7a58145
39_0_9--rdzal.mp3,syllable_mp3,syllable,39,0,9,རྫལ,rdzal,True,7940,ce70037b6f20ae2bb35bd87bd89ebd4d8d4f30bcc6fcd4d66a6d71172f72fa22
39_0_10--rdzas.mp3,syllable_mp3,syllable,39,0,10,རྫས,rdzas,True,8776,52ef02392327ddc54b64541bc073195b65668dc92d6ecab0e1a5ba6c83975a0c
39_1_0--rdzi.mp3,syllable_mp3,syllable,39,1,0,རྫི,rdzi,True,8776,b44201a5ee28a72310b3faa73fde002b8e43054b2bdc711635e2e7c1111b7bc4
39_1_1--rdzig.mp3,syllable_mp3,syllable,39,1,1,རྫིག,rdzig,True,6268,0829664e9bfe12a91e492519007a8af44d82a3063acea8b74019013e820d586c
39_1_2--rdzing.mp3,syllable_mp3,syllable,39,1,2,རྫིང,rdzing,True,8776,30f47e6f26de9720db24a3f176125e960d9eb0b7dc6524cdd73d9e00eef2d618
39_1_3--rdzid.mp3,syllable_mp3,syllable,39,1,3,རྫིད,rdzid,True,6268,86e19c517f8e1bd978ce2a5ca6bc79899e95ee1ef7e813a609346de93984c322
39_1_4--rdzin.mp3,syllable_mp3,syllable,39,1,4,རྫིན,rdzin,True,7940,ad877758ef51b8c3f18f2331bea9110dd24240591c7b7c3b8916d5f3a396826a
39_1_5--rdzib.mp3,syllable_mp3,syllable,39,1,5,རྫིབ,rdzib,True,6268,205064dde4627c1f317c19bb34e322c6d5457399c4121536bb4acb2f84a35d06
39_1_6--rdzim.mp3,syllable_mp3,syllable,39,1,6,རྫིམ,rdzim,True,7940,21df580de60cd4680803712365464a944bdf1eeebd43b3a9aa936d7a02ddd963
39_1_7--rdzi'.mp3,syllable_mp3,syllable,39,1,7,རྫིའ,rdzi',True,8776,bba5b3437d95c97ccbf2776c4e6c385969cb659a6978877d892ec584c3d0a523
39_1_8--rdzir.mp3,syllable_mp3,syllable,39,1,8,རྫིར,rdzir,True,7104,c86305ede3984274e28774e344c4cb726748882b3e443097700dfac62b139755
39_1_9--rdzil.mp3,syllable_mp3,syllable,39,1,9,རྫིལ,rdzil,True,7940,786c114ca10372b61ab7562d4e798fd67bf17b348bdee7f81d965bcba7df9f15
39_1_10--rdzis.mp3,syllable_mp3,syllable,39,1,10,རྫིས,rdzis,True,8776,2a87d252806654a8079c1ae8d8d6378acd73bf1812365f7c7a10273756bbf6ba
39_2_0--rdzu.mp3,syllable_mp3,syllable,39,2,0,རྫུ,rdzu,True,8776,197c3e846bb503cb51559832d9085ba6b65d60a1a716e81ba20935162a9d1653
39_2_1--rdzug.mp3,syllable_mp3,syllable,39,2,1,རྫུག,rdzug,True,6268,9a21ddc29a95a5c38be56a2ed75a0f955fc1d4634855d0696240b5a0b9cd344e
39_2_2--rdzung.mp3,syllable_mp3,syllable,39,2,2,རྫུང,rdzung,True,8776,6a86e1ab404352ab02f7e31df7ffc1322dba771faaada089b99e25dffa06755a
39_2_3--rdzud.mp3,syllable_mp3,syllable,39,2,3,རྫུད,rdzud,True,7104,04ad34283a74eceaec1836c62589b3b0a581362bdc8f84a0188be7f0f0c26afb
39_2_4--rdzun.mp3,syllable_mp3,syllable,39,2,4,རྫུན,rdzun,True,7940,ca12c6daa87d649deffa8f94424fef706e760c966469da7afc65b4f599d4d6f5
39_2_5--rdzub.mp3,syllable_mp3,syllable,39,2,5,རྫུབ,rdzub,True,6268,538895488dc84b00f4b804198d26eb2c5e5744446e15aa87a14d5109ffe48ed2
39_2_6--rdzum.mp3,syllable_mp3,syllable,39,2,6,རྫུམ,rdzum,True,7940,823e12e68496179f2d6dbc0a6532f7c6503191c006c169769bb34d7f9192a496
39_2_7--rdzu'.mp3,syllable_mp3,syllable,39,2,7,རྫུའ,rdzu',True,7940,29c199288e162a07b42a57122f8f6185d7e414b8427748dac2bcb6f37e0ad2b3
39_2_8--rdzur.mp3,syllable_mp3,syllable,39,2,8,རྫུར,rdzur,True,7940,aab9eab57b24678a60148d3c0b84d82688c0be9ffbdfbe5a7c282f925136cb0c
39_2_9--rdzul.mp3,syllable_mp3,syllable,39,2,9,རྫུལ,rdzul,True,7940,2d2df9da9cda9418c44eafbbaee46c008d7ddfd9b7364c426d96621b1ab76419
39_2_10--rdzus.mp3,syllable_mp3,syllable,39,2,10,རྫུས,rdzus,True,8776,c980dec352ea95f4b2534ba1eca5e15ed6a2124513ddd84c29695d3c4246bc3b
39_3_0--rdze.mp3,syllable_mp3,syllable,39,3,0,རྫེ,rdze,True,7940,36547b503385e3bcf479ed2cfbf39bf7c71440e7012784840b47088dc37e6eb0
39_3_1--rdzeg.mp3,syllable_mp3,syllable,39,3,1,རྫེག,rdzeg,True,7104,eb959b97074b62e8847d25840dcb56a2470a57d97861ba9bc60ea567a823c572
39_3_2--rdzeng.mp3,syllable_mp3,syllable,39,3,2,རྫེང,rdzeng,True,7940,e039d18a09aa60fc9be58a70b7e1cb1168dda5a01cc3995f8356351b0308742f
39_3_3--rdzed.mp3,syllable_mp3,syllable,39,3,3,རྫེད,rdzed,True,7104,1dc991218b6cb4b2e90f90102e7d3578256fd3c7da759519e88e532e0a355695
39_3_4--rdzen.mp3,syllable_mp3,syllable,39,3,4,རྫེན,rdzen,True,7940,aaaa738a3f02e52221e8b18b9e528beb8a42a661ec834687583f182fb6a4f2a1
39_3_5--rdzeb.mp3,syllable_mp3,syllable,39,3,5,རྫེབ,rdzeb,True,5432,c520b8f7dce5653cba4a7e184ead5f3054c74b5747824b9d115437b45f696613
39_3_6--rdzem.mp3,syllable_mp3,syllable,39,3,6,རྫེམ,rdzem,True,7940,d4ca52dcaa6680fdb39d74722a1b4b83e84d1236db873dbf19cfc8b4fdc62cb9
39_3_7--rdze'.mp3,syllable_mp3,syllable,39,3,7,རྫེའ,rdze',True,8776,fc98bbb6c55ccf959552e11e5edb7df1d69b461d6b0ed2829ec498d8250b4e63
39_3_8--rdzer.mp3,syllable_mp3,syllable,39,3,8,རྫེར,rdzer,True,7940,1ac9420fe8b66393846fd67f60b2edf8e974bf72393491a84e097ae0532157f1
39_3_9--rdzel.mp3,syllable_mp3,syllable,39,3,9,རྫེལ,rdzel,True,7940,3d27c3066ec731f9891360d4a16083b7ca0a80cc4a47613013dd365201a0413a
39_3_10--rdzes.mp3,syllable_mp3,syllable,39,3,10,རྫེས,rdzes,True,8776,2868079305ac768c9dd56297026d7b509d3ade9ede8007f567a52a8fb0b87c4f
39_4_0--rdzo.mp3,syllable_mp3,syllable,39,4,0,རྫོ,rdzo,True,8776,4b664a0944adef23670b1effe34ed347d9522304673ab2b21a5e29e44715ea70
39_4_1--rdzog.mp3,syllable_mp3,syllable,39,4,1,རྫོག,rdzog,True,7104,5b88c459b3f148e612e65fbe30d2b9b1356afcadff3d76ae62a83d7cb85005d9
39_4_2--rdzong.mp3,syllable_mp3,syllable,39,4,2,རྫོང,rdzong,True,8776,eec256a790b274bfc45126bbbf07b23062771e2e46229b1ce27bce3031190c1a
39_4_3--rdzod.mp3,syllable_mp3,syllable,39,4,3,རྫོད,rdzod,True,7940,3e8e4eed45f6e64d62bc19b36a23d8924bc082f97812b875b0b3a1e9500f6857
39_4_4--rdzon.mp3,syllable_mp3,syllable,39,4,4,རྫོན,rdzon,True,8776,79241e73aecbd7632e837a989708e588a3048751e1944e2f5959e68182814093
39_4_5--rdzob.mp3,syllable_mp3,syllable,39,4,5,རྫོབ,rdzob,True,6268,bfcdf3eebbcd314ded62c31bc73264d3fa2a1f9f8fce6275e283cbd0359854fe
39_4_6--rdzom.mp3,syllable_mp3,syllable,39,4,6,རྫོམ,rdzom,True,7940,c439ccd9b81f3db09177dbb3e8e67f5228a30ee89eddfd14e141d2bf75ee6a46
39_4_7--rdzo'.mp3,syllable_mp3,syllable,39,4,7,རྫོའ,rdzo',True,8776,115f51ff5487767c186113c40fe74b39b69e864f1431c4878d0f873bd903c950
39_4_8--rdzor.mp3,syllable_mp3,syllable,39,4,8,རྫོར,rdzor,True,7104,219160079878d2b5fa7a38aa88d0bab3bc7ee504ef4fdfbf4a0b3480905ef707
39_4_9--rdzol.mp3,syllable_mp3,syllable,39,4,9,རྫོལ,rdzol,True,7940,7bcf0432694b9f8be297a88e44cb810240787749d2a778cb1080a3f42c1a9ef5
39_4_10--rdzos.mp3,syllable_mp3,syllable,39,4,10,རྫོས,rdzos,True,8776,a7efcb51f100e9b524da6b2e94ce28b94159fef41092bf38cf9ab46b77c86d5c
40_0_0--lha.mp3,syllable_mp3,syllable,40,0,0,ལྷ,lha,True,8776,2fcffd4f4df7d9b92753165867403af8f288cb8bb0fcce431be0da38d7189905
40_0_1--lhag.mp3,syllable_mp3,syllable,40,0,1,ལྷག,lhag,True,6268,47a9d30fc9a9570c06ae94426e319c4645f3b70222c1e8b51fc6539b48a02dab
40_0_2--lhang.mp3,syllable_mp3,syllable,40,0,2,ལྷང,lhang,True,8776,b249e507032a55c50a6bca863842c275e2b68fea8ec1f3f48263e562f30196ab
40_0_3--lhad.mp3,syllable_mp3,syllable,40,0,3,ལྷད,lhad,True,7940,23a3223e95bda6a5d62ca6248f030d8ebb43ed874f27572108daf3d9ec92451f
40_0_4--lhan.mp3,syllable_mp3,syllable,40,0,4,ལྷན,lhan,True,8776,3c2a756b8715762b331be3e06167b79bf4a658ae6889a6f8fa114beb1e60e57f
40_0_5--lhab.mp3,syllable_mp3,syllable,40,0,5,ལྷབ,lhab,True,7940,ab74341cb923885254ef080555786d370cd4d24f76ef91f9702d68be9bc3f024
40_0_6--lham.mp3,syllable_mp3,syllable,40,0,6,ལྷམ,lham,True,8776,e437139f83bca5cc5bc4bf6a1511e1d950faac840cae6227ba109fda84151c9d
40_0_7--lha'.mp3,syllable_mp3,syllable,40,0,7,ལྷའ,lha',True,7940,95ba80fb782dc212843e4055f639645bae16c83b784c8dd330795dd2ffe383d8
40_0_8--lhar.mp3,syllable_mp3,syllable,40,0,8,ལྷར,lhar,True,7104,7b2c39d78881bccbfe6de0c8f1deda1d0b2f6c6bfef239cdfd4dc58ab6008b4b
40_0_9--lhal.mp3,syllable_mp3,syllable,40,0,9,ལྷལ,lhal,True,8776,0a48a3e9fff4f02f6d89acda58dddd8f061699871a86a6213398b726777d5342
40_0_10--lhas.mp3,syllable_mp3,syllable,40,0,10,ལྷས,lhas,True,9612,051b689bf32c2fd4e6a3f97a6b2d353e520add9243c9aa97658088616d083d88
40_1_0--lhi.mp3,syllable_mp3,syllable,40,1,0,ལྷི,lhi,True,9612,44645cf2c96bfb85e0c2435369d3ae130cd2a1239beaea85b679b64ea013e0c3
40_1_1--lhig.mp3,syllable_mp3,syllable,40,1,1,ལྷིག,lhig,True,7104,961672951b0f50266f5fb4961f9df35022ad4eca7ca4554043d4e53a8692a210
40_1_2--lhing.mp3,syllable_mp3,syllable,40,1,2,ལྷིང,lhing,True,8776,952840ebf28b7974ef093bb3dd6170851e70d270d21c99cf5c3b1610dd53ae70
40_1_3--lhid.mp3,syllable_mp3,syllable,40,1,3,ལྷིད,lhid,True,6268,b6639860130f134fbd3882120a819f60f3bccf07a2ddb1d4607b4dc3824464ae
40_1_4--lhin.mp3,syllable_mp3,syllable,40,1,4,ལྷིན,lhin,True,8776,fd53f3290bcfe6b283811a9cf7b76670e2c6d41ca035a938e7318bdd24afd3a9
40_1_5--lhib.mp3,syllable_mp3,syllable,40,1,5,ལྷིབ,lhib,True,6268,bcd955b907642ec867f91c82b47fa71a94a28875d9c8889554168d1789973783
40_1_6--lhim.mp3,syllable_mp3,syllable,40,1,6,ལྷིམ,lhim,True,9612,68c754af52bfde8c824f2d5ffc06344bc5d11f3a4bd76b2a0884f8a3a090d60f
40_1_7--lhi'.mp3,syllable_mp3,syllable,40,1,7,ལྷིའ,lhi',True,8776,4e9aba7994c4941ddaf1ff15f4742073d8a4484e3602715f21e507ccebfe44ec
40_1_8--lhir.mp3,syllable_mp3,syllable,40,1,8,ལྷིར,lhir,True,7104,de5ffd69c645c92e7328060945b7d848958352eaf59f1b3e767a11e055036322
40_1_9--lhil.mp3,syllable_mp3,syllable,40,1,9,ལྷིལ,lhil,True,8776,baa18d53e9cee18d9e872612aa56e14afafceec6b2440f4a9fe03c1a7f83dbf3
40_1_10--lhis.mp3,syllable_mp3,syllable,40,1,10,ལྷིས,lhis,True,7940,04ae6c886963ea0336500bf77f7029699cdf1f6d33832f807f3864ca2f727d1c
40_2_0--lhu.mp3,syllable_mp3,syllable,40,2,0,ལྷུ,lhu,True,7104,e5ee8af12ebb94d153a319e62ae9f70e11dded2cf2be72964a37bb35dead475f
40_2_1--lhug.mp3,syllable_mp3,syllable,40,2,1,ལྷུག,lhug,True,5432,8984d5ad46817d8480786b4b07bfec441cfd40cfa0bbb260820dfe62996c2986
40_2_2--lhung.mp3,syllable_mp3,syllable,40,2,2,ལྷུང,lhung,True,8776,ca63a09c1f6a63e171bd3f86e290ee45334b4e9e14cb3e603d23c02ea7f62d20
40_2_3--lhud.mp3,syllable_mp3,syllable,40,2,3,ལྷུད,lhud,True,7104,4959ffa3b3976e55522de508cca2651b7c45de06f4e9c3fdf21fecd06d4d39aa
40_2_4--lhun.mp3,syllable_mp3,syllable,40,2,4,ལྷུན,lhun,True,9612,3ec738b6f72828908d383029cff073ff85d52229b8720d49549e91f2e515a0d1
40_2_5--lhub.mp3,syllable_mp3,syllable,40,2,5,ལྷུབ,lhub,True,6268,0f25c65d4c01f53a480485168145469db78de84a1602bdef9c00af7bbb6e0ece
40_2_6--lhum.mp3,syllable_mp3,syllable,40,2,6,ལྷུམ,lhum,True,7940,41561f78fe0a090f76c9a8e3c1258672df7c879a9ee2ec5a182aba6f58d1dc15
40_2_7--lhu'.mp3,syllable_mp3,syllable,40,2,7,ལྷུའ,lhu',True,7940,7546d3381a5d245dbb4f62193de212c5d4a8336914fffc843227c03b5a2ee241
40_2_8--lhur.mp3,syllable_mp3,syllable,40,2,8,ལྷུར,lhur,True,7104,7a6847e515df731fee3c9bf1b04f9e746dda12d52dcdc0191df0265f8686f063
40_2_9--lhul.mp3,syllable_mp3,syllable,40,2,9,ལྷུལ,lhul,True,8776,7ddc1126b4f5d642fb667567073679900e476bd21900a0301e2844cffff7161e
40_2_10--lhus.mp3,syllable_mp3,syllable,40,2,10,ལྷུས,lhus,True,9612,e7c325192d9c2a30e45dce03cdc13f34056778018f302431de5d78034347b838
40_3_0--lhe.mp3,syllable_mp3,syllable,40,3,0,ལྷེ,lhe,True,8776,055d65898157419027812e62e6ce0e41ef9524281cc04f7449154cf8162aa0b6
40_3_1--lheg.mp3,syllable_mp3,syllable,40,3,1,ལྷེག,lheg,True,9612,bfb92f16037a9c20ad658cf9ecaaa54050f71dc46df615c60087dfb72e13b476
40_3_2--lheng.mp3,syllable_mp3,syllable,40,3,2,ལྷེང,lheng,True,9612,bbe18b35fe71d03ffce0af683fa18ed5dd72b0de368b5a2af62cc89849b202c8
40_3_3--lhed.mp3,syllable_mp3,syllable,40,3,3,ལྷེད,lhed,True,7104,d280cc6065d107f6f701d1250f13d29e2b8bd8910606e2c957d7ead152978723
40_3_4--lhen.mp3,syllable_mp3,syllable,40,3,4,ལྷེན,lhen,True,7940,9e525688072bd29684d6dc8abb9cf5c4817d76f1b382920b022a175f5d9f7877
40_3_5--lheb.mp3,syllable_mp3,syllable,40,3,5,ལྷེབ,lheb,True,7104,309f79bca31f09d6a34664de194e9ab9f9d363bf2805e4aee80b50751314af61
40_3_6--lhem.mp3,syllable_mp3,syllable,40,3,6,ལྷེམ,lhem,True,8776,71c6d588e671230f2b523660234b13be11138a059f8f2191aff2ccaff3f7444d
40_3_7--lhe'.mp3,syllable_mp3,syllable,40,3,7,ལྷེའ,lhe',True,8776,0805d953a0f45389e6e5acfcc690bf0f90dc0a69b717fc293d29d9802260a1e8
40_3_8--lher.mp3,syllable_mp3,syllable,40,3,8,ལྷེར,lher,True,7940,406c29a900761a454f61ba44b2b17e094a1503336efd845d725890777058b443
40_3_9--lhel.mp3,syllable_mp3,syllable,40,3,9,ལྷེལ,lhel,True,7940,1e58732aeb8cd95522989ce6dcd28383c0fb3d0609f35081a6a826fc64a29b5d
40_3_10--lhes.mp3,syllable_mp3,syllable,40,3,10,ལྷེས,lhes,True,7104,3217fb4a36eb0ac5b28822091646a2b60c34c26be7defcc5b7d73447ecd5d0b4
40_4_0--lho.mp3,syllable_mp3,syllable,40,4,0,ལྷོ,lho,True,7104,64e177d69004d55ea4bacaf7504473642dd0c41b002413886d0245d3a55962a9
40_4_1--lhog.mp3,syllable_mp3,syllable,40,4,1,ལྷོག,lhog,True,7940,0921b891d0b16c9cc4a3543564c030c4432c06e17f84a4bf369e263d563d245f
40_4_2--lhong.mp3,syllable_mp3,syllable,40,4,2,ལྷོང,lhong,True,7104,7c488bc1f8dad11f4cf63b5b589ebcd523b2a9083647f042fb9e3c71bf4c902e
40_4_3--lhod.mp3,syllable_mp3,syllable,40,4,3,ལྷོད,lhod,True,7104,12bd368eb55354895e6d03c7c7de9cdef2651f7c53a210ad3590e3f3380c1fff
40_4_4--lhon.mp3,syllable_mp3,syllable,40,4,4,ལྷོན,lhon,True,8776,8bce0b7458a59e9bf7b25aef4c6193de8a69451afb92d03fc5312173f859d030
40_4_5--lhob.mp3,syllable_mp3,syllable,40,4,5,ལྷོབ,lhob,True,5432,77943879fe434ab41b05565cd62ff3538a28635e8a62e0ce3024c2adce73667c
40_4_6--lhom.mp3,syllable_mp3,syllable,40,4,6,ལྷོམ,lhom,True,8776,a4b375bc3af69d4ea9c2ba8f11fe1e27119446055a3f74454b0be7feb8214851
40_4_7--lho'.mp3,syllable_mp3,syllable,40,4,7,ལྷོའ,lho',True,6268,ec8f931779723224458de4c7addb6ae84590d2d465eaf0071b77c1a444646f08
40_4_8--lhor.mp3,syllable_mp3,syllable,40,4,8,ལྷོར,lhor,True,7940,e1fdd43c4f5f48e9fcbde8d86e3779cd148e5724c3a836724eea4e834c555d8c
40_4_9--lhol.mp3,syllable_mp3,syllable,40,4,9,ལྷོལ,lhol,True,7940,cb6c6773bd4edce81612e1e2260932dfaadbcbabf1f967aa387cb965bc192248
40_4_10--lhos.mp3,syllable_mp3,syllable,40,4,10,ལྷོས,lhos,True,7940,fed41f600f4a990f65d10bd42784770b1351d477b9297f65f502a677f83380ee
41_0_0--kya.mp3,syllable_mp3,syllable,41,0,0,ཀྱ,kya,True,6268,32c67100f1a32e68721b2c0f23c90ea7cdbcc2cfbb66575bd05904ea77b871c1
41_0_1--kyag.mp3,syllable_mp3,syllable,41,0,1,ཀྱག,kyag,True,7940,804681f911416d08e13213f3285af7d971d8986c577ae2f369a5fe8d54673cb5
41_0_2--kyang.mp3,syllable_mp3,syllable,41,0,2,ཀྱང,kyang,True,7104,7a3416099d5002fea6c046cfc424f49ef621f01a40ab2d8e7d51a909b7b708f7
41_0_3--kyad.mp3,syllable_mp3,syllable,41,0,3,ཀྱད,kyad,True,7940,7833e28a8bdf3e0c48e4a34c4bb132caf55e1b57501bd92c79d44cae41a8198f
41_0_4--kyan.mp3,syllable_mp3,syllable,41,0,4,ཀྱན,kyan,True,8776,b4acc7502b0766b869dd010e5c1b0449a973d7316022bf7a85aab76c3372b449
41_0_5--kyab.mp3,syllable_mp3,syllable,41,0,5,ཀྱབ,kyab,True,6268,57184588cf4acc590dff4e23c055b6e5d7fcdd50a221b4dc952f3dad23466920
41_0_6--kyam.mp3,syllable_mp3,syllable,41,0,6,ཀྱམ,kyam,True,7104,0d3c97fe454be93f9a0edac369613c073e8ae8edb325b96d1c98b5cf16ca8ce6
41_0_7--kya'.mp3,syllable_mp3,syllable,41,0,7,ཀྱའ,kya',True,7104,4685c17491c2ce5ddfc9baf5c8dc7fa10a54cd3d225be946b81f31578bd8344b
41_0_8--kyar.mp3,syllable_mp3,syllable,41,0,8,ཀྱར,kyar,True,7104,a5c199979229110e9c70c878db765428051d6aa492814c8ed9374a5cf47284fe
41_0_9--kyal.mp3,syllable_mp3,syllable,41,0,9,ཀྱལ,kyal,True,9612,fdc6845a5c385835051b3f9ede51dd9a9ae1deb369285c82098c4bf71f8a783b
41_0_10--kyas.mp3,syllable_mp3,syllable,41,0,10,ཀྱས,kyas,True,8776,6fbfc3022ca35ff99c7f401c99514b0be4773f4300ab51271af16029d4c4406d
41_1_0--kyi.mp3,syllable_mp3,syllable,41,1,0,ཀྱི,kyi,True,7522,29f09a567a1dd380a0ffddf12b1deb511bda4aa7f053904aaaf00534d7e0d35e
41_1_1--kyig.mp3,syllable_mp3,syllable,41,1,1,ཀྱིག,kyig,True,6268,ce598b595e5c56342c6d68d89bb2229b654e992c5940793537746d2c67f2f58f
41_1_2--kying.mp3,syllable_mp3,syllable,41,1,2,ཀྱིང,kying,True,7940,59775f4231a5572f627c079cb679471c8ed2123e4c68eec5554dbf5d7c57c8a7
41_1_3--kyid.mp3,syllable_mp3,syllable,41,1,3,ཀྱིད,kyid,True,6686,361ddfe76e348c183ad46f069ff0b4b98fa4951456c91d239a0f20296d14483d
41_1_4--kyin.mp3,syllable_mp3,syllable,41,1,4,ཀྱིན,kyin,True,8776,0c3416a8ad3ef6d3809cf3dcd2ae27725c6e06fb13dbe9de0523608b8700bba4
41_1_5--kyib.mp3,syllable_mp3,syllable,41,1,5,ཀྱིབ,kyib,True,9612,eac865fd20e5a27f9821a7182764f51062b8d71586d94de6a690d7f661dbd385
41_1_6--kyim.mp3,syllable_mp3,syllable,41,1,6,ཀྱིམ,kyim,True,9612,0b4ccf6262cc85a9459120233994961564e821c5bc68e3584ebc8110fd2a2533
41_1_7--kyi'.mp3,syllable_mp3,syllable,41,1,7,ཀྱིའ,kyi',True,9194,6c96e77c96948d817d00659e87d3ed900d1599a0fe9eef5d536aa576653b1bda
41_1_8--kyir.mp3,syllable_mp3,syllable,41,1,8,ཀྱིར,kyir,True,7104,e517d7503fec62c5ce766a3eff97970d6d2c9310818e90163f31f99518aec2be
41_1_9--kyil.mp3,syllable_mp3,syllable,41,1,9,ཀྱིལ,kyil,True,7104,d9cada92de9ae7bba83341efddf4b9fabe332d7de3683dbce4a5d8ee61c09892
41_1_10--kyis.mp3,syllable_mp3,syllable,41,1,10,ཀྱིས,kyis,True,9612,947198de21e28fc62d304c2aa012548ae8c0cf6dae4ef881f73ed49be437ba1c
41_2_0--kyu.mp3,syllable_mp3,syllable,41,2,0,ཀྱུ,kyu,True,7104,7a0a1e3f7dd0de03081d3df779298b19d37f5c07927f46492154943cc4c8a829
41_2_1--kyug.mp3,syllable_mp3,syllable,41,2,1,ཀྱུག,kyug,True,7940,649d37971422ef560e3b991bd12d130899bff63207a3fbc56f4b0c282f164665
41_2_2--kyung.mp3,syllable_mp3,syllable,41,2,2,ཀྱུང,kyung,True,7940,9f6e5f5899f81264a32776de6402e210a2bdd6162eacb9e15de8904ef01079da
41_2_3--kyud.mp3,syllable_mp3,syllable,41,2,3,ཀྱུད,kyud,True,8776,f40dee924be4672a5ebb014d9a2c27ec70658b25e5b28273126b0b4056885667
41_2_4--kyun.mp3,syllable_mp3,syllable,41,2,4,ཀྱུན,kyun,True,7940,894cd28db4c60688a3e80f156dca939c6eacce7ca5a4eaaf0be022392192785b
41_2_5--kyub.mp3,syllable_mp3,syllable,41,2,5,ཀྱུབ,kyub,True,5432,9fb88a9765a31ec4fa63875f50e2ae7a34ebf41133d335edde00faef08260e0d
41_2_6--kyum.mp3,syllable_mp3,syllable,41,2,6,ཀྱུམ,kyum,True,8776,d30cc16c13ff165a8433a952eea4a36bfde72f724a2d90042d0571ae537b2255
41_2_7--kyu'.mp3,syllable_mp3,syllable,41,2,7,ཀྱུའ,kyu',True,9612,55e1a101b824572940a8c2c874abffa13ba02ce7d84c215e9a2a79958937ac2a
41_2_8--kyur.mp3,syllable_mp3,syllable,41,2,8,ཀྱུར,kyur,True,7104,b2bf3f9aafbcd3962109cdc651753ecd6f269c1ed9d628acbd2b1edaa8b5d66f
41_2_9--kyul.mp3,syllable_mp3,syllable,41,2,9,ཀྱུལ,kyul,True,8776,4d3acd62d9a922d9e83cf74caa07ebb12dc52f96776813f2886ae3fb1486bc65
41_2_10--kyus.mp3,syllable_mp3,syllable,41,2,10,ཀྱུས,kyus,True,9612,cc0a4a5a1508b76ada1458544653e5834dad9b516bb2fdc02eb324dfaf9a7743
41_3_0--kye.mp3,syllable_mp3,syllable,41,3,0,ཀྱེ,kye,True,7522,a180f35dff8f82a9134f93eeb2b948006a5d8cbdc16272b19d1ebd73e30e69f7
41_3_1--kyeg.mp3,syllable_mp3,syllable,41,3,1,ཀྱེག,kyeg,True,7940,bfcaeeb969d51d3dddb045f3acb1f981996053faf2624821d2eebcdd4e8da72e
41_3_2--kyeng.mp3,syllable_mp3,syllable,41,3,2,ཀྱེང,kyeng,True,7940,da26bb551cae9b37fbd4527bf54432558f95fdbab127bd538fde09fbf34cd2af
41_3_3--kyed.mp3,syllable_mp3,syllable,41,3,3,ཀྱེད,kyed,True,6268,c70da67f9b7af4fabcae3de566a258ad3552a8b01fc8110954c0355abdbd458e
41_3_4--kyen.mp3,syllable_mp3,syllable,41,3,4,ཀྱེན,kyen,True,8776,55a4787c82c5e6421aa564dc9c3eaa3c96a13f4fbed8ab3ed2b74beed1bf51fb
41_3_5--kyeb.mp3,syllable_mp3,syllable,41,3,5,ཀྱེབ,kyeb,True,6268,b1f5363cd97d3926285238d986f2e3573f22103b5ee9a51b9df8402c55832d89
41_3_6--kyem.mp3,syllable_mp3,syllable,41,3,6,ཀྱེམ,kyem,True,7940,b1b3414d978f74846f909a9504236bc6c215dfd96b542c0501562c7717d6f429
41_3_7--kye'.mp3,syllable_mp3,syllable,41,3,7,ཀྱེའ,kye',True,7940,bf808f7ed01a2ca593a9456f77128b12123b5280f602ff2be894236a3aa80b61
41_3_8--kyer.mp3,syllable_mp3,syllable,41,3,8,ཀྱེར,kyer,True,7940,8b90016624acf6f674d5ef03d6ccbd774aee2141f0557b859e2b6193634abdf0
41_3_9--kyel.mp3,syllable_mp3,syllable,41,3,9,ཀྱེལ,kyel,True,7940,40e41fecfe6cd39a2c5f4d6396ce99d91849c9edb9eedc32f9174142792f19c5
41_3_10--kyes.mp3,syllable_mp3,syllable,41,3,10,ཀྱེས,kyes,True,8776,a8454b5d5b6fb32962b8f2febe4571142cf42993f16af2193726f2c616d52137
41_4_0--kyo.mp3,syllable_mp3,syllable,41,4,0,ཀྱོ,kyo,True,6268,6a78b8a421412b1cbc05915008c7fa06b22e965b627afdd0105fea9f3a2a3677
41_4_1--kyog.mp3,syllable_mp3,syllable,41,4,1,ཀྱོག,kyog,True,6268,c1815d6019836f0e9aa8abf3b3c37464dd4bf0e46d7fed3319e836afcdb8562e
41_4_2--kyong.mp3,syllable_mp3,syllable,41,4,2,ཀྱོང,kyong,True,8776,f94bb23675a3f93191203c7b1e7be871176fb71d7aac4bd0febc99d96afde497
41_4_3--kyod.mp3,syllable_mp3,syllable,41,4,3,ཀྱོད,kyod,True,7940,3333f0ac5cf459ef522a7e6d403c5227410ba3fdb637a349d92c6fa5002361d9
41_4_4--kyon.mp3,syllable_mp3,syllable,41,4,4,ཀྱོན,kyon,True,9612,26d2269b4a74193019c3ff151c2e8831b085b951b5204c52f011d576109f1981
41_4_5--kyob.mp3,syllable_mp3,syllable,41,4,5,ཀྱོབ,kyob,True,5432,c6898072aecb451889f9c38f4b5610b454e57fb93ebc5b8365f28d4769313f64
41_4_6--kyom.mp3,syllable_mp3,syllable,41,4,6,ཀྱོམ,kyom,True,7104,2b30f29067e42d32a92ab48dc5a82310635e3275ca516c2de3423a3b424f1d8e
41_4_7--kyo'.mp3,syllable_mp3,syllable,41,4,7,ཀྱོའ,kyo',True,7940,46b3fdbadbd6902c7c6606fc3d70e6f3f1cf0debe4e6ef385681e55f62c62cf3
41_4_8--kyor.mp3,syllable_mp3,syllable,41,4,8,ཀྱོར,kyor,True,7104,24401107e47d9ae0dc070a92018796c4c9c60036dd249b094c54cc16b5d2d03b
41_4_9--kyol.mp3,syllable_mp3,syllable,41,4,9,ཀྱོལ,kyol,True,9612,50634e5275474e681472049fde32f8339d96537d478b63a8f9d8bad9647ef355
41_4_10--kyos.mp3,syllable_mp3,syllable,41,4,10,ཀྱོས,kyos,True,9612,78519eea719d79ada19b81450f71a093b89a5e134a9350ba4b4eed1e5653c651
42_0_0--khya.mp3,syllable_mp3,syllable,42,0,0,ཁྱ,khya,True,7940,bf2697e0faca6018909d31d6e9eac3e63b8a67153798068648bb08df055e6269
42_0_1--khyag.mp3,syllable_mp3,syllable,42,0,1,ཁྱག,khyag,True,6268,d124d99d241ed9c31e06ddba7ea358e5ce1f15ca853bb966c65d1671073ada05
42_0_2--khyang.mp3,syllable_mp3,syllable,42,0,2,ཁྱང,khyang,True,8776,d3cbf217db3ecb3a5649f90e650357295f276f6a946cc188bc8150eabc4102cf
42_0_3--khyad.mp3,syllable_mp3,syllable,42,0,3,ཁྱད,khyad,True,7104,0397af2bca5fe7a3d1899495a67c3412a46c91ffb3b5227d60b95c0bcf72ce4c
42_0_4--khyan.mp3,syllable_mp3,syllable,42,0,4,ཁྱན,khyan,True,8358,bc3cc766e65f41c27de09cc0c56e15a313a7709d082bf666f6bc16961f908157
42_0_5--khyab.mp3,syllable_mp3,syllable,42,0,5,ཁྱབ,khyab,True,6268,0e865bacf93bed87d144ef8ec3374ab4079485dd005697904c69d51b5a3b4d68
42_0_6--khyam.mp3,syllable_mp3,syllable,42,0,6,ཁྱམ,khyam,True,9612,e73e2576af0b51d39cc32a6b32b6d920a9cc54fd1d33c54744b8638557902f8a
42_0_7--khya'.mp3,syllable_mp3,syllable,42,0,7,ཁྱའ,khya',True,7940,b7304875544227ac01b4e4069581188fb01572a6781b36e1e5e24afcd8d53559
42_0_8--khyar.mp3,syllable_mp3,syllable,42,0,8,ཁྱར,khyar,True,8776,69d37c05007e01b624ca5ff0f3f7189d4bee869c98d71f03551be02382fce732
42_0_9--khyal.mp3,syllable_mp3,syllable,42,0,9,ཁྱལ,khyal,True,8776,39c3bcbe114e0ae012d41eaf119aa30cbc07d348cea02be6e71e2690a5c780a1
42_0_10--khyas.mp3,syllable_mp3,syllable,42,0,10,ཁྱས,khyas,True,9612,32f82e3013353105f7f583b556f367403fc74d661417a61237a492f16b654e46
42_1_0--khyi.mp3,syllable_mp3,syllable,42,1,0,ཁྱི,khyi,True,7104,c3901f937b609c9a04a823206f9eb9136014b90531ca2400cc3d76cef460b47d
42_1_1--khyig.mp3,syllable_mp3,syllable,42,1,1,ཁྱིག,khyig,True,6268,672aea607e266cfdacef0fae750d16e0b3e2c8882cf87450f6ad929a9e1a4c75
42_1_2--khying.mp3,syllable_mp3,syllable,42,1,2,ཁྱིང,khying,True,7940,ba917f8ca9299c2476f7e1fafcd0809eca8908b4d4f4c8354ab10c62691f713c
42_1_3--khyid.mp3,syllable_mp3,syllable,42,1,3,ཁྱིད,khyid,True,6268,ad1f3e698e134044dd4b3a239f953fb11f5a7b3565e17934e9f193d8d86c630f
42_1_4--khyin.mp3,syllable_mp3,syllable,42,1,4,ཁྱིན,khyin,True,7940,3eb394d8368280a243ac29d46b49488f5039886827cdcf4fb794305078558faa
42_1_5--khyib.mp3,syllable_mp3,syllable,42,1,5,ཁྱིབ,khyib,True,6268,c325ba8d19d6674b9be4a40f93ca6ccbd573ef39304f0a4a3fe6037fa0cbc5c3
42_1_6--khyim.mp3,syllable_mp3,syllable,42,1,6,ཁྱིམ,khyim,True,7940,9f1ae2378fd9ca518e25336ea92a4de3503972414c1bea76665b9bd56fb462c1
42_1_7--khyi'.mp3,syllable_mp3,syllable,42,1,7,ཁྱིའ,khyi',True,7940,8c1b5151df32d95971dea0c225d55a6efcd827220e4b3ee5247b8f881679da03
42_1_8--khyir.mp3,syllable_mp3,syllable,42,1,8,ཁྱིར,khyir,True,7940,463bce09500dfb3875b426dfdef54f4f9ed6e32cc5de827501bc62e36ec40bff
42_1_9--khyil.mp3,syllable_mp3,syllable,42,1,9,ཁྱིལ,khyil,True,7940,5e4b1981644608071416d9effc5b0b1e919e8776a0024d19539d51d7b9b0511c
42_1_10--khyis.mp3,syllable_mp3,syllable,42,1,10,ཁྱིས,khyis,True,9612,f8ef71c9ba6ac990528c28a8f9504e931ebe37247049d8a087d7f0d0d6f6f827
42_2_0--khyu.mp3,syllable_mp3,syllable,42,2,0,ཁྱུ,khyu,True,7940,a355d1a74ffa0c68748d56c3a980358d94add645c58c979758682e82e4036d78
42_2_1--khyug.mp3,syllable_mp3,syllable,42,2,1,ཁྱུག,khyug,True,7104,63ded6028b2b59d2e96c22bba7956661e57211eb62af13259a917db353677d92
42_2_2--khyung.mp3,syllable_mp3,syllable,42,2,2,ཁྱུང,khyung,True,9612,356296003fbcb4ca0c1cff58ede1f258e92b04f48262810b6343bb1e841fec48
42_2_3--khyud.mp3,syllable_mp3,syllable,42,2,3,ཁྱུད,khyud,True,6268,da8ae63d29662c5958dacfb6e321db69d05e716467c1181b52c07d392f2e504c
42_2_4--khyun.mp3,syllable_mp3,syllable,42,2,4,ཁྱུན,khyun,True,7940,f53b63c11089910fa58094498a1991e81e41488d8a8a5aec4a42515e177e4847
42_2_5--khyub.mp3,syllable_mp3,syllable,42,2,5,ཁྱུབ,khyub,True,6268,7fc02bbbb03b7cf26d2efe2e5d923276457a4894355dbebe39ecaec32c373fcf
42_2_6--khyum.mp3,syllable_mp3,syllable,42,2,6,ཁྱུམ,khyum,True,7940,2352f0db620ffc41adee33d7cac5f14fb435be2417d798a4fb6f2f2bcd1095a6
42_2_7--khyu'.mp3,syllable_mp3,syllable,42,2,7,ཁྱུའ,khyu',True,9612,9148db3ef9cfbefd45efb76a3ef465b7f04502a64b38e9d996e7fb9286b6b362
42_2_8--khyur.mp3,syllable_mp3,syllable,42,2,8,ཁྱུར,khyur,True,7940,98fa811b0e4755517a6e7a7efeb9bf414bac1c9dab4496832018bee8bd4fbc3e
42_2_9--khyul.mp3,syllable_mp3,syllable,42,2,9,ཁྱུལ,khyul,True,8776,1a32fdbca42b184fdf022a27417b689fd583d7fd0035d689bcc80fce31ecc792
42_2_10--khyus.mp3,syllable_mp3,syllable,42,2,10,ཁྱུས,khyus,True,9194,3fdfddde02dac5b8c669ce62198f5655cf36fbaaacdfb9d4fb0c15a4d2a28032
42_3_0--khye.mp3,syllable_mp3,syllable,42,3,0,ཁྱེ,khye,True,9612,7d0dfaab1e794fd91f042049f621578eb73fb59d770bf33ffbc4aab37cd2f481
42_3_1--khyeg.mp3,syllable_mp3,syllable,42,3,1,ཁྱེག,khyeg,True,8776,b7e8a3690f72f5fdb5966aae2dfce89c9fd4b48a8c920ba2275006274983b387
42_3_2--khyeng.mp3,syllable_mp3,syllable,42,3,2,ཁྱེང,khyeng,True,8776,492366b06ea59b254a39d9fb75658ae9c6a861f7e6e408c2afbdb6674b20ae4a
42_3_3--khyed.mp3,syllable_mp3,syllable,42,3,3,ཁྱེད,khyed,True,7940,989ce976fb8df85918626bab133e79c5fc0e200c1ecf281cb7ed6ac23387f6e7
42_3_4--khyen.mp3,syllable_mp3,syllable,42,3,4,ཁྱེན,khyen,True,7940,868d3b6db811a4061742525407751bffa1affe061e0d0c36dc9652be2d1032bb
42_3_5--khyeb.mp3,syllable_mp3,syllable,42,3,5,ཁྱེབ,khyeb,True,6268,0d850fd7dad7d7b2d792fd58178d3bdac4cd59c4a1545f174324828413d9cb28
42_3_6--khyem.mp3,syllable_mp3,syllable,42,3,6,ཁྱེམ,khyem,True,7940,490d0f073f0939d7bb2d56099ad3915b0336f82173deebfc596a1bd079dc2f08
42_3_7--khye'.mp3,syllable_mp3,syllable,42,3,7,ཁྱེའ,khye',True,8776,b9c4d111eacbe6e8cb8c1549e0114817726856cb94c034dadd0377ab9a922dca
42_3_8--khyer.mp3,syllable_mp3,syllable,42,3,8,ཁྱེར,khyer,True,7104,c367f5658d15c7098d216e4c59887c90ad62febc1f49a53942981de1d1279c69
42_3_9--khyel.mp3,syllable_mp3,syllable,42,3,9,ཁྱེལ,khyel,True,8776,956eaa20e6ea6f0b633ce3d176976a43d770c5a32b5a048ee5818614c9200005
42_3_10--khyes.mp3,syllable_mp3,syllable,42,3,10,ཁྱེས,khyes,True,9612,c908bdbffbbcb38789cfad202287a2c2f79074ccf5880c73346bcbd6af0e9c56
42_4_0--khyo.mp3,syllable_mp3,syllable,42,4,0,ཁྱོ,khyo,True,7940,d629cfea0250b6b27f62c8643125d999ece589ed4aa5529f01aaa7a0c8acf192
42_4_1--khyog.mp3,syllable_mp3,syllable,42,4,1,ཁྱོག,khyog,True,6268,ae67162e9e00cf9969abfa1c54029908584bbfa7931e93a5f1a102f26c6d6651
42_4_2--khyong.mp3,syllable_mp3,syllable,42,4,2,ཁྱོང,khyong,True,7104,6432f561bd66c89f6b8f2ea3a64e761db7410d79a949bfe293a542b98d800de1
42_4_3--khyod.mp3,syllable_mp3,syllable,42,4,3,ཁྱོད,khyod,True,7104,bf167a4fd6cb227277d8ecb2bcdcb9560ba79113a86a45930fb6a21b6c6dee46
42_4_4--khyon.mp3,syllable_mp3,syllable,42,4,4,ཁྱོན,khyon,True,7940,7218ad0fa2c518922f6109b4368cde06f522dae11798898047be9c56614e0d92
42_4_5--khyob.mp3,syllable_mp3,syllable,42,4,5,ཁྱོབ,khyob,True,6268,1e13c3a8dfbba0fbdf344c6c10d7dc3b6932e2e9c1635dfc55a42aaeaa41964a
42_4_6--khyom.mp3,syllable_mp3,syllable,42,4,6,ཁྱོམ,khyom,True,9612,d84a457cecdfd683d3625439b44ee6f27bd621172b7584ce2d14404a0a5bb5e5
42_4_7--khyo'.mp3,syllable_mp3,syllable,42,4,7,ཁྱོའ,khyo',True,7940,1876548d5898b164ddb5d588871f039ac60d0aa16c0f39bfe7b920f048c9c6b0
42_4_8--khyor.mp3,syllable_mp3,syllable,42,4,8,ཁྱོར,khyor,True,7104,fed665f0a5ec8babd53ddb11a27a5afb9aab3eaf75338ac2617dea76d52d6e87
42_4_9--khyol.mp3,syllable_mp3,syllable,42,4,9,ཁྱོལ,khyol,True,7940,7a85b670e526b7f9b122c5e18ea0bcd4d9f3965a8a72b2d5ce940109b93e4a69
42_4_10--khyos.mp3,syllable_mp3,syllable,42,4,10,ཁྱོས,khyos,True,9612,0267cdf1e59379665988e51c5f8e50305478461a4cedaea0e7f90c30ca3a3f0f
43_0_0--gya.mp3,syllable_mp3,syllable,43,0,0,གྱ,gya,True,9612,4496d02638ead1ef53ceada49c44da2d53f2d1615790b989a38e0c5223c4be02
43_0_1--gyag.mp3,syllable_mp3,syllable,43,0,1,གྱག,gyag,True,8776,fb0e3f2abfbfeffb5793dc1f6302aacafa381de6951d0fc0b60f208189a982b9
43_0_2--gyang.mp3,syllable_mp3,syllable,43,0,2,གྱང,gyang,True,7940,bc214d7b4c30fa6e38242c01cd9c17ca6d7e8292e5b4156b9ff8334e3cb2fbc9
43_0_3--gyad.mp3,syllable_mp3,syllable,43,0,3,གྱད,gyad,True,7940,7deb138a3ca5b16556845721a58aa1d49e3b662e42d0c03e32d6ea8df4fcb500
43_0_4--gyan.mp3,syllable_mp3,syllable,43,0,4,གྱན,gyan,True,8776,371704e833bd400fb468e19d6882604eaad2be57a5d842a8b25361937ffc2ae4
43_0_5--gyab.mp3,syllable_mp3,syllable,43,0,5,གྱབ,gyab,True,6268,b5b29e54b98ce83b7296a890a06095fc9d746f4b0eebe06f01d0f8b034d279ae
43_0_6--gyam.mp3,syllable_mp3,syllable,43,0,6,གྱམ,gyam,True,8776,31fe028eb593309163d3478452e3f025d1d95e6b4fd6123b0a1fb1a683cee26b
43_0_7--gya'.mp3,syllable_mp3,syllable,43,0,7,གྱའ,gya',True,8776,537ac239ca992395f583b85bba23a314d3ecd7c632856c9b8dab5849de72d7a0
43_0_8--gyar.mp3,syllable_mp3,syllable,43,0,8,གྱར,gyar,True,7940,ee5cb92b69441479794b8c81be1620f3aa2e756e55b665a212e3277d22299cf5
43_0_9--gyal.mp3,syllable_mp3,syllable,43,0,9,གྱལ,gyal,True,8776,be4bc556e6c3d506671a3c6244aad6845d8631899bbe5fa38c2115ae3516c34d
43_0_10--gyas.mp3,syllable_mp3,syllable,43,0,10,གྱས,gyas,True,9612,848d9e968299b9b633068bd67b0f149210860edf0cd7c611e558566aec52cacc
43_1_0--gyi.mp3,syllable_mp3,syllable,43,1,0,གྱི,gyi,True,9194,51da8f1a14c15c7a688bb601c2d3e6d5d249447d832fe41aad27232cefac7d1e
43_1_1--gyig.mp3,syllable_mp3,syllable,43,1,1,གྱིག,gyig,True,7104,abf5fffe03816143b5bd2ba84bb922b79095931381fdaa39daea44bc52550c3e
43_1_2--gying.mp3,syllable_mp3,syllable,43,1,2,གྱིང,gying,True,9612,d3d3a9d65703cc061d1131a359de0a13bab9d0d69521e3f61982d872f3112166
43_1_3--gyid.mp3,syllable_mp3,syllable,43,1,3,གྱིད,gyid,True,7940,9b758571beccdcc65308a6da9de25b3d87e10d397e5c1623dd6b43d6333fb772
43_1_4--gyin.mp3,syllable_mp3,syllable,43,1,4,གྱིན,gyin,True,8776,7db79db14472e70e1dfe8cd3e61ef2524b8a6ae3c87adfd65e3cfed4db4e9230
43_1_5--gyib.mp3,syllable_mp3,syllable,43,1,5,གྱིབ,gyib,True,7104,2058a0ffcf9a3bbb10780a78153ffa03aca18512a1226394d21d4db3ebbe1d4f
43_1_6--gyim.mp3,syllable_mp3,syllable,43,1,6,གྱིམ,gyim,True,8776,97842eef4a65fceda0232e4b9ad7fbf41917eb17cf06672ca89aa0e832b99ebb
43_1_7--gyi'.mp3,syllable_mp3,syllable,43,1,7,གྱིའ,gyi',True,9612,ef07711c984585ebb6b35ec62717dc19a31c85ff040d4317bad7a10f0371273e
43_1_8--gyir.mp3,syllable_mp3,syllable,43,1,8,གྱིར,gyir,True,7940,285921c0b7a79aceaf08a5b7580590d665398714eab65f6d810ad4d91ce472da
43_1_9--gyil.mp3,syllable_mp3,syllable,43,1,9,གྱིལ,gyil,True,7940,0991056f4376341034369f9ad68622481fb3c83e727269d1d2b51e80e89d6d35
43_1_10--gyis.mp3,syllable_mp3,syllable,43,1,10,གྱིས,gyis,True,9612,e8e3a0ffd5d00d9e06816783fee8179a737e62e0125180d2bd53852d1efa037c
43_2_0--gyu.mp3,syllable_mp3,syllable,43,2,0,གྱུ,gyu,True,9612,8362e888452e17a6bd548956c1a5c422a019bdfdbe1346c9c294ed734fe630d5
43_2_1--gyug.mp3,syllable_mp3,syllable,43,2,1,གྱུག,gyug,True,7522,84bf8f7feb0457347c773634cb6ea4e40e461e550c72db808a2ab013fefb3252
43_2_2--gyung.mp3,syllable_mp3,syllable,43,2,2,གྱུང,gyung,True,8358,e730605f6886557aa822173a1617633142453afc224bdd61a434bcbbe00414d5
43_2_3--gyud.mp3,syllable_mp3,syllable,43,2,3,གྱུད,gyud,True,8776,0c69b68052f8d07a987325c71df045fb07bf40e9fc02f29b50877b5fb7413d92
43_2_4--gyun.mp3,syllable_mp3,syllable,43,2,4,གྱུན,gyun,True,8776,9afd9e4b5d8ea304ae44d5dd23e59e92e2a154a28104f9de7b654d15c43c02f1
43_2_5--gyub.mp3,syllable_mp3,syllable,43,2,5,གྱུབ,gyub,True,6268,ea2470fa61e827d43e8140a15c29a0f24f96445c5be54b2392046701a42a5fe4
43_2_6--gyum.mp3,syllable_mp3,syllable,43,2,6,གྱུམ,gyum,True,8776,e3410278f320cbfb558d79ee298a3c8c77ebddc26e3abe196b3e6afdd7e85d19
43_2_7--gyu'.mp3,syllable_mp3,syllable,43,2,7,གྱུའ,gyu',True,8776,f2ab42f3b1c32eba989d19f40e9b05a797ba999b2e34c5498ab210fd93f1e0e6
43_2_8--gyur.mp3,syllable_mp3,syllable,43,2,8,གྱུར,gyur,True,7940,ef68313b57bb38f15cbcc15ae3746a1f84c14b31964d741fd0225f91e78dd189
43_2_9--gyul.mp3,syllable_mp3,syllable,43,2,9,གྱུལ,gyul,True,7940,bb02a71f365320f35386c7000070e34357e2dfa333d49c31f8d7dd70a15fe757
43_2_10--gyus.mp3,syllable_mp3,syllable,43,2,10,གྱུས,gyus,True,10448,fb59c39a5f1aef1d79f10d29fbea2fefc4d3458ec8eb53d0ca3a0002b30754d8
43_3_0--gye.mp3,syllable_mp3,syllable,43,3,0,གྱེ,gye,True,9612,63a80d6f58e27ff7090efd142665355bd110ea4fb2349af1a4790c98d1434294
43_3_1--gyeg.mp3,syllable_mp3,syllable,43,3,1,གྱེག,gyeg,True,7104,8849be2472bea2edca8f13eb59b5f5c522a5b6ed9fed862e9d5eb3ae188f729f
43_3_2--gyeng.mp3,syllable_mp3,syllable,43,3,2,གྱེང,gyeng,True,8776,b16abfed7d111cb86e815477c33a4f07e012a7301a452e2fc80b737ec111ad0c
43_3_3--gyed.mp3,syllable_mp3,syllable,43,3,3,གྱེད,gyed,True,8776,f7aa2336cb428fc8a63fb5b20f09f5de1e690dff21db80ccdfbfd0f04b62cb3f
43_3_4--gyen.mp3,syllable_mp3,syllable,43,3,4,གྱེན,gyen,True,8776,751863f9cc6dab2099cd692519f777d9ef8168a2aee642e8fb487f1e5ada2791
43_3_5--gyeb.mp3,syllable_mp3,syllable,43,3,5,གྱེབ,gyeb,True,7104,e698be3465b1a476cc19eca313198b2a3ade037e2c096b0ed4ab1308d2ca9cbb
43_3_6--gyem.mp3,syllable_mp3,syllable,43,3,6,གྱེམ,gyem,True,7940,669f33e94e1cc5053ae1631bb5a677ca06f54de60f07149fde18aafdcc8bf2dd
43_3_7--gye'.mp3,syllable_mp3,syllable,43,3,7,གྱེའ,gye',True,7940,a9e5f242274a973a0901b26d4f65bdeccda9f9b1b0058fa512838e4fa5e91217
43_3_8--gyer.mp3,syllable_mp3,syllable,43,3,8,གྱེར,gyer,True,7940,285913088f65987a5109c1cb90cd46e6ff0767642b98d5190b946726dfa04d11
43_3_9--gyel.mp3,syllable_mp3,syllable,43,3,9,གྱེལ,gyel,True,8776,a8ab2f4451c5b0f987ab7941891124cfde19c2332a17d232a0d14c87b99fd702
43_3_10--gyes.mp3,syllable_mp3,syllable,43,3,10,གྱེས,gyes,True,9612,141268093c0516251fd2a03c4f8eab9d2966b2491dca17cd3cef37ec4e0f2e2f
43_4_0--gyo.mp3,syllable_mp3,syllable,43,4,0,གྱོ,gyo,True,8776,df3c51fc3715e0a4b3815d52d70f51e271f0387c662ecc45455c1b819bba3328
43_4_1--gyog.mp3,syllable_mp3,syllable,43,4,1,གྱོག,gyog,True,7104,fbf063dd39f5e2990e0d4d926d9824ea216d7abd47129e796ba89ef22da4b4d0
43_4_2--gyong.mp3,syllable_mp3,syllable,43,4,2,གྱོང,gyong,True,8776,fea16a79d2926536747b8e3bedba9a3e7f104bcaa41de0342e59908dacfcce95
43_4_3--gyod.mp3,syllable_mp3,syllable,43,4,3,གྱོད,gyod,True,7940,0c866a014526201d58cc424b875a21ea8525609cae8f2176654f570ff96de268
43_4_4--gyon.mp3,syllable_mp3,syllable,43,4,4,གྱོན,gyon,True,8776,5ddac314eeff70b6c5ef8d100e6ee68d625852703398430a59eb473f293ba34d
43_4_5--gyob.mp3,syllable_mp3,syllable,43,4,5,གྱོབ,gyob,True,7104,e276ffded2518b8288e0b703f80ba222252f73d1f0cc6ca911a62e8683030367
43_4_6--gyom.mp3,syllable_mp3,syllable,43,4,6,གྱོམ,gyom,True,8776,73d689549bdb3b9dd1f0edab7100c9e033985eb565e11b9118a5d4fd7cadb7b0
43_4_7--gyo'.mp3,syllable_mp3,syllable,43,4,7,གྱོའ,gyo',True,8776,b2f592a4e1649ad93129ebce29e78a276911bf7de437737d38c763fcb2e74763
43_4_8--gyor.mp3,syllable_mp3,syllable,43,4,8,གྱོར,gyor,True,7940,12e5717010eefd825a769645be1db0b82cebff55a459ef278f223336f5f5e213
43_4_9--gyol.mp3,syllable_mp3,syllable,43,4,9,གྱོལ,gyol,True,7940,b0387a1087eafcedf636546c631ca92762d35fcb6b3a2974970cdf86f9fbc929
43_4_10--gyos.mp3,syllable_mp3,syllable,43,4,10,གྱོས,gyos,True,9612,a6205a4784cc3c5fcbe23108b4774e3f7b960cc66833566f0ac8399954a764e5
44_0_0--hya.mp3,syllable_mp3,syllable,44,0,0,ཧྱ,hya,True,7940,8ee4a125b645d5712ac415601f838335584e26c59606fd496172384946828056
44_0_1--hyag.mp3,syllable_mp3,syllable,44,0,1,ཧྱག,hyag,True,7104,5a88672a8856e41a1bd5bfdca183a2d8dc132ccf203c2a10d9a9ed53bd70fbf3
44_0_2--hyang.mp3,syllable_mp3,syllable,44,0,2,ཧྱང,hyang,True,7940,d16eb1a33ed7d7fab6ec10e9bf14c41120be2a2828ee983fca1ad52359b7a322
44_0_3--hyad.mp3,syllable_mp3,syllable,44,0,3,ཧྱད,hyad,True,7940,25100085766869f95c046e72362d761d965564acef6ae1059fbb0b5e5a3df1af
44_0_4--hyan.mp3,syllable_mp3,syllable,44,0,4,ཧྱན,hyan,True,8776,f0f7c2ccdc6fbbbcb7cef255ef8037a9d41b547374824acc74125f4da88a6b6c
44_0_5--hyab.mp3,syllable_mp3,syllable,44,0,5,ཧྱབ,hyab,True,7104,5e3cda881de895d1f7eddbfc1ae31b3d0c313c9b111e97af23c791472a2fac14
44_0_6--hyam.mp3,syllable_mp3,syllable,44,0,6,ཧྱམ,hyam,True,8776,bcdd8423121a2c9d81783643ffc3c493a7b342f898300d662657fa9ee908accf
44_0_7--hya'.mp3,syllable_mp3,syllable,44,0,7,ཧྱའ,hya',True,8776,0ef1c422cc3ed6848fed335c01eca8bafdaaac9f385ed7158b98abb2e155db37
44_0_8--hyar.mp3,syllable_mp3,syllable,44,0,8,ཧྱར,hyar,True,7940,652f55801591aaabe5f07e1f283666a385de361d198668d76037097a1b0ffbb8
44_0_9--hyal.mp3,syllable_mp3,syllable,44,0,9,ཧྱལ,hyal,True,8776,84d6dadb93d1c21bd66564225ffca6bdc5863912152cdb6a9e4584779c67d084
44_0_10--hyas.mp3,syllable_mp3,syllable,44,0,10,ཧྱས,hyas,True,8776,d29f0814b9f223d5e6958c773fb3afc1e20d7bf013d247aabf805d2659c186e5
44_1_0--hyi.mp3,syllable_mp3,syllable,44,1,0,ཧྱི,hyi,True,8776,41b0044cdf3ac016a55839e8e21406c0b47c170df64913cb6ace3d928a358786
44_1_1--hyig.mp3,syllable_mp3,syllable,44,1,1,ཧྱིག,hyig,True,9612,c7c4293dbe9a3d05e3ef6ed018294ad7a662cabf143d9a3bdf440715f0140512
44_1_2--hying.mp3,syllable_mp3,syllable,44,1,2,ཧྱིང,hying,True,9612,3cabc01046dec7deeac5368536bde9da36244589f81df896eb9fc342d5c94541
44_1_3--hyid.mp3,syllable_mp3,syllable,44,1,3,ཧྱིད,hyid,True,7940,bd8383fe9b1789227cdccce66f61097bc624c85a178cda8cf613b384d396b662
44_1_4--hyin.mp3,syllable_mp3,syllable,44,1,4,ཧྱིན,hyin,True,8776,618945ec2a7f02a98f338feb22ca002982e6103359fa72768385fe48d45f3cb8
44_1_5--hyib.mp3,syllable_mp3,syllable,44,1,5,ཧྱིབ,hyib,True,6268,7252b6f9646c16bb51b3db0a2a315b4118712488318a152a873daabec4a067f5
44_1_6--hyim.mp3,syllable_mp3,syllable,44,1,6,ཧྱིམ,hyim,True,9612,723968f63bb043c1a9cd2431c342a074c28ffb660904a917b17717bc4b4e6759
44_1_7--hyi'.mp3,syllable_mp3,syllable,44,1,7,ཧྱིའ,hyi',True,9612,58a82e93ff084f413bb217294996c2e065bbd4dc955f577e26678d2644e00ac7
44_1_8--hyir.mp3,syllable_mp3,syllable,44,1,8,ཧྱིར,hyir,True,7940,6c2dbf475aae540caf2cf7ce55508deb2ab3ea74dea0b58f34d01213e3724c94
44_1_9--hyil.mp3,syllable_mp3,syllable,44,1,9,ཧྱིལ,hyil,True,8776,81399bee283d49f7583a7b6bb41aa27718eeba02916b6442b9f71209b2386936
44_1_10--hyis.mp3,syllable_mp3,syllable,44,1,10,ཧྱིས,hyis,True,7940,f09bced4db4b1fad8d784bfcca22ee8d977ceb3cfdcafffc6611c6ba3f2cac76
44_2_0--hyu.mp3,syllable_mp3,syllable,44,2,0,ཧྱུ,hyu,True,7940,bbff46ceda8b8306e4d8ddb8aea2371c63e59289867653118c6d8d2025da2db3
44_2_1--hyug.mp3,syllable_mp3,syllable,44,2,1,ཧྱུག,hyug,True,6268,ce2f1d34583ca3956adccaa788641b5f086901f0ea84f6720d396a5d29bb5b0b
44_2_2--hyung.mp3,syllable_mp3,syllable,44,2,2,ཧྱུང,hyung,True,8776,274ea27646410f7ea4825394d5601e4f6b9942001c27570fb0b613f3ff4bc82d
44_2_3--hyud.mp3,syllable_mp3,syllable,44,2,3,ཧྱུད,hyud,True,7104,405e38a685f76c81ce54bbbb3cdf9fad96b495afe3946a18691faab6b7fb9432
44_2_4--hyun.mp3,syllable_mp3,syllable,44,2,4,ཧྱུན,hyun,True,8776,9d47f6a809077fdc9bea38ca966c476cc1809a703bffbb010cfe62dce37c3de3
44_2_5--hyub.mp3,syllable_mp3,syllable,44,2,5,ཧྱུབ,hyub,True,6268,4453c7ee85affe8c9a5d7451c604262d061729e1d64c00dbf009d46cce8da897
44_2_6--hyum.mp3,syllable_mp3,syllable,44,2,6,ཧྱུམ,hyum,True,8776,0d62944d98644487f06241baaef3e84f54230d43657779a9d75b2c9937eef51b
44_2_7--hyu'.mp3,syllable_mp3,syllable,44,2,7,ཧྱུའ,hyu',True,8358,75d45b9f80b3b41fd348f7ef6c1b7fe3a818c69e1f30b00ab11365a9832abef3
44_2_8--hyur.mp3,syllable_mp3,syllable,44,2,8,ཧྱུར,hyur,True,7940,a2536acdd825608b94fc00cdaafd4d89c72cab9472422b3deecfb6a96919aaa5
44_2_9--hyul.mp3,syllable_mp3,syllable,44,2,9,ཧྱུལ,hyul,True,8776,3aafb5fe1d0d841ccdf1b3e81fb8616cb651549a316551ac93a012f5da86c960
44_2_10--hyus.mp3,syllable_mp3,syllable,44,2,10,ཧྱུས,hyus,True,9612,c5334afc755e1a9e1502914cdc31e0714a92d6790f2caa25357dcf8a15cc7f5c
44_3_0--hye.mp3,syllable_mp3,syllable,44,3,0,ཧྱེ,hye,True,8776,5792483e21c6dc6e20a1ea1ce56db9d0b3cb208a601379c960f99efcba3e0c64
44_3_1--hyeg.mp3,syllable_mp3,syllable,44,3,1,ཧྱེག,hyeg,True,7104,5df4bb7fe5152463120509c56e42601de8a7a9f9907b158e7a91bb1dd7c1476c
44_3_2--hyeng.mp3,syllable_mp3,syllable,44,3,2,ཧྱེང,hyeng,True,8776,5313ef41d6d5fb26b82503e5f083f6e4ef469de8f7c8c3b877e9e0ff0c5ac807
44_3_3--hyed.mp3,syllable_mp3,syllable,44,3,3,ཧྱེད,hyed,True,7104,a374b10e3c0fe9a5820c3130cbbe687de7f0a9ffe66569bba0a381889935ba8d
44_3_4--hyen.mp3,syllable_mp3,syllable,44,3,4,ཧྱེན,hyen,True,8776,80d5aa183d9e71d0bb5ac418d8657ca62c03fafcede7901f2bf58efe4dae3162
44_3_5--hyeb.mp3,syllable_mp3,syllable,44,3,5,ཧྱེབ,hyeb,True,6268,44a6518b5e0291c2ec21090a4730ad7a34872fa680028980fec595ea2db0bede
44_3_6--hyem.mp3,syllable_mp3,syllable,44,3,6,ཧྱེམ,hyem,True,8776,1331c2831f275cfd76a18ffdec3f95a143d0173974b6f454b377ac1bb762cc71
44_3_7--hye'.mp3,syllable_mp3,syllable,44,3,7,ཧྱེའ,hye',True,8776,a6e24c9b398b8915cc9b97c202b4fbbfc2bc9e5bd3ba10cf16ef4f5454b3e963
44_3_8--hyer.mp3,syllable_mp3,syllable,44,3,8,ཧྱེར,hyer,True,7104,26967ef4a23877c4c271e4ed24f7a7f0a41ec7c40a55dd8d3ab34dcd7a869977
44_3_9--hyel.mp3,syllable_mp3,syllable,44,3,9,ཧྱེལ,hyel,True,7940,4c87b6fac25616efb86718f2290edf7afbef8bfbea901701fbae89e9b273cdf8
44_3_10--hyes.mp3,syllable_mp3,syllable,44,3,10,ཧྱེས,hyes,True,7940,22455e3ebea8c7595eb9c9519fd792f6d20309f741aa064ad2f65ff0f1b1340b
44_4_0--hyo.mp3,syllable_mp3,syllable,44,4,0,ཧྱོ,hyo,True,8776,acf62502972cb35c3330001443d124317616f5cd28e5fce9786a163bd4978ecd
44_4_1--hyog.mp3,syllable_mp3,syllable,44,4,1,ཧྱོག,hyog,True,6268,e61095dae83541ee9b290479885b25b58d787a92b91ece3bcf10fcbface6a690
44_4_2--hyong.mp3,syllable_mp3,syllable,44,4,2,ཧྱོང,hyong,True,7940,a075644f2b73fdfe070fc2b2c696e72d39a022aaa813cb0572284981795e741c
44_4_3--hyod.mp3,syllable_mp3,syllable,44,4,3,ཧྱོད,hyod,True,7940,2aeed9941262d9dabea693a18f47b293f393cdec5c6f0cc8c59d7c37b68ae05e
44_4_4--hyon.mp3,syllable_mp3,syllable,44,4,4,ཧྱོན,hyon,True,8776,0e55ee53246973fff1fdb2c0fde1888c13a31cb54ace3abdd7d51604b3998c8d
44_4_5--hyob.mp3,syllable_mp3,syllable,44,4,5,ཧྱོབ,hyob,True,6268,21f013e60a5d984fe5e36e8f111ac477203e5bbab396093ed7ec91b4ba8bbb99
44_4_6--hyom.mp3,syllable_mp3,syllable,44,4,6,ཧྱོམ,hyom,True,7940,88e6d333801d2e3207421701dd8a4499d5503d52c903898cfc8609e565660f51
44_4_7--hyo'.mp3,syllable_mp3,syllable,44,4,7,ཧྱོའ,hyo',True,8776,e6c942de566a50662ee9077b680525afb39c14b3fd051f556f9e0c1a19f4652f
44_4_8--hyor.mp3,syllable_mp3,syllable,44,4,8,ཧྱོར,hyor,True,7104,e9e09176092484f131f5774ba6f84b84af0528498932b0a1fcf8f81cb1018eca
44_4_9--hyol.mp3,syllable_mp3,syllable,44,4,9,ཧྱོལ,hyol,True,8776,cf90dadd34b6337fbf828ac753b55e71366930abb00138ad75d276582d8c32d3
44_4_10--hyos.mp3,syllable_mp3,syllable,44,4,10,ཧྱོས,hyos,True,9612,4216f2fe5990bbf6c9f941cc058bed19cf56aed646429bf0453156f52a9b64e7
45_0_0--kra-pra.mp3,syllable_mp3,syllable,45,0,0,ཀྲ / པྲ,kra/pra,True,5432,9dd4d5cb69ecddc0fbc6c3c93bf8b26cb907f295922d69fd58f40811b676d6c1
45_0_1--krag-prag.mp3,syllable_mp3,syllable,45,0,1,ཀྲག / པྲག,krag/prag,True,6686,c207e7a807ed6d6592dec5426a7ca92e15b0cf740a08cc06c51ee5cbeff8d56e
45_0_2--krang-prang.mp3,syllable_mp3,syllable,45,0,2,ཀྲང / པྲང,krang/prang,True,7104,4b59ca35009768b67dd4378e585f474f9f4b004b508261c99d6214c75ec34fad
45_0_3--krad-prad.mp3,syllable_mp3,syllable,45,0,3,ཀྲད / པྲད,krad/prad,True,6268,5eda4dade188434cbcab4f4bb51f5776043ab47c0ffce358bd9a76bdaa924a9e
45_0_4--kran-pran.mp3,syllable_mp3,syllable,45,0,4,ཀྲན / པྲན,kran/pran,True,7104,0b3323de7e94168002ac980562a80ae4cfec55e87bb24aae760f8519539f1203
45_0_5--krab-prab.mp3,syllable_mp3,syllable,45,0,5,ཀྲབ / པྲབ,krab/prab,True,5432,00dd5b2d854fffa27d10ec16009fdddf695ec0213f1bed1b5fbed7d07094f2f2
45_0_6--kram-pram.mp3,syllable_mp3,syllable,45,0,6,ཀྲམ / པྲམ,kram/pram,True,7104,3e74a58a0a01464d18953dbe89fba7a7f64fd87a0861654ba46dc20b911ec90d
45_0_7--kra'-pra'.mp3,syllable_mp3,syllable,45,0,7,ཀྲའ / པྲའ,kra'/pra',True,6268,f89ed8bba69d9ec0c3cc661bb25019532d44aedfb9e35bac613ea37a82d57beb
45_0_8--krar-prar.mp3,syllable_mp3,syllable,45,0,8,ཀྲར / པྲར,krar/prar,True,7104,d7061f0e069817e08b92ef524e5d24ffad1ccfebb813cd6fad44264ca45f1612
45_0_9--kral-pral.mp3,syllable_mp3,syllable,45,0,9,ཀྲལ / པྲལ,kral/pral,True,7104,ff655af7ce258ef51be08f2ebac25d1deab9947f6093aeef906cf13f9ff9d1f2
45_0_10--kras-pras.mp3,syllable_mp3,syllable,45,0,10,ཀྲས / པྲས,kras/pras,True,7940,b6a1d51dba3c347209745c67d4d07073423cb1bf75fb3830f14119685f93a1be
45_1_0--kri-pri.mp3,syllable_mp3,syllable,45,1,0,ཀྲི / པྲི,kri/pri,True,6268,06914bec892aab209968642faf05044cf6d866685c280b3fd114d0c13bdf21a8
45_1_1--krig-prig.mp3,syllable_mp3,syllable,45,1,1,ཀྲིག / པྲིག,krig/prig,True,7940,103383ebdbdae3200218d40fc7233c53114a4c02450963f628b1336722d58031
45_1_2--kring-pring.mp3,syllable_mp3,syllable,45,1,2,ཀྲིང / པྲིང,kring/pring,True,7104,7f5601fd6e28fdbb7fb25c036fda48d36045b57a6385fbf4861e4a9404404b82
45_1_3--krid-prid.mp3,syllable_mp3,syllable,45,1,3,ཀྲིད / པྲིད,krid/prid,True,6268,95b0a50fd8bbab05ad7b05a1df4c188f4038697eaf7614aee487a30589867e96
45_1_4--krin-prin.mp3,syllable_mp3,syllable,45,1,4,ཀྲིན / པྲིན,krin/prin,True,7104,7a6f59cb4fe54cb57a8ac4c53918730cdb009ce47e1ad30fb3658f69d3cee0f0
45_1_5--krib-prib.mp3,syllable_mp3,syllable,45,1,5,ཀྲིབ / པྲིབ,krib/prib,True,4596,a14a200e81230013f3475fc38151b0fb1706786f85c2f4c2cabd7e3ec7171b9f
45_1_6--krim-prim.mp3,syllable_mp3,syllable,45,1,6,ཀྲིམ / པྲིམ,krim/prim,True,7104,37fce2394ba7eba604c46f2be48c2334f47a4265fc6800b4fe70f2d3a2ee9d3d
45_1_7--kri'-pri'.mp3,syllable_mp3,syllable,45,1,7,ཀྲིའ / པྲིའ,kri'/pri',True,7104,5f0bc329066e1d22d43bb1c00e3e9ff8c98b527e5d9488eb9ade59842708b27c
45_1_8--krir-prir.mp3,syllable_mp3,syllable,45,1,8,ཀྲིར / པྲིར,krir/prir,True,6268,28d3d5bd51538935d3aeed8a0091a1eaf826d2b0e1d6ddaf50eaa0421e0fdf33
45_1_9--kril-pril.mp3,syllable_mp3,syllable,45,1,9,ཀྲིལ / པྲིལ,kril/pril,True,7104,f074f5b82286d3ba5754c8f822d07a154ce080f2a4fda178701774272b0f9fec
45_1_10--kris-pris.mp3,syllable_mp3,syllable,45,1,10,ཀྲིས / པྲིས,kris/pris,True,8776,00cd13d3fd42d32e5be37bebbdfbfc1b61c7cae76e37bf592afea6baa57f6511
45_2_0--kru-pru.mp3,syllable_mp3,syllable,45,2,0,ཀྲུ / པྲུ,kru/pru,True,6268,3455ae264e7437d8b6854a828b1062dccdb66cf125ae7ffcbaa801ba957499c2
45_2_1--krug-prug.mp3,syllable_mp3,syllable,45,2,1,ཀྲུག / པྲུག,krug/prug,True,5432,efd325e1d336c4bcb07b458329dcf1ecf894909c0ecfe56c222a7a44fc337f20
45_2_2--krung-prung.mp3,syllable_mp3,syllable,45,2,2,ཀྲུང / པྲུང,krung/prung,True,7940,d1d7d8832a92f3b05017f4d68ad4acd3c540b456c607970585795cc610093b0b
45_2_3--krud-prud.mp3,syllable_mp3,syllable,45,2,3,ཀྲུད / པྲུད,krud/prud,True,6268,b6236f8a6ce4d7bcdd5dbab4633fc33f48bd8d504c773cfc2254e44b93b4a7c1
45_2_4--krun-prun.mp3,syllable_mp3,syllable,45,2,4,ཀྲུན / པྲུན,krun/prun,True,7940,3c55ac12505721b342fb644449bbc5e09126c2949ec309d057635d5bb7f3554d
45_2_5--krub-prub.mp3,syllable_mp3,syllable,45,2,5,ཀྲུབ / པྲུབ,krub/prub,True,5432,a32493ba743f305b8dc7162c59af71651958b577d2b197a55d3765bf24e80ee2
45_2_6--krum-prum.mp3,syllable_mp3,syllable,45,2,6,ཀྲུམ / པྲུམ,krum/prum,True,7104,a9c80f07107cd7b1bf282501f30ebbcde1f359b8113df897c6cf9ee5726d3b01
45_2_7--kru'-pru'.mp3,syllable_mp3,syllable,45,2,7,ཀྲུའ / པྲུའ,kru'/pru',True,7104,ee22175f71523b725150cea4957ff9d4ce9b889592acf300501616a7fef267ca
45_2_8--krur-prur.mp3,syllable_mp3,syllable,45,2,8,ཀྲུར / པྲུར,krur/prur,True,7104,c94b908a054bd7439896103892589da502df21b23fff26d08665d411fe19ccd8
45_2_9--krul-prul.mp3,syllable_mp3,syllable,45,2,9,ཀྲུལ / པྲུལ,krul/prul,True,7940,c7c415a4ceeca589759116c389fddc10ab163e70fd174116882976717f1149ca
45_2_10--krus-prus.mp3,syllable_mp3,syllable,45,2,10,ཀྲུས / པྲུས,krus/prus,True,8776,4e933e425f7e9d03d6214450a51fb67873c4b55fedfe5a8ddeb4263f73368645
45_3_0--kre-pre.mp3,syllable_mp3,syllable,45,3,0,ཀྲེ / པྲེ,kre/pre,True,7104,922c9a2de2e948229db1f3a8b1a150b03fdbdef21b631e94ee3a5b8d0cec65c5
45_3_1--kreg-preg.mp3,syllable_mp3,syllable,45,3,1,ཀྲེག / པྲེག,kreg/preg,True,7104,e1ace98228f026f8f2c62dd3f73ff5ad09212cc78b648a18f1463c017881bf3c
45_3_2--kreng-preng.mp3,syllable_mp3,syllable,45,3,2,ཀྲེང / པྲེང,kreng/preng,True,7104,da6a3b503a7ab2c8c6e3236399a22c3c94b02b62ad43049b0507784ffa9bf8f7
45_3_3--kred-pred.mp3,syllable_mp3,syllable,45,3,3,ཀྲེད / པྲེད,kred/pred,True,5432,442e66196299a3a1456693862deec8cfc50b4d08cb508ffa41cfe0884eb4efaa
45_3_4--kren-pren.mp3,syllable_mp3,syllable,45,3,4,ཀྲེན / པྲེན,kren/pren,True,7104,073575baa8a3f77c37d501c9f8598af13fe727ceae84322eff215352ca613dd1
45_3_5--kreb-preb.mp3,syllable_mp3,syllable,45,3,5,ཀྲེབ / པྲེབ,kreb/preb,True,5432,e771db97234d9f8091e8eae277bb9fc0eab21c67f85f03c9b42150b1165e697e
45_3_6--krem-prem.mp3,syllable_mp3,syllable,45,3,6,ཀྲེམ / པྲེམ,krem/prem,True,7104,006fbf65bd7cf4c47066391b20521838f12176f59c2af66fcb906d1f38691a7a
45_3_7--kre'-pre'.mp3,syllable_mp3,syllable,45,3,7,ཀྲེའ / པྲེའ,kre'/pre',True,7940,941eaf16d62fd67a24caf23b45f3914b74b22935258db9921a6943daa110a7ac
45_3_8--krer-prer.mp3,syllable_mp3,syllable,45,3,8,ཀྲེར / པྲེར,krer/prer,True,7104,2b893026b31d88eddb6bf92c3a2d679ae92e54034bfe59c2fbfb4f048f484e66
45_3_9--krel-prel.mp3,syllable_mp3,syllable,45,3,9,ཀྲེལ / པྲེལ,krel/prel,True,7104,7ebda797a2c777f1635c1e76ca4669b2a71510e43aebdf301b4a74f804ce4de5
45_3_10--kres-pres.mp3,syllable_mp3,syllable,45,3,10,ཀྲེས / པྲེས,kres/pres,True,8776,7a1d03747ce3df190780fba1fa8aedce9885f608ffac78b7689c6c8312b6482b
45_4_0--kro-pro.mp3,syllable_mp3,syllable,45,4,0,ཀྲོ / པྲོ,kro/pro,True,6268,376e14b31134653b73d163e414a8adc315cf5db25c6f848bc322b498e10d3c6a
45_4_1--krog-prog.mp3,syllable_mp3,syllable,45,4,1,ཀྲོག / པྲོག,krog/prog,True,5432,3e4b531e8d273a218d5fb8fce5fe76b324f9ce84cac38e86b7d2277b5fd8e478
45_4_2--krong-prong.mp3,syllable_mp3,syllable,45,4,2,ཀྲོང / པྲོང,krong/prong,True,7104,10d4839c4491499f96e67e68e9b485f47f8efa4c20b324d7649735a1f9be2e16
45_4_3--krod-prod.mp3,syllable_mp3,syllable,45,4,3,ཀྲོད / པྲོད,krod/prod,True,6268,8f13f536556d3a010e24f6884824f2c3b6181feee123493734711a11d1bc5148
45_4_4--kron-pron.mp3,syllable_mp3,syllable,45,4,4,ཀྲོན / པྲོན,kron/pron,True,7104,559c5c66ed6408b576138b44fdbe8a2a7c36780dbc9f54633e24602b3c8645f4
45_4_5--krob-prob.mp3,syllable_mp3,syllable,45,4,5,ཀྲོབ / པྲོབ,krob/prob,True,5432,241147f252549be2eb0fd539dd7fb2c104a593c2ae9ae3f573855dfe0b2e92e7
45_4_6--krom-prom.mp3,syllable_mp3,syllable,45,4,6,ཀྲོམ / པྲོམ,krom/prom,True,7104,5c7d334bf9f5dd82b35b835d20c707da74f2571c1afdbe91efbdfcb05d1dad19
45_4_7--kro'-pro'.mp3,syllable_mp3,syllable,45,4,7,ཀྲོའ / པྲོའ,kro'/pro',True,6268,fdbd8e360a224906175ae0f7da8fe23fd214c329eb2aff060d28cc24cfa6dc3f
45_4_8--kror-pror.mp3,syllable_mp3,syllable,45,4,8,ཀྲོར / པྲོར,kror/pror,True,7104,0faf01371ea8a0519c7b8b78e51053c5c19eb2dd4719d686959947c9d3a9d30a
45_4_9--krol-prol.mp3,syllable_mp3,syllable,45,4,9,ཀྲོལ / པྲོལ,krol/prol,True,7104,923ea400f85916dc3f15b132d0e36eee178dfe288975bc5d83c3476eece2d169
45_4_10--kros-pros.mp3,syllable_mp3,syllable,45,4,10,ཀྲོས / པྲོས,kros/pros,True,8776,5e4e3b0aabee3e6c5a5b39bdd24291d0275c553189ff6b885f0019a4705371fb
46_0_0--khra-thra-phra.mp3,syllable_mp3,syllable,46,0,0,ཁྲ / ཐྲ / ཕྲ,khra/thra/phra,True,7104,7464b768e6dcd6fd82e035cc73db626e945b5564d66c10f5ec09f76f523936be
46_0_1--khrag-thrag-phrag.mp3,syllable_mp3,syllable,46,0,1,ཁྲག / ཐྲག / ཕྲག,khrag/thrag/phrag,True,6268,6c374ab0854c69087e2cfe6ca2e6e9ba81326cff62134110c95a6c4f05f34d0d
46_0_2--khrang-thrang-phrang.mp3,syllable_mp3,syllable,46,0,2,ཁྲང / ཐྲང / ཕྲང,khrang/thrang/phrang,True,7940,2d1fbca56c1b92366e828b6aae22ec35c71933ea1f335f9099f8a29f3ef58ad1
46_0_3--khrad-thrad-phrad.mp3,syllable_mp3,syllable,46,0,3,ཁྲད / ཐྲད / ཕྲད,khrad/thrad/phrad,True,7104,b5e7252592606715dbb51a54825f7f8745835bc809170301017df6135a5a4e59
46_0_4--khran-thran-phran.mp3,syllable_mp3,syllable,46,0,4,ཁྲན / ཐྲན / ཕྲན,khran/thran/phran,True,8776,ef422ba543e9b72a14206a167f92be4842887ffa1644f0a767f15aaf80b2b52a
46_0_5--khrab-thrab-phrab.mp3,syllable_mp3,syllable,46,0,5,ཁྲབ / ཐྲབ / ཕྲབ,khrab/thrab/phrab,True,7104,0ee849030e604249942312ee3b46c575133aa0af67eb10ccdb450d54c7c98185
46_0_6--khram-thram-phram.mp3,syllable_mp3,syllable,46,0,6,ཁྲམ / ཐྲམ / ཕྲམ,khram/thram/phram,True,7940,b256cbc3bbdf2cf62406d428a2c2f66b5a33ef78ab9a78c5a9f7d264a0369ca9
46_0_7--khra'-thra'-phra'.mp3,syllable_mp3,syllable,46,0,7,ཁྲའ / ཐྲའ / ཕྲའ,khra'/thra'/phra',True,7940,7a99a3cf3da2d07e214aca6f0e0c164b70d73337c4e84bee33a3919c889702d6
46_0_8--khrar-thrar-phrar.mp3,syllable_mp3,syllable,46,0,8,ཁྲར / ཐྲར / ཕྲར,khrar/thrar/phrar,True,7940,d50ed17a6ad06204cbb2335e14901c16f95cfdd4c2a9fc805e0045926b734824
46_0_9--khral-thral-phral.mp3,syllable_mp3,syllable,46,0,9,ཁྲལ / ཐྲལ / ཕྲལ,khral/thral/phral,True,7940,90ae24055873c1efb6c0fd78604da5f4b8255ff8e806ae7ef141f34cd19f6526
46_0_10--khras-thras-phras.mp3,syllable_mp3,syllable,46,0,10,ཁྲས / ཐྲས / ཕྲས,khras/thras/phras,True,8776,3e434ecf0b8a6b94a6c2dfc37c5ee5f79ec156ead8c80231ee398d2ebc94e668
46_1_0--khri-thri-phri.mp3,syllable_mp3,syllable,46,1,0,ཁྲི / ཐྲི / ཕྲི,khri/thri/phri,True,7104,a6670ef4dcc815ebcd365de177fa60f0d8fb9cd3a81a2f955efbada61130877e
46_1_1--khrig-thrig-phrig.mp3,syllable_mp3,syllable,46,1,1,ཁྲིག / ཐྲིག / ཕྲིག,khrig/thrig/phrig,True,6268,f240669d563029ce7ca46817cda694c165b7bbdfc7d144e3efeaed4589ef96ab
46_1_2--khring-thring-phring.mp3,syllable_mp3,syllable,46,1,2,ཁྲིང / ཐྲིང / ཕྲིང,khring/thring/phring,True,7940,9dc6d32ba872e6b58662ea368c09d2b4b95095a2b458f4883942b0b255463428
46_1_3--khrid-thrid-phrid.mp3,syllable_mp3,syllable,46,1,3,ཁྲིད / ཐྲིད / ཕྲིད,khrid/thrid/phrid,True,6268,b38b75a5e5ec9115f5ef4519d64041c9dfbf248577594612148e291416589204
46_1_4--khrin-thrin-phrin.mp3,syllable_mp3,syllable,46,1,4,ཁྲིན / ཐྲིན / ཕྲིན,khrin/thrin/phrin,True,7940,e795426c53ff75adfe97188e30fceb78651fea82e63fb8754e263da6adcae7f6
46_1_5--khrib-thrib-phrib.mp3,syllable_mp3,syllable,46,1,5,ཁྲིབ / ཐྲིབ / ཕྲིབ,khrib/thrib/phrib,True,5432,b8d05005e28a03291ef582119b8d0bf091cd7c0710396e28d3d239b8d84e5f2a
46_1_6--khrim-thrim-phrim.mp3,syllable_mp3,syllable,46,1,6,ཁྲིམ / ཐྲིམ / ཕྲིམ,khrim/thrim/phrim,True,7940,96c65f8e12fd72c197a87ba2f6aa313960b6087d244f0705a8f757a231cb189f
46_1_7--khri'-thri'-phri'.mp3,syllable_mp3,syllable,46,1,7,ཁྲིའ / ཐྲིའ / ཕྲིའ,khri'/thri'/phri',True,7940,9d046266786c33e657912751443deeb2496e663f18acc2105e54b8862e9ef4b1
46_1_8--khrir-thrir-phrir.mp3,syllable_mp3,syllable,46,1,8,ཁྲིར / ཐྲིར / ཕྲིར,khrir/thrir/phrir,True,7104,ed11b3c219fbec1d0a45c67d438ddb37fcff62f35a5c52a7835fafe1716171e0
46_1_9--khril-thril-phril.mp3,syllable_mp3,syllable,46,1,9,ཁྲིལ / ཐྲིལ / ཕྲིལ,khril/thril/phril,True,7940,6fc6136c04ef242024febfecea0278242690d1d2ec0f71b47bbf36ba9d5d6652
46_1_10--khris-thris-phris.mp3,syllable_mp3,syllable,46,1,10,ཁྲིས / ཐྲིས / ཕྲིས,khris/thris/phris,True,8776,d2f89deb14ef801203984bda7fa82bb3d75a97551831425bc760f9726ccd4c9f
46_2_0--khru-thru-phru.mp3,syllable_mp3,syllable,46,2,0,ཁྲུ / ཐྲུ / ཕྲུ,khru/thru/phru,True,7104,90288b6cfde61315d95f47971b51356ee7dbbb15c0b1d73270b1686e1f7f8f5e
46_2_1--khrug-thrug-phrug.mp3,syllable_mp3,syllable,46,2,1,ཁྲུག / ཐྲུག / ཕྲུག,khrug/thrug/phrug,True,6268,a877a172d52628f421dea5c1ef5ac36cf75ccfa1bc7ee59de1834abdf1b63dc1
46_2_2--khrung-thrung-phrung.mp3,syllable_mp3,syllable,46,2,2,ཁྲུང / ཐྲུང / ཕྲུང,khrung/thrung/phrung,True,8776,81fd2520417410407b710790380f9220d691df0dbc093e2bc09d041083511654
46_2_3--khrud-thrud-phrud.mp3,syllable_mp3,syllable,46,2,3,ཁྲུད / ཐྲུད / ཕྲུད,khrud/thrud/phrud,True,7104,04e02592e54f7fdc32bd292a62aa2eafb108afb072e33b249f71d20b2d470736
46_2_4--khrun-thrun-phrun.mp3,syllable_mp3,syllable,46,2,4,ཁྲུན / ཐྲུན / ཕྲུན,khrun/thrun/phrun,True,7940,cd3cc68c7f43e493a73b293a3a3388d490f0a5a78595eabda1ae2ab6e6398591
46_2_5--khrub-thrub-phrub.mp3,syllable_mp3,syllable,46,2,5,ཁྲུབ / ཐྲུབ / ཕྲུབ,khrub/thrub/phrub,True,5432,4ffbaadb3936cca43abbf312ab741c1f1297460618d2fac949b50a6e91e2838e
46_2_6--khrum-thrum-phrum.mp3,syllable_mp3,syllable,46,2,6,ཁྲུམ / ཐྲུམ / ཕྲུམ,khrum/thrum/phrum,True,7940,4b4a5df7d269d2faed596b6dc699c2a6c533631513668490c98fba91a232f441
46_2_7--khru'-thru'-phru'.mp3,syllable_mp3,syllable,46,2,7,ཁྲུའ / ཐྲུའ / ཕྲུའ,khru'/thru'/phru',True,8776,79ec21789c201d1d816ea2a2a8653d6885c9c9bdb2af6c05444de6bc269eeaff
46_2_8--khrur-thrur-phrur.mp3,syllable_mp3,syllable,46,2,8,ཁྲུར / ཐྲུར / ཕྲུར,khrur/thrur/phrur,True,7104,4205b488f3eaf8e6da1cdbbc5a548490ece2ce1684b67264c977bb19f9d77a16
46_2_9--khrul-thrul-phrul.mp3,syllable_mp3,syllable,46,2,9,ཁྲུལ / ཐྲུལ / ཕྲུལ,khrul/thrul/phrul,True,8776,32e10f4223993fb2a4d2fdb3712b08863b9b4ac9bb768326cff604a7267385e5
46_2_10--khrus-thrus-phrus.mp3,syllable_mp3,syllable,46,2,10,ཁྲུས / ཐྲུས / ཕྲུས,khrus/thrus/phrus,True,9612,4468e9f7945ece7e469b5db7015bf9db7414f1d64b95ff4184b3391a1e2150b0
46_3_0--khre-thre-phre.mp3,syllable_mp3,syllable,46,3,0,ཁྲེ / ཐྲེ / ཕྲེ,khre/thre/phre,True,7104,c21959f6a54a3c37af232cc668353492f3af16e262bad12919a0e5475ad0bcf1
46_3_1--khreg-threg-phreg.mp3,syllable_mp3,syllable,46,3,1,ཁྲེག / ཐྲེག / ཕྲེག,khreg/threg/phreg,True,7940,1a6cca01bfa38b43e6b9ff2f43256c84ec3bcd2aff0b7ba64ab956c53cf0cdf5
46_3_2--khreng-threng-phreng.mp3,syllable_mp3,syllable,46,3,2,ཁྲེང / ཐྲེང / ཕྲེང,khreng/threng/phreng,True,7940,d51af4a4af0765148af8c95dc4a9b93979240fc68a3615595a111dac26dd65b5
46_3_3--khred-thred-phred.mp3,syllable_mp3,syllable,46,3,3,ཁྲེད / ཐྲེད / ཕྲེད,khred/thred/phred,True,7104,09874c778d66408385b1da71bd9cc37e2ef29ab369af244e56a9484907b4cd83
46_3_4--khren-thren-phren.mp3,syllable_mp3,syllable,46,3,4,ཁྲེན / ཐྲེན / ཕྲེན,khren/thren/phren,True,7940,b3f6a56c9d51f2af1a6f0354be9d7562bb0a89e3e1b946f428f3f6a2c26e8ded
46_3_5--khreb-threb-phreb.mp3,syllable_mp3,syllable,46,3,5,ཁྲེབ / ཐྲེབ / ཕྲེབ,khreb/threb/phreb,True,5432,f39057a880710968f709d7719c2001b8f88161a45363bf42cee2a0de9ab2b766
46_3_6--khrem-threm-phrem.mp3,syllable_mp3,syllable,46,3,6,ཁྲེམ / ཐྲེམ / ཕྲེམ,khrem/threm/phrem,True,8776,1ee23e66b8e1a511c4db8a1fbbcab5da4903add3c57db9abf0c7dde9e26e36bf
46_3_7--khre'-thre'-phre'.mp3,syllable_mp3,syllable,46,3,7,ཁྲེའ / ཐྲེའ / ཕྲེའ,khre'/thre'/phre',True,7940,bae1637046ff806c9678749d37c420ca36044e9dc44714de85c249720552b29c
46_3_8--khrer-threr-phrer.mp3,syllable_mp3,syllable,46,3,8,ཁྲེར / ཐྲེར / ཕྲེར,khrer/threr/phrer,True,7104,dc7d62d52f3393c007528a35ad67eb3b70c0d42abf6626ad3302c0d5ca2e9372
46_3_9--khrel-threl-phrel.mp3,syllable_mp3,syllable,46,3,9,ཁྲེལ / ཐྲེལ / ཕྲེལ,khrel/threl/phrel,True,7940,82fac53c3714a5c10931b979a75f8ee61593e7ce551d1e00573ff15f7a29cf88
46_3_10--khres-thres-phres.mp3,syllable_mp3,syllable,46,3,10,ཁྲེས / ཐྲེས / ཕྲེས,khres/thres/phres,True,9612,2bf64ec2f81886c375c3649d2b78da0083144d4ebc7e6e18781b2c9b6f9ed8c6
46_4_0--khro-thro-phro.mp3,syllable_mp3,syllable,46,4,0,ཁྲོ / ཐྲོ / ཕྲོ,khro/thro/phro,True,6268,2fb10a904038d312cc0626522a5f7516e4a89da238b20fb4a12c3d76ead7523c
46_4_1--khrog-throg-phrog.mp3,syllable_mp3,syllable,46,4,1,ཁྲོག / ཐྲོག / ཕྲོག,khrog/throg/phrog,True,6268,2a8ba131317e4a64ea976185eb651421fd0eaa1dd5f56a03db6e394ea16976ad
46_4_2--khrong-throng-phrong.mp3,syllable_mp3,syllable,46,4,2,ཁྲོང / ཐྲོང / ཕྲོང,khrong/throng/phrong,True,7940,84fb6b3c175ecfdaf8d67a45689bea75089c4be83b45b77d5116e938336479e9
46_4_3--khrod-throd-phrod.mp3,syllable_mp3,syllable,46,4,3,ཁྲོད / ཐྲོད / ཕྲོད,khrod/throd/phrod,True,7104,d06146b352d543c1ae82266db6a5a5bd8f1939a3ed9b679e1ee95b812115e85b
46_4_4--khron-thron-phron.mp3,syllable_mp3,syllable,46,4,4,ཁྲོན / ཐྲོན / ཕྲོན,khron/thron/phron,True,7940,0b643386735577db0638eab05d1f9bf098dd8103377026d0164c3a2268427095
46_4_5--khrob-throb-phrob.mp3,syllable_mp3,syllable,46,4,5,ཁྲོབ / ཐྲོབ / ཕྲོབ,khrob/throb/phrob,True,6268,352b6a4272c2443d431096a86550e57e5f451d41747650ed961159259884af58
46_4_6--khrom-throm-phrom.mp3,syllable_mp3,syllable,46,4,6,ཁྲོམ / ཐྲོམ / ཕྲོམ,khrom/throm/phrom,True,7940,c609fad6eafe69864ce16f7b3f4ae63230d7e74755a76fcadff49cf68c6bc365
46_4_7--khro'-thro'-phro'.mp3,syllable_mp3,syllable,46,4,7,ཁྲོའ / ཐྲོའ / ཕྲོའ,khro'/thro'/phro',True,7940,a70c2afb3cd4a02e08c3006eea20c60c1709f68467ad9785072787e9f74df1d3
46_4_8--khror-thror-phror.mp3,syllable_mp3,syllable,46,4,8,ཁྲོར / ཐྲོར / ཕྲོར,khror/thror/phror,True,7940,2cf0b275ed3c5e2745ddc0c486b0120826d896aaa11e0359b3258159c60cd37d
46_4_9--khrol-throl-phrol.mp3,syllable_mp3,syllable,46,4,9,ཁྲོལ / ཐྲོལ / ཕྲོལ,khrol/throl/phrol,True,7940,c4569bd06152efde7495494ac4831ff8ffe58a98176c33979c0ef3cfc8b5fa40
46_4_10--khros-thros-phros.mp3,syllable_mp3,syllable,46,4,10,ཁྲོས / ཐྲོས / ཕྲོས,khros/thros/phros,True,9612,1260bcd99998b13d99f22559d48bd58f30d8fc4b57839367b537e24e02505279
47_0_0--gra-dra.mp3,syllable_mp3,syllable,47,0,0,གྲ / དྲ,gra/dra,True,8776,a695ba09cd242bb2d7c70f19982c9400835f9f99ab1698547591985f495d9e74
47_0_1--grag-drag.mp3,syllable_mp3,syllable,47,0,1,གྲག / དྲག,grag/drag,True,7104,da06c2c7616b87f62883d43445caf92e3e8409e305c1f281ca5a4e20d75a7378
47_0_2--grang-drang.mp3,syllable_mp3,syllable,47,0,2,གྲང / དྲང,grang/drang,True,7940,65085ee8ae02bde03a630c87a5866bc87a1154af5c470d03cf128ee88cab8da5
47_0_3--grad-drad.mp3,syllable_mp3,syllable,47,0,3,གྲད / དྲད,grad/drad,True,9612,cb5f86323edb28ee7f268723d269fc5f8540050ebbd70e9a3ec53dee22f8e524
47_0_4--gran-dran.mp3,syllable_mp3,syllable,47,0,4,གྲན / དྲན,gran/dran,True,8776,30d91e4d11f6c2cb62f22046cb821a86504a18d765d8a882ed6d03553e785285
47_0_5--grab-drab.mp3,syllable_mp3,syllable,47,0,5,གྲབ / དྲབ,grab/drab,True,7104,a3048675eaf5f36a13134e3be118bb4a475a519e4e499a03e65c3ff49ac45300
47_0_6--gram-dram.mp3,syllable_mp3,syllable,47,0,6,གྲམ / དྲམ,gram/dram,True,7940,f59c351406e5d6f877fb01f51b863493e445d19a8f1b226dec0e8e2363ea6658
47_0_7--gra'-dra'.mp3,syllable_mp3,syllable,47,0,7,གྲའ / དྲའ,gra'/dra',True,7940,cb1be0739fb85ecbb7bdc784dd64ff2efd9b20ba55b169aa1f383df03cf38883
47_0_8--grar-drar.mp3,syllable_mp3,syllable,47,0,8,གྲར / དྲར,grar/drar,True,8776,6a9c07f16bab7abb1d90554b6d8c28f8b3fdca260d6f832d3033ff5dfb3ae1c6
47_0_9--gral-dral.mp3,syllable_mp3,syllable,47,0,9,གྲལ / དྲལ,gral/dral,True,7940,003b82c7b2b4863de892559946d2773c3ecb87112d3539ca54504ae8327ed962
47_0_10--gras-dras.mp3,syllable_mp3,syllable,47,0,10,གྲས / དྲས,gras/dras,True,8776,0f19da1fad133b0db3f50d6b2539a90cc52168c9db1380633df9dd8f81c24557
47_1_0--gri-dri.mp3,syllable_mp3,syllable,47,1,0,གྲི / དྲི,gri/dri,True,9612,021f5009e1d1c357f02377d19219198943ceaa52d5004014c74f10a62ae7bc9b
47_1_1--grig-drig.mp3,syllable_mp3,syllable,47,1,1,གྲིག / དྲིག,grig/drig,True,7104,1602365711cec81b7f8fdcd099a5835091ab5cc9322de2fa3c5b9ef819495bed
47_1_2--gring-dring.mp3,syllable_mp3,syllable,47,1,2,གྲིང / དྲིང,gring/dring,True,8776,3d1e8bad9db699c2bd8c4ab8d012c7258986be7778f9152ddc468355b81672aa
47_1_3--grid-drid.mp3,syllable_mp3,syllable,47,1,3,གྲིད / དྲིད,grid/drid,True,7104,324a69174da2ac991bb1a99c6e6acd59814925e29043ffa6e3e01314e853c19c
47_1_4--grin-drin.mp3,syllable_mp3,syllable,47,1,4,གྲིན / དྲིན,grin/drin,True,8776,f9983aad90a6f20f025f36f6c11277f7d14dbe6894d2ca665e51f84983d610d0
47_1_5--grib-drib.mp3,syllable_mp3,syllable,47,1,5,གྲིབ / དྲིབ,grib/drib,True,6268,2b8cae16d673a8f8bf750da618a316c00badca95365ac255edc83da07c205843
47_1_6--grim-drim.mp3,syllable_mp3,syllable,47,1,6,གྲིམ / དྲིམ,grim/drim,True,8776,298e4271b1ff40bf0bc3e2dee7c00adcfd0e990e1f32bd2090bd5cad1d1adc7e
47_1_7--gri'-dri'.mp3,syllable_mp3,syllable,47,1,7,གྲིའ / དྲིའ,gri'/dri',True,8776,edee9d86e080492f76b9b861429e44d17791831e27ae2450bb8aa5da7fa9224b
47_1_8--grir-drir.mp3,syllable_mp3,syllable,47,1,8,གྲིར / དྲིར,grir/drir,True,7940,d0f515e8ee938b175a45be48ee85e1226819767b4a7fec03dbdc5287e57b3e48
47_1_9--gril-dril.mp3,syllable_mp3,syllable,47,1,9,གྲིལ / དྲིལ,gril/dril,True,7940,0857afb928d83e5c9be98f15af5882dbcefa267685b3b3101eb029f731000b18
47_1_10--gris-dris.mp3,syllable_mp3,syllable,47,1,10,གྲིས / དྲིས,gris/dris,True,9612,229e97958dccb1e4d6a12d54bf5dd479bbdb048c93a42cbf7142326662995d7b
47_2_0--gru-dru.mp3,syllable_mp3,syllable,47,2,0,གྲུ / དྲུ,gru/dru,True,8776,408d2a0102ee0a4c4ba5851f57b8ce428fd41676847e2926a8d128468a0ef7b2
47_2_1--grug-drug.mp3,syllable_mp3,syllable,47,2,1,གྲུག / དྲུག,grug/drug,True,8776,34d2a92b228e543c58445da7c23be1dd8e686a55e48e93e8257c048ba353368f
47_2_2--grung-drung.mp3,syllable_mp3,syllable,47,2,2,གྲུང / དྲུང,grung/drung,True,8776,616c01fe8264f46f18fcae0c560ab72307cdd71cf87b560238b832408b1a28f0
47_2_3--grud-drud.mp3,syllable_mp3,syllable,47,2,3,གྲུད / དྲུད,grud/drud,True,7940,4bccc94cad9fd7dbaf53b03cef49888f92ee02f1753a4f9bcb44ad679b657bcf
47_2_4--grun-drun.mp3,syllable_mp3,syllable,47,2,4,གྲུན / དྲུན,grun/drun,True,8776,8f18049622e56ddd2df146b97eccf435298b4d336c85b4cabbf899feb308d4e7
47_2_5--grub-drub.mp3,syllable_mp3,syllable,47,2,5,གྲུབ / དྲུབ,grub/drub,True,7104,a0e092b8c44fdd5b45bd4e839945c24beb846e22de982903a7581b0c14c049f1
47_2_6--grum-drum.mp3,syllable_mp3,syllable,47,2,6,གྲུམ / དྲུམ,grum/drum,True,8776,8058c670af64d8897069cbe8f35ca193328a8a12bba0f3434c0e99eccb962542
47_2_7--gru'-dru'.mp3,syllable_mp3,syllable,47,2,7,གྲུའ / དྲུའ,gru'/dru',True,7940,d84bef3e9645b10cb6a7db78de2920d44595349fa1317f7593ba448ef4217e66
47_2_8--grur-drur.mp3,syllable_mp3,syllable,47,2,8,གྲུར / དྲུར,grur/drur,True,7940,26d2036b68f702f152373d1f5b2c33222a13540f5aca1b1cb907cc086838dba8
47_2_9--grul-drul.mp3,syllable_mp3,syllable,47,2,9,གྲུལ / དྲུལ,grul/drul,True,8776,9efed55d45b12e5233c4e8c373d6fe86609b34abe9303bbfc1765495439f62fb
47_2_10--grus-drus.mp3,syllable_mp3,syllable,47,2,10,གྲུས / དྲུས,grus/drus,True,9612,ce9412ffe1416917571106b52b1443a85e0d46ec6147fc0842a5c7166e8828fb
47_3_0--gre-dre.mp3,syllable_mp3,syllable,47,3,0,གྲེ / དྲེ,gre/dre,True,7940,989a730cc52a5c1f2726f6dd6a774683b97e95163020821beb05cbdc823c8c5b
47_3_1--greg-dreg.mp3,syllable_mp3,syllable,47,3,1,གྲེག / དྲེག,greg/dreg,True,7104,c1547e7b3c72de1646134b0833ba8de395eaa620fbc7d361174573be0fe068ed
47_3_2--greng-dreng.mp3,syllable_mp3,syllable,47,3,2,གྲེང / དྲེང,greng/dreng,True,7940,fc79d95808e6415fa300565e933ac4bcf86cd1af4aa36a90dfd1534ad11c1c06
47_3_3--gred-dred.mp3,syllable_mp3,syllable,47,3,3,གྲེད / དྲེད,gred/dred,True,7104,5cb4c942a5e6d4c2041d31c5091397c2ba458e7ae905d1f059a42a5a616a1c17
47_3_4--gren-dren.mp3,syllable_mp3,syllable,47,3,4,གྲེན / དྲེན,gren/dren,True,8776,7312fb6c0915a2a79f852464785affc657fa4388ab8ebc17e28a0c2cc6482d18
47_3_5--greb-dreb.mp3,syllable_mp3,syllable,47,3,5,གྲེབ / དྲེབ,greb/dreb,True,6268,d9669f16bbc367e5c239d95109eb86a42259762ac3d81dae0e43d1c6a55a7d77
47_3_6--grem-drem.mp3,syllable_mp3,syllable,47,3,6,གྲེམ / དྲེམ,grem/drem,True,7940,b3246162c95f01b612244bec9de7267204336bdd405bce4e66b672889550e5b3
47_3_7--gre'-dre'.mp3,syllable_mp3,syllable,47,3,7,གྲེའ / དྲེའ,gre'/dre',True,7940,1d1846cd5daf595409a975a9aa2ca49a0c6cb420c670efc2c13195366511ab57
47_3_8--grer-drer.mp3,syllable_mp3,syllable,47,3,8,གྲེར / དྲེར,grer/drer,True,7940,6cec3a3e1686088cb993c790f4ee17bd77214c4ca18276e0c520048560d616e2
47_3_9--grel-drel.mp3,syllable_mp3,syllable,47,3,9,གྲེལ / དྲེལ,grel/drel,True,8776,e598eea6e9764879e6d2de1daa2ef1bb7a45c3e98ac9165637d2bbb78bebe0e0
47_3_10--gres-dres.mp3,syllable_mp3,syllable,47,3,10,གྲེས / དྲེས,gres/dres,True,9612,49e5c7edeae01961d34af8b592c4fe40be1207f3daa88a792f27de0ec75bebc4
47_4_0--gro-dro.mp3,syllable_mp3,syllable,47,4,0,གྲོ / དྲོ,gro/dro,True,7104,3bccce0779a702848326b3a4ed2025ee1a4f5f8fa651d266ee0d7b81f1e093a8
47_4_1--grog-drog.mp3,syllable_mp3,syllable,47,4,1,གྲོག / དྲོག,grog/drog,True,7104,7a6de6475ac0fb9e9d9681a4e020bf34278c66c503bb521a998e5c7170bb5daa
47_4_2--grong-drong.mp3,syllable_mp3,syllable,47,4,2,གྲོང / དྲོང,grong/drong,True,8776,66c5ddc6ac3c0192072a2e0ee74dca8ba6cd4a109b132b00313a4ea3aa4e17e7
47_4_3--grod-drod.mp3,syllable_mp3,syllable,47,4,3,གྲོད / དྲོད,grod/drod,True,7104,eb6daf6541e85f81536f3b760356932e9c40c8b351d649ba27db8fb5fc133320
47_4_4--gron-dron.mp3,syllable_mp3,syllable,47,4,4,གྲོན / དྲོན,gron/dron,True,7940,bdc6503b24ee3d19885c527fd4dc16df2dc859f7b6d8ca980e4bd13af1442577
47_4_5--grob-drob.mp3,syllable_mp3,syllable,47,4,5,གྲོབ / དྲོབ,grob/drob,True,7104,4ad6009cc438b7bbaca3529526978f5292af0551d4589468e193b0c1d1184fc0
47_4_6--grom-drom.mp3,syllable_mp3,syllable,47,4,6,གྲོམ / དྲོམ,grom/drom,True,8776,5180806b08f35c995e8880b62c923e99acc0ba078c9b44f28bc89011e9448b93
47_4_7--gro'-dro'.mp3,syllable_mp3,syllable,47,4,7,གྲོའ / དྲོའ,gro'/dro',True,8776,26178bb1ed689d934663cf531de1ea3dda1e5af0a41cd506e29ebb113ec87cb0
47_4_8--gror-dror.mp3,syllable_mp3,syllable,47,4,8,གྲོར / དྲོར,gror/dror,True,7940,f50551982c37613d219190f6c8583aeeb96492a3fb824b4fbb30a4ae5b6441a2
47_4_9--grol-drol.mp3,syllable_mp3,syllable,47,4,9,གྲོལ / དྲོལ,grol/drol,True,8776,693e3fa220bff8e7475abe98f3e4785b1bc76007b9d4ba2c085922bcec8325a8
47_4_10--gros-dros.mp3,syllable_mp3,syllable,47,4,10,གྲོས / དྲོས,gros/dros,True,9612,39c74039f60c4eae5c3fa12bfaf0ea34faf3c4ab6af07f714cee69c34d809fd9
48_0_0--hra.mp3,syllable_mp3,syllable,48,0,0,ཧྲ,hra,True,7940,a77ac1c3a6376103ce064bbf2771ea73286edf53cf1bd48da74f584d8fb4bef9
48_0_1--hrag.mp3,syllable_mp3,syllable,48,0,1,ཧྲག,hrag,True,7104,1553e40219ff86269ff9c7bc395d75b95a0bd14d883707d5e729458bfc015b68
48_0_2--hrang.mp3,syllable_mp3,syllable,48,0,2,ཧྲང,hrang,True,8776,42b7dbf8e927a1acfcf8cb1c11d84302dfedf2a168103d342b68d03ea27e8b2f
48_0_3--hrad.mp3,syllable_mp3,syllable,48,0,3,ཧྲད,hrad,True,7940,9857795033767904dd821c33c1d272b459c39939c509ec087cd3d14e2ad57d28
48_0_4--hran.mp3,syllable_mp3,syllable,48,0,4,ཧྲན,hran,True,9612,1c98c0a077a93800d25fa4cf4e5fffe73e715727fd3fa15b9733e1ff203dfde2
48_0_5--hrab.mp3,syllable_mp3,syllable,48,0,5,ཧྲབ,hrab,True,7104,8ab9196a67de6700066510c8ed1e36f507d820605b0205dedf691bd1cd351480
48_0_6--hram.mp3,syllable_mp3,syllable,48,0,6,ཧྲམ,hram,True,8776,11ffb62574dda34d3f84840b5c3c47406f127e026b5a184916d9090bdd3742f6
48_0_7--hra'.mp3,syllable_mp3,syllable,48,0,7,ཧྲའ,hra',True,7940,e4928051f5dc9c890d42bf213b60e52d2d70133f3d15ee1c18587ca5674b5cc3
48_0_8--hrar.mp3,syllable_mp3,syllable,48,0,8,ཧྲར,hrar,True,8776,6e06a74432b91fdccc0a14660e17a937c853d54374899e270ee3eebf7343a355
48_0_9--hral.mp3,syllable_mp3,syllable,48,0,9,ཧྲལ,hral,True,8776,71450a77dd6daede9545d66fc2645542120a9d2b5e7e57740ace2a3220212bae
48_0_10--hras.mp3,syllable_mp3,syllable,48,0,10,ཧྲས,hras,True,9612,74ec32c9467aefd6051dbbae507ae3832812bc4348449bd450349edc0b65e9d9
48_1_0--hri.mp3,syllable_mp3,syllable,48,1,0,ཧྲི,hri,True,8776,bc98deb172bf6625b99f4e38f5f83ae7d9f0ac508492fd6bbad6e22178a667be
48_1_1--hrig.mp3,syllable_mp3,syllable,48,1,1,ཧྲིག,hrig,True,7104,c5d74eddf85f76a929942cd3f5e453195b6ae32e73e5b4ddc392381869c6b7bc
48_1_2--hring.mp3,syllable_mp3,syllable,48,1,2,ཧྲིང,hring,True,8776,1c79ba30a4b73f35b9e0da65b968ebfbd949896e0107b58a8eec8a8f54dc53ab
48_1_3--hrid.mp3,syllable_mp3,syllable,48,1,3,ཧྲིད,hrid,True,7104,3cac0c7d9b5af158ef035b27518e5fdedf37d6c7f3f72e65b57d91fd4305b17b
48_1_4--hrin.mp3,syllable_mp3,syllable,48,1,4,ཧྲིན,hrin,True,8776,365fc570d8ead28125676758c6cca184f05247075c68cf0819bd8115297dddaf
48_1_5--hrib.mp3,syllable_mp3,syllable,48,1,5,ཧྲིབ,hrib,True,7104,e10b23244bf856bcb52527de6f0c7338655f50ef67fee628ac22b0d20764c18e
48_1_6--hrim.mp3,syllable_mp3,syllable,48,1,6,ཧྲིམ,hrim,True,9612,c44873932ecbf75389f828cdb1f84ea58d1f70add2bee505af39dfa29c93b486
48_1_7--hri'.mp3,syllable_mp3,syllable,48,1,7,ཧྲིའ,hri',True,7940,73aa453c6e900f25e0e589ba216398266c3fdb816febd5a52954d242f4254704
48_1_8--hrir.mp3,syllable_mp3,syllable,48,1,8,ཧྲིར,hrir,True,7940,162982418a4c24617de6ca794c9f361c0ba3325544fa2df6c148073e650c37a9
48_1_9--hril.mp3,syllable_mp3,syllable,48,1,9,ཧྲིལ,hril,True,8776,c0c27a0b50e014e51e394fdc1aafe37b2ffcd3ea38d41acceacd4f4c9840a937
48_1_10--hris.mp3,syllable_mp3,syllable,48,1,10,ཧྲིས,hris,True,7940,9a7a0f05b2201fc4c1bac26c1cc339ce643fadecae051edb0e21724399e7f108
48_2_0--hru.mp3,syllable_mp3,syllable,48,2,0,ཧྲུ,hru,True,7940,4ad0789c8803c7ff4b07d7b1a79a8ef399c38fd76aa35c55e96ea4191b07231e
48_2_1--hrug.mp3,syllable_mp3,syllable,48,2,1,ཧྲུག,hrug,True,5432,128e84ba327c2ed471543575131f20751080263075c51af8f73594f3a80bbc52
48_2_2--hrung.mp3,syllable_mp3,syllable,48,2,2,ཧྲུང,hrung,True,8776,ee3c83713e634b7238ce337739137b87e6cec29c23857aacf76c2719e437c305
48_2_3--hrud.mp3,syllable_mp3,syllable,48,2,3,ཧྲུད,hrud,True,7940,574887371a4d943fff4eed131642c3348a8f95302792dba4fd66ff154466987e
48_2_4--hrun.mp3,syllable_mp3,syllable,48,2,4,ཧྲུན,hrun,True,8776,dcb3414123c6c9317fd6214ae94cef9826359e6b38bf05af4e9f768bd45827b2
48_2_5--hrub.mp3,syllable_mp3,syllable,48,2,5,ཧྲུབ,hrub,True,6268,08eb52a4fa2845ae8aff3b27be5e5ffa42fd35937a011e951945e9d345fad5dd
48_2_6--hrum.mp3,syllable_mp3,syllable,48,2,6,ཧྲུམ,hrum,True,8776,ec67fcbbaf4010a388218c5974d5fdc577158bdd4ed0e23bd50657b654f3179b
48_2_7--hru'.mp3,syllable_mp3,syllable,48,2,7,ཧྲུའ,hru',True,8776,b577538b6b6a17f6e6bd0eeb10fb05d6f790723aad1d72ad033ae920cbdd769f
48_2_8--hrur.mp3,syllable_mp3,syllable,48,2,8,ཧྲུར,hrur,True,7940,7dba447f02b8ebfc94c14fae4e9689937cd2e091ce68038f2fae5e2eaaf933bb
48_2_9--hrul.mp3,syllable_mp3,syllable,48,2,9,ཧྲུལ,hrul,True,8776,5dfd88fb9ec8f52f869f96b5394a652c71bb88ca62f6c2a87e408ceb7b876730
48_2_10--hrus.mp3,syllable_mp3,syllable,48,2,10,ཧྲུས,hrus,True,9612,65961b44a0a799ed6de30492124b8016f0267a37908fcf69815898200178efb0
48_3_0--hre.mp3,syllable_mp3,syllable,48,3,0,ཧྲེ,hre,True,7940,f8a585a95c65fd99786589c5a99c97dbb0981fc9889302594c0d9ac3e84f0d83
48_3_1--hreg.mp3,syllable_mp3,syllable,48,3,1,ཧྲེག,hreg,True,6686,ad9dc679b81bdcd36f63023b91e79bf540517f92d69c49ad215f58ee05f676e1
48_3_2--hreng.mp3,syllable_mp3,syllable,48,3,2,ཧྲེང,hreng,True,8776,61b27ffcdc0e8fccb01d3dba6de58759fc2479c34fd15784c1f83d6690591ab7
48_3_3--hred.mp3,syllable_mp3,syllable,48,3,3,ཧྲེད,hred,True,7104,1feb842913079ee2e717f7cf4cd6466e5773f9d6779dcd82bd179dfa3d7de983
48_3_4--hren.mp3,syllable_mp3,syllable,48,3,4,ཧྲེན,hren,True,8776,6bb2f0bbc0b140a45490e770f80f9b53680eceee9ce45f3dc3cfb9a6a108f80b
48_3_5--hreb.mp3,syllable_mp3,syllable,48,3,5,ཧྲེབ,hreb,True,7104,8f923982954d63e09ee7207dcdd78f0ad7ff6ba74379a870c48fda47ff01c848
48_3_6--hrem.mp3,syllable_mp3,syllable,48,3,6,ཧྲེམ,hrem,True,8776,d471f2f0fc7085650473e28f18abeffb4b32bf84a13b158e7189715225e2899f
48_3_7--hre'.mp3,syllable_mp3,syllable,48,3,7,ཧྲེའ,hre',True,7940,0c2eca9201d9d2d41d17e70d243929638b5aa1fdd67f5686761de30ad72523d1
48_3_8--hrer.mp3,syllable_mp3,syllable,48,3,8,ཧྲེར,hrer,True,7940,f55e411170d9a8152af32eef9c1633d2d62d74f7d347062109f9ca8280fd45fa
48_3_9--hrel.mp3,syllable_mp3,syllable,48,3,9,ཧྲེལ,hrel,True,7940,072d242987e6190369ae87fe227f0c36c2db05c9cf869784a9771daa5e064404
48_3_10--hres.mp3,syllable_mp3,syllable,48,3,10,ཧྲེས,hres,True,7940,188442e960b5227969cd77b5605d80661cd05e22a60182459c1c10f47cb41d07
48_4_0--hro.mp3,syllable_mp3,syllable,48,4,0,ཧྲོ,hro,True,7940,65b7fdd15c6bef414152c3b74c61e9cd6b5bc7064f9614acd97054d07cdcaffe
48_4_1--hrog.mp3,syllable_mp3,syllable,48,4,1,ཧྲོག,hrog,True,6268,79545a385d6c7eacc6f8e5d5b0a645901813dd8a8503f0ed67a78394a731b806
48_4_2--hrong.mp3,syllable_mp3,syllable,48,4,2,ཧྲོང,hrong,True,8776,4ab46c6c3d77b4c793463a2a6dfed82760d48c25e168399a9c4162557339fabd
48_4_3--hrod.mp3,syllable_mp3,syllable,48,4,3,ཧྲོད,hrod,True,7940,64634d680a226b54aa11cd3ab45f77424851acb110d16a810781b0544d187ec3
48_4_4--hron.mp3,syllable_mp3,syllable,48,4,4,ཧྲོན,hron,True,9612,123841b7610f7cf53999e36c6d4d738a3c053475e474da127c4718d50a297968
48_4_5--hrob.mp3,syllable_mp3,syllable,48,4,5,ཧྲོབ,hrob,True,7104,9b33e00bf0688b3c399e3c335a28af6653987f33de2f4bcfdc89b787ec61198e
48_4_6--hrom.mp3,syllable_mp3,syllable,48,4,6,ཧྲོམ,hrom,True,8776,becb2f4399498952e8baaa62e3d77cb46bebd6b9b03dea61823d1cfa3d86ea6f
48_4_7--hro'.mp3,syllable_mp3,syllable,48,4,7,ཧྲོའ,hro',True,7940,dca1fa36f554a4893354ef7424170e77c0eb34a8b175d18a71449f3ddbc6322e
48_4_8--hror.mp3,syllable_mp3,syllable,48,4,8,ཧྲོར,hror,True,7940,2a24a9d3f9a8ea31701639c2095ab673d39fb0fd144e9eea56f7dc7f07eaaca5
48_4_9--hrol.mp3,syllable_mp3,syllable,48,4,9,ཧྲོལ,hrol,True,9612,893e9c43e3541df2c18403dbb1311f6e429cc4c38f6a20dd20e13e5f52ce5113
48_4_10--hros.mp3,syllable_mp3,syllable,48,4,10,ཧྲོས,hros,True,9612,cb5313358dbc15ec6dd26af65aebea29cef1d37a7b804a27234dbca427099d54
49_0_0--kla-gla-bla-rla-sla.mp3,syllable_mp3,syllable,49,0,0,ཀླ / གླ / བླ / རླ / སླ,kla/gla/bla/rla/sla,True,6268,9cb72f3a07d1553c289127de4eedc0d7abd4f89f66f1023768f0d65464bd114a
49_0_1--klag-glag-blag-rlag-slag.mp3,syllable_mp3,syllable,49,0,1,ཀླག / གླག / བླག / རླག / སླག,klag/glag/blag/rlag/slag,True,5432,380f16b2a64bdc7b81514154ae093151cad90b7134d8375a98cf9d222e8abd07
49_0_2--klang-glang-blang-rlang-slang.mp3,syllable_mp3,syllable,49,0,2,ཀླང / གླང / བླང / རླང / སླང,klang/glang/blang/rlang/slang,True,7104,9a1ca17939e1eceb6de4d7851440a0731f385be472e04e92782d33f91c5541cc
49_0_3--klad-glad-blad-rlad-slad.mp3,syllable_mp3,syllable,49,0,3,ཀླད / གླད / བླད / རླད / སླད,klad/glad/blad/rlad/slad,True,6268,5df2d5c2bc04fb8a46e3433a8072b93620c0286e6b1fdc905dcae6839679d95b
49_0_4--klan-glan-blan-rlan-slan.mp3,syllable_mp3,syllable,49,0,4,ཀླན / གླན / བླན / རླན / སླན,klan/glan/blan/rlan/slan,True,7104,0f3ae334c7a22515f2607945ee9503547273e77b11c1b2984ba329bd250839fa
49_0_5--klab-glab-blab-rlab-slab.mp3,syllable_mp3,syllable,49,0,5,ཀླབ / གླབ / བླབ / རླབ / སླབ,klab/glab/blab/rlab/slab,True,5432,0fe859edc39108bdf47ff618eb04c493c5a204a8f73f8f91439265f2fb9914f7
49_0_6--klam-glam-blam-rlam-slam.mp3,syllable_mp3,syllable,49,0,6,ཀླམ / གླམ / བླམ / རླམ / སླམ,klam/glam/blam/rlam/slam,True,7104,fa2fa9e75f6ecebac58ecbe212119a1b0ca453c1d7a9a8fd6c388eaf0ab7cc7b
49_0_7--kla'-gla'-bla'-rla'-sla'.mp3,syllable_mp3,syllable,49,0,7,ཀླའ / གླའ / བླའ / རླའ / སླའ,kla'/gla'/bla'/rla'/sla',True,6268,90158a69f8339b9f70ead56e125e9cb59e44a4da9a53952213d3c0999de7278e
49_0_8--klar-glar-blar-rlar-slar.mp3,syllable_mp3,syllable,49,0,8,ཀླར / གླར / བླར / རླར / སླར,klar/glar/blar/rlar/slar,True,6268,2b89e8fac68afcd0a8abe334474563df41346106734a5dd4a2b99dff4dff36da
49_0_9--klal-glal-blal-rlal-slal.mp3,syllable_mp3,syllable,49,0,9,ཀླལ / གླལ / བླལ / རླལ / སླལ,klal/glal/blal/rlal/slal,True,6268,b0b95857ee0b502ed84964c2e597c1723479e158d4695441803aedacd9b7aa8b
49_0_10--klas-glas-blas-rlas-slas.mp3,syllable_mp3,syllable,49,0,10,ཀླས / གླས / བླས / རླས / སླས,klas/glas/blas/rlas/slas,True,7940,b449152fd47a7cb14beff3e7094f042e78af666a4ba010cd20f434098cf8d26f
49_1_0--kli-gli-bli-rli-sli.mp3,syllable_mp3,syllable,49,1,0,ཀླི / གླི / བླི / རླི / སླི,kli/gli/bli/rli/sli,True,6268,e90bbd0d6275d26012b88ba1c6c9fe08e6959c667fc6a0fdd133ad1feee817c0
49_1_1--klig-glig-blig-rlig-slig.mp3,syllable_mp3,syllable,49,1,1,ཀླིག / གླིག / བླིག / རླིག / སླིག,klig/glig/blig/rlig/slig,True,5432,e9875159f8023ef1a33268f6ae45eb8535dfd4e5e37252a2f4a56efc3d8a2c0e
49_1_2--kling-gling-bling-rling-sling.mp3,syllable_mp3,syllable,49,1,2,ཀླིང / གླིང / བླིང / རླིང / སླིང,kling/gling/bling/rling/sling,True,7104,281c204610e8c5d101d840659d1515be00b0ec450faccf59333247c12b66df3f
49_1_3--klid-glid-blid-rlid-slid.mp3,syllable_mp3,syllable,49,1,3,ཀླིད / གླིད / བླིད / རླིད / སླིད,klid/glid/blid/rlid/slid,True,6268,82b3eeef5dd30ba5d6be58c4ad9368b77747a7d3a9447ce1ea2cd9e9ef1d11ab
49_1_4--klin-glin-blin-rlin-slin.mp3,syllable_mp3,syllable,49,1,4,ཀླིན / གླིན / བླིན / རླིན / སླིན,klin/glin/blin/rlin/slin,True,7104,dd05ac272e126e532cb61b2be3c916eabc73ac0c461de68ce1ed5c0c2e1370da
49_1_5--klib-glib-blib-rlib-slib.mp3,syllable_mp3,syllable,49,1,5,ཀླིབ / གླིབ / བླིབ / རླིབ / སླིབ,klib/glib/blib/rlib/slib,True,5432,774aa915e419b376130f5cf0d9e66ba2d71b6558d04e6ed601b939b917a3a85e
49_1_6--klim-glim-blim-rlim-slim.mp3,syllable_mp3,syllable,49,1,6,ཀླིམ / གླིམ / བླིམ / རླིམ / སླིམ,klim/glim/blim/rlim/slim,True,7104,5156a0f9ed92ae3267a602a73d8febf88a397652375337b2d63c71faed0c0eb9
49_1_7--kli'-gli'-bli'-rli'-sli'.mp3,syllable_mp3,syllable,49,1,7,ཀླིའ / གླིའ / བླིའ / རླིའ / སླིའ,kli'/gli'/bli'/rli'/sli',True,7104,b246cfdcbdeeeea6f6e36e90627feeb7ebda5bb64ec97102c2e33e3655e8bcb3
49_1_8--klir-glir-blir-rlir-slir.mp3,syllable_mp3,syllable,49,1,8,ཀླིར / གླིར / བླིར / རླིར / སླིར,klir/glir/blir/rlir/slir,True,6268,74d4d2d3f8be43ec864e5970dcf4d28d2dc6ca14fbf8c66f2fad16aad04d166d
49_1_9--klil-glil-blil-rlil-slil.mp3,syllable_mp3,syllable,49,1,9,ཀླིལ / གླིལ / བླིལ / རླིལ / སླིལ,klil/glil/blil/rlil/slil,True,7104,dcaea0c447d0902c9dceb915af3605d53bd9265fe0587dae8dcdbe25cd473dd5
49_1_10--klis-glis-blis-rlis-slis.mp3,syllable_mp3,syllable,49,1,10,ཀླིས / གླིས / བླིས / རླིས / སླིས,klis/glis/blis/rlis/slis,True,8776,4a79ec4686db44914f2f7520db69608d4df9c5b4bc2e6ba60ba5d048129ac21d
49_2_0--klu-glu-blu-rlu-slu.mp3,syllable_mp3,syllable,49,2,0,ཀླུ / གླུ / བླུ / རླུ / སླུ,klu/glu/blu/rlu/slu,True,7104,8835adf9eef51d1a65618065c6dad4e9263cc02ce0aeaccb837d92a7eb93be13
49_2_1--klug-glug-blug-rlug-slug.mp3,syllable_mp3,syllable,49,2,1,ཀླུག / གླུག / བླུག / རླུག / སླུག,klug/glug/blug/rlug/slug,True,6268,5b54e89e8f13333ffed4202f382cc79b6b61e33ed26a4aa8f9a074da0b6c8568
49_2_2--klung-glung-blung-rlung-slung.mp3,syllable_mp3,syllable,49,2,2,ཀླུང / གླུང / བླུང / རླུང / སླུང,klung/glung/blung/rlung/slung,True,7104,a1c64d71762f82f232bc069490a6db6d1260e6723ab22d863b6b8fe1644e3451
49_2_3--klud-glud-blud-rlud-slud.mp3,syllable_mp3,syllable,49,2,3,ཀླུད / གླུད / བླུད / རླུད / སླུད,klud/glud/blud/rlud/slud,True,6268,855193238b4e5ccf49094508e64d64ca67fb178ab6d41287dc0a36b1c57e36c0
49_2_4--klun-glun-blun-rlun-slun.mp3,syllable_mp3,syllable,49,2,4,ཀླུན / གླུན / བླུན / རླུན / སླུན,klun/glun/blun/rlun/slun,True,7940,49b22bf96ddd3dbea242f8705e1b7f473040856ca4dc4285e3002836156e0989
49_2_5--klub-glub-blub-rlub-slub.mp3,syllable_mp3,syllable,49,2,5,ཀླུབ / གླུབ / བླུབ / རླུབ / སླུབ,klub/glub/blub/rlub/slub,True,5432,e3973d9844fd9564906af1c4bcde8628cd55aa8bbbe4f22f57efdbec486172cd
49_2_6--klum-glum-blum-rlum-slum.mp3,syllable_mp3,syllable,49,2,6,ཀླུམ / གླུམ / བླུམ / རླུམ / སླུམ,klum/glum/blum/rlum/slum,True,8776,7384ad264b3a278117e22801f0d94b6fed64604724760b8acfc29754523c80be
49_2_7--klu'-glu'-blu'-rlu'-slu'.mp3,syllable_mp3,syllable,49,2,7,ཀླུའ / གླུའ / བླུའ / རླུའ / སླུའ,klu'/glu'/blu'/rlu'/slu',True,6268,1d32d23207aa9a8045c65db7723c298038377afa6779c82075b9121e2905eff9
49_2_8--klur-glur-blur-rlur-slur.mp3,syllable_mp3,syllable,49,2,8,ཀླུར / གླུར / བླུར / རླུར / སླུར,klur/glur/blur/rlur/slur,True,6268,50e4e818d6a77c0512b454110c293d259cd5c7f63cc65137f0094894a5231e3e
49_2_9--klul-glul-blul-rlul-slul.mp3,syllable_mp3,syllable,49,2,9,ཀླུལ / གླུལ / བླུལ / རླུལ / སླུལ,klul/glul/blul/rlul/slul,True,7940,b7c643ce45c8a8e1789ab620131eaa8425aa102a93ae0d6a0c6bf7201c4bb3f7
49_2_10--klus-glus-blus-rlus-slus.mp3,syllable_mp3,syllable,49,2,10,ཀླུས / གླུས / བླུས / རླུས / སླུས,klus/glus/blus/rlus/slus,True,8776,ec83ec3e18cc3699511959a624dac3de8c1b79bcc7c3cd2d952f2cdb1caa36d4
49_3_0--kle-gle-ble-rle-sle.mp3,syllable_mp3,syllable,49,3,0,ཀླེ / གླེ / བླེ / རླེ / སླེ,kle/gle/ble/rle/sle,True,7104,125d705894aa72dda60edf8f535c77f19384eb3489ab83add85ee3c1fcc012f0
49_3_1--kleg-gleg-bleg-rleg-sleg.mp3,syllable_mp3,syllable,49,3,1,ཀླེག / གླེག / བླེག / རླེག / སླེག,kleg/gleg/bleg/rleg/sleg,True,5432,15d86ea0ac995eea17db68bfb53027909a5510a3b48efa404cdbb07c8975010f
49_3_2--kleng-gleng-bleng-rleng-sleng.mp3,syllable_mp3,syllable,49,3,2,ཀླེང / གླེང / བླེང / རླེང / སླེང,kleng/gleng/bleng/rleng/sleng,True,7940,4400cee03b6863d27df27378e68143c96086c73cc93ec8126eeb773f35838120
49_3_3--kled-gled-bled-rled-sled.mp3,syllable_mp3,syllable,49,3,3,ཀླེད / གླེད / བླེད / རླེད / སླེད,kled/gled/bled/rled/sled,True,6268,00255edc0aea8f38f5af615ba711a2d37c4546365352433fa99c6ab494be2689
49_3_4--klen-glen-blen-rlen-slen.mp3,syllable_mp3,syllable,49,3,4,ཀླེན / གླེན / བླེན / རླེན / སླེན,klen/glen/blen/rlen/slen,True,7104,44cd949a82910a7e8a6d8ba0e33c1ba42bb5f7ea95f1b2345e69c87cfbd2f862
49_3_5--kleb-gleb-bleb-rleb-sleb.mp3,syllable_mp3,syllable,49,3,5,ཀླེབ / གླེབ / བླེབ / རླེབ / སླེབ,kleb/gleb/bleb/rleb/sleb,True,5432,1d5f4a434df82c1e019a2b1f9f85637d40970542920935d552d813903b673e30
49_3_6--klem-glem-blem-rlem-slem.mp3,syllable_mp3,syllable,49,3,6,ཀླེམ / གླེམ / བླེམ / རླེམ / སླེམ,klem/glem/blem/rlem/slem,True,7104,4c290635237347add78c6b781c17bfaa4f954f9569742e271851ae9d70f637db
49_3_7--kle'-gle'-ble'-rle'-sle'.mp3,syllable_mp3,syllable,49,3,7,ཀླེའ / གླེའ / བླེའ / རླེའ / སླེའ,kle'/gle'/ble'/rle'/sle',True,7104,79cc2530a009d37bb1548c7b52a695e853fabc7bb55e7682dbcbec06891b49f5
49_3_8--kler-gler-bler-rler-sler.mp3,syllable_mp3,syllable,49,3,8,ཀླེར / གླེར / བླེར / རླེར / སླེར,kler/gler/bler/rler/sler,True,7104,0b2a4c581b50ac544b91e99c6e6ff573cdecca244c519d4048752fb7f6a0b675
49_3_9--klel-glel-blel-rlel-slel.mp3,syllable_mp3,syllable,49,3,9,ཀླེལ / གླེལ / བླེལ / རླེལ / སླེལ,klel/glel/blel/rlel/slel,True,9612,e59ec7a3ab167ed26bdf3285f7908a3738c650af5b1a4bdfc2246ee4e570672e
49_3_10--kles-gles-bles-rles-sles.mp3,syllable_mp3,syllable,49,3,10,ཀླེས / གླེས / བླེས / རླེས / སླེས,kles/gles/bles/rles/sles,True,7940,5cd9084aca21075dcbf8ffde23889819d48ccab38812c5daa34e33aee7127fb0
49_4_0--klo-glo-blo-rlo-slo.mp3,syllable_mp3,syllable,49,4,0,ཀློ / གློ / བློ / རློ / སློ,klo/glo/blo/rlo/slo,True,7104,c155e727c799d314db102eedb24d618fab7f83ab68c5e0c4f665c594d9a993b9
49_4_1--klog-glog-blog-rlog-slog.mp3,syllable_mp3,syllable,49,4,1,ཀློག / གློག / བློག / རློག / སློག,klog/glog/blog/rlog/slog,True,5432,66ba7043023dc73cc77ae80ad6f1413976348d8856c155d11bc20303771195f7
49_4_2--klong-glong-blong-rlong-slong.mp3,syllable_mp3,syllable,49,4,2,ཀློང / གློང / བློང / རློང / སློང,klong/glong/blong/rlong/slong,True,7104,4d1ece5a7429d494541fb153b4fcd1e89e5d2cb7ba999fa19c3782202212e28e
49_4_3--klod-glod-blod-rlod-slod.mp3,syllable_mp3,syllable,49,4,3,ཀློད / གློད / བློད / རློད / སློད,klod/glod/blod/rlod/slod,True,7104,b481938678d77b1ae68913cdbdfcd647d3b335ec9b2c6ef12e1c36b43cdfeda8
49_4_4--klon-glon-blon-rlon-slon.mp3,syllable_mp3,syllable,49,4,4,ཀློན / གློན / བློན / རློན / སློན,klon/glon/blon/rlon/slon,True,7104,b4dcfb9513b9a64bda9b5705cf5f5564176126d67a25a6ee78e61ab657273220
49_4_5--klob-glob-blob-rlob-slob.mp3,syllable_mp3,syllable,49,4,5,ཀློབ / གློབ / བློབ / རློབ / སློབ,klob/glob/blob/rlob/slob,True,5432,73c5eceaf46d12eb289e8ec8a2924bc4186ab513ee685d8cbcb7069853924473
49_4_6--klom-glom-blom-rlom-slom.mp3,syllable_mp3,syllable,49,4,6,ཀློམ / གློམ / བློམ / རློམ / སློམ,klom/glom/blom/rlom/slom,True,7104,3a9dbb192e94a3246d22e2e5972b4d10d6109990bab9f6cc67aa5b3353f15a53
49_4_7--klo'-glo'-blo'-rlo'-slo'.mp3,syllable_mp3,syllable,49,4,7,ཀློའ / གློའ / བློའ / རློའ / སློའ,klo'/glo'/blo'/rlo'/slo',True,6268,28936544a453c74f7619f284d439c7d59a8fddaaf93698dbf33617751ad40ec8
49_4_8--klor-glor-blor-rlor-slor.mp3,syllable_mp3,syllable,49,4,8,ཀློར / གློར / བློར / རློར / སློར,klor/glor/blor/rlor/slor,True,6268,e5866e023ec33170d7a86569160bd8d00e1314ffe596f9a6538276056d67980e
49_4_9--klol-glol-blol-rlol-slol.mp3,syllable_mp3,syllable,49,4,9,ཀློལ / གློལ / བློལ / རློལ / སློལ,klol/glol/blol/rlol/slol,True,7940,200ba8d8671a039e8d075e136d79247c651e6630f2dbb41364b0625530951c89
49_4_10--klos-glos-blos-rlos-slos.mp3,syllable_mp3,syllable,49,4,10,ཀློས / གློས / བློས / རློས / སློས,klos/glos/blos/rlos/slos,True,7940,876f0a7d2468a1db55f20599511c7df5178ddb49013fa88087b681497021fac5
50_0_0--UNKNOWN.mp3,syllable_mp3,syllable,50,0,0,,,False,6268,7664d5c07f8db56c88d494173a818fe4719ebf95f1f316d41852476097a7e53e
50_0_1--UNKNOWN.mp3,syllable_mp3,syllable,50,0,1,,,False,5432,35dee341b57edfe7737111246ad8ae76e6cdf623bf39302d13f14d45cdaa5f94
50_0_2--UNKNOWN.mp3,syllable_mp3,syllable,50,0,2,,,False,7940,d70b0fde9455ee84445c28c27735e833ccb201f76d935e6f47be582f42c155ed
50_0_3--UNKNOWN.mp3,syllable_mp3,syllable,50,0,3,,,False,7104,ac3ad3e85020e84097f61d9662a343619918a18eca66a4a452e779dbbfd6cedf
50_0_4--UNKNOWN.mp3,syllable_mp3,syllable,50,0,4,,,False,7940,03d9885851e11513ca23b4888b738b6a4f9b3a05e6e4c2c4b636faddb740a823
50_0_5--UNKNOWN.mp3,syllable_mp3,syllable,50,0,5,,,False,5432,15cb09417dabe3c8fa741b2eb4acbdf333f90a680fc3d82f97c4e33c2e6d37fc
50_0_6--UNKNOWN.mp3,syllable_mp3,syllable,50,0,6,,,False,7104,023cade61903d481e427b61c47988a080208a93fea7ffd9c8dddef45d195e4df
50_0_7--UNKNOWN.mp3,syllable_mp3,syllable,50,0,7,,,False,7104,1c250696aadceafa6dc1c73a20f633c9d6d225ebb0f6f67ea9ef1fbbaaf0df63
50_0_8--UNKNOWN.mp3,syllable_mp3,syllable,50,0,8,,,False,6268,199e1afdb2a05d367894a2733f299d7ab93f16ef17a9c4eafdac1b968df8df09
50_0_9--UNKNOWN.mp3,syllable_mp3,syllable,50,0,9,,,False,7940,79a8327ec55f6aaceac30f507fe29ec1b11afa82fc43a205f3689cd221f59649
50_0_10--UNKNOWN.mp3,syllable_mp3,syllable,50,0,10,,,False,8776,1a427c999972bc9b1bf7e602fdaf557a27aa19247c1bc9caed871f878cd99583
50_1_0--UNKNOWN.mp3,syllable_mp3,syllable,50,1,0,,,False,7940,ffa023377dce00971f20d43273140d0b48fcc7985b79d0b9fe957031ffb398e1
50_1_1--UNKNOWN.mp3,syllable_mp3,syllable,50,1,1,,,False,6268,4fa1d86d3af13c2b6ff797bf9b5f7e12abb78b59ae3adc0e2c0b56599d683744
50_1_2--UNKNOWN.mp3,syllable_mp3,syllable,50,1,2,,,False,7940,cc60b07b64b11b863c5979248dd2f35ae6e64c3aa20e233394741045cb64ab0d
50_1_3--UNKNOWN.mp3,syllable_mp3,syllable,50,1,3,,,False,7104,314bb24b71e72fb439bf33e58ddb431fdcb05e764cafc5026abc9bee4a6dd855
50_1_4--UNKNOWN.mp3,syllable_mp3,syllable,50,1,4,,,False,7940,4c53fd57aef85ee395651589b286fad6db0f4d144c0f87ff51db58ffb43864fb
50_1_5--UNKNOWN.mp3,syllable_mp3,syllable,50,1,5,,,False,5432,ed0eafae55e44c1cbcf54b2dbba8126cc5ed11c7d70d4c71faae083c8ed11a7e
50_1_6--UNKNOWN.mp3,syllable_mp3,syllable,50,1,6,,,False,7940,1e4aaa2561231835c61b767e42cf8f4e26504aade86f32f12047888b67af93ab
50_1_7--UNKNOWN.mp3,syllable_mp3,syllable,50,1,7,,,False,7940,31522fba66177904dc3f7250df7a1afc77648de4f5b72ddf976b0e487c3bed90
50_1_8--UNKNOWN.mp3,syllable_mp3,syllable,50,1,8,,,False,6268,5b497105a9ee0e56f7848a242d68d70756b7ef3a23e581322ccf25ae918f3d4f
50_1_9--UNKNOWN.mp3,syllable_mp3,syllable,50,1,9,,,False,7104,126ecb1176e1b2a3878b06348b419c592e10e5d89449cb77d055c1c7df182b74
50_1_10--UNKNOWN.mp3,syllable_mp3,syllable,50,1,10,,,False,8776,486f2cfa65a5fd9a182d84dfbfff69fece60c15a50eb85ca067c9565e9c12d02
50_2_0--UNKNOWN.mp3,syllable_mp3,syllable,50,2,0,,,False,7940,dd01a1a51a5094890cbefbd170fc41dfdceb2fe23c0c75136e55cd0d1c534f13
50_2_1--UNKNOWN.mp3,syllable_mp3,syllable,50,2,1,,,False,6268,66efe5fd24ba550a0e3c776b091a1338ce92c5e69284213f31365bf680a0ace9
50_2_2--UNKNOWN.mp3,syllable_mp3,syllable,50,2,2,,,False,7940,48cd723d584e5a3e35ad59fc2bd28483298cf6b39878c06e127e76bbb3a4848e
50_2_3--UNKNOWN.mp3,syllable_mp3,syllable,50,2,3,,,False,7104,caf5df71381cad01f2b8cbbf771786148f9eda138dff6b2db681d54f1911df0b
50_2_4--UNKNOWN.mp3,syllable_mp3,syllable,50,2,4,,,False,7940,6938a4f9151491c25e0e30939535c01b10494c6297f380eee924d51e805f37a4
50_2_5--UNKNOWN.mp3,syllable_mp3,syllable,50,2,5,,,False,5432,968a55a593da2ee1df23192027df17a32def9bd4e6c0553c76c05e7e4116f179
50_2_6--UNKNOWN.mp3,syllable_mp3,syllable,50,2,6,,,False,7940,5fba7fdcb0f035cc7d273411c01a398f6f7bcea6c8bf9db2985905ef77a6bda9
50_2_7--UNKNOWN.mp3,syllable_mp3,syllable,50,2,7,,,False,7104,65867f399960cb952d7477691d062a80e25c16177f1859b9246b5326afdf328e
50_2_8--UNKNOWN.mp3,syllable_mp3,syllable,50,2,8,,,False,6268,7f5a1cdca16dc7c86128c6a009535492c46bdc5a28ddf76fbe5cd3848b1e19fe
50_2_9--UNKNOWN.mp3,syllable_mp3,syllable,50,2,9,,,False,7104,b658fe9a438001230a8440e5528c12165d02350b320b833fc6b59148d51673f7
50_2_10--UNKNOWN.mp3,syllable_mp3,syllable,50,2,10,,,False,8776,b85238155d8f54db681d113cf42433f122e13e2feda0274bc82279e27e378428
50_3_0--UNKNOWN.mp3,syllable_mp3,syllable,50,3,0,,,False,7104,fd34e6a0188c3a15b35ba03bacf9cb05cd22ad8259f46db810e372ee49879810
50_3_1--UNKNOWN.mp3,syllable_mp3,syllable,50,3,1,,,False,5432,388b6b5e41c8d97c03e2a17cd98970addab8b9a0c25c2d2f92881d0aa6dcdcd4
50_3_2--UNKNOWN.mp3,syllable_mp3,syllable,50,3,2,,,False,8776,a95614f00b6ce9922097f13e0bfc994c7ca9fd66c9102532bea608969859ecef
50_3_3--UNKNOWN.mp3,syllable_mp3,syllable,50,3,3,,,False,6268,a520e545a8d33ad36aca01c274a76fdbf0ac7b6a175ed55ea4c8ad0e3adbcdf3
50_3_4--UNKNOWN.mp3,syllable_mp3,syllable,50,3,4,,,False,7940,1e6c551f268abc2bdf4fc15b0cce04311d17a63f523af21ab6ca18a1a286f90e
50_3_5--UNKNOWN.mp3,syllable_mp3,syllable,50,3,5,,,False,5432,b44213c8a9317fb39de6b74b6c66dfb1b315fd97062d7bc30a2dbb892da3b4bd
50_3_6--UNKNOWN.mp3,syllable_mp3,syllable,50,3,6,,,False,7940,1b6425ae8350fced403f7a4bfd545568cdf62a637e4f0f2d1baf89ec229da377
50_3_7--UNKNOWN.mp3,syllable_mp3,syllable,50,3,7,,,False,7940,c79964e58bab1b2a688b1b081b5407ecadcec1c53716e81e7d9428b60f428168
50_3_8--UNKNOWN.mp3,syllable_mp3,syllable,50,3,8,,,False,7104,484d5730b4962842d89d382f74990b3e3afbc0c87d6cbe0e85fac42eb925a8bb
50_3_9--UNKNOWN.mp3,syllable_mp3,syllable,50,3,9,,,False,7104,6d44eb8d3afef21ef190a04570f646cb2987eefa4deeb312d1cbfaf1a9dd265c
50_3_10--UNKNOWN.mp3,syllable_mp3,syllable,50,3,10,,,False,8776,64c8623636154132cae1ce13bfe0e434c14ca5b2b5843429b90ab0aa2173ddf4
50_4_0--UNKNOWN.mp3,syllable_mp3,syllable,50,4,0,,,False,7104,39cdf83a9fb7a97b73d329ec68ec2cda242c1741e54d8b17c887b6f02e607460
50_4_1--UNKNOWN.mp3,syllable_mp3,syllable,50,4,1,,,False,5432,37b79bb8c4ee4499a92ffd9809ba28f9b72ebc7b83d31b5f1190c7a003f51d2b
50_4_2--UNKNOWN.mp3,syllable_mp3,syllable,50,4,2,,,False,7104,e60f65318c42ab7178e69162b2e97b6c3ef9f820ed14d9a52be543ff4d6c76ff
50_4_3--UNKNOWN.mp3,syllable_mp3,syllable,50,4,3,,,False,6268,aaef594691931832c582575d3702dc04790a3a30b4016a89ff21de81ee233ed0
50_4_4--UNKNOWN.mp3,syllable_mp3,syllable,50,4,4,,,False,7940,775a004406d8fef01f6be07c10cab910249c061bf8482f655446e5cadcc3c584
50_4_5--UNKNOWN.mp3,syllable_mp3,syllable,50,4,5,,,False,6268,f9f9634cb5f532b0118672942e3047ee7f062678c3ae34e557bc7045904f58a2
50_4_6--UNKNOWN.mp3,syllable_mp3,syllable,50,4,6,,,False,7104,155215d1ce94c0040a0a137d0976c3e07aaa53ee22971b0bbd9ecd8efcf29e82
50_4_7--UNKNOWN.mp3,syllable_mp3,syllable,50,4,7,,,False,7104,6d0783f767b2d10dbf41b70949c4cea341a2a94b659c0ebc966eb19e6f07523d
50_4_8--UNKNOWN.mp3,syllable_mp3,syllable,50,4,8,,,False,7104,95851c916148570cae6e3eec40cf13a2fe134f7e4f719b0a995e78d28f6a2f07
50_4_9--UNKNOWN.mp3,syllable_mp3,syllable,50,4,9,,,False,7940,4497a9e1230bd69ffc6f545d1fa91cab8a391159b01c1774ff59f087334774da
50_4_10--UNKNOWN.mp3,syllable_mp3,syllable,50,4,10,,,False,7940,6312e4832d5469fd2ac6edcdf5fb9f677b8a6a055214914075b343e1ad38b0dd
51_0_0--sgra.mp3,syllable_mp3,syllable,51,0,0,སྒྲ,sgra,True,6268,be3514264bfc92bbed072a3135661abce00a837a4e2ba7462fb72c62395aa9e5
51_0_1--sgrag.mp3,syllable_mp3,syllable,51,0,1,སྒྲག,sgrag,True,5432,f5e3f3542b3a9289cebc3a5ef7241977ee64dd29f69f52205bd15806056ef059
51_0_2--sgrang.mp3,syllable_mp3,syllable,51,0,2,སྒྲང,sgrang,True,7940,f324001953bb887547086a35cc4248131bb1ba5523329f38e54206c04825c745
51_0_3--sgrad.mp3,syllable_mp3,syllable,51,0,3,སྒྲད,sgrad,True,6268,a56beefbcd0f9c8b03a81978dc6b99890a65fabba9418ccb08f8b22dd58f4da6
51_0_4--sgran.mp3,syllable_mp3,syllable,51,0,4,སྒྲན,sgran,True,7104,17b00fbe29ffc29227acb9af9e423f2f0821e15378e390798037e70834af0f59
51_0_5--sgrab.mp3,syllable_mp3,syllable,51,0,5,སྒྲབ,sgrab,True,5432,7345bccd0c212c9a6e7170dfb4ded866e1467c271a8fb636aa8c1d1ee5531657
51_0_6--sgram.mp3,syllable_mp3,syllable,51,0,6,སྒྲམ,sgram,True,7104,062969f860c7ce1c918d19a0115ad1c95d0eaa7cccd5ccfdeea20da3936caad6
51_0_7--sgra'.mp3,syllable_mp3,syllable,51,0,7,སྒྲའ,sgra',True,7104,124a8924f4e39cbb9e8d38705fa34c9c62dc8673c0c2001190911b0866bfe9c4
51_0_8--sgrar.mp3,syllable_mp3,syllable,51,0,8,སྒྲར,sgrar,True,6268,7445e86be97f299456eb196716d37f60768b9673b4ba078f609b5aa0e0b8dc9d
51_0_9--sgral.mp3,syllable_mp3,syllable,51,0,9,སྒྲལ,sgral,True,7104,b331f0395c9cb5eba0f1bce79b2439663d01020ed6897bab835231515ed86c18
51_0_10--sgras.mp3,syllable_mp3,syllable,51,0,10,སྒྲས,sgras,True,8776,0dfed62ff449ddca597ba3148a7afb722a547118ebd10751a9208a633cc156bf
51_1_0--sgri.mp3,syllable_mp3,syllable,51,1,0,སྒྲི,sgri,True,8776,f18ff738f0ba0f658d66fd9612531cfb66551d6680340814b76f75f3ead118f2
51_1_1--sgrig.mp3,syllable_mp3,syllable,51,1,1,སྒྲིག,sgrig,True,5432,b0957c8122fc154375b1b308af6af095c164af21725b5cd4476ef9604ffbc3fd
51_1_2--sgring.mp3,syllable_mp3,syllable,51,1,2,སྒྲིང,sgring,True,7104,649c268e48a81c326e2d4ec99796c91fc0335171701089b2214fa961622b2c7f
51_1_3--sgrid.mp3,syllable_mp3,syllable,51,1,3,སྒྲིད,sgrid,True,5432,c87dc8104b5083fba0345c0ea17435d41c18f547846528f7c78d17478a1386c7
51_1_4--sgrin.mp3,syllable_mp3,syllable,51,1,4,སྒྲིན,sgrin,True,7104,ff3abc3f3a90ff98f2f026b7e9c0e0b835def6d7aac96f2c417e7b1db5d4ea3d
51_1_5--sgrib.mp3,syllable_mp3,syllable,51,1,5,སྒྲིབ,sgrib,True,5432,94c13343e62971ad72b7fca532e341da0ef3a74f477e2328925d7c4fed80a80e
51_1_6--sgrim.mp3,syllable_mp3,syllable,51,1,6,སྒྲིམ,sgrim,True,7104,1877c37b2e60c5de62febead045cdd985d7db3de50c96b4bc08395cc92ec79a2
51_1_7--sgri'.mp3,syllable_mp3,syllable,51,1,7,སྒྲིའ,sgri',True,6268,366e0182d436e6f8600370be24b8b760b47613c6c421ac0cfbae999c87871bee
51_1_8--sgrir.mp3,syllable_mp3,syllable,51,1,8,སྒྲིར,sgrir,True,6268,6bce01bd55a4084cba68d0c84f05e45775489ceb7f929cc4bb107ec3528b5e08
51_1_9--sgril.mp3,syllable_mp3,syllable,51,1,9,སྒྲིལ,sgril,True,7104,0bbad86caab37fe07e260ed3731fbfcd5940abe12d2d7fd4a12f5c68884073dc
51_1_10--sgris.mp3,syllable_mp3,syllable,51,1,10,སྒྲིས,sgris,True,8776,17a3f1a5d504ebfde47a9493fb6234a04199f0b29ff29584a38cfc1eaa352227
51_2_0--sgru.mp3,syllable_mp3,syllable,51,2,0,སྒྲུ,sgru,True,9612,c641392e92d2c415e7152ed80d28e7a57f9fbf1641f6ed939a50aa357f3f0cb2
51_2_1--sgrug.mp3,syllable_mp3,syllable,51,2,1,སྒྲུག,sgrug,True,5432,641105f8a9ba61ebfa08aa3231b030015691ba323c60bf2fdfbcdd2e34191e17
51_2_2--sgrung.mp3,syllable_mp3,syllable,51,2,2,སྒྲུང,sgrung,True,7104,57396a233e4a89e7e04bb3d1196a3f0ade3c3a8e8ec4c582cd859a2f51382d16
51_2_3--sgrud.mp3,syllable_mp3,syllable,51,2,3,སྒྲུད,sgrud,True,6268,37fbb8584cf0810cf4c48130bf3fef8801a31b39ffcfee340a60b1ce3a8fd418
51_2_4--sgrun.mp3,syllable_mp3,syllable,51,2,4,སྒྲུན,sgrun,True,7940,4527736b69fc136b31ac5d3362fe6d950e9dddff137efd9f9d0ec37d3094fa50
51_2_5--sgrub.mp3,syllable_mp3,syllable,51,2,5,སྒྲུབ,sgrub,True,4596,86badad9eb7e6748f352d90dff3b30fcdd865d2478a89b229c0945d60c2f159e
51_2_6--sgrum.mp3,syllable_mp3,syllable,51,2,6,སྒྲུམ,sgrum,True,7104,a39801e0210ce90976d32129b66434dfd088c8b9ba67bc9777c71dac8386e56a
51_2_7--sgru'.mp3,syllable_mp3,syllable,51,2,7,སྒྲུའ,sgru',True,7104,2b1f1ad4d210830ef8bf30409bbb28b2a1aba28c5e294c2b32ffd24dd40ca264
51_2_8--sgrur.mp3,syllable_mp3,syllable,51,2,8,སྒྲུར,sgrur,True,7104,8a064d9f918e63035277e850e8a847a547661c0cbbb973ceb30a871eaa84a5dd
51_2_9--sgrul.mp3,syllable_mp3,syllable,51,2,9,སྒྲུལ,sgrul,True,7940,44fc3b48c4ae4b7a75bc72737ce42035aa1de583f8528504aaa6c96903097181
51_2_10--sgrus.mp3,syllable_mp3,syllable,51,2,10,སྒྲུས,sgrus,True,8776,1c05d56e4cd870ea4cb572c6430aa817c05c6d8f0061bb64c69cc699bfe3ae9a
51_3_0--sgre.mp3,syllable_mp3,syllable,51,3,0,སྒྲེ,sgre,True,6268,0a03ce2c259244d184e7409cb001fe007f49e4c78490fb1b46764c500435de03
51_3_1--sgreg.mp3,syllable_mp3,syllable,51,3,1,སྒྲེག,sgreg,True,6268,d0e940f28525ddd117c0c030a529980d7ffccd7acfeffbf2b4e8a248ea242e3c
51_3_2--sgreng.mp3,syllable_mp3,syllable,51,3,2,སྒྲེང,sgreng,True,7104,0ea50005ac93dab9db14d4196e5166cdfbb775777cf4e26f2829999b0a7c9698
51_3_3--sgred.mp3,syllable_mp3,syllable,51,3,3,སྒྲེད,sgred,True,6268,88cbf4f4ea72c6e710b83d205e00c1e582d694e43abb8584313ef9ffca90d7ff
51_3_4--sgren.mp3,syllable_mp3,syllable,51,3,4,སྒྲེན,sgren,True,7940,c7e7508780d9400c2e335065f7928815c928523baa8b28d54bb1e3afc1bd2988
51_3_5--sgreb.mp3,syllable_mp3,syllable,51,3,5,སྒྲེབ,sgreb,True,5432,b4fc854444379cdd98260af137b6071737a21ea639e1176a862c2664217e5077
51_3_6--sgrem.mp3,syllable_mp3,syllable,51,3,6,སྒྲེམ,sgrem,True,7104,b85d7a96430e3c11a5e657187efa898f9cf3695d24bb08a0d451c68e6da18476
51_3_7--sgre'.mp3,syllable_mp3,syllable,51,3,7,སྒྲེའ,sgre',True,6268,2f80b3c7138bbb2c8f0565776dd0c5da2347caf7fdc479583b0dbc965381d4aa
51_3_8--sgrer.mp3,syllable_mp3,syllable,51,3,8,སྒྲེར,sgrer,True,7104,c0f326eb386aeec5a20bc2f21fcb827ae65d9a4cebfbb3b25c2c52637ec08807
51_3_9--sgrel.mp3,syllable_mp3,syllable,51,3,9,སྒྲེལ,sgrel,True,7104,9e8bd37ab750be13099f75b13d5ea59a710a4e4636a46d200c470ce00b632325
51_3_10--sgres.mp3,syllable_mp3,syllable,51,3,10,སྒྲེས,sgres,True,8776,22f53e0e28afe5f3906b953ea003fc937fcb993057f1422ea63b02f3754eae48
51_4_0--sgro.mp3,syllable_mp3,syllable,51,4,0,སྒྲོ,sgro,True,9612,2b30e567ff48aadc6ae8d80be438ae62ef7d9bca62e22344bb88d16cbae6d552
51_4_1--sgrog.mp3,syllable_mp3,syllable,51,4,1,སྒྲོག,sgrog,True,5432,460dec1abe0be2881273321aae710877c1ed548a1597baadcbca7bafa3c94e7d
51_4_2--sgrong.mp3,syllable_mp3,syllable,51,4,2,སྒྲོང,sgrong,True,7940,1f3ee2e6de31319a1042c51e0c2d534be39719e7f5970e4678a6cdf14d875c78
51_4_3--sgrod.mp3,syllable_mp3,syllable,51,4,3,སྒྲོད,sgrod,True,7104,4f39ac1021fca62dd179a81c8522d2613c17f2270d7bd6c1d249f099124b07f3
51_4_4--sgron.mp3,syllable_mp3,syllable,51,4,4,སྒྲོན,sgron,True,7104,782a48eb879126eec2da0a1eefb557601ee12e6be8246113c5b98e2f1e044ca2
51_4_5--sgrob.mp3,syllable_mp3,syllable,51,4,5,སྒྲོབ,sgrob,True,6268,12889639d79c14d80a517c135e520e58ea20e9866f0df138fa622dad15382a69
51_4_6--sgrom.mp3,syllable_mp3,syllable,51,4,6,སྒྲོམ,sgrom,True,7940,0b1a4fb6528112c296a9d13f0e0c65895a679feae18e2745945ab42aaa3f8ed3
51_4_7--sgro'.mp3,syllable_mp3,syllable,51,4,7,སྒྲོའ,sgro',True,6268,6d28df49a2b9590286e997e34621218bc2727942c7c612b7ddf36fc629a74f04
51_4_8--sgror.mp3,syllable_mp3,syllable,51,4,8,སྒྲོར,sgror,True,7104,1b88507965a953932c9a94ceec3a86bd2cd2885b596e315597e5e334614df2d7
51_4_9--sgrol.mp3,syllable_mp3,syllable,51,4,9,སྒྲོལ,sgrol,True,7940,949d77781054e1c7e195eba8c9ebe478a017a8f99d5d9f2e2e54a36dfeea7313
51_4_10--sgros.mp3,syllable_mp3,syllable,51,4,10,སྒྲོས,sgros,True,7940,0f8dab846f64ff415b10030593f23b606ccadacd26ccd1d2d68ffbb96cc812f1
52_0_0--UNKNOWN.mp3,syllable_mp3,syllable,52,0,0,,,False,6268,cfda60f99db242ad2ed9010537bfbb8ab4aa45f848b64555aa90680756e9b7b1
52_0_1--UNKNOWN.mp3,syllable_mp3,syllable,52,0,1,,,False,5432,d5d8325fbbb8b7eee289665db00afec327a78a69110a3200acb977ad65e9636d
52_0_2--UNKNOWN.mp3,syllable_mp3,syllable,52,0,2,,,False,6268,bec785ad66009f5fc81bc4a5975c104477039e388d7ff93aeadec5eb796f9196
52_0_3--UNKNOWN.mp3,syllable_mp3,syllable,52,0,3,,,False,5432,6c1501bbf6ef12e891c30135426fa18e33489e5f0e841c10bd9554633c229e69
52_0_4--UNKNOWN.mp3,syllable_mp3,syllable,52,0,4,,,False,6268,ffe89bbe8a42f302b1af9a0a2af8806ea5bf4a57c04b2170f287acdf69b6366d
52_0_5--UNKNOWN.mp3,syllable_mp3,syllable,52,0,5,,,False,5432,9e8443afd328bdc5f61f4627329e1ac9e588765b02e25f44fa867098ea22be5d
52_0_6--UNKNOWN.mp3,syllable_mp3,syllable,52,0,6,,,False,6268,6037df32092f042872b16796e71115e1ab06a167b07fa230efdd2092d5112981
52_0_7--UNKNOWN.mp3,syllable_mp3,syllable,52,0,7,,,False,6268,e3bed1885a68ec14e3e68447cc327d29b799de7330253302df1b2e27b4f12ced
52_0_8--UNKNOWN.mp3,syllable_mp3,syllable,52,0,8,,,False,6268,101f3e6be770dd88e78c052cdad4552be20bb3367812bb4494ffd469f94e71fa
52_0_9--UNKNOWN.mp3,syllable_mp3,syllable,52,0,9,,,False,6268,fd5cc2a39e61cdf7e30eecf7294ee365f58fb7d9ca527806912291f5d700bd9b
52_0_10--UNKNOWN.mp3,syllable_mp3,syllable,52,0,10,,,False,7940,3193afd8311952d574979232014af832b108ee76df9f2ab6d8f5878627098be3
52_1_0--UNKNOWN.mp3,syllable_mp3,syllable,52,1,0,,,False,6268,a6c56cfc2585d8d16defe47de5af1499ce6f41512ee66b0cf223a8c1c5b0c7c4
52_1_1--UNKNOWN.mp3,syllable_mp3,syllable,52,1,1,,,False,4596,b368db252d601508b890ed98cf8ce23fe97d9ea74210b2255edf287447760ab4
52_1_2--UNKNOWN.mp3,syllable_mp3,syllable,52,1,2,,,False,7104,9a732c76460b1aec89b3f380f44342d71c74d5c20115bf39c22df8123cdd51c2
52_1_3--UNKNOWN.mp3,syllable_mp3,syllable,52,1,3,,,False,5432,9432a8f50ff9abf8b788ada0934efd5f0311aa716efac8243b31b6581286848c
52_1_4--UNKNOWN.mp3,syllable_mp3,syllable,52,1,4,,,False,7104,6b90e46ece83009c83eb5266bea11c9e973be16f27bd26f308787a2ec65e858e
52_1_5--UNKNOWN.mp3,syllable_mp3,syllable,52,1,5,,,False,5432,cda62f7cb4a8c0ad5d117224ab0a2fad5e273675b2665b518033eb65d90ff6f6
52_1_6--UNKNOWN.mp3,syllable_mp3,syllable,52,1,6,,,False,6268,c18531eab381577721c11abf44520edbaad9ca3fd61ad4bb8b3f36002cbefc08
52_1_7--UNKNOWN.mp3,syllable_mp3,syllable,52,1,7,,,False,7104,007974eb470aac8de3ed23359998b77e93d27ce54128ebce41063cebddf206c2
52_1_8--UNKNOWN.mp3,syllable_mp3,syllable,52,1,8,,,False,5432,5ef6fa09d68b801989c131e2ba222cf98377feec25e3bef070b52c28f7640b79
52_1_9--UNKNOWN.mp3,syllable_mp3,syllable,52,1,9,,,False,6268,34a32f29c14b8c7cb0e85e4f1aabee3f763ee59e146445a78784ced9c5668850
52_1_10--UNKNOWN.mp3,syllable_mp3,syllable,52,1,10,,,False,7940,91057d4d591285f1eeb7de70410c677f3b1b7661cf9e7c0f2cbb18c03836e534
52_2_0--UNKNOWN.mp3,syllable_mp3,syllable,52,2,0,,,False,6268,d7ed9f9fb9465cd01fbde1b7d7bf002e7ee9793c7bc851599e3ee37b503d0f77
52_2_1--UNKNOWN.mp3,syllable_mp3,syllable,52,2,1,,,False,5432,d8b2e751cc6b36cd765b6732a31f923696a7f50d4c2dc7f189b857100bb41920
52_2_2--UNKNOWN.mp3,syllable_mp3,syllable,52,2,2,,,False,6268,c3bed9f9e22136ba57435ad0bc235e51f0181ae94bdf551211eca6e12792c231
52_2_3--UNKNOWN.mp3,syllable_mp3,syllable,52,2,3,,,False,6268,ca8f8be2ce3507adb311ce30f76b9954390c395e0e1fc15df972343489a8d173
52_2_4--UNKNOWN.mp3,syllable_mp3,syllable,52,2,4,,,False,7940,b27747edb80b1dbc8c3a3f73f3bbc2969bb5ab0d46ee5faa2f01c6db09bd5f73
52_2_5--UNKNOWN.mp3,syllable_mp3,syllable,52,2,5,,,False,5432,c83362e7cf65b63fa2f9438cdd51693ecbb105cabe6e893467327186dbd3a04d
52_2_6--UNKNOWN.mp3,syllable_mp3,syllable,52,2,6,,,False,7104,60e6793584cc5daf061100f32ac5fc247ebae29cf0541518c4fd6efa30fba875
52_2_7--UNKNOWN.mp3,syllable_mp3,syllable,52,2,7,,,False,7104,91816286287c2639544ac3c99928cd370296c56c0c971bfeb117358c934e0d90
52_2_8--UNKNOWN.mp3,syllable_mp3,syllable,52,2,8,,,False,6268,b4acc65645b984467a87fdbe186a1895536cdccf61618b7ecb5e284e3f183d73
52_2_9--UNKNOWN.mp3,syllable_mp3,syllable,52,2,9,,,False,7104,786b489960ecb5f47a2b13bbcad607ec1d4a04a06ae827f1145d7c63195a12d9
52_2_10--UNKNOWN.mp3,syllable_mp3,syllable,52,2,10,,,False,7940,27579c4e9ffa2778bfff81e08a13d9ef837367d984e2a8c18fe7aaad5571df85
52_3_0--UNKNOWN.mp3,syllable_mp3,syllable,52,3,0,,,False,6268,7f7cb35553b149cf4e1de65f03164e6b2624886d1e4e5a3f8c0630108e172362
52_3_1--UNKNOWN.mp3,syllable_mp3,syllable,52,3,1,,,False,5432,66bb06b43d7796b1f5b373f7fd9560a1a7b7636a61217e8ef69c992e7dcca428
52_3_2--UNKNOWN.mp3,syllable_mp3,syllable,52,3,2,,,False,7104,44f93e48666505bee41a517950d8867bf9922b9fd49471755a92938618494f35
52_3_3--UNKNOWN.mp3,syllable_mp3,syllable,52,3,3,,,False,4596,2a3f4861b57cb4f2b4bc4e9fb36e093541705bb5bd55fe43d04dfec4296489e4
52_3_4--UNKNOWN.mp3,syllable_mp3,syllable,52,3,4,,,False,6268,8bd7521d941f318d1ec6652d2a3e98d73642f2031a696fc278af1ce681d4942a
52_3_5--UNKNOWN.mp3,syllable_mp3,syllable,52,3,5,,,False,4596,d5e9e6af7d40c552ed1a5e9caef8f3a270c295ee4e19d81ba201d8cfb79a091d
52_3_6--UNKNOWN.mp3,syllable_mp3,syllable,52,3,6,,,False,6268,6c594738775644687b2895c9a0126466a03fb3da3860874ab17e4d52e53ba648
52_3_7--UNKNOWN.mp3,syllable_mp3,syllable,52,3,7,,,False,6268,6a9fbc7527353e1480f1ae3d4ec8ea80be8836ac4f85168c9b46ce74f9522ca4
52_3_8--UNKNOWN.mp3,syllable_mp3,syllable,52,3,8,,,False,7104,4f1fd20c3c64705aa869cf56fd126a9c38b8d24e43de9d69b347edd302323293
52_3_9--UNKNOWN.mp3,syllable_mp3,syllable,52,3,9,,,False,7104,0fdc855b1898499322839ff493b3b7b043a4a0a51fe9fb09a28ea9e8e137b8f9
52_3_10--UNKNOWN.mp3,syllable_mp3,syllable,52,3,10,,,False,7940,1f73faaa401cc868ec0b640fa2c0468c1a1711839d073da0e4d867595a2d6935
52_4_0--UNKNOWN.mp3,syllable_mp3,syllable,52,4,0,,,False,6268,3bb3710269bc68faab53364d061a17b76f03a4a5e3ab4219882cdbbb4f6c2db3
52_4_1--UNKNOWN.mp3,syllable_mp3,syllable,52,4,1,,,False,6268,857b91aa4f2ed13bebbc3229e9fd2a3326f1cc9d4dcc986622553c019934df1a
52_4_2--UNKNOWN.mp3,syllable_mp3,syllable,52,4,2,,,False,6268,9e806703b658c97bbc90c9be9c699ff2a09c50317e42d83878f16e15e8c054bf
52_4_3--UNKNOWN.mp3,syllable_mp3,syllable,52,4,3,,,False,6268,ca95b8fee5f2e2156d9d84d74404ec3b2d5de313ac3e652193da1bb8b3e6f8f8
52_4_4--UNKNOWN.mp3,syllable_mp3,syllable,52,4,4,,,False,7104,421e24497643a70253121280679ef25a2b6714f3db4a0b649b10d007117b88e7
52_4_5--UNKNOWN.mp3,syllable_mp3,syllable,52,4,5,,,False,5432,2e43e3978f834f537c692361641acce5d720d9ab52a884099729047457f2bdba
52_4_6--UNKNOWN.mp3,syllable_mp3,syllable,52,4,6,,,False,7104,3606d48404d812eb62648e9e225d628610fab83f47f4fbab4a8e9bc2702b585f
52_4_7--UNKNOWN.mp3,syllable_mp3,syllable,52,4,7,,,False,6268,42c7fbec99bad42d575f350c93ff7e7c695e13911fc7fc8e2cc74e452799ad14
52_4_8--UNKNOWN.mp3,syllable_mp3,syllable,52,4,8,,,False,6268,ad6be0c6c5def4b8ccced613ddbca4cff1e504ad8220eb38b8e424f05dc11c6a
52_4_9--UNKNOWN.mp3,syllable_mp3,syllable,52,4,9,,,False,7104,1e7865ee9a2cff8c521a6482290cebb5c092045157fe16b86d15bb65acbd82e0
52_4_10--UNKNOWN.mp3,syllable_mp3,syllable,52,4,10,,,False,7940,a2ecae21724645ca542bd9da5929660dce8e80f2f818a8e9b54345b0663c9fde
53_0_0--bya.mp3,syllable_mp3,syllable,53,0,0,བྱ,bya,True,7104,3414a497572ce45b3705bb6881db2a67a6127a7a6d94c2e6616a283f02b15a57
53_0_1--byag.mp3,syllable_mp3,syllable,53,0,1,བྱག,byag,True,5432,8c322b7b6f437fec986b4d448ebd66848c492db1acc66e37bdb493f2ad92bec4
53_0_2--byang.mp3,syllable_mp3,syllable,53,0,2,བྱང,byang,True,7104,1eba33fc384c3f96645ad4bc9219b712d601f27060afe33090fd3379fd72de87
53_0_3--byad.mp3,syllable_mp3,syllable,53,0,3,བྱད,byad,True,5432,0fb4d25d7ce6d0adee1282ff460527426c95f6be41221b9c8cff5258a81847d2
53_0_4--byan.mp3,syllable_mp3,syllable,53,0,4,བྱན,byan,True,7104,4c48e9a59681cda25f343b67cfde094852d887dbd0458cc9cb6271ecfd6ddda7
53_0_5--byab.mp3,syllable_mp3,syllable,53,0,5,བྱབ,byab,True,5432,61813f4e18b6cb1bed27f96f0d5081d5130576d955a8f81663c0c0fe488655ac
53_0_6--byam.mp3,syllable_mp3,syllable,53,0,6,བྱམ,byam,True,7104,cfc55a676d1c8b0d008497973d5891b599c655a5d19510a8a5fc1ab4bebf8c58
53_0_7--bya'.mp3,syllable_mp3,syllable,53,0,7,བྱའ,bya',True,5432,92a1af03012aa9de5322d37da8f81c87b9f694754469326329b4938c211e02bf
53_0_8--byar.mp3,syllable_mp3,syllable,53,0,8,བྱར,byar,True,6268,4dec0298448f6a9eadf9b5e239e1171691014a6751b64c2f9b4717af0e74df95
53_0_9--byal.mp3,syllable_mp3,syllable,53,0,9,བྱལ,byal,True,7104,571add58ebf02aa7f27cac1086a89c8d8dab4bf7657cdb0a2e26f9175fe9bcd1
53_0_10--byas.mp3,syllable_mp3,syllable,53,0,10,བྱས,byas,True,7940,6cd78d33391c62cba5b3dc3711d75b1d87da7e1afc80ac04c2702185771154c7
53_1_0--byi.mp3,syllable_mp3,syllable,53,1,0,བྱི,byi,True,7104,69e2bb2f2c81457499893cae71ee995aefc3c1fe1eb1f6a3e2e88516baf59261
53_1_1--byig.mp3,syllable_mp3,syllable,53,1,1,བྱིག,byig,True,5432,427c1353f5d6dcc82863eab2eff387dad25634bc372d5244caf020e7eda08777
53_1_2--bying.mp3,syllable_mp3,syllable,53,1,2,བྱིང,bying,True,7104,ba6f39489d290f3e5fce0db63c714b4e5a92180f09dceab91261adf33ae0022f
53_1_3--byid.mp3,syllable_mp3,syllable,53,1,3,བྱིད,byid,True,5432,7cc6de4963abad2436344673e6eca90e57bd33376583fc31cd393fcb2c7e3ed6
53_1_4--byin.mp3,syllable_mp3,syllable,53,1,4,བྱིན,byin,True,6268,385980bf8560344ae396335c4d316833ee9400f22e99d71173704407eebe9828
53_1_5--byib.mp3,syllable_mp3,syllable,53,1,5,བྱིབ,byib,True,4596,035e7b93d52a3a16522adb8c9bed6195051b73a7cb7ec39be544985aca075f2c
53_1_6--byim.mp3,syllable_mp3,syllable,53,1,6,བྱིམ,byim,True,6268,a77905acc1667d674dfc7131a6a48d74b8c13d265903b2fc73df9b7e8fc90a81
53_1_7--byi'.mp3,syllable_mp3,syllable,53,1,7,བྱིའ,byi',True,7940,53607ab888a35df12880e0797f606289c3559e12cc84a3b68dd01d7d9d9c0d7a
53_1_8--byir.mp3,syllable_mp3,syllable,53,1,8,བྱིར,byir,True,6268,7a238aa23aa26196ea587563c97afc38bd634ad760c250e8a49ef87dc67ef76b
53_1_9--byil.mp3,syllable_mp3,syllable,53,1,9,བྱིལ,byil,True,7104,8bdc86e38ccf5a15512eecf6fb935cae5eb309520b5d7cec70dd87619538e6ab
53_1_10--byis.mp3,syllable_mp3,syllable,53,1,10,བྱིས,byis,True,8776,281a650d507c11965310049995ebb44ebcfc71ca8928d5e89cd94e8668cd7b1d
53_2_0--byu.mp3,syllable_mp3,syllable,53,2,0,བྱུ,byu,True,6268,406ff8b2f5ed4ece5517c7f51d4e15c288306ac23e64a18a1f6b4eec65b781d7
53_2_1--byug.mp3,syllable_mp3,syllable,53,2,1,བྱུག,byug,True,5432,d06bab3601bbe93405d2b5df0f5dfac74fd232ab7c160761ccce884e2df22b24
53_2_2--byung.mp3,syllable_mp3,syllable,53,2,2,བྱུང,byung,True,7940,3cb82deaf3c9575076800fdfc5f1ed69ff190827b4aa6b05efa74a2ce8e426fb
53_2_3--byud.mp3,syllable_mp3,syllable,53,2,3,བྱུད,byud,True,7104,ddcc3ea8e78da94d083c0db951a373af6bce0303c318e807eb7d751d2c596f35
53_2_4--byun.mp3,syllable_mp3,syllable,53,2,4,བྱུན,byun,True,7940,0cc38a209f6d925ef5666e4a75faf2179c2402466fdaf9c8f7bbde02a4095786
53_2_5--byub.mp3,syllable_mp3,syllable,53,2,5,བྱུབ,byub,True,5432,495e664a709204b809e508f22096c10025f54ac2e0eec9ab6b9134e7ce58af3c
53_2_6--byum.mp3,syllable_mp3,syllable,53,2,6,བྱུམ,byum,True,7104,2f21cbbb45d01adc5bd7be53c79620419b2871ba116c59520c608d4fec86f596
53_2_7--byu'.mp3,syllable_mp3,syllable,53,2,7,བྱུའ,byu',True,7940,e92104b2e4811694d35d20ceb94b53b7b0920cd0f1408ee40c0d39cb3c3cc9e4
53_2_8--byur.mp3,syllable_mp3,syllable,53,2,8,བྱུར,byur,True,6268,fd7dd9c33f6cb06d6dfd12a7985064a7b3f987d6fe4a2449965ecacee60f39b3
53_2_9--byul.mp3,syllable_mp3,syllable,53,2,9,བྱུལ,byul,True,7104,1da19cd9c8903b142cb305fd14b4a0f19e615e6e892421186687de4c8ae9fa83
53_2_10--byus.mp3,syllable_mp3,syllable,53,2,10,བྱུས,byus,True,8776,5e6c2672fa71ae47aacf8c474fbe5f69926868a7cf6c704d3d4c6781588c3dd1
53_3_0--bye.mp3,syllable_mp3,syllable,53,3,0,བྱེ,bye,True,6268,be956c81dcf54805d1de794232417d793ffea1eb84a746f03c26c7fbaafea0dd
53_3_1--byeg.mp3,syllable_mp3,syllable,53,3,1,བྱེག,byeg,True,6268,24f428b8ff9aa51409beffefbcc312ffb948ae7c1b0a2e2d3c113b25f694dcd2
53_3_2--byeng.mp3,syllable_mp3,syllable,53,3,2,བྱེང,byeng,True,7940,152b2a37f2d598554fb8dd4f70a3e274847e6825d5c4611c6c30f00b8b0b7199
53_3_3--byed.mp3,syllable_mp3,syllable,53,3,3,བྱེད,byed,True,6268,d4dcec9b1becdcc616bcbe4682e67623ca092526c3673b62917751dab0fd4e48
53_3_4--byen.mp3,syllable_mp3,syllable,53,3,4,བྱེན,byen,True,7104,24bdee42ba5e4da7b7be79217414d238ae8f0abf1f91852f04f87c76b8ece08b
53_3_5--byeb.mp3,syllable_mp3,syllable,53,3,5,བྱེབ,byeb,True,5432,7c86e407ad9b1d436dd5ff6fd3d6ca27c914eb94335acdf17825085067eaabb3
53_3_6--byem.mp3,syllable_mp3,syllable,53,3,6,བྱེམ,byem,True,7104,0a501ab5f6aa80dcadca0c626eaa9f1acc509bb6e376eabc1caa7388070dec22
53_3_7--bye'.mp3,syllable_mp3,syllable,53,3,7,བྱེའ,bye',True,7104,a23e67f2bcfac30a56de94a5c924b16811b8fb92db3e0dcd02784a091219720d
53_3_8--byer.mp3,syllable_mp3,syllable,53,3,8,བྱེར,byer,True,6268,c46ed3f0722f2a4758c5d16a718855f07c9e18aee7adcd1a358dbdb124817aad
53_3_9--byel.mp3,syllable_mp3,syllable,53,3,9,བྱེལ,byel,True,7104,f64e623d37381119a3c8ea65bd0c5567a4c589aa10cb07bc29313bc016ec6312
53_3_10--byes.mp3,syllable_mp3,syllable,53,3,10,བྱེས,byes,True,8776,4988b9423ec9ff7b06dedc22e83d702da15a5cdd2984ced2c758d0b27840a45c
53_4_0--byo.mp3,syllable_mp3,syllable,53,4,0,བྱོ,byo,True,7104,2cdcac7dc3e31abc65af54638fea4b9e3fbf04f86d6b5a32d879a986570fec82
53_4_1--byog.mp3,syllable_mp3,syllable,53,4,1,བྱོག,byog,True,5432,c776d638870cbbb34763d583f000ab9cbab4a71ef634a34d3fe8a7339d4b4345
53_4_2--byong.mp3,syllable_mp3,syllable,53,4,2,བྱོང,byong,True,7104,0e7d807a43c03bce3af15bc5e8184c017a4bb71300cff9f903a64b873e723f84
53_4_3--byod.mp3,syllable_mp3,syllable,53,4,3,བྱོད,byod,True,7104,21169c7336b74e367a0a8a9cc7e5afdbb501a29bfe1f35a93b9eef0990466a20
53_4_4--byon.mp3,syllable_mp3,syllable,53,4,4,བྱོན,byon,True,7940,1cb2f1f4d99760198a678d66600f08004cd11f5ca319002523b0ba28c3c5de52
53_4_5--byob.mp3,syllable_mp3,syllable,53,4,5,བྱོབ,byob,True,5432,f7108ee563623be85c3f56b4410a9135e2c87b263c48426a902b6dfa55f68fc9
53_4_6--byom.mp3,syllable_mp3,syllable,53,4,6,བྱོམ,byom,True,7104,92f2cfee121ddd120e614203eb1c74d34a79c934b04e2a5e211e8085451a0be6
53_4_7--byo'.mp3,syllable_mp3,syllable,53,4,7,བྱོའ,byo',True,6268,c8c51e7f5049070dfca8338b8b01d8d48784447f3479ed92f6a3b1f3a81fc8c8
53_4_8--byor.mp3,syllable_mp3,syllable,53,4,8,བྱོར,byor,True,6268,4ecc73dd4011a21e8380ccdc5ad7c16a3cef2e0e5c8bf416900bd9436cd4f027
53_4_9--byol.mp3,syllable_mp3,syllable,53,4,9,བྱོལ,byol,True,7940,0101b0b00ec99286217f6719dbfff5a2eba1e4b6f8d288df2f900d51e9f7ee7d
53_4_10--byos.mp3,syllable_mp3,syllable,53,4,10,བྱོས,byos,True,8776,c770dc23dc379112b6c66f8e419103ebeb7187b65f7ef5c5c2af6eee17fba65d
54_0_0--bra.mp3,syllable_mp3,syllable,54,0,0,བྲ,bra,True,6268,f6aacce7b3bf4687a7354e2736ddfa38ed3ece65689bb0876adf9e60d909c549
54_0_1--brag.mp3,syllable_mp3,syllable,54,0,1,བྲག,brag,True,5432,50717fdb4d8f82f9a95dc2b37b44ab8b3711acd4592e66453dcfa33fb8e7d4c1
54_0_2--brang.mp3,syllable_mp3,syllable,54,0,2,བྲང,brang,True,7104,959c1877ebf8795d9a159a892aacc17a071406d0462107e5312a6f3dff227553
54_0_3--brad.mp3,syllable_mp3,syllable,54,0,3,བྲད,brad,True,5432,74dc19d3e269397ef6d2520b053d391c70e15184a98640127c42301da2d0125e
54_0_4--bran.mp3,syllable_mp3,syllable,54,0,4,བྲན,bran,True,7104,0b1e457c6b3bcab0b0a6f4959f76523f60b7216e27e18d4f055778b0eee4a5e1
54_0_5--brab.mp3,syllable_mp3,syllable,54,0,5,བྲབ,brab,True,4596,a9f67be6e5df6caf3d15d3eed8d438d2c916e18d01592bf17e029202d1392647
54_0_6--bram.mp3,syllable_mp3,syllable,54,0,6,བྲམ,bram,True,6268,098ca0e9f058079c7b68352628fa368685ed44b0e29c7d6225a336a705c93e64
54_0_7--bra'.mp3,syllable_mp3,syllable,54,0,7,བྲའ,bra',True,5432,65a77f9dcaaad1ab5ec5728f38ddf976339652e27d8565f4c2e3d67d80f8ada0
54_0_8--brar.mp3,syllable_mp3,syllable,54,0,8,བྲར,brar,True,6268,7c53666cc8445a43407b4332051384a95c8240ef22045e1f55f7693e3a56a062
54_0_9--bral.mp3,syllable_mp3,syllable,54,0,9,བྲལ,bral,True,5432,5c39f4cfdeda092dcc8d0cfae0a5516be4a07d0b414a6e9cee80ac2cf3791ed6
54_0_10--bras.mp3,syllable_mp3,syllable,54,0,10,བྲས,bras,True,7940,3bd3ece44065bf70a6a882532b73f27c27eebe218b41b2104210080ea54eed66
54_1_0--bri.mp3,syllable_mp3,syllable,54,1,0,བྲི,bri,True,6268,70ad8b064f0a3e71b7fc443d7287f1ad21bf79f36110bf09949738da2ba2e888
54_1_1--brig.mp3,syllable_mp3,syllable,54,1,1,བྲིག,brig,True,5432,26919cee9bc39a200d27ec3838ed13ce5ca1e54831d418d11029c4a59316625d
54_1_2--bring.mp3,syllable_mp3,syllable,54,1,2,བྲིང,bring,True,7104,54fc8a4e99e8856fb6cba4f7715d6b8388f92ab6ad2457f04e44b63e503ff6fb
54_1_3--brid.mp3,syllable_mp3,syllable,54,1,3,བྲིད,brid,True,4596,85088db567980feed909bf29ac629de11dc696a86861fcab11a73d4f4402aa60
54_1_4--brin.mp3,syllable_mp3,syllable,54,1,4,བྲིན,brin,True,7104,706d91017029302e621fd7bc49fff57c9a1334c1ff2bfd93539b78154c1a70b4
54_1_5--brib.mp3,syllable_mp3,syllable,54,1,5,བྲིབ,brib,True,4596,e8cf4722617cccca8dd9c02644fab3883c87b5cec1f8913706db78e0d9fc0b35
54_1_6--brim.mp3,syllable_mp3,syllable,54,1,6,བྲིམ,brim,True,7104,8d8f8e585300a59bc1c1af930c2813f732d6e9f1fe48789b3627f41b1402fcaf
54_1_7--bri'.mp3,syllable_mp3,syllable,54,1,7,བྲིའ,bri',True,7104,e5d8761d5733c95ac174cb5149d1d1d8b60c886f4fcc2af134935715a9a779b6
54_1_8--brir.mp3,syllable_mp3,syllable,54,1,8,བྲིར,brir,True,7104,a6b344efe291919628a74b8e8af8cc6622db96021461295e613dbd1dd27612ff
54_1_9--bril.mp3,syllable_mp3,syllable,54,1,9,བྲིལ,bril,True,6268,c0e12cb2d3ac7224f93e01515fd71813ec371d3894de15e3a8b143f2ea17becb
54_1_10--bris.mp3,syllable_mp3,syllable,54,1,10,བྲིས,bris,True,7940,f2c3ab3a3bc0481b74fca59bdc88a99baefb2a3413505f1eb3573a8c12effc50
54_2_0--bru.mp3,syllable_mp3,syllable,54,2,0,བྲུ,bru,True,6268,d8da6e8d96942a46e34714f589f68f6433a57b25d63d2c7a98e91a5b84540804
54_2_1--brug.mp3,syllable_mp3,syllable,54,2,1,བྲུག,brug,True,4596,d8adca22b93f5c0bddb5deb790868a7dd28d8d5f930f03f331fcff1e8740551e
54_2_2--brung.mp3,syllable_mp3,syllable,54,2,2,བྲུང,brung,True,7104,64504b21d9f450a70800ae121980f6d1625d337221df6aa8f4d3d0c99b303d98
54_2_3--brud.mp3,syllable_mp3,syllable,54,2,3,བྲུད,brud,True,6268,04a2048da2477d18270fc18cc63528f95876a6230a8914f4d6ed2dec5b18561f
54_2_4--brun.mp3,syllable_mp3,syllable,54,2,4,བྲུན,brun,True,7104,1b4723f739715f4af9e482520816a6115f18cfad460f7a24cc9dd09618ee01be
54_2_5--brub.mp3,syllable_mp3,syllable,54,2,5,བྲུབ,brub,True,5432,0cb67ecf947f8859cfd6806e3cbfbcb17f58c34a8bd4b623141b1dc25f74647c
54_2_6--brum.mp3,syllable_mp3,syllable,54,2,6,བྲུམ,brum,True,7104,97536298333771346785b13340bf83295ce853e890ef5513993005490ecdd55a
54_2_7--bru'.mp3,syllable_mp3,syllable,54,2,7,བྲུའ,bru',True,7104,5ee75192b2f8b14069611cc333611974a623e767ece3e282f0ebb55e50a7b4c4
54_2_8--brur.mp3,syllable_mp3,syllable,54,2,8,བྲུར,brur,True,7104,f555091451c933047488fed20cff1879931336779e8b7942b7f9d52fca575bc2
54_2_9--brul.mp3,syllable_mp3,syllable,54,2,9,བྲུལ,brul,True,7940,b406e62ce0ba0e23e57e7a77044ad771e02e8f4af11bf4cb8363371009f91499
54_2_10--brus.mp3,syllable_mp3,syllable,54,2,10,བྲུས,brus,True,7940,2845a7da538e5361cbd34db8a3d2fdf7dd49592d7b6a73a9e6060167bed899ea
54_3_0--bre.mp3,syllable_mp3,syllable,54,3,0,བྲེ,bre,True,6268,66feedf3be35f69736f13aae16ad90e505cddd690445711b4a70b3232d271709
54_3_1--breg.mp3,syllable_mp3,syllable,54,3,1,བྲེག,breg,True,5432,3c0246a647b5a204fb927db23e25e9995061207d37377b61246974b685f262bd
54_3_2--breng.mp3,syllable_mp3,syllable,54,3,2,བྲེང,breng,True,7104,5e792264f7a234effaf8ab24bb09cc10f02ad45654c19ea84b2e27b826c77e17
54_3_3--bred.mp3,syllable_mp3,syllable,54,3,3,བྲེད,bred,True,5432,5c047c775464a884609d8e326de8627a0b0a1349e1db63925fcaaa95050bebe8
54_3_4--bren.mp3,syllable_mp3,syllable,54,3,4,བྲེན,bren,True,7940,c61a66c5dd31c3c904351e45a776953f1000efd9264ebda76bd4da2930e611d2
54_3_5--breb.mp3,syllable_mp3,syllable,54,3,5,བྲེབ,breb,True,5432,78a96bb2401e30c0c1059a77d3ab1ddfb926b3b99508f435809d688187443bb1
54_3_6--brem.mp3,syllable_mp3,syllable,54,3,6,བྲེམ,brem,True,7104,5039c501875874323a918432f2011f6100c0cf0c333cd7f634ab73749e6ee4b6
54_3_7--bre'.mp3,syllable_mp3,syllable,54,3,7,བྲེའ,bre',True,5432,0116027255be96f222a69f658bbca85888d85f9089c61a8920eb89976e293f5c
54_3_8--brer.mp3,syllable_mp3,syllable,54,3,8,བྲེར,brer,True,6268,f82f7ffad42ea3679253c3396c837304db0b34214d8c065098d1a024aea49f18
54_3_9--brel.mp3,syllable_mp3,syllable,54,3,9,བྲེལ,brel,True,7104,310cad5cf0ce59556807fa1b1b82fdb8c8da5f46b72fc1e387df61f66715a0da
54_3_10--bres.mp3,syllable_mp3,syllable,54,3,10,བྲེས,bres,True,7940,288fd7264d563060a7251e59450f8c8f1c25492d582090f2733c76a45e905adb
54_4_0--bro.mp3,syllable_mp3,syllable,54,4,0,བྲོ,bro,True,5432,cfa6f34092076d6c0990adf10a40af91d4b783133dbb6cfcee2296ee0c46bcf4
54_4_1--brog.mp3,syllable_mp3,syllable,54,4,1,བྲོག,brog,True,5432,a2ab41d546de16b7d49e453e561b1f614c2ed8d3177a81fc70f3d8fd39afecf8
54_4_2--brong.mp3,syllable_mp3,syllable,54,4,2,བྲོང,brong,True,6268,7bd56cbc09c7a1c77383804f5f33df4e0c8a959d9566a91cc90f0e522eb631cb
54_4_3--brod.mp3,syllable_mp3,syllable,54,4,3,བྲོད,brod,True,5432,739e55bb4121b0c787caf2d8c77f0c8dfc129d8fa4e487bb68dfee5e67f19860
54_4_4--bron.mp3,syllable_mp3,syllable,54,4,4,བྲོན,bron,True,7104,727a3935ac7498b491b85b3adcb2916d68529b5e2624bf3810e17b0e21fc1154
54_4_5--brob.mp3,syllable_mp3,syllable,54,4,5,བྲོབ,brob,True,5432,0d42fe5046cd1d580bcdb5d37593ba609fcfe048ca1c3068d6512e4532f92780
54_4_6--brom.mp3,syllable_mp3,syllable,54,4,6,བྲོམ,brom,True,7104,8e11366e457e79761047e03083f456bb020607e1758ec64a885b9957b381a5dc
54_4_7--bro'.mp3,syllable_mp3,syllable,54,4,7,བྲོའ,bro',True,7104,8dbf36e86e2c033a3a0636685c21803f11c3bb080409c8b79e401fd42427a70b
54_4_8--bror.mp3,syllable_mp3,syllable,54,4,8,བྲོར,bror,True,7104,b337add3a0d9bdb5b6f71d4589d930cfef886ca7b950e1b00e4823eec48f54d8
54_4_9--brol.mp3,syllable_mp3,syllable,54,4,9,བྲོལ,brol,True,7104,db7c8fa2e7f444a0ca7b91d1bf1f956865a6e67380abb460f44fdf0aad1993aa
54_4_10--bros.mp3,syllable_mp3,syllable,54,4,10,བྲོས,bros,True,8776,38d8f69298cd8946d109b8eca65f2226e55ad76962d7ddb5b3245b18a15f955f
ta_1--ka.mp3,word_mp3,root letter name,,,,ཀ,ka,True,9612,f070a3e77c3ec59a1db39496894634a2ffc80a1429f05c2ed095988b4d5beebe
ta_3--ga.mp3,word_mp3,root letter name,,,,ག,ga,True,9612,80e5f0748103ca6dc4c6563f9603a383d61f20a5dc5f3315b7142e8db079a06c
ta_4--nga.mp3,word_mp3,root letter name,,,,ང,nga,True,8776,2d6733c42a8c2c75bf69e151273df16568234e9efbdc0ec2443fe57e34ad74c4
ta_5--ca.mp3,word_mp3,root letter name,,,,ཅ,ca,True,10448,1c8d0f16442d79bf340964cdce2cc8f671512ad6c318fd911239684320f51962
ta_7--ja.mp3,word_mp3,root letter name,,,,ཇ,ja,True,10448,380a0d0f18ff7b2a8553986aead5b51c28f79af3db68f19718314d722fd45361
ta_8--nya.mp3,word_mp3,root letter name,,,,ཉ,nya,True,10448,ccf13fba7664f732bc9ea4e7915fe4dae0d5843a2551840679fc5d425038bc03
ta_9--ta.mp3,word_mp3,root letter name,,,,ཏ,ta,True,8776,150b11d0c8e21120cc69a8a3e68181a842fd99952276a201fcf30384c7bc6ba7
ta_11--da.mp3,word_mp3,root letter name,,,,ད,da,True,9612,bb154fe22a8342a8386fafe4009aad897a4f555556e7dc1f3304c077f86f0b25
ta_12--na.mp3,word_mp3,root letter name,,,,ན,na,True,9612,5dd87813e99894b93aca5219f24906fc25766ac13679828e2e1ebcb67666ba3e
ta_13--pa.mp3,word_mp3,root letter name,,,,པ,pa,True,8776,0d29d8acf0b57e513182f1d0024c33b286131feaa63a4807868f699062607555
ta_15--ba.mp3,word_mp3,root letter name,,,,བ,ba,True,8776,d08c98dcbb318c6d65516768e781fc4c809c4c6e359bb610b5c37c062ff1e0da
ta_16--ma.mp3,word_mp3,root letter name,,,,མ,ma,True,9612,c34d78b0a10b3d405ad55cf89cdd225982626f31122442ef3e0b02c303d27fa7
ta_17--tsa.mp3,word_mp3,root letter name,,,,ཙ,tsa,True,9612,687ddc79c0191e0b2252178574cd8b7832f38124373e11f54f9577aaf6f432fd
ta_19--dza.mp3,word_mp3,root letter name,,,,ཛ,dza,True,10448,f09a2ce8bb245d0fb294ce850b57ccf3223dd204822416d464f8b9a2497e1d77
ta_29--ha.mp3,word_mp3,root letter name,,,,ཧ,ha,True,7940,e4e4e5e07a807c2dbfbd874a35faec966028fe180405474b38b06c74e737da91
vowel_1--gi_gu.mp3,word_mp3,vowel name,,,,ི,gi gu,True,10866,f723caf25fc8f10c1d59c858f9789f85894fb7bbd0cba34fc0f2eab6d7a97df1
vowel_2--zhabs_kyu.mp3,word_mp3,vowel name,,,,ུ,zhabs kyu,True,10866,7a87658da507d256e5cdf1ec214a8bbcfc85dca9571aa1d73ea8d7dd234b9436
vowel_3--'greng_bu.mp3,word_mp3,vowel name,,,,ེ,'greng bu,True,10448,d1d2f50325d736c8c5fb39343a29b203b30118b627a06c87ce6f471bfdc4a1d7
vowel_4--na_ro.mp3,word_mp3,vowel name,,,,ོ,na ro,True,8776,91c527bcb7d005e1545fc099bb23a7a509f33d626a53cdd5fa9b40425e81a362
add_1--ya_btags.mp3,word_mp3,subscript name,,,,ྱ,ya btags,True,9612,3fb696801c81a11c99b2c647dbf4c8128b04c2d64467ee1c5756de60cebbc134
add_2--ra_btags.mp3,word_mp3,subscript name,,,,ྲ,ra btags,True,10030,89df4358b355a82cef2f7afd2e5d1644b7446fdfec8f3ed1c437ce55ebcfbd1c
add_3--la_btags.mp3,word_mp3,subscript name,,,,ླ,la btags,True,10448,40087652610c8653db37aab6ce5574c96326699b60fdfdeca312acf30dcdaa50
add_4--wa_zur.mp3,word_mp3,subscript name,,,,ྭ,wa zur,True,9612,eddaf66ec002a0c7f38d91cfaf1faee5988ea6bcd14ec2b17da2c60b550d7b3a
add_5--UNKNOWN.mp3,word_mp3,unidentified term,,,,,,False,5432,59cfeb0d744815ce32243804e93c89ade6c83bcd90fac5f3f6b0047b0eb0358b
prefix_1--ga_sngon_jug.mp3,word_mp3,prefix name,,,,ག,ga sngon jug,True,10448,7adb87a9adb8fcbecf794e47485654776f4922d728f52c860327db8333685e98
prefix_2--da_sngon_jug.mp3,word_mp3,prefix name,,,,ད,da sngon jug,True,10448,67ec7c9c1271c408739c4b7f0c73e1b124752cf48dd472f4834702ec0d665458
prefix_3--ba_sngon_jug.mp3,word_mp3,prefix name,,,,བ,ba sngon jug,True,10866,de2716058bace75c5f14e1aea4b511ce975f9187d776a30e381a2356f84ff53e
prefix_4--ma_sngon_jug.mp3,word_mp3,prefix name,,,,མ,ma sngon jug,True,10448,e5fce408322caec77280d38d356b7de3105f549ccb07c286b92e91ae62e176a4
prefix_5--'a_sngon_jug.mp3,word_mp3,prefix name,,,,འ,'a sngon jug,True,10448,8590f8283fa555f9b31cc557e670dc7d78d382f6e8559d09dd3a8cc3637968f2
zk_1--'i.mp3,word_mp3,ending name,,,,འི,'i,True,20479,2aa6beca4bad6108b4c2258e031041e3c97be04c028ae538eed3bfefcef1e9af
zk_2--'u.mp3,word_mp3,ending name,,,,འུ,'u,True,18389,4ceba862c2bd483bab38abe5019b95faec9cd620736d9df01b4b3e9ad2afeef3
zk_4--'o.mp3,word_mp3,ending name,,,,འོ,'o,True,18389,47b84630c8f2335269654c4b4267334741d349fd8a98122929069a44f8e975bb
